v1/redirect;3rLXPey89IJFmGUOQjRv9l_Y4pcvUXzDo31W92ms1qlBOCz4Vtu9BryX;WO1R3mfKHgTZr0Lw
/v_Error/redirect;38jZWf56ma_RZgxtqRt-40Q74qXcNRcNSzeCu8J0ND3ihzOD31up8rqk;Scw2AUucQQZqKCXE
/v1/redirect;sdfsdjhgkdjfhgkjdhfiueyr9348;kdjghkdjfghire
/v1/redirect;190WiSJkgnaVNRnxx3xMXGKRYW-0ZPjk8lbKlz6P2AXnFG3RK-360S6p;P8ltY4s4TWBchtYm
/v_Error/redirect;eFqmkmlxyn1SU-_WYw1n4Zk5Ne62a-75W9KCT3B1Jf0owgGPGdPKDRns;_tYWxBpzcBMf_baI
/v1/redirect;sdfsdjhgkdjfhgkjdhfiueyr9348;kdjghkdjfghire
/v1/redirect;EiFqTlxHt_Er3WB3bHDqlI5SF6O24XX9wdYXBIvM94s1eZYoZWgzw9Z-;zpeQKy2WkfXSz89-
/v_Error/redirect;LSEzrgdCAkl0eaY7NoKcdxn4nXzQ7NpUeTcGa4CRQO8fBs_5Viv3sMJ6;P_1W02JHB749QnsM
/v1/redirect;sdfsdjhgkdjfhgkjdhfiueyr9348;kdjghkdjfghire
/v1/redirect;po2Z3z0z7YPZFsn3A77iuq8K5dx6daYrqgnB4e_hj9gHmM4gLfSgr-Bk;4zMfLA8VRUx6KOMK
/v_Error/redirect;Zkm2M0iT-Jta1ynVUXuhsnKzIAH3FDiVBud2FkDy2VcxpbBUe8GO6uJc9w;cv0fmiCJzFOZeHtP
/v1/redirect;sdfsdjhgkdjfhgkjdhfiueyr9348;kdjghkdjfghire
/v1/redirect;w3P2b_LzY5dXJY7BFsWv8ozrbt4IXZTLdYbN69iSacNP1Jbmvgd89pBHOw;cYCTv9AE_pRPzFFL
/v_Error/redirect;s4Pwo0VNBCAKAhYgKaRH3kiMmXfkQ10vTDwrYeHR8w1QoA1zgVWw_TqhQA;7n3yfm6KaswnBSLd
/v1/redirect;sdfsdjhgkdjfhgkjdhfiueyr9348;kdjghkdjfghire
/v1/redirect;SAskfDQ1bio7u9y0NXt6eIWm9YjC0Lz_UMB7fgEcISKNzAEgiWxcV4jtSg;D-TA7jB5cL4W6q5L
/v_Error/redirect;dPGdcf7aCLE8pV5At3if8tZHKdan66cMUyWYbimtt4Mts0-hdBslKaLtVA;plIbY3XLwo2fZ6zY
/v1/redirect;sdfsdjhgkdjfhgkjdhfiueyr9348;kdjghkdjfghire
/v1/redirect;Gz5S6HwybrOi1ZLfAib_49arS33PVT8dcjPaJ_avS0gzq72Fds1ySrYNtg;YIej4I4TuZt1qa0G
/v_Error/redirect;aA8jaHZAIdqzeyjHN3pZpyknbOi6JrysfA_Esfrjohcwk5ygFYtPb4FnaA;_gRadMUCOOe0mxMh
/v1/redirect;sdfsdjhgkdjfhgkjdhfiueyr9348;kdjghkdjfghire
/v1/redirect;w8qTcvXKCx9L7B4eAh5I_x8f3LKjrWufdOaCkrTG-guahNxzbCqGtPLfng;ESxUI1mkwvbDVPWz
/v_Error/redirect;tLHzGONuKZrfi9GBhMvYW1h6_caw-15RWVOAp14zarWCo20Rsx1_jV_rNw;glAnWWz3u_M-eqKp
/v1/redirect;sdfsdjhgkdjfhgkjdhfiueyr9348;kdjghkdjfghire
/v1/redirect;YjKT7fl3TsF_HDVNxhCr_yzorBMWgvwg3TLKcKJ2WNTe_M7rOl4uGMBfOA;dkybin0rUPW_gcBc
/v_Error/redirect;Karad-ZMeRwErf2w1dDz9Lb5zcUC4kGezPV3bBnEl0OQBO1epMo742mDyQ;YKUOhtWV5my756zp
/v1/redirect;sdfsdjhgkdjfhgkjdhfiueyr9348;kdjghkdjfghire
/v1/redirect;QWDvUVb_R4BzAsh79BpaOujgA4lQPDmPkUwj1G0bh5g0H2MHYfROzkg1wg;HCmBvWxITcoZ7p1x
/v_Error/redirect;L5Q7E1jEzbynNOlgKFmHTtdn-SDxhBNTE3cV1d1_YkOKfrlkZ0uKmWQ9lg;KEJrfri_SDGzT-_u
/v1/redirect;sdfsdjhgkdjfhgkjdhfiueyr9348;kdjghkdjfghire
/v1/redirect;tLHok9f02FzKjHTWSGkPUw82jNhlzh_S2sQtgtA6sS5HF8j9qUrVTu84Og;ANFgJ7_m5fVfPPad
/v_Error/redirect;ULyzXLbYq4kFLNNi0mEFb5jAY3B9roZxvHGE39jMsrUkA2y3rqsKQWiQqQ;MAn2BgQ3A9cX0jqS
/v1/redirect;sdfsdjhgkdjfhgkjdhfiueyr9348;kdjghkdjfghire
/v1/redirect;HIwO_aV3pPkVaou7131MY6AV8GZrFGTjIGzEfAtg7FUyuNPhY25SVaaHiQ;zEgVE8_k6EbV4WyD
/v_Error/redirect;aFn_8A7jgMaK6DMYF6tW6qja_uLJFxt-T10XlV8iCfcK-Lnkw1j76_CUWg;DASiV1wVnwnV3dya
/v1/redirect;sdfsdjhgkdjfhgkjdhfiueyr9348;kdjghkdjfghire
/v1/redirect;nUOcpP-_gqBEp3k0N7dNXz8ItNwwgNio3VkvPEzDugBYY3K67QTuYvcliA;9qF8rtafiT0IshyX
/v_Error/redirect;48qmPnkrrLL29-xQRmNcDhGbrprQLU3dopbIwrj6ZKEVAyK3W1Wv6fvXqw;1ZZzHf5VVeUXdkvm
/v1/redirect;sdfsdjhgkdjfhgkjdhfiueyr9348;kdjghkdjfghire
/v1/redirect;8FGFYqTYyqJQzRheZDIy67tquguiA07cXBy5UWGQEPCLXn8eMLDOj7cGyQ;nP3MQbOhBwQsW2q2
/v_Error/redirect;GCb7xJoL0W0kOrvae5AhYh3psU9MMweYAyk0IxsDMhq6PdcSRBl_pyAx1g;Nspj24bnTUoyNatV
/v1/redirect;sdfsdjhgkdjfhgkjdhfiueyr9348;kdjghkdjfghire
/v1/redirect;MXZGzM4-0Ho8ZrT-Qk2RZhBy11NFsJwdftmUEk57uwMYyuTsf_sBT7WOMA;50HXE7vx5UNce6WR
/v_Error/redirect;JK840IAaqXc10VYy5oOffUAm9cgZSjvJBuXca1av1xNDa_afkM5AIx56tA;Qj-59oFEnzExJjRX
/v1/redirect;sdfsdjhgkdjfhgkjdhfiueyr9348;kdjghkdjfghire
/v1/redirect;5L8qM05_DrGRNofAnOgFYFV7e9-TkBVQqVhf517FCjC1B3QyRmzwlF4F5w;emb6zI49gha-jHLv
/v_Error/redirect;c6J1jFyFvj8Vc9UTPm_Ndari5LYajluqXZUEKcduMZKzIiF4dZZNWhyVgA;XGL--hNE_OHeHX9s
/v1/redirect;sdfsdjhgkdjfhgkjdhfiueyr9348;kdjghkdjfghire
/v1/redirect;WCO7xxcGJJxjNb76xTqxjfkGLVpwWj0Knvbk0jJ9rsFqrniE2AJXm5fvQQ;lsbBlZuGxYqjSyFj
/v_Error/redirect;7CLxZnGikyyvHm21V763Pvg6c3eVwJvvbHvw5YrlfLs40c9ZhcRAd4EIUQ;hGeTl7tTwR5iVN4v
/v1/redirect;sdfsdjhgkdjfhgkjdhfiueyr9348;kdjghkdjfghire
/v1/redirect;BmnjIQAvvO4ieGcEvGcU3k9q6F2juG484oGdToLCcYiFXz6AftywLieMEQ;NF5HhWMGVjudk9QT
/v_Error/redirect;E5eT7Hkr9WUGTVomal_x9Zpv7k9L7WbKB5Xpor1AgAdLyB7D7ynTebvBrg;pwiSKSMFBMcVgKXi
/v1/redirect;sdfsdjhgkdjfhgkjdhfiueyr9348;kdjghkdjfghire
/v1/redirect;bO8h0hAKUWWMnQu9qW7kwhYw33lXQCaqj_TAnJOfWyd0653ZUsV_OgJZcQ;5QsxgQKUa5Dnbne0
/v_Error/redirect;IAnAhEtWc9WjmZKCkiR_NhzXPOBZLHu6SRYeBzigiDC353N2DkGvlsS7SA;8CNrAl8YeJAvlR1A
/v1/redirect;sdfsdjhgkdjfhgkjdhfiueyr9348;kdjghkdjfghire
/v1/redirect;Id2iYXm_-ODknKA2T2nVu0WCl_dkHETP7Zel2gFDV28x0S9wWu1BgX5KGw;_3LlCxjJTn5_No3W
/v_Error/redirect;MpKgmRy7AFvqAcCZBneYTODZAiwGY4otWos0sU-U9Xea_DNZC5oipok8nw;N2aAPW0XA4rNhx57
/v1/redirect;sdfsdjhgkdjfhgkjdhfiueyr9348;kdjghkdjfghire
/v1/redirect;-4jKh7fWM_YGzJTgL-QWbTar-j-tM-U8N26bv9_JCTjuy3qJ-220n9i5Bg;UTh9NxvyyphK_SPF
/v_Error/redirect;lX1TAKsuI0NCOLvGAsFT6zL8pJeqIBfVwAGL3iCFKUInvN9_jMUSEpMlkg;x3kxrP_OGysZJSDZ
/v1/redirect;sdfsdjhgkdjfhgkjdhfiueyr9348;kdjghkdjfghire
/v1/redirect;gmfDP1bkwcCJpSf3m6XvEijf7_BBW49A22OZ-YjKv9AdwMCadN5i7AV6aw;_me7QcFEFmHDDrrM
/v_Error/redirect;NDb4rICyJnLaWfRrLVWbVNDHT8CImzBYx-L8fxAS8kn6M8aeoDI9sTj-qA;OGj3mzouc6zF-bYe
/v1/redirect;sdfsdjhgkdjfhgkjdhfiueyr9348;kdjghkdjfghire
/v1/redirect;KocUSwGDnZBg-s19p-ipWygCoOE7M1jf1up4dlRCF0nm1yhlvrdcRzriVw;Kb_nLjXQ97v2C6Cd
/v_Error/redirect;rl0YVz2XoNe_kvaZRFs1uAv7QbuGq7XBNe7ZaVZgBWV-NrbSqK7JKdxiQw;P3_RPxRTqz7fpJWp
/v1/redirect;sdfsdjhgkdjfhgkjdhfiueyr9348;kdjghkdjfghire
/v1/redirect;3-vVXvKgpuzt2fwINF5Erv7ZvBDxZ1SkZP01XsNom1Gy2VcGohm7BgLIDA;VqA4ilV1MXbA8Y4F
/v_Error/redirect;fsCa3qSTfqHydiYnRp1Meo4Qono63OnoH-h-utlBIxR3R4nOMDVAc5ECgw;8uVhasFnBFt2g0Qe
/v1/redirect;sdfsdjhgkdjfhgkjdhfiueyr9348;kdjghkdjfghire
/v1/redirect;fMYhIN6ULvVxrpYYa_jwBJAHU6eYtn-mMT8OivfB0DD1IapVPKdHws_j0w;sOXu7QUqK3AMkWVi
/v_Error/redirect;2u-xu60y8bm8Tyj7Lj2x5tIP5zECE10A4V3ny_nvTPhzGf4a1ug59iBrzQ;Ih8yIpoXGF1IRUsO
/v1/redirect;sdfsdjhgkdjfhgkjdhfiueyr9348;kdjghkdjfghire
/v1/redirect;HHi-nna41E_Mtaq887VP0e8FbjBhaEg6di3qwEUipzKdAz9_-yRZ9i8y-Q;HN0hr9ijAciUhb0l
/v_Error/redirect;9bGqqUVPAIFGAjQPKwNcJxcfT5r2cWs7iS7Jg-mAMYeaa5_FBSICYeHDNw;4Uq3YSMx_gLjOltu
/v1/redirect;sdfsdjhgkdjfhgkjdhfiueyr9348;kdjghkdjfghire
/v1/redirect;DZ5eyELtE9V_ICw_B5Ui8teSy9nPvEFCFas_28Mm2jaWH4O1xg7a8S1xug;m_B3uooxsjnjDCUf
/v_Error/redirect;J2PgML3oQZMMpaSLWjh1NbTNlCEpHXsl2sM4vBh5xK41pbjbfRqNSt4Uiw;lpNzUGa2JTNzucbo
/v1/redirect;sdfsdjhgkdjfhgkjdhfiueyr9348;kdjghkdjfghire
/v1/redirect;REz1_T10Sy58OvVkOkfyzHtEnzk1Lmp4fB1ZjLxVi-gri3KU4pgBfugTXg;g7TD0ywcsPO-QgBU
/v_Error/redirect;y4OjHayLQ3mOimalrHl_cCK_VtGVE6CEQidMmrl0zw9uuIIBbfkIvLZbzg;fuuWVyTQptJnv7oy
/v1/redirect;sdfsdjhgkdjfhgkjdhfiueyr9348;kdjghkdjfghire
/v1/redirect;BAk4uLet34gSuTXRpHThrOwL9mLfr0fU_W_Ip2b20NLKeX__QFR8PZLtDg;sgpuQhQJsVVMgCGy
/v_Error/redirect;y7ePcpAB3pxAwq7o66Drr4YFlJQxRh5Zajc0lm7CRJ9Cle4U_Tp32Ktt3Q;vSXKOgUCSm8hpEMs
/v1/redirect;sdfsdjhgkdjfhgkjdhfiueyr9348;kdjghkdjfghire
/v1/redirect;jVf4p_-6W2axI2q2bdNpUZCvqFzxDT6BXDssDqjoIDKdatChKxUblH_HoA;RORSKhyQ1IxL-8_I
/v_Error/redirect;nJM7Y4HQfr8bbLzvbsMv4ebNPxqp2IZ2dzRTvx0e_MUMOmo80-RVa_nejg;6KY9FwZAxXLkpc5r
/v1/redirect;sdfsdjhgkdjfhgkjdhfiueyr9348;kdjghkdjfghire
/v1/redirect;4Iw1rxE-MwCVoecUvha_BGn1I5eSA2AVd76rMP58u5z-U0UdCPIZN5eU5A;vswBw48R0FqRyijP
/v_Error/redirect;ZNvTKHhkmC6yftGUteTBXCT35D03EJkqBlkUCvR4wd_VzIob1cAv3FRljg;QFY8udIV5pgu2uOh
/v1/redirect;sdfsdjhgkdjfhgkjdhfiueyr9348;kdjghkdjfghire
/v1/redirect;ARd4-5fkbTeV5gIQr3W3VuNNiKkOvlcw4Qq4goeHsVDDP3fxOcLhhfHDzg;0mGdYzF1A-2kgYFn
/v_Error/redirect;4j5zMcCxXr9SXE9-H1VkAS8maqsdz1O3ozmxk-9SShTMlcf532i2NY4F1Q;pcgGMXNZwSsujogH
/v1/redirect;sdfsdjhgkdjfhgkjdhfiueyr9348;kdjghkdjfghire
/v1/redirect;L1NxTZXbY8QS9eZrQH3jmFZEI0UuYh4SBaBYNsPLDNnf_UOpSyrxIfcxXw;3fD3nGhKangkItI1
/v_Error/redirect;GJI0XOSkEdhaCoNqjUlIwVksdEMNwNQtmG1XNv6wcrIu3Lp8o_7RBGYLQA;oXv5UQe0XPfIh9Sb
/v1/redirect;sdfsdjhgkdjfhgkjdhfiueyr9348;kdjghkdjfghire
/v1/redirect;Rz_aepbNkJvrGqdYGBh2eTmHXqr8UNme45ip-r4tEJSLau-pJi5fF8N8qA;FKEFFqrK8FEAIK6M
/v_Error/redirect;MNJuJh6HQepi4Mglo0n2qHSq_zSucXJiCu4K7hZJimROAnMVG6ulxBiVbT0;WDpyACmlywUV56lk
/v1/redirect;sdfsdjhgkdjfhgkjdhfiueyr9348;kdjghkdjfghire
/v1/redirect;viUJ_QnFNS2m9kaG6cQ-mgYgaZc274rJvM-1rv1NGXbbmw_-QG51myG2b-w;cVpW3LhOynUJhso3
/v_Error/redirect;9M4hO6DyCO37Kd7jgb8xFe-9yZWhpDkSGRRhv8X3517yzLE0k_aoQAjZMCw;RfNs_3LH2BCWWIRP
/v1/redirect;sdfsdjhgkdjfhgkjdhfiueyr9348;kdjghkdjfghire
/v1/redirect;RB_5TsygQq315K9pD9l287H1rbm4Ii5Eg2waeP15CYA4sLTEqufoBvMI8Sw;YvvcXYwNpOFCOKvp
/v_Error/redirect;ch2MVOvwlfT5MNI6qopGQmC9iis0O-z75owxsRn-8PRnLvpZ4D9ghNOvO34;Vk5UfUUpVd5YpJt7
/v1/redirect;sdfsdjhgkdjfhgkjdhfiueyr9348;kdjghkdjfghire
/v1/redirect;8tIZ9IRKLazzMy7BLnIdxLW5a8ckkVRiK3c1i6dPpa1RR538qtzmYXsHqeE;DIJKwjZsRlSxINX-
/v_Error/redirect;Vdqh-ZZLIJMIpqNtfyfVDJBcfOflWRJJgLmPF8-HBQFmki0_7pL3Oc_W7UY;y_5aDxJXf9AqcRZP
/v1/redirect;sdfsdjhgkdjfhgkjdhfiueyr9348;kdjghkdjfghire
/v1/redirect;j0lPYa6di1JgDZEr_WVpoEMCO2VZRWtBouHaN-0nzU4fHkDVRk0uxk604dk;XWhYdYrW3SxMiUaG
/v_Error/redirect;0F2KTm0slMrcrZ0oBLDPCX8SxLNM7PxS5qBmOltFQat2dqyqOqS0CLgHdT4;bvgfXqUZ3ThQRm_b
/v1/redirect;sdfsdjhgkdjfhgkjdhfiueyr9348;kdjghkdjfghire
/v1/redirect;q1beuCg0A-r0bGkxTSCIEKnmjVq7de3WVe3_fb8P4MfxBwK4KURljDgcKsc;eVEHT0EBblsRW_-z
/v_Error/redirect;VY1jKDyZh96Um-5WBOTLRd9bLHXvFNfETt_5svUPyRDOy6G-DAmA8zt78vM;auLhFFnGO0R0W1ZG
/v1/redirect;sdfsdjhgkdjfhgkjdhfiueyr9348;kdjghkdjfghire
/v1/redirect;U0ZEA_QU850x31t3cTjsrCs_Q-E4c68k8gqKNlAompm_poAUxJtdMkJQo_0;Zi-dAlrzxziatVYR
/v_Error/redirect;oQoJLoagDt6VXq2SwG8QXqbNCizxxuetG7agKrLdoGW7iFk0OzwM97Rlnik;X_vmfS58bc9kToMo
/v1/redirect;sdfsdjhgkdjfhgkjdhfiueyr9348;kdjghkdjfghire
/v1/redirect;SqL-1ObSI41EXrDqcnKlLl49uPdmsYS8ZkmW7OFjFOShx5y1HJW3Dvmb_zs;dIM3jxa4PckBOjk2
/v_Error/redirect;SBHqPlUtZa1UjFXkm0VslukgvdYEWrsnnAVKAbGU102VfINFAs1lgcnn3mY;4tqZE997Z9VwKtEX
/v1/redirect;sdfsdjhgkdjfhgkjdhfiueyr9348;kdjghkdjfghire
/v1/redirect;y2beVlSUfg6_KjYES_VonATDppFKe3sQW4q6ZlJF4L9j5VmMDxrtPDZjBMY;nv9S934odTsv5WgY
/v_Error/redirect;sL1axe61pIKE7xqgHoPa0Ij42TvW7hFkFqmO7qnKHW8GV0S9G7h1f-PhJDI;7kKGwQNgVuUBFdpd
/v1/redirect;sdfsdjhgkdjfhgkjdhfiueyr9348;kdjghkdjfghire
/v1/redirect;cvRWq41hhM0PAYz_QIuWmJuYmJ8We9hWB3pzIZOIrwVJiVcDTMAXK5eE2MA;nPydwbDxqVAXYB5R
/v_Error/redirect;ixYQ2oOe2n2N8HG7DXLoG5B-1HyYv7DpdVmBfodO9CIm_YbLATp1d1M6rKg;seIPkmujVBTSN9SX
/v1/redirect;sdfsdjhgkdjfhgkjdhfiueyr9348;kdjghkdjfghire
/v1/redirect;p0Za4N0GlMp5fb_R6J5oaJv1wGrxa2MvixDz7jm1yV_JQwykxcKz4H77thk;ANj0Kl5aSS6yDvX4
/v_Error/redirect;a4k0L1ju2jcT2c5dxpG_Hz4wG6mq-UjyWVfNeW1xyg4WRCpFxVIm5dDNAFY;yv1StWRA-VbrQczz
/v1/redirect;sdfsdjhgkdjfhgkjdhfiueyr9348;kdjghkdjfghire
/v1/redirect;Zs2WvROZOQJ-_ag6U5mlqhcaJQYDE3SgPGVdHxN_Vpt0y5nhHHseIIJ2n_c;WC7ejBOmo2p3mEAJ
/v_Error/redirect;FZgkVbHbuVbYPC9CKMoXqLicQVUZZ0Asd4zwQIGbxBaBl7_MrandjYVduHU;vdI5I9iYtHxHfwUp
/v1/redirect;sdfsdjhgkdjfhgkjdhfiueyr9348;kdjghkdjfghire
/v1/redirect;EsfeEKO0GUh6eDpMB9QDo08C0Pc5qTVM5_iLO9_41Kx-fgqxRxvT8pHKNmQ;GGNSoIOjyxdVkXdD
/v_Error/redirect;Ygp7_I-UnUI2RkAv6m1jiGm2u7QkIXBoR28LLCCa8xWPjY7Hks05OvIOOEI;e6tJfrtpbViaZxih
/v1/redirect;sdfsdjhgkdjfhgkjdhfiueyr9348;kdjghkdjfghire
/v1/redirect;pwJsUmJ_t3vaSRN0B6gYrSgTgbrDw6W6xo7S_qRs62lY9P3Ge2LPhOS2cEM;-LxRMaIq4vywAG54
/v_Error/redirect;Xs7r5ydUpt2PS0X5eFghzdShtMpu7aVGeJqBOENeiRt5nNIdqaIR0RLrfcs;ZAAbDVA7r0Tj785f
/v1/redirect;sdfsdjhgkdjfhgkjdhfiueyr9348;kdjghkdjfghire
/v1/redirect;PPkEdReAiVKOPjPzSeT8D6-ClZW2sFVsyXSs-_1kt4pv7is1SEvBRQ37_Ew;i0FQCseN_aCtDeJl
/v_Error/redirect;wop7LKJRfZBQFulb3uUKcH2e72cLAknAQQHUV_Hn9-EpPF2EHv1e90d10Ig;e7hrWspjFY1thAbF
/v1/redirect;sdfsdjhgkdjfhgkjdhfiueyr9348;kdjghkdjfghire
/v1/redirect;iWCkMu4aJwU4y2HydtDjcZfOkXbIWpuRnVmKbRscfu0k72X1MK4pc8MaaHc;tqWjc2b0SwNWs5rp
/v_Error/redirect;-ou1O2r-268_YRt2iKZDIXofSPdfEREoYdK7M6_3jlCwZzwvUSbmO9lEqY4;eGBXS72Hsrg_IxBO
/v1/redirect;sdfsdjhgkdjfhgkjdhfiueyr9348;kdjghkdjfghire
/v1/redirect;Swnz0Tf5nmTYBDU8Zqv4EH7hzqV5TNGgj4bSaORdWdLS87gA_MuP3twwoJc;5caUIgc1vUUyk9Rm
/v_Error/redirect;c1yBOEZlmnt6mCtZ7A6vJJRKBJ4xFVnqfjV7LT5hBqtGEcWJ-_t6V_xg7FE;OkXxEFaC7F_dclkP
/v1/redirect;sdfsdjhgkdjfhgkjdhfiueyr9348;kdjghkdjfghire
/v1/redirect;_DAJ5kUX3SIBUxfqDWT-56SywT_j5drb3NPxCXOmV2oOzk6gfhJbjLDFzFA;C8cGO03Z1SqIxS_T
/v_Error/redirect;cSfRW09VKGfoy3kvEl1EMLA3nhj--8qJykasKOXDr9I3TbUeshEFax2Khgs;nQSHSy33KcgUZl5x
/v1/redirect;sdfsdjhgkdjfhgkjdhfiueyr9348;kdjghkdjfghire
/v1/redirect;tLj9c9L51z1UlQH45LN22kzY6l3-cImIZDP2LqeiP9fuROlOY3oMWEBPtl4;mhzpBPAuXi78DGOi
/v_Error/redirect;W5wKFt5CRpRvVIVCQSNtKn1weZDZQbmsLq9VfkZvoKK44Gqo5oYNg9vrFgU;QQ_Cfbwmq5r1IzSe
/v1/redirect;sdfsdjhgkdjfhgkjdhfiueyr9348;kdjghkdjfghire
/v1/redirect;giQRNE5ogJM3lcti7dDsyFizI90UmWTgEPFUpghSAP4_e4E2w495Icg7GCE;3vNP12riINI4tRYH
/v_Error/redirect;aCvOTisbSbiJq21ET4i9BMizJAAUGQ9g3-gzgH1--cCyal1srEy5mc6Pw2c;OeQIVCDLRBPsvbW6
/v1/redirect;sdfsdjhgkdjfhgkjdhfiueyr9348;kdjghkdjfghire
/v1/redirect;FeSw9x0DEamJRbuu9hXczTJqVFWYK0gUMQ09V4iqJ9m7eGLmWuqWEUUkAzs;-AXw2HaWQM-OYs9x
/v_Error/redirect;CWzLEHtFAn1oZgMQr6tT1iYOl7oTRliqI0NsV0NBUAetH9HMmwM1SV9TLZc;So36nasZ6a1ddjb2
/v1/redirect;sdfsdjhgkdjfhgkjdhfiueyr9348;kdjghkdjfghire
/v1/redirect;nMuQIz6YFtOWmjs8fCCp3YUuUserFKMRoYO2c9INcanIKn-yHBGA5rsNRyI;cDE8jGat053w56uG
/v_Error/redirect;iSGf8maul6TU5On_YYLjoVtSCggz3kK9Jsujbx4YrmqX2fwhL7jwKlhc6dw;8-VuQqICTtLWCcEd
/v1/redirect;sdfsdjhgkdjfhgkjdhfiueyr9348;kdjghkdjfghire
/v1/redirect;z0QILxi3tV3R_HHUdszn9uZNkNgvxyra_vbqRSzx7ZcSX3fQyP0HvVOUTdY;kbwJ7ZhP9-kPGpv2
/v_Error/redirect;V6Bp6dtdq6T1qhpvXvCB2-8Gx1zQTh7kMURVKJ1EyFecQY-cd1oKPLbnamA;OZb7JS2AuitXov8H
/v1/redirect;sdfsdjhgkdjfhgkjdhfiueyr9348;kdjghkdjfghire
/v1/redirect;flVjsHTKWuiDp_u2QAXsWjTqTEENvll9stDjAP8A-VahOEeMfI_2P49geyM;DC1I3-MzuaGvn6I3
/v_Error/redirect;EHYUCTdzxrXXFIgDb5uKn5bOQXFfrNkf6WDlzxbvg1XxQAPs_5r8xn--Jlo;cfRlth2BM8evV6MR
/v1/redirect;sdfsdjhgkdjfhgkjdhfiueyr9348;kdjghkdjfghire
/v1/redirect;ooKDk0KU5KbXSSN1zke8vNyrboKvenp48f2xib0Paa9ZRJ2bQS6hUOnJwzs;hE16_eB5bQ2BvJPV
/v_Error/redirect;-OoGVIM_zpDmR7YgtUeZLPtVLGpxQ9o6G6x14bzS8DPOqTMJPi-gKqH9Bkk;dVERqPPEjrs4UrSo
/v1/redirect;sdfsdjhgkdjfhgkjdhfiueyr9348;kdjghkdjfghire
/v1/redirect;JKrVy8uZoGo6yffQ8qmQPV5cwvZPmm_BN8QwVlvggVFOhHtI8LLgmsbhpu0;WpFm3FfQX8B2Ed7F
/v_Error/redirect;BN1jh1-r8VWilxi1z0PR-sdzXw7qdU3e1tDXisarwrBRU5cbBtEnZtYAeT8;mc2c_TA-FxU1Bdux
/v1/redirect;sdfsdjhgkdjfhgkjdhfiueyr9348;kdjghkdjfghire
/v1/redirect;_X-ToWj908wkI-ZwYLGM-zJ4pHi98NBH3cWnpdP_b-T5VUFUepdOpFVv2uo;2t1qCMM4uMxqmb8n
/v_Error/redirect;JW1ZATgA4CDTEXLZ5HwZ1FZiUiRH5b4vUtjpzVmsIoQF-Yx--StojbhCTcs;zByDrbimX7IqDKQT
/v1/redirect;sdfsdjhgkdjfhgkjdhfiueyr9348;kdjghkdjfghire
/v1/redirect;0vydrXLwqjGIEqgfNwe1Zki0urozsvCXuu3diKSweo6bn6e2MY4iZt4KuhQ;q4N2tI3fCpm61M9S
/v_Error/redirect;j_HG7Mk287URqdP7V2jYjNn2UgwOBMDLw1w1jk2ptTsw75EWFQaecazANUo;3ppMzij9YAMDgSWf
/v1/redirect;sdfsdjhgkdjfhgkjdhfiueyr9348;kdjghkdjfghire
/v1/redirect;NaN2ZPV69JbjJPOq_BsNY6fS7Ckh_jW3TDyJMwyQKDlv9vAFhdMCDgbjMpE;_IT89JA0twGYfUpu
/v_Error/redirect;Z9PmJUZe6S_ZTM0C7Uf8JezbsZJfGovYn8fG4PSrInVxRWC0BF8IJWibEKA;Vu178d6ZrVgPvZt_
/v1/redirect;sdfsdjhgkdjfhgkjdhfiueyr9348;kdjghkdjfghire
/v1/redirect;ArPDtVI0TU1wltgy7y7Ptne57-VVbUxIln2aNJ5pzefOXFNXKhKCTrH0FcI;jC6GRg17MALh_OQR
/v_Error/redirect;H8Ur6VKJ57i5mKSc2zPM1a02KxTsEmOGEibeIwl4gLv2BBmYfaAy8C0x6fQ;owZZ3dub4Or4wGBV
/v1/redirect;sdfsdjhgkdjfhgkjdhfiueyr9348;kdjghkdjfghire
/v1/redirect;pcOOukvqNSBNYf9wxDr9XDqQKyRR-PwzyMdUJ1c_O23SDECgDcPjKKWmMvo;xU8UxPhIKYGOfNm_
/v_Error/redirect;MoRCUXaWV10s_fvZwVznxGT6ksMq9Q3DoB6zg3aLF8BAiqfmdeCOKdH103A;PzsTlZs5WzzRIF2b
/v1/redirect;sdfsdjhgkdjfhgkjdhfiueyr9348;kdjghkdjfghire
/v1/redirect;y2wrWOZSmj8SEwDCG1PfxsJjkiQ9TUHxpW38otQOyScJakij7c46B3Hvlls;Sp_bGaO8f2oBIifE
/v_Error/redirect;fdH52KRiNtHtUf-zmTEcXWvDxNYtSS4hXSuzd5oWXdmkluTTs4tvpIL0QGI;bsiMV3lxbavNnmsA
/v1/redirect;sdfsdjhgkdjfhgkjdhfiueyr9348;kdjghkdjfghire
/v1/redirect;uGEk2jr6QP409lw1vwk9gaEHfzj3IzzM3l0zoVGgfx_9C81SUubMh4Z1Lvw;QEsarfJBfoprxfn3
/v_Error/redirect;JLXYpAtBSJaVWRCMjaZp4uFmqFEEXJlnlA3rOkJRlKKP7frqv56_0TQGowU;PILTazvY6KHslNuc
/v1/redirect;sdfsdjhgkdjfhgkjdhfiueyr9348;kdjghkdjfghire
/v1/redirect;IUJdlG4sBmTPXwr4Dx0SIvj4-OkUZ87AL5KcohzysT0e6VIIRDn5sC3-MLw;2z-2pDYJnlAX2ARx
/v_Error/redirect;vE3sV0wMi_XshAvKGn8a5ZpqZeU-i2Pz64D8GHlJQRuyW2HDJ7wDHd2L8zc;DDsdUS5dEIrviuwT
/v1/redirect;sdfsdjhgkdjfhgkjdhfiueyr9348;kdjghkdjfghire
/v1/redirect;u3lCy81y6O0CDISdY6uKSIYLWqDT5DZ3u9j3swTsn2ni2OIbU2Tep8mKjnE;g1k6xSkvjiqvtiRm
/v_Error/redirect;WYg3GJ9br0-CSf2zWjZIF7gdiAl_W95ap1ZI4IdyxIFjzdOD9RdXQOFfwGY;M0zGaZ-hAFTIYVLn
/v1/redirect;sdfsdjhgkdjfhgkjdhfiueyr9348;kdjghkdjfghire
/v1/redirect;rz1TwO8MABRilPRZKcSGzbWPdsxeefnJzsK3mex6kyNNJlP0eN_1-1X55h0;_F5xtgZOrSSc6dMR
/v_Error/redirect;cL9Zlf4bQFcUENLD-g0mCVYx6BIUHnLYi1Vr8kpmoBds0Bb3bjwjwajjcEk;Z3AMtweZXqvEf29y
/v1/redirect;sdfsdjhgkdjfhgkjdhfiueyr9348;kdjghkdjfghire
/v1/redirect;tRGFaoCzHlc05dnhYX-bSstWuaXuKd3y-gwq_jbSSCtxJ0q9b86NTHCmO-Y;A7dfo3ZIrYJ93D8B
/v_Error/redirect;2KAj7gPfURoyiIqOPSVj1sjTy_PNIiRNA3Gd9dRynTCQ70oXs36HWhsBWnU;8GtB-YZ7LujnIBR-
/v1/redirect;sdfsdjhgkdjfhgkjdhfiueyr9348;kdjghkdjfghire
/v1/redirect;6WEfnkY4DyGusOcu2jUtcPv9AplBxToBCB8AG7zMGiVMTCGy3T1YoAzTwqI;ZOezNfqrcRNF3GGw
/v_Error/redirect;_pHaX-icUAOnRhyLePogvBg8mENg48Otd45JDGLXFwQGlBOvNIHNXsqRgd4;5RkQCeLdtiyJ0SYq
/v1/redirect;sdfsdjhgkdjfhgkjdhfiueyr9348;kdjghkdjfghire
/v1/redirect;M-7jql2jhtvcMs3DLeXTT4Rq-IkMzidVRK6mJTHItm-6fILkn4cjT8zMesc;oznjG4XLJn79FuuN
/v_Error/redirect;_2H2bJI4m6hQUvupf65Ogch8WlAjGOCoJTltxbqz4Zj9nEmO1SVGlIAwkqs;fZ63cZEASer5bUpC
/v1/redirect;sdfsdjhgkdjfhgkjdhfiueyr9348;kdjghkdjfghire
/v1/redirect;VWQZCm9xt0hjaGamK8AKe9yFkGFWarPrsM74WhbaRxiUyni3WZKHdedVe24;9gEnW1W4mD0YctIL
/v_Error/redirect;hQeuj4HaQCNncSltEjEtncZTDGqCGgbLMaOGTbBtZ6oogRVEWWFt4v_E_N8;gPlpMPxWS_Z4t4p6
/v1/redirect;sdfsdjhgkdjfhgkjdhfiueyr9348;kdjghkdjfghire
/v1/redirect;VDmJ1tCLGT94GIFDLqFw18Xt_0ADxgM0JW5_etiqOuxHehIkhac-X1fRvc4;sWBOZBDfLKVS1YFa
/v_Error/redirect;73dcAhg2oXuIQemBe97BIbGbpVvtRAqJJyjsbY7Y8hIFbB99ijOoCrbWzCU;VB_XpLYMTITN_nHl
/v1/redirect;sdfsdjhgkdjfhgkjdhfiueyr9348;kdjghkdjfghire
/v1/redirect;jt1IS13Qbco1KlzdS7753cy-sG0ajQMI1ybZvzkptFpgi-HM-XZAGnAKkv0;QiEbawKx7cFYSKk1
/v_Error/redirect;3ndlwbCoaLDn0FyJ247TjZfP86qI-7Jdj5NaB5FUyUES_m6SlXvad1zw08s;qMcJOweWv7tbVw3m
/v1/redirect;sdfsdjhgkdjfhgkjdhfiueyr9348;kdjghkdjfghire
/v1/redirect;nyHU273m0446B_ZOXahmCPXvpakMHA5W9eEBOdtIn2I13C0VZMy9O-iVSPc;X3TAUFG-NSEko4gK
/v_Error/redirect;tVXKE6X3whFDZI_94gBBiZaD7TkQpVOPncGmpzS5rWZxSrvLGFsR0vRHFr0;D9FToVbNr3lWtlvv
/v1/redirect;sdfsdjhgkdjfhgkjdhfiueyr9348;kdjghkdjfghire
/v1/redirect;HQdhZtv6C8MX5G7vj94wqeeZex9dLbR9HKeaQ3ForYphzZZpNx3SmL-d7Sg;pdvEE2soilrTetSm
/v_Error/redirect;zEq-YlhdKPXmB-MTztJeS60O0nDEBihB5_6jqr53pIP0vcePPRfHkENWJG4;fg-NPCIiHl4urL4d
/v1/redirect;sdfsdjhgkdjfhgkjdhfiueyr9348;kdjghkdjfghire
/v1/redirect;w4s684KhFY0h1te_cAz68LnUX_NrRmRuhWK01tJo1qTFlh6Nmy_GMqlm5iU;q9PRGKoQFtzYap7g
/v_Error/redirect;EMvXkNdbzAkLoPXnjIU2PQiy-XSEnc4MlMQrAktlrkABba1Uztb9nc2qHHY;rAOhPo7fj7D2dQt6
/v1/redirect;sdfsdjhgkdjfhgkjdhfiueyr9348;kdjghkdjfghire
/v1/redirect;D5Dyny_yB5DXcbD2bS-ROjFK_GAuvRV5zk05HhrzKXnmfpTj3IrARae9Jug;UtzPaQsmYNBW60_7
/v_Error/redirect;K_xZvkn7X_kagTz8y7Va2LgvYcQagrc_F6fiCxInJlTfAQ5H_CsvOxzus2s;eVrnOSyqtLparCTW
/v1/redirect;sdfsdjhgkdjfhgkjdhfiueyr9348;kdjghkdjfghire
/v1/redirect;_Jtmoy5D6UxUzjYcU4Ls8pYvYV08fUmJCH2dvBIi99FEFo4yg6nWKbm8OAU;GArRRDAHuiel-s0W
/v_Error/redirect;N16w4AC6sSl7xSlAimHCJcMf8VFatlMO7SeGCcmeda0AuztJ8CFUEDmatvA;6urxTRPqmQiNYnUm
/v1/redirect;sdfsdjhgkdjfhgkjdhfiueyr9348;kdjghkdjfghire
/v1/redirect;igviczuWcDVpIZkNjuf1wab-sMW_XJDjROsUn0uQ5rYm8JL_G2OQuchaCMc;JKdkKfVBGtZAnM1L
/v_Error/redirect;HApSPKHD7ewGLtcey205wppZOuli04lnyemEMQjGJor4Ny5Rtx0E8rMUKDg;CClc5F_gMDBL0Wiw
/v1/redirect;sdfsdjhgkdjfhgkjdhfiueyr9348;kdjghkdjfghire
/v1/redirect;hr0wg5cC7hveqSOHPACPQYc20J1XJMeGkfbLkSXAK5Ul9Fn9Qh7CXRFkMz8;z3Q-hP7_wdpeCfUP
/v_Error/redirect;JTflfLhQ7bt_qIcLexj0YJH1g64flFmUdAgROj27ws8ScVOGs-6JS_YBIcw;anWjGqnStprdR6YR
/v1/redirect;sdfsdjhgkdjfhgkjdhfiueyr9348;kdjghkdjfghire
/v1/redirect;KucfsRW-DFl7pV73VmKDC-36VOxjc2yijnWgSPtaodgTxuX3ap4BtaWjk8U;pXR3Ar--QuoxlCUn
/v_Error/redirect;qFWEvwB05Q4FMzlaqZiVB4au4aJO5XXwwp1thFuQYvCH9gwXnpvu_CiGgTY;duQRmJfywm9sfduv
/v1/redirect;sdfsdjhgkdjfhgkjdhfiueyr9348;kdjghkdjfghire
/v1/redirect;4OuINkW_jMxdXXnZiV4tb0RJNoWIwQ7Gwbh6zlKfgsNe0mBMdYzl376OTZc;Mv4HWy-xMCvrPqSD
/v_Error/redirect;p356DmIGkB3GM1gozOQgxDCg1eP-bp2SyE9b3pbNy9PWWjI11x-MfmArUSM;k1BqMe66JFti4ckP
/v1/redirect;sdfsdjhgkdjfhgkjdhfiueyr9348;kdjghkdjfghire
/v1/redirect;7Ds0Ff-01iQldQfZu0ykfY23RWKrHcvUHT837maKfvC4f0boyA4Gy2ZQzo4;z9nlgEZhFZ6dG-SF
/v_Error/redirect;5T-EnfbiBtLdZwPwZRH3Go3iWKMzYSlTtTvD0JGARrUgob_sdjtUYRMVDJc;6j0Vat-bNQXCIHnx
/v1/redirect;sdfsdjhgkdjfhgkjdhfiueyr9348;kdjghkdjfghire
/v1/redirect;cXGqFc1uHLFmjAymbwz8QzSwiUM0O0d4t-wXEi4AfjUI9575-6-ik7xXszc;EJ4Opthv9Iw4M-F2
/v_Error/redirect;8krp6QRPwysB4fbAv9E_KMeIcaBwkPUz4Q043Gb-QEZ8clR8Tk0i3BZnBgM;zMma0D8Gab43QK8q
/v1/redirect;sdfsdjhgkdjfhgkjdhfiueyr9348;kdjghkdjfghire
/v1/redirect;3tzsICsxu3dl7h5H9CmtAp--y11-RJ7AfLztV6GxnLFGqxbJgUgmDh2Fm-Y;LG2hHJrnnWVcF9Ir
/v_Error/redirect;-vGLBgT7q7EMyP3idWdaz7dQtYG0DxzkvUZIrkNGbESzsaXuiV7ZsZixxmM;WfITmN1yCYWGfj0s
/v1/redirect;sdfsdjhgkdjfhgkjdhfiueyr9348;kdjghkdjfghire
/v1/redirect;-BLa15QnpEluQmmakrBOK7k6OBJdTFh_TXJFSOQzhbYgNHB6SEwXd5kGJ7o;KJXB4NOY-R9otuh5
/v_Error/redirect;lsaqmKpbCD9XL9svyvwpNx6_Eo-aRdKztkNsOb_eZeoH62Dil2NFaD3-BZU;42IWw_9ixDLaIYIy
/v1/redirect;sdfsdjhgkdjfhgkjdhfiueyr9348;kdjghkdjfghire
/v1/redirect;dzs1lSoqbvwqj2_Urj4pYDNce-UeT_QkJIw3S_NPMjAvfF2ASvPbDRk2Bcg;nNSjxKSrx0BuT0TM
/v_Error/redirect;KTEV2z4JkhMTPwtHIFeD7H_j6XFWEeRrhpqndrE1RjjsnZygObQeLwRrELQ;g16Fs4TBkFCwaxj9
/v1/redirect;sdfsdjhgkdjfhgkjdhfiueyr9348;kdjghkdjfghire
/v1/redirect;BilqMsaksNmXkIKzSDMRiL605v-KQHO2PBe1j-pf1UPwlxIC0b98ftLU_FQ;bpQr_bXaHt80QuH4
/v_Error/redirect;mlmOFxrJwJSOgiLU6OMkS_ZPZ5IH1a2b4nLKaWlKUwBaAQ0GOBiYpCHydM8;g4Sj3N5SmvnxSiOQ
/v1/redirect;sdfsdjhgkdjfhgkjdhfiueyr9348;kdjghkdjfghire
/v1/redirect;bPVk_Mv7VeRJsNBUu_vdSMJdTr7qLgYaH4ADJyZHZEmi0Dz6sXCVa5eKEHY;H-NRV3GROdfUQnZ5
/v_Error/redirect;pO4bv8hpxFMf4k7LEfb4QwhDlDTB_XA8BsnlRgm3WnKnsCVD6HHJLNnc6m8;gUr-ZTJGqP5HsKXj
/v1/redirect;sdfsdjhgkdjfhgkjdhfiueyr9348;kdjghkdjfghire
/v1/redirect;IB_GuaMfv9QKW7xsDJMGnP13GV83cArx1rGVwwTSLUqheNWfM8NQKlLQb8U;nc8Dp3B8sUiNZmO-
/v_Error/redirect;K7v3A9fV6kfbQGnBgfu4MfBFJbzje1LIjB2cMLFTsVYQZVcMhENwxcA5PnI;5aSHRPhhyoiArsva
/v1/redirect;sdfsdjhgkdjfhgkjdhfiueyr9348;kdjghkdjfghire
/v1/redirect;tOeusW-v96MmAllOBcIaniF9aWYXIF-JIR_YbzlYKj_PUYBIb8WVIK-28Uk;PtYWU4B1SHF4LeV5
/v_Error/redirect;FBDLz5ACWrZxk2FAfkvs2dwUFYN42cSUsYbsdW24uKqBpRdQlbKTbgwtQ6g;6SpGnCkSD9xRd0ZU
/v1/redirect;sdfsdjhgkdjfhgkjdhfiueyr9348;kdjghkdjfghire
/v1/redirect;MEWHwCW5D68XauWL59WD95mQhcqb9WAmLhkBzwc4dcXt05biYFYZUenxKLA;3jHDq8IrRnUio3RZ
/v_Error/redirect;fXghe0aErjW6bJdHrH95CtPAuWgFfsLQ3BxD_Mm_F18Azi9Mc3BayPqqbp8;bxoDokiew1f7lk3_
/v1/redirect;sdfsdjhgkdjfhgkjdhfiueyr9348;kdjghkdjfghire
/v1/redirect;18bZZgoiTWBDulggZ0ucMPbda2L6FhOAGmF86oPBcoMYrZquLO1u5VApSsc;0ZHoBZFwWlIa-1Kn
/v_Error/redirect;Ty77DZX6CrrhlRVhxkfU7NM1mT-gQ30o4w17YPWFROcmuQ9EMYa5aos4vVE;wVZD1GzajVpudPaH
/v1/redirect;sdfsdjhgkdjfhgkjdhfiueyr9348;kdjghkdjfghire
/v1/redirect;83VNIslK3OHo_lp3n7I9QSJR5mr_VZ96SK5IHQUQhYnaehcouxqV9FxtV3c;4rcBXEPbv-trfmTV
/v_Error/redirect;mozwEL767ZPj7UNeeICMdFN_xBftC5gDo3P97djnReu-fue_xBFJ2vVZ-qw;RY_o08UQsMy1_eVd
/v1/redirect;sdfsdjhgkdjfhgkjdhfiueyr9348;kdjghkdjfghire
/v1/redirect;01mSXIau1UTmcRQjjlj2eFVMugupNP4-eX5venvWcMGoaUZmUbbycgh8H4w;imro7mIgcW5vK5Oa
/v_Error/redirect;eoe2ikA632BMQusvav6JTUPIYhC9jJeiLPqCOEncfnqtqqAsQaTBoqiYxKc;77OxuNmf4rp-o433
/v1/redirect;sdfsdjhgkdjfhgkjdhfiueyr9348;kdjghkdjfghire
/v1/redirect;uAql97NrxX1pLDUC1YAx7VZSkjU6ZdQHBIOfmJ--JFjP4LXNmB2rlAfjnTw;PlJ-N6L4KhJHEhIl
/v_Error/redirect;MfcixaToXzScgwjSyC7yyfA3e7FQ0Ny-aKjQ8HAjADbDsl4c4pg36jwB4yA;ykEZDF6Hp_jGi3bn
/v1/redirect;sdfsdjhgkdjfhgkjdhfiueyr9348;kdjghkdjfghire
/v1/redirect;9R21oAucLqzQLccZHzITOLwXaObrXxwqgwM64IdzWdui25e-dU7ri_ksKuI;x5dMyjxdQG6B-VUD
/v_Error/redirect;Cf3Tt-vWd3wFHIagLLh7zMjkFdvXHHuYK1fvLzOxz4O9YS45TwRs_F3NH78;PvJQCray36fslFCe
/v1/redirect;sdfsdjhgkdjfhgkjdhfiueyr9348;kdjghkdjfghire
/v1/redirect;3N6OBsHe2Ajd_S8scbU00zJImPKyDgWkGoXhTXnbLJW5smHepEazyGhTz-s;eXTRf1lipac4ceAs
/v_Error/redirect;gZsJesyx5TLo3UjC7jfEy8xvBeh7Y36N062NvdT1KeDjFcuc7-qjrpScrEs;xYgm9r_nyLeqsj7S
/v1/redirect;sdfsdjhgkdjfhgkjdhfiueyr9348;kdjghkdjfghire
/v1/redirect;dAkBCr7mLKn9k32ZLw07Ybsrntm4Ko_srQBUyvc-07ZgsGiKWoVQXYFHh1Q;wyKEUhoq2ksIB2RY
/v_Error/redirect;EFdj8fs-6WRdzKhPbcyzmq9GBB1s2Urw0Pj6pi48gxXIK9lCj7wRBRcKot4;_jHhPwlr9XW3ytZx
/v1/redirect;sdfsdjhgkdjfhgkjdhfiueyr9348;kdjghkdjfghire
/v1/redirect;bOWkTTyb92cqdL1QFvZvk7jXBNSjGnEeS0OZT0d9GRb91g_xRL6rheSAQek;6Qewc1xTowA1ZEXT
/v_Error/redirect;nMu7cb0igVhKeIhyDKykRsEzY45Y6FlMcfQiMeWOwJseize_1Jqz1Xycors;U0AHlqJlosSMLyU8
/v1/redirect;sdfsdjhgkdjfhgkjdhfiueyr9348;kdjghkdjfghire
/v1/redirect;YGz6Y9XiYJrKpuPe71zp8Z_lj7vZsQHmx9uRqnk5iKDH3DtjwPPhYvewsvQ;BEqvx4Nlt7B-65A5
/v_Error/redirect;lw6x_0i8m0_BraQ2tFOgKiEvEv3Sru9GFpzZwuahXqIG4Cm8Ed1tGByalpo;mfKNSo1Adwqf9PCv
/v1/redirect;sdfsdjhgkdjfhgkjdhfiueyr9348;kdjghkdjfghire
/v1/redirect;fG_Zhx7E4LpLhvwaYTYMQTaNfSI9a8epu54J5e_l3-E4MnsQgg72F_jYlk8;YzWeZ0EI7MBgmQ9c
/v_Error/redirect;Cyd1SZ0YSouMsRIBftCTBe-g7BSFEvxyCFHqG0fbZIzUEIGKSrAG8XijgZY;gvfxclrLiek2oXLY
/v1/redirect;sdfsdjhgkdjfhgkjdhfiueyr9348;kdjghkdjfghire
/v1/redirect;4MU1-eujd73qvQqg4Q4kr09Ha1p8SZQaZGv3EnWS-lmH_PG_xpN4r_t23WQ;77YB08dGdnqpws-3
/v_Error/redirect;leuc7KftIghBuOoaZsPHeCj8s09L2YqDgHERg_uxHp6R2sNzAcImtt3wMyE;WDXH7EwWQrYGG6pa
/v1/redirect;sdfsdjhgkdjfhgkjdhfiueyr9348;kdjghkdjfghire
/v1/redirect;USuPnttAdN1Lyj6TLJcu3U51NCEsCN6UumX01LUehgV10zp8ohKNNCqGZ_Q;2a_4wqkpHOU48uLx
/v_Error/redirect;76VwCzS5XNbk3EH3dJH6NhOD2Hp3F8Ob5cRTsCxiNkXNw-0xrBMLKZuMpnY;dPkuilvqoThrykdK
/v1/redirect;sdfsdjhgkdjfhgkjdhfiueyr9348;kdjghkdjfghire
/v1/redirect;DERR21Ov0POi1tMQbS3mAETdkguzCZ65Wg_Epho8jUEa9LPd4Ggmx_K4K7Y;mETMGD23jTiRUKZl
/v_Error/redirect;5AGIexYJKTdCJ03ntCSJh7S8Z2oxYVcLXXu6jDU61WADe7Zmf-HcbnW6Z6I;ayo4YcPDjROMdn3z
/v1/redirect;sdfsdjhgkdjfhgkjdhfiueyr9348;kdjghkdjfghire
/v1/redirect;3aMp5d6iKO2K5rK2-2rcbiUZoTtF9OzZPHf1SZgILQ80ncKZQ8YhMHITIN8;PPFJUmpOh6wDSYF7
/v_Error/redirect;wTAGRetz2HtNEFOoY8l6KOt9wPZ9BrhuThjbj9ewKtcr5mi0nSY0IbhZZJA;jHApzoCmZX52jpvW
/v1/redirect;sdfsdjhgkdjfhgkjdhfiueyr9348;kdjghkdjfghire
/v1/redirect;sZ0cZQNbLyMFEt7fNI__DARah5AKSaOp0BmI_NfwALOVuMTcuWphzcVrsoo;vkoAAwxV8tO8GQAE
/v_Error/redirect;lc6ExBERgAbGKR-WTN5IGbuffmB-X6QnUuTEt1TO1Dts0A_KTNORICUbnq0;-IwCWMpGdSZd7atC
/v1/redirect;sdfsdjhgkdjfhgkjdhfiueyr9348;kdjghkdjfghire
/v1/redirect;9Tx7Ahul-dpu6OobfLEtmb_jOk2VbJxlbbUGXh3LBgRraO3hZB1YWtwmMbI;ABht0ahJGqY2_G17
/v_Error/redirect;5KWmiNDNL4xQRLLmQ2oST52q6UGXuKvqLrcQkutesv_ucECYccsEqiCwEuA;Qg5Wp2G14BWOsy20
/v1/redirect;sdfsdjhgkdjfhgkjdhfiueyr9348;kdjghkdjfghire
/v1/redirect;OnGsDdylXxzeQSC1vBMSvNUibIaGiijIC5WsBRoLQ7pfTwQDJaIOBXQhvbo;pWXMB0bpZq8mMSYk
/v_Error/redirect;Yjyxg4JplENBzpBUqelZEVQYOwmbP1aLso-XxydAuy714Ciz0s-HM98RVYQ;3D4pIjJ6T5tY-v9o
/v1/redirect;sdfsdjhgkdjfhgkjdhfiueyr9348;kdjghkdjfghire
/v1/redirect;jWB8sfu6xlWEK3gMzmHjaCqnIWsB8N9G5GFoGTK535M7RavLNSzsgtw1lNQ;WLq0DhpvI86kR1Dy
/v_Error/redirect;vZ0UFqx5y2zmHQAynD0PmyDntw9TLkcu1Mb7kujkJ_m2ZzlG-HR9eCx1LVY;bh5WC4YWEFTun5w6
/v1/redirect;sdfsdjhgkdjfhgkjdhfiueyr9348;kdjghkdjfghire
/v1/redirect;anPCsz443aMxnfM5r75sHBCyLkRydWErNAZtN4Tse8ctAHywXulqOtUF6C4;4jFEfWwT9vHg5B5o
/v_Error/redirect;6R4OIFmdUBVDbaYh5SKBiSy4xgXQmUS1N0ZZS4y4-ac4L8tUVC6rhZPkH88;iVTa0lsgq4BDpc_T
/v1/redirect;sdfsdjhgkdjfhgkjdhfiueyr9348;kdjghkdjfghire
/v1/redirect;wfzt9CnfoGFxrOdsmmk_OPEOQIXaCQVB71ELFYZAmNJYXvqCISGVDrZvQdI;7m72SxjqfEwiU_TG
/v_Error/redirect;D2ie6n8euLSd0CQD7ZgrluPOfj5Vbpk6d-K5b1k5vZ1LA2LU715PbCP8mOU;r8pth6ggimg59nIg
/v1/redirect;sdfsdjhgkdjfhgkjdhfiueyr9348;kdjghkdjfghire
/v1/redirect;9uoS-9p0a5bCA8SqF317bpD6NWQ7zjEH6Y6Eo9lXsMc7jrtdKST4Tp2sLj0;65K55w-VDM7dQRvJ
/v_Error/redirect;u60-WoZem19XuG3XK7FIwm0vhy51h03G3kEVDEv5Zw6w1si3XNE74OcSCTE;pl1iBFYUhgTzJrfa
/v1/redirect;sdfsdjhgkdjfhgkjdhfiueyr9348;kdjghkdjfghire
/v1/redirect;qUfIj69aFMLiJMNtEJkU0NUssIiRpF9axV48KfbvTYOSf8_zZ0WycC3hpUI;v2HmIcGcJnD0O1Ns
/v_Error/redirect;rjrFQIHaODDgLZ7XFdz76MV0xYc0BXcdZ94SzizC8SO2eHlwDEAM5hNF02Y;-r0248sKUxueBwjh
/v1/redirect;sdfsdjhgkdjfhgkjdhfiueyr9348;kdjghkdjfghire
/v1/redirect;UUdIkyrThSYs1qFXOm2UhPouom61HgYDH9RaIsBDzmVcpYpf5zNhwKtT0DM;5m19bW0Pqkkcnk4Z
/v_Error/redirect;Fu8oASt7fISRnyK-3yvFTjSLbpcb8gaEbRfqc9ZkfrCR-Fn-AEogc-LKm2M;sZF4SBd0RiRXEZD-
/v1/redirect;sdfsdjhgkdjfhgkjdhfiueyr9348;kdjghkdjfghire
/v1/redirect;HMEHyeAfkJ2ymkC8lWeC4SV3CKWCedJBAcOMdRGHW3Jc2RTF0iv_VWaQBIc;HTjR9INR9ItK_Q4s
/v_Error/redirect;HPFechQ8a-ONygM5SUxGdFB7BcFct2pWtGArMky3qkKh83uYbmZRspgZFw0;CPIE9dURoNN8AzLL
/v1/redirect;sdfsdjhgkdjfhgkjdhfiueyr9348;kdjghkdjfghire
/v1/redirect;2UVzTexNScmW_FwXcbm1X9yQwwBQPRBiCJJimVmpOGiW38a8tFzV4h3lnGk;DEiXow4lyFZiFyrj
/v_Error/redirect;92QHXKaDIbCXrktD4JKwX6R7J9Fs41ZDncXmU4oIhqRRPljS7uBJIA4GyTw;zKCj40O30I_Ee4S7
/v1/redirect;sdfsdjhgkdjfhgkjdhfiueyr9348;kdjghkdjfghire
/v1/redirect;tpuLmaDF1MN77GSu22nHJiKadoK_fULYLzMiG_SkCQwvsT4Vyny-hHbZA6Q;BVdiWfC9YOWxcDYo
/v_Error/redirect;k4CqxiWB2hbekuzSzmP9jUfcicCoIPKsERIuo0TFqqxQhycRI_l3fJZEGyE;Qu3GNe3qJAVakS76
/v1/redirect;sdfsdjhgkdjfhgkjdhfiueyr9348;kdjghkdjfghire
/v1/redirect;Up8-m_uBi2LbjSgCChCHL06YiKO5ef-n-geV-B-oL9QFr17_q9a0oDXr96A;4wvNy3lyVRowd68h
/v_Error/redirect;KrJ-voiD20238H7ihWuRjLfBLXjOWrWPyGVeSyTELN_CcgiSHahvfx0GRxY;Z6lwbxgXl6LEutlc
/v1/redirect;sdfsdjhgkdjfhgkjdhfiueyr9348;kdjghkdjfghire
/v1/redirect;AkoybRTlWQEsgwywYwVgOGuzvmKoWaGo-JycTeY22wLd0w0TkUlgk1BppVY;rw6aJQyOLUs6aU8s
/v_Error/redirect;9-ntbhhoZVTOudYUi0tbQjS3jmeRuAun-O7vFV-a-jTx0JZmFEClcNoqSM8;xHbe6WPHk_6_2CqN
/v1/redirect;sdfsdjhgkdjfhgkjdhfiueyr9348;kdjghkdjfghire
/v1/redirect;IifuPBH4DdiYhMOuucWcSkqn0S7wAmzadCAAD9XEHe9Cy96xg6SoWt-lH5Q;0L6gkxZZoK0LUnvn
/v_Error/redirect;wDn82ZNsI8-ix7kIHbmXeqax4T9C_FwK21dsAkDR6bEi74ETvNmZrj73Z5s;IPQHMiodpldFuTyq
/v1/redirect;sdfsdjhgkdjfhgkjdhfiueyr9348;kdjghkdjfghire
/v1/redirect;Y0rmGHRetW6c-3XMlAc96N-JMs_84SkLEn4j0lesZswT6cdv24dxZkH3Jak;WPPvLZc8peNie52_
/v_Error/redirect;9GOwMcEn8PUaeudmALruKfodtQbiha5Rk2bKRI78DEfbQywgpPn38V3BCMk;YHlEIValwuUcK7rf
/v1/redirect;sdfsdjhgkdjfhgkjdhfiueyr9348;kdjghkdjfghire
/v1/redirect;fLowcqDhJfFq51-s2jY9e00tx0hyRyKbgvWpdukPtjfTzmOyHPgeGpxEHhk;q_i4y9n-u_brCxr8
/v_Error/redirect;vQcLHclPVVHaYcG2P0qiossiHJDIXCIyo0dEAyJSb6Qri464KToTD39uE1c;lsPT7iD4HxCjzhtm
/v1/redirect;sdfsdjhgkdjfhgkjdhfiueyr9348;kdjghkdjfghire
/v1/redirect;-MoF0Y_gSRjxU-zPy1rncbxIdshPe7kq6sUXgJ0o59mYhTbdZFII3X3WZeQ;QtShCRsaf4kj4Zlb
/v_Error/redirect;9yQRWO0rUTwBe1gRKGGKQvJsYwJrBCx2V0qNqE08IWWyz4IzBFgoWfpH7ks;vIW1KBqBrqOAL8Xd
/v1/redirect;sdfsdjhgkdjfhgkjdhfiueyr9348;kdjghkdjfghire
/v1/redirect;LlZYJYoikSWNUgH5TGS7UgoL9NpN-Cj-tN_5sfIEe6THcPkf5fAB6VZaKvA;vYvp6Rg2erf3qQke
/v_Error/redirect;RYj_YJOy7mYOC0xdcmq0sD9mZb4-SttkvLFxN0V9Tk9eTs_hRYm_i3OU7QA;piSx07dL3d4AKN54
/v1/redirect;sdfsdjhgkdjfhgkjdhfiueyr9348;kdjghkdjfghire
/v1/redirect;GosBV3ECk3kILYiaLcOt7p1b8Y8yX6Kz9K5t7eg_2HN_L1B5mFzTS15cUwA;3whoj9baJUozKS3G
/v_Error/redirect;ZDCA8d9WystJAq_ACYhDC-UuyRdNdY_3lyenF38XXdJkq1qLqqIbKxOQz8g;3B37XLVeiVcpfPqc
/v1/redirect;sdfsdjhgkdjfhgkjdhfiueyr9348;kdjghkdjfghire
/v1/redirect;1Ck-mA-w6q_fgGyppN7OWhB0tInSqaIH4YdEJOw1s2oIq8GhuXXqc3TOwhA;5NgXd2lmNtHSiw0t
/v_Error/redirect;ryozr9_QwKgMCkmxDNJ4EtuTwaYZgg_0UH74ZDCr-qiUU5MSbw2E5uiPg0Q;vixq_FCJO8RYkcX1
/v1/redirect;sdfsdjhgkdjfhgkjdhfiueyr9348;kdjghkdjfghire
/v1/redirect;FOVx2PssoBZCGrzziORYCl-n7WP_NyFF8e85JXMKi8U-cshcM8CePcBYcsU;f7_zlnGNQCR4OqhC
/v_Error/redirect;CznsCQ_kjjSXvTsLMnhcEyz0cX0Jyb5lD9Yr490O6fFr8Gzqv-DZYHhbXBc;awxNEPhE0z1qXq-w
/v1/redirect;sdfsdjhgkdjfhgkjdhfiueyr9348;kdjghkdjfghire
/v1/redirect;tFENyhiwL0ezuB1L3edLqGomWicJTWQFOLAf_RI6fpPGSQzfZi7l0T4fqDU;H8PeRpLxqC8bot4-
/v_Error/redirect;7MqX0X7v9tIK3_7ZV23bGayTKH4znl-X8M_O4M-BiWvyVmbeYezoDMyoH1A;a3wbjoW36x3rfHM5
/v1/redirect;sdfsdjhgkdjfhgkjdhfiueyr9348;kdjghkdjfghire
/v1/redirect;CJ2LZPmnikHuEXQZODk-odnlCwoKxbyFiz-aBBHHtcSmhZZXF3qAOhGDoUw;YHTRihQ6ATTVKdcp
/v_Error/redirect;rwIjz2OwJ-UlUHPh4vZeGuVAGrCtwPi4BvoCtG48ZRAOinJs0enp3VIuTdM;sqB0wR919rNjN4MP
/v1/redirect;sdfsdjhgkdjfhgkjdhfiueyr9348;kdjghkdjfghire
/v1/redirect;0p5miqZccnOaqrYbsnssgurqITMe7639-8xf8uV56i8_PJitqJZ4JgmRSeM;pTL7YCt12m0G9siO
/v_Error/redirect;bh1ULVbGbMKUMafN6ZOgKRqaOl7Etg_0KVbSvnu5AKE_Q613-IGMsYqFXsE;1YxCBNPEDM2jwK7J
/v1/redirect;sdfsdjhgkdjfhgkjdhfiueyr9348;kdjghkdjfghire
/v1/redirect;7z65NwP5dhNKFHJjtTr5aOJ5TkLV4qEND2nuXy1lqmKyxNvAmogXODFAefc;kzOp9vCEZgsvq8Og
/v_Error/redirect;_VnVXUihjnPiU4WakbBZtqMuPyDo-jFKlCt5sH8XdwpomhFxkXye70oaciE;Ay2jpSOpm-Zaw6d8
/v1/redirect;sdfsdjhgkdjfhgkjdhfiueyr9348;kdjghkdjfghire
/v1/redirect;BBr-ZGtKDJ2sNjufYDNaRczS5mRuNsPaRHIbcRUWmDQm3XVs4lacPDtXl9U;OqcuFpoeLd1vQXIK
/v_Error/redirect;wveYQn1eDqZrYcBHWb6PPIqdONjADOpfNE5uMX6TfD8nspsNdybS1hQkW34;Q8faUMeCZI0lZ3jR
/v1/redirect;sdfsdjhgkdjfhgkjdhfiueyr9348;kdjghkdjfghire
/v1/redirect;xtiBRTvLEpqWSTj2rlfj_YhWnrZuboMCtW7plh4K-rCHCS7uZs21fsv-uO4;rWMsH3K1RyBRSQGg
/v_Error/redirect;_9q9Hhz-KQHmTiNifx5XkCk4t9YUIwHaArtdhYbvNiicK7oICR3mQQTepOU;aaA27gh6Wi57BMog
/v1/redirect;sdfsdjhgkdjfhgkjdhfiueyr9348;kdjghkdjfghire
/v1/redirect;DiiXRbb3U8KctqyQVB9yEbIlK6zfuht9IMBL2Qa8w4iRkFuAlZGPV3AERIA;LHJz7z65FeJm6Zaj
/v_Error/redirect;GNDhmkeASdMccFfdpKb3Sgf0fe3A8sgf6zS5UbZkzSo0eFHdnpjmUPJUUxA;V0VWkexwGKY1QcCE
/v1/redirect;sdfsdjhgkdjfhgkjdhfiueyr9348;kdjghkdjfghire
/v1/redirect;MnnaAbTpvFecg91BeJi7gq-J2AdA1J-lcZwwrdSXdAn3_E7v-c7iPqyDPV4;7tA-IvDWoCjQVLZe
/v_Error/redirect;rKdOezpW7f4uWo-rWWYrsT2IOub_zihcfU1yBej-x7LBry_TOzu3xRleznw;giKKDRUWPTunCgNp
/v1/redirect;sdfsdjhgkdjfhgkjdhfiueyr9348;kdjghkdjfghire
/v1/redirect;c5TiZB70FCBJtV5yEobxvrb2vYLg69NHk0X0JPOqeVsf7rHyDd9c7T4W6J0;8Kh5mneO3BYO3hGq
/v_Error/redirect;9flfDAZq2G8KSVhKjGCKBdcwkzlxRNa6ct8yfZUnTnpY2Q71ydahEtXJuR8;ZJHciWVXftbWzEWt
/v1/redirect;sdfsdjhgkdjfhgkjdhfiueyr9348;kdjghkdjfghire
/v1/redirect;foekYloWMlnStkkoI1rZLXjJpxc4A6jsJGkZPK8JKXPnok5F_Ge-Vr267Jo;rWcqkcIrVYQO9UJB
/v_Error/redirect;LWtTLyZs3LqePTi1R94wwyOc7_dwvxqVRKAEwJHk9wFQTn49tVhPqdekaIw;c2MuuVm9uTzpHv_s
/v1/redirect;sdfsdjhgkdjfhgkjdhfiueyr9348;kdjghkdjfghire
/v1/redirect;J2fpdAVJsa-MJ6MFM9ft0q6tnDbFGxkbS1zUgaJyv7pxzlTHNMCbmI0N1vs;aiu3TRIb_WWBGRoC
/v_Error/redirect;UAeijN7blHHduoPCNZnCsbx3QHE5RITqVcdtn4I7llKB71f_uMY1Z9rrfqM;Am-hlWUABhB_Rwci
/v1/redirect;sdfsdjhgkdjfhgkjdhfiueyr9348;kdjghkdjfghire
/v1/redirect;3w0J6x1GhKj3oMykNCOpMPGyUvfhtoyeIK3tBA3CJCS4gSU2Hea8c5pt-C4;r8P0urBIrl7xCPk2
/v_Error/redirect;bGxnFME8vhPILfuKWzsEOAnbBiW8bYZ2bWKKEB1R4kYwQ7kq5sSIng73zHg;rQT2bTPMx-zTvpIq
/v1/redirect;sdfsdjhgkdjfhgkjdhfiueyr9348;kdjghkdjfghire
/v1/redirect;rRTOd9ij0_eeEDd6-NzxXvkLipLRUwRPNitGuz7vkfNNkBKUJO-pM5edTeM;1v9yq6zv7TJASTA7
/v_Error/redirect;wxbxNKX8mBG5CvOScFbRXP_HHbQ1yc7t0EDBjfcHDtIU3Aq5G2H3f4aStvY;wFI4s75G5cRwT8SP
/v1/redirect;sdfsdjhgkdjfhgkjdhfiueyr9348;kdjghkdjfghire
/v1/redirect;KZw3XxXNgLg8zva9YCWg99hYd_r03TxGqlCzvgL0YmDqbYi1-PufcH91XLc;WhPMWcc0bZIKW6tW
/v_Error/redirect;DKC6Neg3YhIh-pB0l7o3i0XO7glCD4_V3okJFW0AciQxn5H7_YePxwLmhkI;pTNp_MsDRHw1gBw5
/v1/redirect;sdfsdjhgkdjfhgkjdhfiueyr9348;kdjghkdjfghire
/v1/redirect;fNiC25rrqGAjijnlUuTRc7TqwNKvF_Z7eGe_F_7cDZV5hYyCLxqOPiMdd0k;Tnicm0EqEKPR7Ggc
/v_Error/redirect;zUla8P0XO-L5akqagigMczd2ud49NDu8U3dtLod3UJ4_ae1l-PpmOM6XKuU;2blFZJklETn_DyXh
/v1/redirect;sdfsdjhgkdjfhgkjdhfiueyr9348;kdjghkdjfghire
/v1/redirect;U4Pbc_A-5FFeoT1rjg6Ps202rW5ruimDwuzep_teSyOl9arjlNiMKr9dE2c;in0lH-wDQpBh_2os
/v_Error/redirect;Asv5n5HxiDexQ1qPp6ycxU6XFH8VXwCXwVWhs0q9pCxoqt15oJhRqhv5fU8;7vUfaBbXhQg6MY6r
/v1/redirect;sdfsdjhgkdjfhgkjdhfiueyr9348;kdjghkdjfghire
/v1/redirect;0ioDUEE9thCiphO14VVG-l4cHJH_-HxDMFvusMyRlaTNfEhOndj0VxkrUyQ;-2BWpGLYxklIbbiz
/v_Error/redirect;UPT2kCNvGaewUcSRPRWzpXtypXranfUDetlrUPww9SCreVdyjBlkPEECnh8;XoOUR_fTOreNbLND
/v1/redirect;sdfsdjhgkdjfhgkjdhfiueyr9348;kdjghkdjfghire
/v1/redirect;TPXmuFFcnCvTG4bcjS87QTfdJQndU137W05BufAjE_YIftIFQr6a8YnBhHo;ovm_mjLCXgOkGfiW
/v_Error/redirect;cRKPpu_SWdEN2-kV5CTbPB2RT_85k3-ZLlmOa8A08eVVIT93LjE7wm72I0g;knkD58o2-cU8mLYP
/v1/redirect;sdfsdjhgkdjfhgkjdhfiueyr9348;kdjghkdjfghire
/v1/redirect;TdgYr6-YeI6IynpOFgWTBnAGVgQeBMsC5oFSuN-LQrMUO21mE2gb-LIsrgc;IyloodVkwIm05yLD
/v_Error/redirect;5TCFE3qTUGrh40Qnh2OEqs36d9vdWxdYcYZLw85NTIAHld-6s4DIYpfgIb0;eDKset8IgZ7Mqe9V
/v1/redirect;sdfsdjhgkdjfhgkjdhfiueyr9348;kdjghkdjfghire
/v1/redirect;QNCHfsduLjPzo1vA79lJwNM_mQ5XowJG1_lJurX5IN8Jfqoz4XNiboQtz9U;HPWi1wECyVZbIYoL
/v_Error/redirect;j5QwnsBPU5IkdC3YQr3O_QY79wMWT6UD_UIc2sEVvqO1UyLYRgp-iCF6p4M;MK1-fD12gDtENEHo
/v1/redirect;sdfsdjhgkdjfhgkjdhfiueyr9348;kdjghkdjfghire
/v1/redirect;5uUQZVPkgO7d7RSSSBHA1Gn_sYRP36oSrUNOY-KN5iMDwyjjJZCM7oLEqvs;9DUV-ctEGcvS_tx-
/v_Error/redirect;A07kJehEtsqBAJ1F4s_lmlD3uKWurkjRC5UH2RAZkpXrZdpDdtOb1VHQnTI;NVe2YjsiDlKXSh-2
/v1/redirect;sdfsdjhgkdjfhgkjdhfiueyr9348;kdjghkdjfghire
/v1/redirect;LU8BhzHO9Zq_MRAuAmuLMwuM9GARVFZ16Q1aAFWC3QTLMdsiEkdSw-3gcFY;O4zlTnD51Vw1O9CU
/v_Error/redirect;qJAOWjmzjrsmKACBTtThokU01LT3D_ZTH1okTFHCDNofQtq8twiKPWIQwFw;OeLhfgtPNIAuz1Qy
/v1/redirect;sdfsdjhgkdjfhgkjdhfiueyr9348;kdjghkdjfghire
/v1/redirect;w1nE5ElouMZeE4YBuJ4Gbkv2j6uB5mNwS9sXLo_xKIA243btjYliRgC-rL0;wk_SqncXqcWhC9D-
/v_Error/redirect;-WyDsl_5rj4nASsi_U2GxOO68yz_ZkbesyIXuoCRnxcKeegA3Lu-3xKvJ-A;g1L6zeSw7ku5pMyh
/v1/redirect;sdfsdjhgkdjfhgkjdhfiueyr9348;kdjghkdjfghire
/v1/redirect;zszXGGGePBawxfnQmdq39X1WlsvudBhMaH1Al31_L39YhNwpwUeYmG-L_YI;AdgFMFw4CGDroN50
/v_Error/redirect;XcUfXDp6zMLSsEMNdKrWOZ17Tj_h6KzbO7Y2sJBe10k0qRmvCsV09K0Ahog;qR50F7CSkmSjd44P
/v1/redirect;sdfsdjhgkdjfhgkjdhfiueyr9348;kdjghkdjfghire
/v1/redirect;4bKIl9prz2B3IgdY4fSxqWuYy2F4Mgu465OJMzq9MTiJp22EFT9-sxovHog;F5Z-EECFL_WRpiDZ
/v_Error/redirect;msL-GhazYBsv0JV2oSjDVmTaKK6mZ83PADYkrElzqpTdKavpIp63babPKZ4;-a1VzJ3Glv5hLiaA
/v1/redirect;sdfsdjhgkdjfhgkjdhfiueyr9348;kdjghkdjfghire
/v1/redirect;h03j6vQ7jJ9stx6E-zDEGO3wweoHQenHWoz0ixETW2Zd95vklB7HDlVmP0A;x-qMsrzYbKL6_WN3
/v_Error/redirect;NuTpiJeTxasnWpKlVRINzz7e8mki3gF-W8hoYjx7MAEbluG7YE4AloEp6IA;KUMjs_TYxKMRd3oC
/v1/redirect;sdfsdjhgkdjfhgkjdhfiueyr9348;kdjghkdjfghire
/v1/redirect;MkNZwkLwTqtZsPXUSD0aHeGcHDi77KGDS0E2LrsO2JNhENfPpsS09K9JQ0I;a67KNsOIA0h03auU
/v_Error/redirect;WhZJ5KoEIH2FpQQ3XEyru-_-31yNpZQPZIQZB7ML7qV2lPtlf_2TFPYRGY8;zHiH_I8KOm7EFRjy
/v1/redirect;sdfsdjhgkdjfhgkjdhfiueyr9348;kdjghkdjfghire
/v1/redirect;dmnjs6_-8Nyjjh9swk4fmEpGVFTDsXbRxdFI1EuHcADSgYFNGYdQurM8ozc;WJhBCtkwDpnk2FD1
/v_Error/redirect;L7zv6zPz-Y4m8lt5vAKTRmneKklIbQiM9GPvJ4jBd8A-hox1c2q2lNfRfQU;tRjDVSuxryjfIJtv
/v1/redirect;sdfsdjhgkdjfhgkjdhfiueyr9348;kdjghkdjfghire
/v1/redirect;Pyil-MeMaGoh4Fnu0m66cL0oS-KbFAvORae_EbwgnGy4KP4bIElhjscMgnA;ddRDtF2z2S9LzgsL
/v_Error/redirect;2jXQQ1A8Z9r9wLr2lz3dgsuII7uTda7Ro5qJ5g6deAtytv09GC29_jge3Q8;ruYZsVM0U040PjCA
/v1/redirect;sdfsdjhgkdjfhgkjdhfiueyr9348;kdjghkdjfghire
/v1/redirect;Xtw0xX13wJUC6Bi-Lu38hOk5wZEhoVV9EUHPKcImDPxy8a5RYe09vKLaGWw;JqLLVvwBH-Ou-DST
/v_Error/redirect;ecclr9Mb2pMitgmywnKqjyRkyNAw7lCHicSIU0BfGLPG_9XAVFnTr08TANI;jTBQq_dwHBnmXUmJ
/v1/redirect;sdfsdjhgkdjfhgkjdhfiueyr9348;kdjghkdjfghire
/v1/redirect;ymL7q73e7YZrQi4k5ka7NDl1wjdIOG5Ajcuh0LL1VF35CG7lxt85WY4TUcY;06oxv5GMZTyBQ-oq
/v_Error/redirect;ug-rhZ7OMJ6tD0ntQHqJpfoqddy5MVaWiuO-EK5IYCWDyZxi3ijxiwJ2_7E;HDcMSXFad9foyZZA
/v1/redirect;sdfsdjhgkdjfhgkjdhfiueyr9348;kdjghkdjfghire
/v1/redirect;0sTEBcklA_hFrds3J0qbAFbr96CCEgsIoTOhooy021TpCvJIrcB8bTXU2gQ;nuLNSejHqrLDe_UL
/v_Error/redirect;dj-3Ohu3L7vMza8dOKPCFQ48FZlD3q0yKDyRqD4Ld3eYWISZsJ4Odpu-R1Y;x2YzUHJKyc4e7RAV
/v1/redirect;sdfsdjhgkdjfhgkjdhfiueyr9348;kdjghkdjfghire
/v1/redirect;BAw3RmKhYxawBt5Z7FS1bRl2TZYQyhsG47Mvc7sBNlYyIpc5PFZirqI56BQ;bFek0xoDXPwy-qnh
/v_Error/redirect;u_WQ6fBbVIDM4iW3Ao1vbknQtMff6mVSPqWnKYj_vtKuZi1cQrnqXQuOeUQ;R6mBxrcc_UN_awE7
/v1/redirect;sdfsdjhgkdjfhgkjdhfiueyr9348;kdjghkdjfghire
/v1/redirect;I7BcNWpBQvaCGZ3bQbOd9ohDLRmmskI-Iy9gJ_wr9DyvE7oYOIJFbNfrlHo;D6SZqkeK9EH1TTds
/v_Error/redirect;r_fNi_kQFuUGYMoZ-T8wF8ftBJnK4-gYh6Up05euS37e57wSbzTbfaTqz2c;s_o4UDzdHeYRQ_L7
/v1/redirect;sdfsdjhgkdjfhgkjdhfiueyr9348;kdjghkdjfghire
/v1/redirect;X1O4gKFnnc7GhLQy2ktbDpZlB7CqppNyiopC_aKJ3I6lkICt6r4YfeO5H44;2WBN_fhlhr4rfDvc
/v_Error/redirect;BP7K7invjJMl_rTOtKouMoZ9C20m7j1-k2mBbqOKBNgtO_tiVwVG3WrWRFY;eHiP9yFsfP08sgOe
/v1/redirect;sdfsdjhgkdjfhgkjdhfiueyr9348;kdjghkdjfghire
/v1/redirect;GrB6zqDrd1sx3hQJtR3lFMyasPYxl-_rtJHuqjNqdmf2e6H1VrzcI8-RbGQ;0rxAdDuxAjV2XI74
/v_Error/redirect;INKI4ngiQ6-it8blug-Ap4VPPAuOwHDdo4nVA4--a208ZCP88Cfb0DrQfTE;kw51gSGqsNvYoS5v
/v1/redirect;sdfsdjhgkdjfhgkjdhfiueyr9348;kdjghkdjfghire
/v1/redirect;7ouC0zNZV_w2hjmz-tjTr_k8bc89o8fRRgthAmmmMVpYVY364V3xKnwWvpQ;FkqbcF2iq9NjHdQG
/v_Error/redirect;EWY7To4O5GP3DojaXm4W5PJIsbiRZtWIaLlDraTxRCHDXqwdt9R9xESxxSw;0dVRxyTEmuw9NnZ5
/v1/redirect;sdfsdjhgkdjfhgkjdhfiueyr9348;kdjghkdjfghire
/v1/redirect;Zo8pelbN0dpRKyruCsmiWcpCUzwkrANL8fYwFNbjCINp62dMcEdbDCD3M9Y;6lkBadQ1sEub-QI9
/v_Error/redirect;p7_wYEeuMI3iUVhE2uYX1RQnJgRWx1_Pqdr8-M2wfPrx3AFKTwK9Q0rj0Hs;1w5bKL_BL6WiG4A6
/v1/redirect;sdfsdjhgkdjfhgkjdhfiueyr9348;kdjghkdjfghire
/v1/redirect;pFwjhjpqF-vsWb9o4KtUuHufxzWuIG9ld_q_kNDO3eNOPHZ8I4sH-KnXdPM;2fJgehV2cGQgk4yx
/v_Error/redirect;lBQW1uC3k5YdGtV8M_E-QITq2o_zb9KXE7tXAvPvRzeHJzEPLaEWXqS7BAI;jOSHYP-Zsz5vpipX
/v1/redirect;sdfsdjhgkdjfhgkjdhfiueyr9348;kdjghkdjfghire
/v1/redirect;XnsHANdxItxBo734b76r24Rh2eP9jPOvE9uWumzSi22p2XiTR2KhH67G4gY;KEbUEEuMnl7lieJc
/v_Error/redirect;HEEToSPw_N5pFTVcocJAeHXxHz8zG4FfjHwNR6B1LjZhVAqOsGpU9036sWY;4HjKfo9NGmhezDmb
/v1/redirect;sdfsdjhgkdjfhgkjdhfiueyr9348;kdjghkdjfghire
/v1/redirect;xYPKxtM-4hGTlORCYBVT6j7WZEDeslyxRx6IQ4GldU-4KmOkmBKcTPGP6Mw;CFj_rdeuPT2maaQ-
/v_Error/redirect;d0d2M09ErBGCZWfZ44IJMgguXxCgME7LGpYv__LiUd14XO5cRB9d8ft199c;cUkVH4EGQckRaAmM
/v1/redirect;sdfsdjhgkdjfhgkjdhfiueyr9348;kdjghkdjfghire
/v1/redirect;L_dWWchjFVba5mI9XAkfCN-b_ktr9KdKvPkWGdQEBPaigVkm1yiKA7I6QRk;gBAexaesscnzbwn2
/v_Error/redirect;-iSTvQHMsjll0-n0GENTKCNyEdRezzu-w06swumu0IY4_syFqVun4P9oJ_0;2mwjsCTU1gjcwFNe
/v1/redirect;sdfsdjhgkdjfhgkjdhfiueyr9348;kdjghkdjfghire
/v1/redirect;TdO5fHh0aL_TSWyMxTzA_u76fY-W1gI7G08gkJY8gEUyZowySmh9lQ6en1E;ZbU-h3E-SPsxapAa
/v_Error/redirect;veKH4-JnADFNlz6UW_nIb5M-1nONZa3_O4RBYFTsFuFKZn_0zbaR3KblVac;xHpYGntZKs7a0uDl
/v1/redirect;sdfsdjhgkdjfhgkjdhfiueyr9348;kdjghkdjfghire
/v1/redirect;TfoF9Iir3OHGEh80P-zRou8cUsnFPQqT-BxYJSs9x5WUFSoMdsEQ5TQWp4E;TuymR412PdCm3iU1
/v_Error/redirect;S0Gs6hXIMqAB9k31XwCxkNdaW6rvSuSRpr6AC_ljvYDvxmIHWi0-yYXC5L8;bbTxwospSlR9emt7
/v1/redirect;sdfsdjhgkdjfhgkjdhfiueyr9348;kdjghkdjfghire
/v1/redirect;tQl9e_LUG8v4S4Q2JA61B8uTaoal_FsD6_YvG2HZvGg1KADBhl7-fF3HS6c;6znI1DUz6S5_iFEk
/v_Error/redirect;GDmLPzLdi7YpXdLgOmOIiWc6doWoQy638ZtDijwg2bJgsDzkBQQuArR-5II;62sFsD98fhysewRv
/v1/redirect;sdfsdjhgkdjfhgkjdhfiueyr9348;kdjghkdjfghire
/v1/redirect;8GpEq2nFrrjXTAPNZkGBkqUGDxLCb9zxotmEL0B2KlE3L0yG4p8wbE9rmKY;7KNh00KZLHnout6O
/v_Error/redirect;zBx5fsYj8ALNM1AYgOswtNpW5iD8mlqVBLVp-_WQACmeDxkTvq2EQoFfbqo;HkHq0sbm1frindT4
/v1/redirect;sdfsdjhgkdjfhgkjdhfiueyr9348;kdjghkdjfghire
/v1/redirect;pfVwqKURvgT36PxBQxEROHch5wEVdmIc0TJfy5amQFuKo8BaZdGR9QjswNs;JtdzBO0vrm3szb7m
/v_Error/redirect;QyTthg4KhBXLRkoSB_sw9Ju3KNubd3za8B-gd1dCbRVUQHtLdJDGuh_rGfo;cIeSwdCl7aaze0pV
/v1/redirect;sdfsdjhgkdjfhgkjdhfiueyr9348;kdjghkdjfghire
/v1/redirect;IhmhItb3kTzluKgOJ5IZx6D9OoiaZoAeweCEPa9jtK5g4DDNl9HW6gi5W30;a98pv-7hyk6V2Urc
/v_Error/redirect;X3Vaf4JwGm_y3_TKmGDIXn6aGM-vvxX3cUifyguiRjDHvG7wqaajlwHqRTQ;-54yUmrfn4igoqYK
/v1/redirect;sdfsdjhgkdjfhgkjdhfiueyr9348;kdjghkdjfghire
/v1/redirect;_V3IXZwokN9w_4DWKzI4DV3i1AYHukwG3i8sREaKTphmY-mb5NlbZ7D3aSg;f3YvfnXoQtTRFV2s
/v_Error/redirect;PpkJCdnqHib4Bq6MGpmazpR2ZXftjAa8QQ-dPTRQzkeBVkInExRB-9J6MMY;ggfqkCZ6R__Ui3qO
/v1/redirect;sdfsdjhgkdjfhgkjdhfiueyr9348;kdjghkdjfghire
/v1/redirect;_46kY4iQ6xEXBh0Sk2ROcdEzrW9-7THJ3pADAAnNS75MJQYs_y3xUhy0ETQ;ckl-mRaxwOpRrjw_
/v_Error/redirect;1WURlZIIrO312FMCD-ymC0QKzDRcvRQ18QC3UHzdOMQjr1Yh69TOrcbZzwM;N7qUbd8uT3Wnv43z
/v1/redirect;sdfsdjhgkdjfhgkjdhfiueyr9348;kdjghkdjfghire
/v1/redirect;edWLf4lPNU-vpzjrXhADhGyHrbsxVBprCcBKOfQS7ZbPiWbbz-fyrPpeOYM;3kcLdE-4iGGhHX6j
/v_Error/redirect;nkHD-1Yl8k22_REQ8HMIoIc4PrEyDIzBT9FNw9u6dbFyZvxrlA78xs_HdVU;dTqDn2ZJtz4rUMxL
/v1/redirect;sdfsdjhgkdjfhgkjdhfiueyr9348;kdjghkdjfghire
/v1/redirect;y-5T51UcX2TGjJe6jay7Zeywt8OkYEqAFNVQskW09gambwNkJqmg-I8HahA;-Ny7N0-CCbTOYvuS
/v_Error/redirect;mvWKYz2fiFUpbz_4YsIOiccybCtlKmBv-Rt6_RTFy480IZlJGYw7djtnXBc;pa0va7r1rwT7d6sp
/v1/redirect;sdfsdjhgkdjfhgkjdhfiueyr9348;kdjghkdjfghire
/v1/redirect;cy7qaD5yEvDIpbUkc5aldDqq-n4y9JmrcemknFOUxn_tjj3RhDZ0U6gHAmI;UZpWH2cm-EbW-50J
/v_Error/redirect;oUXkswkepETHF7pSUwx5Ot4SCn0dIT8lz0VPJCSAyLIl0m5DjSv7422Dx38;PE-Wm43G0iiRmb1w
/v1/redirect;sdfsdjhgkdjfhgkjdhfiueyr9348;kdjghkdjfghire
/v1/redirect;bP9no2B8TH96piIUuA7AfOvLXb8_nFKJd-SWt9ef2IdYKoTAQr0troMc38s;P7roBJRopwQfIGy8
/v_Error/redirect;HQBJxvodrjGO2QbNs67Ya2W6VTe7ZOg4FjpkdPTt55l2Hc3_psviFod0ZG4;58Ep1SsevmfNiaZY
/v1/redirect;sdfsdjhgkdjfhgkjdhfiueyr9348;kdjghkdjfghire
/v1/redirect;D8otzM71u_LNhYoVfcazVej1Lo96dojX2uBQ7HBMa8Eik_jG8B9PhPLcZEI;JAoki33NikcsLfmr
/v_Error/redirect;mChZuGg1lQjPsAN2pcrakVlygN1XbVv1r2AKMTpo282Xn_N0hk7dR0jHk28;hLj1k-f24XB9GpQu
/v1/redirect;sdfsdjhgkdjfhgkjdhfiueyr9348;kdjghkdjfghire
/v1/redirect;Ed1FQI_cOfo7028itAJE_d-twVhw9FYyErR2vG0uOPxbLXQ4-fKYLC6it3Q;iCHbIkUZbV9Ub8ua
/v_Error/redirect;xdcvm9m9q3ygkElSWzsOFx3hU-DxAwUy4xu1RqiaRB5IbsX01bS_h1r8ETM;-BO1CsroBuoIDXsJ
/v1/redirect;sdfsdjhgkdjfhgkjdhfiueyr9348;kdjghkdjfghire
/v1/redirect;FZpNaui-XNUI_dhlmiHHqbk2AFnkPReQjKNtdwGWvnXkExN-OA00lORaz6w;Q9s-rF48u9dkBXol
/v_Error/redirect;DWVFKv8_n3BowYP97hJei2NZmMGdQBDiC7CjkEVuMi6iWSLhNw_lTFSuw-s;uS1AUYE6ZlAVgzkQ
/v1/redirect;sdfsdjhgkdjfhgkjdhfiueyr9348;kdjghkdjfghire
/v1/redirect;89ZpGdmmhxuLcby-2VIbh6JVuQXUjitmRN-Fkx1L7dZsOwe_4FSnA9hkUtU;sKK7GOGuP_3fay5a
/v_Error/redirect;6PdOEsQ0vVBFFwGWEKpEXRCo0ZIN-WeE96IUv601WCaBKj3iGT_vRQVjfB4;4M3KURBjMCGMmJ_3
/v1/redirect;sdfsdjhgkdjfhgkjdhfiueyr9348;kdjghkdjfghire
/v1/redirect;zSWBNcbTVvBDJJx05vwJrgXaxjsveJWHDT42AvxU8O-Vm4R9K0x1hxfOGhY;VNQIwm2kcyUT3MZ8
/v_Error/redirect;Yemvh9ph7h9XM_OgHO9afwyyiPeIyCqZxTPoCAWjz4yqt_Ki64AQiCv7yVo;DHGGkumNydOymSh8
/v1/redirect;sdfsdjhgkdjfhgkjdhfiueyr9348;kdjghkdjfghire
/v1/redirect;Sc37qkP7Gtga8onVKnBXp-t3g1EwjG9f8x_s6fl1vhVhoV1-Eq4Sq-j9OQ4;g2ipGqhtYZuPqNst
/v_Error/redirect;nSu8zVEvdY6blL6RYjAnc-df2xKBDb3E0v6ZJuC-DouJ1aaYR5IUzPIaQh8;Z0Ata20nk63pndSV
/v1/redirect;sdfsdjhgkdjfhgkjdhfiueyr9348;kdjghkdjfghire
/v1/redirect;khUKowwaJPCL_-FejC7VE4tTmZTY80Z_SVdD18ci3c7GZ_sDT3rLAXdgGx4;IBk3RpvntjoJMMoM
/v_Error/redirect;AAQ0WcUiSJyzeQ-Uw19KOs9ZTnDm_j9lAN7kIQD2G2qJKx57xleQml8r6S4;EeeGnKrMgSH2RuNi
/v1/redirect;sdfsdjhgkdjfhgkjdhfiueyr9348;kdjghkdjfghire
/v1/redirect;hDaUw2gVsDG8wprO1G-_FL96W0Dl2tlUbRgMDPyT-JQwimek3UMKNMjGIhE;Se9RYHjyrVoPTEmk
/v_Error/redirect;q-JCvivgepBEMwhNJbM6S7WJ75-60MsoL8lim6vAsr9Q6PUXy8e021dvV4A;8UsklFhvOp980vbp
/v1/redirect;sdfsdjhgkdjfhgkjdhfiueyr9348;kdjghkdjfghire
/v1/redirect;lPcDONuiC9w8zS2Ar-Q8L5bzUZ4f9zZnTKDGUt2bl83HzDT2S7vgML7UThA;TMrsxmLV45el4zvG
/v_Error/redirect;Zi8C-H1mHu6wg58WChpvdkU3L0OolZJ0Gm2he742KfnTJjEdfOfRzZ5x9m4;E-47Eu5GVOedS6lc
/v1/redirect;sdfsdjhgkdjfhgkjdhfiueyr9348;kdjghkdjfghire
/v1/redirect;PJY3nHG_i5BM_sjH1rrYUQURE20_6XRga4bQ70fUMMUuK7gACbo95H89DkU;TjzIN9gD4eRvgg77
/v_Error/redirect;huXPxWXV5QKsi8I2QizdEDsoxR7UfB5lwXy4aHsUgMD7MyErnMrRq5NX9ys;OvSmF1dfUacbCVJy
/v1/redirect;sdfsdjhgkdjfhgkjdhfiueyr9348;kdjghkdjfghire
/v1/redirect;020v85etbPgDDlSJPvBKBwZDYATNgNX3pKKlDNdTe6wog_d1Iv_sgrL9lY4;tVH6hnbDXoknDUFd
/v_Error/redirect;AXTXL8WAYGv-9cYHgYCbp9gNOYk_95DWUjRvNP5NFeF_KGApD9jeuNO1QpY;NItHmRBpSvwkB6yQ
/v1/redirect;sdfsdjhgkdjfhgkjdhfiueyr9348;kdjghkdjfghire
/v1/redirect;uNxWzvKbLmOLvFkGtokzOYlEsF_1JxHdOgDf2xonFWMJMvv7oU36cJEzKIk;uv7zCw7GtnClVmlV
/v_Error/redirect;Kmg0p2a-BAqNZTX1TTGrNzFnLDPRhFbxa6akMy-QPyYnuAyQcnAAQ2MJiY4;D2q06QzCqwqnCe77
/v1/redirect;sdfsdjhgkdjfhgkjdhfiueyr9348;kdjghkdjfghire
/v1/redirect;j6aFBLdCQ8pcqSebV7C__0iMQKfSeoMTvZ1gVLpLPq4jdhfUni3yrxCg2vI;N3453rqXVoXuxcXO
/v_Error/redirect;iAjHVA9NbGSXB3dsTpSJs29R_cW4dibZ3L-0fHCeLqDsiHA6ZaARwKKFZR4;3hYqo0oCsb-vrRx6
/v1/redirect;sdfsdjhgkdjfhgkjdhfiueyr9348;kdjghkdjfghire
/v1/redirect;Vw3lvf3qRk_YWKZbTs3DiaKAnfWrWL0rox5Pa2_wRt8CjitQwx3c_mGeFMs;H8w6D2G3RdOlrxih
/v_Error/redirect;jZHmYKv4Ep-pZQUCAuYKinkDHPa6KtnybFy4fz0vdooj7CR_zoycCLjfSxQ;6XE35AjppfTle3PN
/v1/redirect;sdfsdjhgkdjfhgkjdhfiueyr9348;kdjghkdjfghire
/v1/redirect;8v6EwYs3nmlebg7GKY2ujvk1fNurP-KWrmVWuEzvCI9kjeXT6RTfL9FA6k4;ffCd_0eFET30pbGQ
/v_Error/redirect;VQ5reVBat6DEYWL4zjfI9qEMiamCTfoG6zDdNj3KFo_uPtQO8cZNbEXsZ4w;LHNc856u0Zf34C3q
/v1/redirect;sdfsdjhgkdjfhgkjdhfiueyr9348;kdjghkdjfghire
/v1/redirect;XFd-PFi6n7ve4HJ_HngsmMNgywMpRCU3InxyfCiC-CKtBK4C-fm3mHHe8LE;sRB_MqUYDBa471Lx
/v_Error/redirect;4BUYL5QFlaBVd4CwS1oShkkRHwfv4GHlEsakuoH-7Bo1UuIjW-UPi3-mMH4;Md2fg8N_o9NnqyRQ
/v1/redirect;sdfsdjhgkdjfhgkjdhfiueyr9348;kdjghkdjfghire
/v1/redirect;zZL4b2cZwr0n6Z2BwYLPxMyhKzUh6gFZlCQCBxV-GHfTPrTnlpbdC9W3stE;Dz9bqj5vTPGI1WW5
/v_Error/redirect;dCu1201AqUqYldh_KxlPgoynu5g-wbEvT3-ycgnqNLMwIqnJCcoCVUHjnus;oP-SphTNcTdQad97
/v1/redirect;sdfsdjhgkdjfhgkjdhfiueyr9348;kdjghkdjfghire
/v1/redirect;5WWK6p--3VifdoH6EvgapuJbXDWmXT-cepOtOeGdPlyv0yo3LJiCER07gsU;NQM-4rpgKJVLd1hQ
/v_Error/redirect;x_69FcOfTiQr1XTB_aUWv2rlP8rpBeVChLwodPNOpwYNCzXIHj1Z5F54R_Y;iFgMn98pXzLE_o2W
/v1/redirect;sdfsdjhgkdjfhgkjdhfiueyr9348;kdjghkdjfghire
/v1/redirect;-gHcptMbKad-H9WpadlQAbkbPxIp8LCKPBv4tc23pzXqAFCCO3eABltMLW8;-GbjfG0YsXgLHWvF
/v_Error/redirect;s1aHkCLfySg5bZrjkghKzFn7Abhgkk8wNKkGZjKKulMF-7i1Bo0-KOcrz1g;W_noPnz4h_ncg1PJ
/v1/redirect;sdfsdjhgkdjfhgkjdhfiueyr9348;kdjghkdjfghire
/v1/redirect;TkEtMOlh2kgWdr-2wWcbPDvIkrHiU98LyzZVySqwlO9qQHvL_mPRzPSgRLE;gINxhQ29xBdvGUrL
/v_Error/redirect;tBLi80im8QDqfPeKRm5V-GlvjZjqPLjfJ3xd2jmvYAUGll-jgnQhJjbXlFk;kYWFlBGx9xLSeCQM
/v1/redirect;sdfsdjhgkdjfhgkjdhfiueyr9348;kdjghkdjfghire
/v1/redirect;BjCjdjLyzATnzRFiO987F1_U-bOOXnovP74arlBJQJJ-7ursvqBiywshXHE;pjxceWeR8rhRFPsy
/v_Error/redirect;S6K-9IqcB5S4emIIX4shYzCmTTuYTXkJ1J2ySPb1J9O6d4WhO1soFW75l6I;n17P92yZk09ZXk-8
/v1/redirect;sdfsdjhgkdjfhgkjdhfiueyr9348;kdjghkdjfghire
/v1/redirect;XbCI3Z-hmk5FgYka1StqnAQbBFG9rai1s_D7C0LMfKY422c6nzO3eDDlkR0;5Fp5ljw8as9Iysku
/v_Error/redirect;ZzqjDHdGSHL6_9KNhoFwAmmSmLXl8GJWl_Iv0OE-KlzN8om3GCwsjdDPNiE;IlDvJC6fEeHu9qGW
/v1/redirect;sdfsdjhgkdjfhgkjdhfiueyr9348;kdjghkdjfghire
/v1/redirect;vW404txFVhzgnk7QiAe5HCU7hwL-EnyKlX3ZCoX9jgw-0G0wq2N810x-lSc;Nbd3BR-OXqkXGsxt
/v_Error/redirect;ZyXfRy9oQ1sg_j6Oz9IGXAbB2bg6D9RpKst72svaf1jhb36Wv-kLR8k6ACQ;t8tsxthPoCpHGCka
/v1/redirect;sdfsdjhgkdjfhgkjdhfiueyr9348;kdjghkdjfghire
/v1/redirect;zLQSiaiCeaxu_-NaemhckboOsGMDsyXQasYehnqTB-Y7qxs9TKXoNzMPza8;XObNUnUnoLB6kP2_
/v_Error/redirect;wqraWNcNa82Hbw_4z_-PSLKiT_lIqNgX532IDiMI-pud9Lb2cOOiAnJy82o;SMXL1q4zp11_CB90
/v1/redirect;sdfsdjhgkdjfhgkjdhfiueyr9348;kdjghkdjfghire
/v1/redirect;-5KEoaMkeL3y49BQx9z3H-F8I3EikvwbexGt2n1s_x2Ir2qQn0g4-lxTJ1o;VPhyawJK90JyKBgX
/v_Error/redirect;63nUMAbhvz1ShOEyxg8SvjaBzLRWHRldFxJp54LZY_hs0h5RsmtWpMAj7X0;h5ApmL23VbBSzC4T
/v1/redirect;sdfsdjhgkdjfhgkjdhfiueyr9348;kdjghkdjfghire
/v1/redirect;4Pnqt9-2pYDxS8hJsmyrhrOZmVZbnzPrFXo7-7K-6uvbKCForRHr9HSjHHE;9sm_GH22RAo1iPI9
/v_Error/redirect;Kw1qpEeMoHNKfr-QJTjeHjlF-vStaZx1tH0cC2tiODkgChKuqZY4Q0EnE0Q;62PVtijMPvGC02MH
/v1/redirect;sdfsdjhgkdjfhgkjdhfiueyr9348;kdjghkdjfghire
/v1/redirect;4etSRaGS9cw_zB_F_8dkSrctCvxwmuKBQ2XJcXuefVhyRaBLecNqx4Kc1EY;uuCV1D6eU165Hzm7
/v_Error/redirect;57_u1BEp50gRG4GC0LEOKwoYVaW2BgVNLC2OI-15f0s3OuUYO9wjDnNZF2U;tEONC9DMAe5KS7WJ
/v1/redirect;sdfsdjhgkdjfhgkjdhfiueyr9348;kdjghkdjfghire
/v1/redirect;yRXhlyGEtC0PpbeXvjc-lVNk-cWlXQA1eudra_mHukH5-stNqaQGrT3X4aI;jtGgAQDm_sRtC2B4
/v_Error/redirect;KKzOnHGs1at_bkmHlb50DoP69lMAVOk0a9By68WWgnOUR4FGBwLMAnOKxRk;cVi_hZUPjibe_LYb
/v1/redirect;sdfsdjhgkdjfhgkjdhfiueyr9348;kdjghkdjfghire
/v1/redirect;q_72wsoEXhUv83MgCfQqiQLDe6c16LCaYjs2pV7qouZiXFIHt-8gqC7obw0;6CORk1eHWylLQVP6
/v_Error/redirect;acbIDWfM6tNdNMQoPrDJIxfZGxpCoAO9dj2jb-GHXxq9WLQqi0KdsAvjwFg;oyADdw5IIC0miYR5
/v1/redirect;sdfsdjhgkdjfhgkjdhfiueyr9348;kdjghkdjfghire
/v1/redirect;RquwDHVDGJBHRhVRtUZu5TpSz0Z2DtUGosvOVu0kjOlArgebQxpAlBUnZ1Q;U8uAvDRguEuatP7o
/v_Error/redirect;6CJVA3hfp8ecoBheCEol1QpKw9WrzMwr06hITlLe3ULZQicc47zNLT7CCb4;X6UT0QoeE5RVUG0k
/v1/redirect;sdfsdjhgkdjfhgkjdhfiueyr9348;kdjghkdjfghire
/v1/redirect;DRqSfZoq8hl52TpGH2ZaSyCsz-20FY-I3vrn80VFm50rynNf0ZBFNwsom3E;RyP6rCw7M9sBtiEY
/v_Error/redirect;yWgy_E8s2L0bYykpZA4O_UV3w-mFaYbPb58XAuyMTiYzJWDZKyjRtzp_MDo;AY_qhi591dlpVDwo
/v1/redirect;sdfsdjhgkdjfhgkjdhfiueyr9348;kdjghkdjfghire
/v1/redirect;O8aFbPdmjOE0Kh9g4ucU3CrYEM5BRnRRO6wzI9xNHHI01_NvLArAu3hIdp4;nhvCHHxFSY4r66zZ
/v_Error/redirect;EIE1UHnOhwREz2_4O75c3EqzlsrQKbge6YyioFe6U3tSxgSxwPyg_ybtMy4;2dwKqwjJ0usJKUbi
/v1/redirect;sdfsdjhgkdjfhgkjdhfiueyr9348;kdjghkdjfghire
/v1/redirect;s7aFXOpIUoslX9hzlOqAS4G78PJ2MHL6CT_woBUMV0ArLsg0f4s1wwGgO2Q;ZUI8zanItjgm8JbQ
/v_Error/redirect;XzUj7hHfwvs-lNcfOTov3p8SJJu6pOzAjCGny-UB6D_TEgUl-nRY9Sh3xjc;JHgnK8JGlpR_QgDh
/v1/redirect;sdfsdjhgkdjfhgkjdhfiueyr9348;kdjghkdjfghire
/v1/redirect;VGI54U-TV0EvVJAEN6LgSH1XzDo7giiowkH4hd-1GGgGFoXXf7eWdT5mvmM;aDB39YQFH7YlcyVj
/v_Error/redirect;_KRLrNE9MJRP6Gh0JzTsvN1LmlcF6Of0QvTalbaqVJdVIZN4ynqLAg6kzFI;_-I8qkTk3NK-uyu3
/v1/redirect;sdfsdjhgkdjfhgkjdhfiueyr9348;kdjghkdjfghire
/v1/redirect;iAbyWB_YBneHvXAwFinOpyEl0HCU3M7n-xCGCD8CLGabfTDOa25iqlwGekA;Pci5jiJ0fyw-Z0Dc
/v_Error/redirect;TtxzwRHuPLdo-v_EuowSNO2eRUu44GPtSKLmVmhyd6Iy83-xawFb6JaXkJ4;eI-1Kc5efzjC3O2Y
/v1/redirect;sdfsdjhgkdjfhgkjdhfiueyr9348;kdjghkdjfghire
/v1/redirect;Tm34--m3HlXKHJqswgOgemrM27sRw1DahjTF3920bx5_QGwK4_tDJEybFa0;Gtrs0trFNQesFyoY
/v_Error/redirect;3eBZPNCbKmt1IAYPPc7888tpLwSGRe26r8rLMB7JAkvn5OTCEi2eNr1BEsg;TWHlicDefolJwKnd
/v1/redirect;sdfsdjhgkdjfhgkjdhfiueyr9348;kdjghkdjfghire
/v1/redirect;R6fXF3oqAemvEQZ2dsVhXGuU8CqYrAj17wxs135CQ_10QCizS-VNFCDF-Lc;OUuw3664CTZhHfjP
/v_Error/redirect;0taJuVVjmwfh3IgEZb8d0pXT3ea2jvrJy4ozpoDaiOXm4vzAIBc9hRNKEQQ;Qw46r2uxIpcRb7t4
/v1/redirect;sdfsdjhgkdjfhgkjdhfiueyr9348;kdjghkdjfghire
/v1/redirect;v0RlGV7boQUs47e7Nai3VVs8eCkhdb22qoqL3GAxzI5u0swPPE8-VqRq81A;lj9nyZsyOqTxxUMn
/v_Error/redirect;rhZF35AgTFVJr3KkWpmpXl4sr9Z-44zb0n5mOIrT4TyaAFE58uzzpcMwbWA;cZQDNVeUN6PVyOp5
/v1/redirect;sdfsdjhgkdjfhgkjdhfiueyr9348;kdjghkdjfghire
/v1/redirect;YZWyzsWbgQV3oj1yapWfjdoz_eBDXc5yJAY-XUR_d6tNw0bmV2Z0cV-USUM;56yHS4Z5lYy6ssfC
/v_Error/redirect;HTmoDuhIeAoFF75XgmHP1bR7-dB-4WgYMObZ76bhhIV96R58f_FTthmjK_E;NDWGPcC2vNxHTfRN
/v1/redirect;sdfsdjhgkdjfhgkjdhfiueyr9348;kdjghkdjfghire
/v1/redirect;dJy8mvF82REZDVvQY_Xq9jjeNAv5XPAEKHnzT-ERxefhcvSRl6UO1stguaE;aeZxgIptxkmU35iD
/v_Error/redirect;HIQYOH13qSc1iiJvo_SLZX4o_It4W7WVG1AqREJ_M_50OHMBz5UI1vIw_V8;mISA4EVvPxWamFjN
/v1/redirect;sdfsdjhgkdjfhgkjdhfiueyr9348;kdjghkdjfghire
/v1/redirect;I2c0TRqbzwCyfhRr_PW4DkRRPdMM81wlCtOyouEkoJg19GFTWKGj9xUg3Og;eiBVWYUv4JbCKNrr
/v_Error/redirect;T06J1jRBq4YdO4sD7xG4YTNuxB3h-495zvK8YYttNpgDMLKhJT3eBFsEgqQ;udkk78t2KcDsl4UN
/v1/redirect;sdfsdjhgkdjfhgkjdhfiueyr9348;kdjghkdjfghire
/v1/redirect;ZyWEKu0oSpyz6HuTq9Wu5cl3D8hCIHH-9xO6Ngsmg7v277WXY7IE4bkh14M;40TpdwJnZ9h6hRG8
/v_Error/redirect;PStc9CgL066D8Bb2chRJc8qjNhYd8ngn_IuxFR3jGfUm7s9rBWET0YKiIPQ;96FhW-brpLZsgcsJ
/v1/redirect;sdfsdjhgkdjfhgkjdhfiueyr9348;kdjghkdjfghire
/v1/redirect;AijZ6JM93t6UZvLdabOZuA6SWdKp2WSSvrJIay-0tZ3k1uJuKVV9CknOGgM;fUIZUv-3DIDObQo_
/v_Error/redirect;BGAzILOh50xh8oZrInP-rrEcD5JZCHKLh8OTd-QVZ5qv4-SIu1gIjJ1J_zk;htANdxX_dZ2gbXyO
/v1/redirect;sdfsdjhgkdjfhgkjdhfiueyr9348;kdjghkdjfghire
/v1/redirect;BaEpslSUXnheZkmejfF2OCs832Im3SFKgs-3XD9tYj-7yEFzlIuyLCam4MM;Iah3tbNJJgWV4aJx
/v_Error/redirect;BEVjJCjoIFtLAozf2QzBoK6ksR8rRErDIfE3x6Qx56gbHMlm1Hq_eKoVx6Y;tAy4-yhUNiD9JZjp
/v1/redirect;sdfsdjhgkdjfhgkjdhfiueyr9348;kdjghkdjfghire
/v1/redirect;E1d6C6xH6TIl_eDc6kukVuQ1ONVlC72_ctDBP362MCwWwt_5Rz85rzCpHu8;PcfcphQGjXma6572
/v_Error/redirect;5opojzVosYJO5OlV5ebg22vEfJOYz6hcjuu4uigDR06jKnDBer4gN3AlTjc;HyK7SvFDBKVljyMc
/v1/redirect;sdfsdjhgkdjfhgkjdhfiueyr9348;kdjghkdjfghire
/v1/redirect;PmK5lpSMk-SQ268axvFRs-m7dBbau3X-nIIKbPBAd95VF8tzKOtHOIict0w;W7TniBXMSueXSVrF
/v_Error/redirect;EoAOGcqJlvjfUnHhUP51M-2IyPQQFNh5d5lenKoQKy4-6IPbUJyq2Mn8CBk;9r0gNkL7tJ7tDbpK
/v1/redirect;sdfsdjhgkdjfhgkjdhfiueyr9348;kdjghkdjfghire
/v1/redirect;nsdQ56hmzVkmYe_0NkqFCMBOCEmjB6-Vkmkk7GbKP1mfw-cgrSA0ZTmnQaM;Yi0aVYdlTHZpVeqk
/v_Error/redirect;-igNbhM8LCOEgYs_yStLM0b0JjXPF7VAbSHwLEPjh8ErrAJNn7bCkYicHXg;CmDfW5FKBXcv8QW-
/v1/redirect;sdfsdjhgkdjfhgkjdhfiueyr9348;kdjghkdjfghire
/v1/redirect;fj_07r0WaL5SBkSd5UqdjkqUH_v_Iml16LwveWFTqWSY6GNW8pJxcx9v_Lc;W-8yvF7ZZMCXRZ1s
/v_Error/redirect;OocAvWvoOw26aEtZIFZtqv_EpSKXR9tHI7S2xs9L5r7_dk7FZO2pPGpJnlo;npXlK6qTgUXGOnye
/v1/redirect;sdfsdjhgkdjfhgkjdhfiueyr9348;kdjghkdjfghire
/v1/redirect;PuI_C9p8KI3A8mFY0ZV7y2bb-H5ViMgSBeXaGaH4qatprS95aw-VfbWqiv4;iUA1d9zN94dNXHVO
/v_Error/redirect;3hBc2hxte45H0ycJAxaqy_ujzn6LsHr14AentF4HrPNBiCHC6w1mwBjoI84;R51AGaUdSfIHWDmC
/v1/redirect;sdfsdjhgkdjfhgkjdhfiueyr9348;kdjghkdjfghire
/v1/redirect;7ursptgkddaGzF9R6GmRQT6Soowqz5k5G0z5oga8KgTk0-rZw1XWQ2qpCqo;bFCNkye2YBg7XCj9
/v_Error/redirect;lwpuJivQpOqVuWyPB8ZUGXPZnuQ2XhfrXOvr_WJAzNEnJxxx8bj4NkNS_10;MDyraS5RXrM2lL_K
/v1/redirect;sdfsdjhgkdjfhgkjdhfiueyr9348;kdjghkdjfghire
/v1/redirect;iOnVsVTGx2eQ0TcUlhwmSnIdw3RaL-U52l8m4Hi29pi2EX7lJiGmlWLKlqQ;VTESxLyORgNrgJWy
/v_Error/redirect;Q8TZxuPEDRVQY2gqikzNWfXGq5J6dbCzUU8OY_whYplR7Nq99BvV9Z7rm8E;cVUp55UMgTPAPpkm
/v1/redirect;sdfsdjhgkdjfhgkjdhfiueyr9348;kdjghkdjfghire
/v1/redirect;ez9qYekebQ2gB6GECE9Izl8Zg0USCxu72J7PwlcTz1jj1_KdKjyFfZLNago;fV16HDAd9pD5y6sM
/v_Error/redirect;mtJGhifFumBouke2ph4EiOk5AZmRRWIF22Fllgsh2VQQ6Pqko5sMXeg1tCU;UxtlyBK3XrNsgVwB
/v1/redirect;sdfsdjhgkdjfhgkjdhfiueyr9348;kdjghkdjfghire
/v1/redirect;GSvKjrjhky9rDr9RZg5X0KZPKB0pQ090OUu2qF4tNRSQJngNkAL2PILxAJw;m-XnCYtLgr6M36c4
/v_Error/redirect;8T9lZdPeymC7iMSXMnK2ZRAybiBe5h5qTAj0b-ni3LswyNawqmEXFJb1gFo;acJKLG9cYcr65NgV
/v1/redirect;sdfsdjhgkdjfhgkjdhfiueyr9348;kdjghkdjfghire
/v1/redirect;bZfNJFFWN-c_WfTTIFIHWlPHdN5w-Dj1W1IyNiUJAQjIdx7joqwlA2pDgNk;pXp4hn3W8smMa_yB
/v_Error/redirect;zaqQ_ZHCO9sdAzNh3LiJMpyC3ok8l2H8blHBDPFNJrNqftB9dfDOZqLHwgM;RgJ0oyrufl9eGtdV
/v1/redirect;sdfsdjhgkdjfhgkjdhfiueyr9348;kdjghkdjfghire
/v1/redirect;0073MmX3TRqXpxpNbLEeF4lVza3UZWaz0CXXtONzkw5e29Kn-ipCu3XAreQ;hTrDo7Hvafl9YCkF
/v_Error/redirect;ad0TQBkrwcKbJuqrOtV77xB9-0Ra0wLqJN9aQoQOvkCsK9p8UPyFDj6m0I8;eu5X7K7jPnOFTtKj
/v1/redirect;sdfsdjhgkdjfhgkjdhfiueyr9348;kdjghkdjfghire
/v1/redirect;tklk_JLitqPfdevQK3j9aEbFG_cwr5Cbkz_4M9xtCmNMhUtCay48avdNfxk;lSYfp3hj5dMxot1Z
/v_Error/redirect;P7ilxPGbEYw3RfIlphpxPCiINE-DdGBU7yJ22IRanq3vEWIau8ej25xVRh8;Oo1BHFl9b86xaUXH
/v1/redirect;sdfsdjhgkdjfhgkjdhfiueyr9348;kdjghkdjfghire
/v1/redirect;WagbMWdr4n0es0GOULiTPaBuCMJhHgsWHKIz1MAVUNnqJB_gdM1riHUJ9tc;r_jnCzVDN-zWJ2bZ
/v_Error/redirect;-I4bi-N8qbKN8u-kx5dPsMW6zZwud7xWMUVTVgp1GdH3GsaXHzIq5QCUJ-0;Yg312QIPSJj0vyHJ
/v1/redirect;sdfsdjhgkdjfhgkjdhfiueyr9348;kdjghkdjfghire
/v1/redirect;0iH8Skn_C2Mn5yQYB8cvpwZsa0eqsr37JAgqR7FNCh4iexAhM6hM5OpFAQc;kcdxAEvxIx9at-Ix
/v_Error/redirect;PJYGpmVMYb-oEFMizmo6kF-OkXELqzKnUUEdglMBbtwkNA9x1CXAjWPja0w;qBtoefEXRdnqxD8z
/v1/redirect;sdfsdjhgkdjfhgkjdhfiueyr9348;kdjghkdjfghire
/v1/redirect;8D6AEfI7O6tOqQ1CV23U3jqWiPR-lkGC6zqQM7IbP7CgkbdicI98vob2zbM;DunP7MbVxYrqE22Q
/v_Error/redirect;Sl5-ucb-ZTYDa0galSTs5Zy3reQY8hiU2kosLje3YAdd4ghLIvQ62WCGMgg;9sGddBDm-g8nnwY9
/v1/redirect;sdfsdjhgkdjfhgkjdhfiueyr9348;kdjghkdjfghire
/v1/redirect;CGqZGDKaqNoOoMnqrvLgrtghh1ydxhDCelm0eNoxRBSAzHyqJvg1E3ahQm8;zWUTB1x9KGrzVgbV
/v_Error/redirect;ra7X4zOvg_PKoLosx8sNgilfImGNzLJJCi-Jn1G_GLyuMHJeO5YF60XJrtU;TMvwaNKGba6NOs_8
/v1/redirect;sdfsdjhgkdjfhgkjdhfiueyr9348;kdjghkdjfghire
/v1/redirect;vNTcIjMR4iESa9L0C2RqLKM-olgzrNEuENgUsSfh_Tv-PKJcanp_cKjL7aY;HaTVwierDanWSUoO
/v_Error/redirect;oD-uekwJy-mNzM_4r_-lvsgr2_4IoRQBAZhkhYDAi_OLEIoI4YdRxt5c8z4;0ndfzcvfFo9ywQ24
/v1/redirect;sdfsdjhgkdjfhgkjdhfiueyr9348;kdjghkdjfghire
/v1/redirect;qyYO0V3suSxlJu30QWOpUW_kIKaWw1TNJrnp4eC2boV18zLroIW89qTqdeE;uIqZyYpkG7N-w_gN
/v_Error/redirect;BGxcncoBzVRqM5ycubdFQLXP9y89-IKNhNcCSXqUTeVhX-6qVLmY3t7ErC0;DDgRWGyivX1kEI7L
/v1/redirect;sdfsdjhgkdjfhgkjdhfiueyr9348;kdjghkdjfghire
/v1/redirect;IoWclbvGSzNFhqFeN1ZAs6g_XoO4-6VOoU9r5uUQtH7seZlMINKfMCPlL2s;ZnJkR0SJWP-zIyhl
/v_Error/redirect;_evTBQ2Qc9kHIxgYKCJGuPWj4ydQVUZBC65hSHlzzeuAybGrwgj_xbzs6D4;R14xqNJ_w_Ti5x8s
/v1/redirect;sdfsdjhgkdjfhgkjdhfiueyr9348;kdjghkdjfghire
/v1/redirect;dj5y5N2LNR5kMJB9xL2mwGnKUcvmphxOOkQv9_4cfcNUAmfi6x6hxtG-A1k;1FQ-BzD5k3I5m7Tj
/v_Error/redirect;Zbit9BIBE51euilYzgb83t5pTU_dSxwDsD73jFXiLnyW5IqtCs_e14Af6TY;gqGEenweSKqSvzNP
/v1/redirect;sdfsdjhgkdjfhgkjdhfiueyr9348;kdjghkdjfghire
/v1/redirect;862VjSdATbMpsRju70BZk9CN4ZRANOnoXSiW9gg9cyUc0cYUS8H8y5C-7qg;0EwHFQtZBgjFWc_1
/v_Error/redirect;YdNxTg-9i8yknQlNL7fpecPhYSJJ7arljDbAvFgdyeKdJJgoPszVaGk0JJk;lVVgz_Cx1HMdMjJW
/v1/redirect;sdfsdjhgkdjfhgkjdhfiueyr9348;kdjghkdjfghire
/v1/redirect;n3rWR5ZLu8fTfmlpYw2QClueUgoQaUAikzbOnH330TaAlJc672KONBMyHic;c8XcvYC0UG3fTL52
/v_Error/redirect;Bvjy7D0IEDG7jwOcaA7jYE9GEL-XaxDGDXc-b0erSsdIoKUFPkiyhSUiWC8;HPLBZHjAk_g_Dzkk
/v1/redirect;sdfsdjhgkdjfhgkjdhfiueyr9348;kdjghkdjfghire
/v1/redirect;zSpK3POSMK6XOhs2ZE0RPj_spuW53fPCEatqhR0UeK1lpwRwRg4w1YHh-Wo;U3JCl_qtB_qwmY8B
/v_Error/redirect;jZj_mH8T_eVqITCo3pI2nmAf0xZYNPztl7FB9DtoDykTn6YzS0VOMztrC8Y;028PSg_-TBtUvvSB
/v1/redirect;sdfsdjhgkdjfhgkjdhfiueyr9348;kdjghkdjfghire
/v1/redirect;z9ra3OYt2p0xQLtjJd5lA5j2UpfTYAhQcHkEZTauFy0QXEa3z13zHP6iTjc;Z81ZYDn4UjdQ-_c7
/v_Error/redirect;bg5LCZs5uwHeQTH7DJwGbEDZBz4b6yBor9cY7cp5AAeLBEJ_zToiND6_wr0;5syluCBKdlieIwEi
/v1/redirect;sdfsdjhgkdjfhgkjdhfiueyr9348;kdjghkdjfghire
/v1/redirect;vO8bNDfXj1J-NdRSnW5GMqtwjfTA4VPupz_O-Rf1suXBki8NxVLQEvQ_MlU;kyJVTFtW_1wdBdXF
/v_Error/redirect;EkvE9au2E6Krjr4Eq6WB3Ed3hPT3JjW_qiu_RTaF4G2GQYFxoAIhGWDsWHE;Bn5e5-fNpU89AxLL
/v1/redirect;sdfsdjhgkdjfhgkjdhfiueyr9348;kdjghkdjfghire
/v1/redirect;C20KVdGvaZv3MGZuOxuJa61u_UQoif6avlvSUehhJI6l4Xf5C9eK0AAHMbc;5NlG6CUMDMwvTgH1
/v_Error/redirect;DSA1UiFizfHsGpd8HX5N-sdTqodQcQdmB3vc7YN3WI1wBPHy8eIDG6SFQyI;Hij_S5Dzr-WY-Oow
/v1/redirect;sdfsdjhgkdjfhgkjdhfiueyr9348;kdjghkdjfghire
/v1/redirect;PnNnjF4w-W-8PISK7Xr0xYDcGcVY7bXUVKMFOJ6gR0bh9IuHcl7CpQP4r0s;GJQZgtEy9PX7OYOd
/v_Error/redirect;bqLr6Kx-zlCaRpskkb-6LXXwMk_1Y0qAMQ6SMvkVtSUb0bdUIbmIDkai2hs;j_BICL1PRmm7iB-D
/v1/redirect;sdfsdjhgkdjfhgkjdhfiueyr9348;kdjghkdjfghire
/v1/redirect;zzQuimdPr3XjfKgCdHsoi0w4upKrSdKRRmF8ZhAgIkuCSmsX0WpKiBQL-qQ;VKTlaTZzjI296-oC
/v_Error/redirect;e7AIcQsUI7FXAspnRFTqjg8dHWd5lYABaCBtf3rKeUo4QdpWI1XWMgbfJNI;1GeoM92GCLHnYOr4
/v1/redirect;sdfsdjhgkdjfhgkjdhfiueyr9348;kdjghkdjfghire
/v1/redirect;rrAc0S2a2bi4c8d1peRczPLAOI-pFK9rh5BcPzlzNf4hRU-7M1Felpct2nQ;kWGzvjAdR0TUrOP9
/v_Error/redirect;gxKy6mdvlBYCzFDl-stqcCshcNRxuMupKeLqCQks5-B4lbP9XK0BdWIgZHQ;MAItXw6xIBTwpy9h
/v1/redirect;sdfsdjhgkdjfhgkjdhfiueyr9348;kdjghkdjfghire
/v1/redirect;n5OsKIb-QhICCera7F0cJwOOtWyIo4S_ORC5mvPqGSC9LtTMC09_9-aDrRc;TxXaWCJfPWkN23HU
/v_Error/redirect;tfNaYtDE3ntAWIY_6zB8VOaGXTjv9JYLqEo9cPfHxEahokVvPqtxJDLUr1s;EccadbRaFgEc4zRn
/v1/redirect;sdfsdjhgkdjfhgkjdhfiueyr9348;kdjghkdjfghire
/v1/redirect;lQ86iZm3GXZJHj3KrepmLcLfmV9r1hGoNvHLIzNWXApuRwK83DJE-P9jwfM;V8DqnWE4dTY9OdlP
/v_Error/redirect;34a_5Ne7M7WKiEJet3zTzdMsy1ev6zd4O1yYN-MuG0FlzDtoO_1-J1UvE4Q;Fe_cZFfbK-Ku6k8l
/v1/redirect;sdfsdjhgkdjfhgkjdhfiueyr9348;kdjghkdjfghire
/v1/redirect;skfv__tEGR7_jpDVN0GcFU9tTDEAslAZZdbY9BAsA41mQuWnzVvvBwhl9XQ;GINkUQklyS3M2jxU
/v_Error/redirect;DzS_Syd-7B-_U54ctmAk-OIxGzzxshOWMv8JJfUADgQbJEWSBm56OtYrzKA;U0RmdquIqHR9AzuJ
/v1/redirect;sdfsdjhgkdjfhgkjdhfiueyr9348;kdjghkdjfghire
/v1/redirect;jreGZ-zDfFGNbVqhwQBrl5hGD3DdInl6mjtdjHa200boXRP-kQmkJUZbeKA;8xP4ON3pd_TCSw5N
/v_Error/redirect;cGkGaDXUnShFlidXo8lrLZxRHo4gec3s0_n2qHGjuhuhVudDqWttX-SigrE;jPueEzp5dMGZlu1p
/v1/redirect;sdfsdjhgkdjfhgkjdhfiueyr9348;kdjghkdjfghire
/v1/redirect;VpPOJ2stvIIcCqdJvLR4q4OKBhEh79tiA8g6e6C6IPyWe5asAPqln-G-aLA;X-xSgia4Jvwr9S0t
/v_Error/redirect;wQ1afeSpdU6--HyPCeRwtwY1er6giVrtrZ0tAiohxKcqm1Rrv9yJbaDwPdA;y-6XkESKrdFMIxqe
/v1/redirect;sdfsdjhgkdjfhgkjdhfiueyr9348;kdjghkdjfghire
/v1/redirect;5BsOes64VWXELaahwU4w423MdQ6bmRKy-jqiZBMBXaCIT-xAWKAc_63R1Fo;epUfL3cBLXO11_Dv
/v_Error/redirect;RK7IbaE6e9red_eEabdis6jp17OqrC7qaAIc6y_1raddx0Wy8nbV80Exgm8;w3p3f4QtCJC46Cfx
/v1/redirect;sdfsdjhgkdjfhgkjdhfiueyr9348;kdjghkdjfghire
/v1/redirect;Q5BTOugkT5Tt5bkWy9QyzhNMNChLvFb6YQSVIEBziuL-_hLEVewpxIE7a3E;dFksFYHGEeWgbBvw
/v_Error/redirect;9SJGZ1BKlrYKpMvIdBpOjj-3cCxPwGg2osvjCfuYz1A8HpreV_ogVdt5Cmo;ACWJKcmAmVNv7Ipd
/v1/redirect;sdfsdjhgkdjfhgkjdhfiueyr9348;kdjghkdjfghire
/v1/redirect;2w-BbaVP7BUIXVWrmrgmPdIaH433vlt7O4d98OSCpyqX0Tfu_L61XnkeAYY;PrsnY3U-4UuftlVN
/v_Error/redirect;Nho8vnqMsAZVyms-U8NkBL_wORmF9u4DcdsydCNRqGazEhxQ8DmIHoPlkgU;JffX--Q7IfkJFkK-
/v1/redirect;sdfsdjhgkdjfhgkjdhfiueyr9348;kdjghkdjfghire
/v1/redirect;AFytd1oyyweDWfwHK_l7qpYB4BUKmemejvPDrH1dcn0aIucZhY-Xqp4pcwU;0S2rQiit4Mdp_fW6
/v_Error/redirect;2w8plnLeli8FWTCRsHbYh5WkvZAeQAl3WRo5OG-x_tZoaG8YQcidGV5mZeE;J2HkfOvrpHMyaFD4
/v1/redirect;sdfsdjhgkdjfhgkjdhfiueyr9348;kdjghkdjfghire
/v1/redirect;BdMnUJc7Lth1Lsljvq2Kx8HcNhSwxoY2FYJKxWyrI3vMopr3XVZy7NKrPF0;2y69f_5NP1tOFWXt
/v_Error/redirect;hHJOiwDDIKzBeDr-TqVZXJ-iaPo6rwDRDYfkrTkHheKEVnREADDv_o5MPPc;BtF9vJwv04Avw-IY
/v1/redirect;sdfsdjhgkdjfhgkjdhfiueyr9348;kdjghkdjfghire
/v1/redirect;Zamyc17hRSGF4wy-4J5LxunqR3aUh9LhfJNPMYjxAcb44X2XdFlW5z287Gk;J-z931qKyZeo4bkB
/v_Error/redirect;6JKZu_qRXYVOrShOt2RG4c-RsE4KFWncBav_5bP2Yqjlibrpeo2eAjDMOsc;55ethJsy50wK0JFm
/v1/redirect;sdfsdjhgkdjfhgkjdhfiueyr9348;kdjghkdjfghire
/v1/redirect;TERZttAMh4tx6jCbGfKbN0dPACe05pyCX4obl8VpmVAPFaFiBn4m98uMYfk;LEwBRXGP8Vxj0NDC
/v_Error/redirect;lIYHipV4o2g0AV8ZXBeQndejBMlzNoBaWnRaGgj0XN-UWccOG3_T11jmCX8;ccJ8CYoY1TkLTSkp
/v1/redirect;sdfsdjhgkdjfhgkjdhfiueyr9348;kdjghkdjfghire
/v1/redirect;VqTbGAt3ODEgQCj130DeOeb021uGOT8yd9J7Mr0KPV56H2OKwtXSYSksAcQ;YyLau44N9LWjXrj4
/v_Error/redirect;S_lbp3PQYumBmZ2m3DjDhPXJwLlcJnmWlmR8AEuT1cuJz0zFhQKd5xGKcoI;6IjsB4_Iu0sVTm9a
/v1/redirect;sdfsdjhgkdjfhgkjdhfiueyr9348;kdjghkdjfghire
/v1/redirect;95qjIYRG23yhUQS96W-oMsCv9JoVK4PnquK4OhYkwCEvK7BvaElJqw3-z70;zNkrq61XW1l0jSaA
/v_Error/redirect;Swzn-BvMi6SBnDTde4Cw7OpOyx9UclwNKJbA8WIfendtwPYWEaJFwRmFvQ8;2dezpscNABPqFuZQ
/v1/redirect;sdfsdjhgkdjfhgkjdhfiueyr9348;kdjghkdjfghire
/v1/redirect;NGjsBQB4MJF1_TJnhKFVfkcWX5HD0fmIsmMX9GhC1hfBsVR7mVfBB2cNO0M;3gOHyWDCk3uivuxw
/v_Error/redirect;ZydFy0aIQYNwHoCLeym1UpJo-NPR7I-HCBTZuJiNMVBZE-0qVi12a6-e6GU;uCQn30cj0kBRZi_k
/v1/redirect;sdfsdjhgkdjfhgkjdhfiueyr9348;kdjghkdjfghire
/v1/redirect;-Ej8OMftMEcRMXn5G8056giAFviPjHMcc_LE_79sOJkMHufnVwfrd-EmbFE;GZp2Bp9GBMwtSEqK
/v_Error/redirect;VPm82in3owIkXbh6B-scjGGCqejmszDcZIDg0KJt2aYKM-UsBFpLiwJ0Wms;0ygNr6bBD1bFk2ZE
/v1/redirect;sdfsdjhgkdjfhgkjdhfiueyr9348;kdjghkdjfghire
/v1/redirect;Mm59KH4n8WnFcPFL2zOkaFnGqEGLaDTr7cEVGkC5nlBFUAc-GboJNoXoSR4;0jXeu694RzfZuZHv
/v_Error/redirect;8QNZdGRpeRtR_YtJYbqJVxa9wSXh3oArHEuKvWaB3iSTw5mLZB6Hc5J4bY8;EOj9mjbv1Y-mbhSA
/v1/redirect;sdfsdjhgkdjfhgkjdhfiueyr9348;kdjghkdjfghire
/v1/redirect;aT-syWAIrUkbUc8T6JJnALshnoTvuYQxrZ42dA3K1Pqa22pDNIZXDtMEjak;x7Eu-TM570-7qt1N
/v_Error/redirect;BppebUxDN_ZOfTAIy3aNZzF75GR3t8kCXOqkW9-Wgm76ue6Rg5S90XUD-8c;6ds-R87pPBVnJJvo
/v1/redirect;sdfsdjhgkdjfhgkjdhfiueyr9348;kdjghkdjfghire
/v1/redirect;WBQz4v7ewqdI5_FgsTlSlRCdfn6vSykjxHyw-8-uFT6ydrFq25Wb7XPZhHE;TeIUnUrisPQEIiO8
/v_Error/redirect;iJzyxC2msiVQOZDRFljdAhUwngJzVA8NHSgggWrJf6Yhsji02cBG6c1sIlo;EKO8d4hAAbAG3J0q
/v1/redirect;sdfsdjhgkdjfhgkjdhfiueyr9348;kdjghkdjfghire
/v1/redirect;zcebsQXvzDPvsb9savFSbWfcSeGqDWybDliESuwIkB0DauHFAth-Km7f1uw;5VtQVZXN_iv5Vq9C
/v_Error/redirect;2F1oj_3yHQNFXb6JGxBURg1YnAJ7pp-vJu1iZ0X8efKckHd_n0yQhdoVb-g;arFwqCq0t22HwA3g
/v1/redirect;sdfsdjhgkdjfhgkjdhfiueyr9348;kdjghkdjfghire
/v1/redirect;nNirTmZzB2__4sAJQ7d2o1xkur_HAr1OsHMdSd2KaLGOjspoy4-4aHuJvgY;BWqzk67L-jYxCDR2
/v_Error/redirect;eBvvz1PdkvCc7_88Ha-Xt4klxex55EsckdUa8XB3mz4LRHBrZWT-rxE42bY;br-MZQkht4Ss6gkw
/v1/redirect;sdfsdjhgkdjfhgkjdhfiueyr9348;kdjghkdjfghire
/v1/redirect;jsLEehlBajADhTJBfC1pwklhORkefWb1BeTmBKZpSe9GCA-wLgmNNtp9rio;IoMxZikAVfTWBidX
/v_Error/redirect;-W5HcNZbaCcVbD38Lzy91zj3AoBWHN4kRbZkyYCq-ZNTSRTBjwS7yoddWuc;pCBmTUxpsUnoPPns
/v1/redirect;sdfsdjhgkdjfhgkjdhfiueyr9348;kdjghkdjfghire
/v1/redirect;9YdY7vUDzoMN6clzfD-LY78kSJZ3fB8D7z2tmUNAwUEyOCVciF3SExbUoe8;K9Qh984k-eXyj6Lb
/v_Error/redirect;XaxV9mtvvwczBcDip4gWc2517R7sfVIhPkSBTSxQDbYSwvM3ap7rfZ8ywXI;V5i6DMWnyZd8JGy9
/v1/redirect;sdfsdjhgkdjfhgkjdhfiueyr9348;kdjghkdjfghire
/v1/redirect;Lpt_DmVKdyxKR8LYFKAW7Wcdaqsrk2muZlcyPA1A7z-go2hWCNMlXKIr1kU;H3-4_rJCYp0ZEo6a
/v_Error/redirect;UNQ4PCb77pn_TqFTy5dmFigUApUSJScPgEX8jZ3EcFOFYHVhDfn8DrLeM3E;FnWlYb8GcCdCMejA
/v1/redirect;sdfsdjhgkdjfhgkjdhfiueyr9348;kdjghkdjfghire
/v1/redirect;fvJAnxZjwqdeXzgGy85tudvuJxNFdLJZ7qx8SVyo-91mI9lSj1ynMbaYeL0;wUu5IkcE0mFCa46f
/v_Error/redirect;tpDMgTRIStXCnvkKGX4zkWlx_t8WW_FOKjJ2tnjL6tTkhn45M0q70aVyY7A;1j6VURI1oREKD5us
/v1/redirect;sdfsdjhgkdjfhgkjdhfiueyr9348;kdjghkdjfghire
/v1/redirect;9j9OooGoZYqi8bfKHntq2jjeh5ZginOCbKso_edHKSWmyZjCM3frSE4RqFQ;oMttiUoNor3cHv3J
/v_Error/redirect;g-ui2dCA5dbX3czBRbTq2GZOIw-uF1ToCBAF_3nMCGB7L0XfGfd2Bf2MlMU;R7b5ygXYp96V_uWu
/v1/redirect;sdfsdjhgkdjfhgkjdhfiueyr9348;kdjghkdjfghire
/v1/redirect;F1RNRxPZmwPJKIEV2tbvOcdUWEi9AZCYUZrrAm5cq_V0ICrdkV_KRQdHamg;Z4kXA943pe-deH2t
/v_Error/redirect;m5pu6DASjy7FK_lwkAk6K0j0-r1FWz94WZml7Ibc3DmQ-cquNfJ0OX3FwEc;BmaHMNOrlQTtvdD_
/v1/redirect;sdfsdjhgkdjfhgkjdhfiueyr9348;kdjghkdjfghire
/v1/redirect;dj6xzFr89K-Oeb697SlmWD1LAzFY7cTdpFTfrEvHL4x2odAtXqbulhLTvnc;5agy1CLylAERzeJW
/v_Error/redirect;cO-b2Uvlcf3CoSSxg_RTR3cEDanPQeOZh2lj5_n9awI7R7b89CIat-GPXwE;1_wg5L2dlCp74Flz
/v1/redirect;sdfsdjhgkdjfhgkjdhfiueyr9348;kdjghkdjfghire
/v1/redirect;ePIgPyDOQJArUpO1_Aegf7C55K9xtG1fhrTMnX6_-iJancWhooF_661iND0;KFMAGs84DZuky9zL
/v_Error/redirect;3zcXtdLhvPhycLT54ma0ZW64I25qDU_eN4NUxNhZW6CYn3FgFwK6nqPNjDI;ZhEGVp8WHmvzyF0U
/v1/redirect;sdfsdjhgkdjfhgkjdhfiueyr9348;kdjghkdjfghire
/v1/redirect;b8opN5uGo66PmCNHcqzhTZpmhumnaJhYCf-ILFrA7YqTDE9vRO4gpxcy9ok;5W0JG0g5LaODD8V7
/v_Error/redirect;p7g4aNnTCYmZeh6c0tj203XWJ2_wDmLLF3U4KpPHq5_i-yMNaK5TtTx7rus;1kN9KiEblOxkeVJ8
/v1/redirect;sdfsdjhgkdjfhgkjdhfiueyr9348;kdjghkdjfghire
/v1/redirect;E7NGTAlPtdod1yzUpBEwz6WRaVeE12YVW5JTpsU92fpd5EcVqv6j7we1JjI;BgWERVD9VVoUKo4y
/v_Error/redirect;tTGIKFDZeX91FaAFSQ8DhkWkrdkjqPoj2EJQpo7JptPnoecYSbjluWvCj3o;cbDGxwFga-RpxfFf
/v1/redirect;sdfsdjhgkdjfhgkjdhfiueyr9348;kdjghkdjfghire
/v1/redirect;SHW2MvXH1Pvf3VxN699_GeNe7JxzukzY3B3TgUBUmqiO3e9OLn0zfeZisaU;rjGsCMv83uCQZ5T3
/v_Error/redirect;kEcaa2t-tHQd7F3kJ1RLfabFKdyITtIU_nA4ri597rrQtL5V52P2i6HBibQ;LTcz37DzEdZFnIY6
/v1/redirect;sdfsdjhgkdjfhgkjdhfiueyr9348;kdjghkdjfghire
/v1/redirect;r9T53OKSE3FnRkxPcRykY4-IxaY8CrpVp4bmxfDQCk-d0yO8D5aTReFlsvo;sQ1v5kWHASVOnal3
/v_Error/redirect;VeLqIGACrFDeLnoO1lFrHU_WA6R_BZ3orUcyn_Xf7SRk6PLTOcix82Zdmj4;578Dmb2emdjcMotU
/v1/redirect;sdfsdjhgkdjfhgkjdhfiueyr9348;kdjghkdjfghire
/v1/redirect;Z2V_2YotMyfQJXgSBeUlyi4BwYhgLMB3H9ew2MNVSCKblpksH41GI68vQQk;TETJI52RQA4UQCI5
/v_Error/redirect;VZegmkZ3tzvB1uGkWZwitaZaVs8RmjQQKxYAeCFk-EWecxSmwPhni2JPOng;_Y-EM9GLC1KGw2XW
/v1/redirect;sdfsdjhgkdjfhgkjdhfiueyr9348;kdjghkdjfghire
/v1/redirect;nKI_EC6alkGDEz3PTsCHjA--1_R0JUfLYDZxwhzA_zS3pdpUA6gexC22Zw8;dYTPQurjHtRdBknT
/v_Error/redirect;cr0BuNVwlGqGU6Z7OBTtJ5o862elv9s1wwEqTnBnRJ4ybL_w7Bvy_3ZpWio;ZSYTyDicAqhkEm99
/v1/redirect;sdfsdjhgkdjfhgkjdhfiueyr9348;kdjghkdjfghire
/v1/redirect;aFHJl7ZzMO_myz78ZgldTI3t_VQK7mWEOjODbGKOIlmwXrhVx1eIPYATClk;3NfdDuDWkFmO_21j
/v_Error/redirect;DSJPOJLYRwfJBJOmm-8w9QS5nUcEswdWHMi9AziGARLgNx57WP8phLHZv2s;T-E1iUzO7EYBqTr1
/v1/redirect;sdfsdjhgkdjfhgkjdhfiueyr9348;kdjghkdjfghire
/v1/redirect;YrffqfZc47Kayj_UTa1OlXHTW6hZnvU52uJckqbkG3ZxL7IZONujdQiI5W0;DqdbOlR6CtEmY0el
/v_Error/redirect;XYBeAKF67sV7CJ-tkgebbSf8v_8AV410-v1tWQE7t717CmqMnBh0gdtnzgA;HZCaNPRlHJi1zYiT
/v1/redirect;sdfsdjhgkdjfhgkjdhfiueyr9348;kdjghkdjfghire
/v1/redirect;BcTugPuu6M5sK2bynptC1nD5GO_E_RZb5Ou5iTo9Gwq32-jn75yEs5pWn-w;CouEnVwbX7H8N-Y-
/v_Error/redirect;MDBMhbM8MGHvLJtkvYjvMSpbLsi3ythZvG0uw5uxPUvPVNMDmCnTZT4gFvA;qjo71NWMZBTvMsCo
/v1/redirect;sdfsdjhgkdjfhgkjdhfiueyr9348;kdjghkdjfghire
/v1/redirect;-x84nsNPqD6y1cset-YmaePdhKdfaGk9EOnAv8Q8H8ZiV05fanjrhdEpJvU;ruBGUxc0xSAH25sh
/v_Error/redirect;kw_ZVzDKqAbB_DZaYSdakA8ocWfOe-D64YLcimRNvocrCUQtL6FnERPnZPw;EwTTtHVowaDaupNC
/v1/redirect;sdfsdjhgkdjfhgkjdhfiueyr9348;kdjghkdjfghire
/v1/redirect;3PwRlv_ycB8746jf5gJqafWZk_mwpdeFHJD5BKDtr-QdOyayg5HprTy1UxM;K40NWEfp66UMNyNX
/v_Error/redirect;S7nqyQVms-NkFjeEb6F26ckVRsLYyP01V4Mv781blJ-fVahA0DdwlJRuH1g;eSZSLdkDCfWo8Z6D
/v1/redirect;sdfsdjhgkdjfhgkjdhfiueyr9348;kdjghkdjfghire
/v1/redirect;rZ-ndNqx9mUJ1epoLNRLN43Rva6mO_36Fsq-Y8DkzUMKTB5mMyVo-kOx5qQ;3HMnBZ5odMvdNiMQ
/v_Error/redirect;_FaEc-fd3DooFFD4VuybaR2Z4S48D0rXXCa9ZQT4bbgJSuHA7JZsfn35JvQ;kZUwHsFM-gdnkJAD
/v1/redirect;sdfsdjhgkdjfhgkjdhfiueyr9348;kdjghkdjfghire
/v1/redirect;700P7Owzrv79-nDEIGLWfEAo_SKL-nhIXdK2E1UaC8Nb51yppg9_8-ds81g;O0bVz8IRzpPTflg3
/v_Error/redirect;cjo29OfDokLcZK4xp2eJT9JSmD9Y65jr619IYtH50a6_XBYy7gz9oqICDDw;k2c0l5-PC9NVcEu0
/v1/redirect;sdfsdjhgkdjfhgkjdhfiueyr9348;kdjghkdjfghire
/v1/redirect;DCR6wA41Vbt6MAclt1m4pZdezGUlEWBIWvG-xfk8i3wKZUMzZLRpP0FZeqE;yP7x2A2XWyvP16Bt
/v_Error/redirect;4hOLJFXtJ-Q0TbXUnbU4Xz6g7ADy0e4MIM6TI_bTQPVgmEBcceBZqBaHRhI;LSbMYbBvzosN_HJ6
/v1/redirect;sdfsdjhgkdjfhgkjdhfiueyr9348;kdjghkdjfghire
/v1/redirect;biYdu2SSXQFTdR7iJSh2B58pg-IYaje-BRL9m2q-YY3mpQmwGy1kbLceb1o;ekdlbJ8f9pWC8Hg3
/v_Error/redirect;bHoU4RG0pNZaPn61TbLivxgs95frB52iAqHCdMaX3s5IbO-XePxTegYp1w8;yCB8TZ1ZR3cVvWgW
/v1/redirect;sdfsdjhgkdjfhgkjdhfiueyr9348;kdjghkdjfghire
/v1/redirect;NsXWKGV_g1UitfNYFcX6ZjyP6DR5FWhAyNarzGcydrEawNVJLp677uasKac;weov26keiCFOLsBO
/v_Error/redirect;cleIHxK0XasHwoAPERHsliZI5p_WgefXAtMlp-2c_8b41bb0BCXZn6bYyPA;8GGrjTMJLJEbYkRK
/v1/redirect;sdfsdjhgkdjfhgkjdhfiueyr9348;kdjghkdjfghire
/v1/redirect;lpC0gHV1-ALUXccVO9BzXOntQFeFyVNZHWAGDPbLbqYD2d_jp5MvlT1tyIo;UVyTKqZVbhMAa-uZ
/v_Error/redirect;iqCKJxeauJRJ-iU_PrhD3WjnXmjjRYMrSWDTYK_QeMh0WEr9Tyec9rVm7sY;f346XjbOfhMZti3T
/v1/redirect;sdfsdjhgkdjfhgkjdhfiueyr9348;kdjghkdjfghire
/v1/redirect;jEiGIvjOQWTcyxwnZP9fVH3Mrj-3AuIPDBDv8MLrghr93nYaqxcEa6ADR0o;LpBNUi7noXb5aujp
/v_Error/redirect;MiMXHIBFaSz-V1XhEpiQALwHOZy7cppb-N9j0qSt2rCoju4ZbbFFeRWvCfU;oXxzApOY0OGM5-VD
/v1/redirect;sdfsdjhgkdjfhgkjdhfiueyr9348;kdjghkdjfghire
/v1/redirect;mow3qqLfg95LWobBUUN30sZnLBKCJJZF4eoZoRCjlIKyODxLx2Ip3Ln6aOw;bIqaIHhYw_umJIcA
/v_Error/redirect;zPv9eaAXkonPtpYWcdAGrmS0OkAurBrnbAabY1rSpl9UvJVWW17zl0yIj1s;2elzwurZ2YDFKIn-
/v1/redirect;sdfsdjhgkdjfhgkjdhfiueyr9348;kdjghkdjfghire
/v1/redirect;rt2cA7joLw8VGYWm6qByZ4T85byl-XFC5kptqxujSdREz1Gb2csqlQZflv0;O_5x8pZwpQ-nq1n_
/v_Error/redirect;IOLtCFWYCyiGx4QLmwcT3xZVP2-bGsUSK0elUCXTPwbxmdAf4Sy9XyKBwk0;fbl0QaLl1L5FJgOG
/v1/redirect;sdfsdjhgkdjfhgkjdhfiueyr9348;kdjghkdjfghire
/v1/redirect;D4pblVPL3euRPvhjvFPpbAgCydvj6CN7hDVCVISMAswDM30j7ZmdgdYoUi8;a53i_dcMF1zQHILL
/v_Error/redirect;8VJ4PkGeqrFVx_fMgJgkB2ZGhClCEBDl7XmFpn6atUNcBzqVdYLobNrgFQM;fGFt6RK1k-zxxy7P
/v1/redirect;sdfsdjhgkdjfhgkjdhfiueyr9348;kdjghkdjfghire
/v1/redirect;XAy5UhR_v0GvZT7cVVkS-BRkFnhTImgrfl36fn7rBeozReW_9Qt9svQwQYg;VIlO7zNQrk5XMUhI
/v_Error/redirect;dP7tbi2wO8SUS-Cvbf-_BYSo_5XODVZv3ISrB5JzHXUskUC5DDL-UOhP3bI;cFZdTjEOEk8wVrfX
/v1/redirect;sdfsdjhgkdjfhgkjdhfiueyr9348;kdjghkdjfghire
/v1/redirect;th9Sxw8kEXzqRduImyHVYitPZM9ETNOTXxSEk2zRfHpHrFGWDrpM46pChrc;9U7fUAXi9pWMYIUx
/v_Error/redirect;ILkDcdRoOqJizjfiXVk4QQCKHudV5LGImzNTMX4Hnz1y0pEIHsYUnSUXzu0;Ic4N7h-pICjqCU9m
/v1/redirect;sdfsdjhgkdjfhgkjdhfiueyr9348;kdjghkdjfghire
/v1/redirect;us3avTPUpnhNcGT0_g6uywmTBfbKa0ZSsaSAJ9HeMYVyngdU0cQGOrq00b8;x0k6YURZh2qNeoIf
/v_Error/redirect;S2sYE4xX6evnVf0AX4gsGozkm_I_VuHet95RwKyDplKCcvziNJvZy78CjCU;mQiFwr6kOWG2Fq5e
/v1/redirect;sdfsdjhgkdjfhgkjdhfiueyr9348;kdjghkdjfghire
/v1/redirect;Tku3Psw-KhA_dJyyPKkRWdvnO1oIJU83QH9m6SLEI1dvnYjb62tib8bfss4;bdIcg4XU3KizwmcP
/v_Error/redirect;NhEDSszRzp1na0fTk5SYkH-T_GQMS-aJTU9r-atzHSxItDTiOl6Gu7oOO9A;d_dAPPUUtup8jG9u
/v1/redirect;sdfsdjhgkdjfhgkjdhfiueyr9348;kdjghkdjfghire
/v1/redirect;lO-HSMDU2QmvlkBD6FZwIebay6l_xjDOFrD25ETjFZR7fKPoaC8-Iw4b-Bk;HJKMBzruiJpkTr9Y
/v_Error/redirect;q3LxzS0zOuom6umWyMgnzs6uyTDszCMarWNfY__5-FsXcgz3lOchk7qIaTM;EZ702QmqC_o77FsQ
/v1/redirect;sdfsdjhgkdjfhgkjdhfiueyr9348;kdjghkdjfghire
/v1/redirect;VRnlaTGP111o-2tec16Y_lSo8RVCvvkXKiiPlRZjqzc9H4jVsGZ028y_aaA;tFE2A_oQVTDh1opA
/v_Error/redirect;fZDFHGFpgorYbt975kuRICOvZQsh8YSDKcVz3xsHxdoZSQZmWvTLgMABC0s;nEH14JUZLuo62UJe
/v1/redirect;sdfsdjhgkdjfhgkjdhfiueyr9348;kdjghkdjfghire
/v1/redirect;hgiH-33Jue6io36rm-jyHwCICwtFyjsdH8e23BUap_O__fgiRKHWGS7tAmc;yIYMmyaQ8zrELJHb
/v_Error/redirect;QcLzE1cRNTGtbiWFfuWMJurA_E65C0Hl-0OQgNli5e7j7WofD-ZVw8s-cr8;iDN39eaYsEL1GtKI
/v1/redirect;sdfsdjhgkdjfhgkjdhfiueyr9348;kdjghkdjfghire
/v1/redirect;YXLLyq5nU_gmB2hRcSgXKuHPz5GMHm1VrAbnG1PRDbPTYFJTdm1bjUVfOYA;ThQNR10_XmdXKNDO
/v_Error/redirect;cL1dVBD5bYYHCjt_8ROr4bQTIf0FxCLj9-Pu9Gw2t8GWLt8KZLvRounOND0;knM43jlf2HcyOm85
/v1/redirect;sdfsdjhgkdjfhgkjdhfiueyr9348;kdjghkdjfghire
/v1/redirect;YGgsmfWdjMWgtE46MALXqZDnNI9loz7js9_0BnhyVUmwQWGJVX-AeRmiuMM;krvvIGaq5jzWq9VB
/v_Error/redirect;yuvKLM5lQwRXxjWFQoe83MJU6GyF59KAxdoQRcI4xcckhUra88tEGunJcS0;7UDg8w36tDKCl-3s
/v1/redirect;sdfsdjhgkdjfhgkjdhfiueyr9348;kdjghkdjfghire
/v1/redirect;laHS5mcp-5SUy59H63jDhQf3jCJ3WselM5mzaClo1i2bKVp6cDw97pvgJkA;s0TujNX8ZsWVeugQ
/v_Error/redirect;KplN5e3Hax6EOcf51Kn86pO3x5DRJynSXg8LcmtDErowOMEEON0zQ1RwtB0;2gBouytJoN49PPCH
/v1/redirect;sdfsdjhgkdjfhgkjdhfiueyr9348;kdjghkdjfghire
/v1/redirect;gA7_xqDGgxQijV84Ic5gmi1CGPDDb-ueE-v9E_eSzCuRsDfXRjqMBc3WHFQ;iccHsdKRvqT3vpNe
/v_Error/redirect;lOfMsrxc2oi0ONMmS1hnEAytrzvkSoW8L5XhUngKMnv4MRui5yNjdQ55Lck;_mDCnSYgvpEHjhAo
/v1/redirect;sdfsdjhgkdjfhgkjdhfiueyr9348;kdjghkdjfghire
/v1/redirect;UwtjbmTHgKjxeXRXS4DvmKdC-Pw0c9-ve8d2FOCfgrenMnJDdlmaWVh30FI;VlVkuPifTysYAVaf
/v_Error/redirect;p7OFMjoSMVRGUDpfdIgIJdMMKKKXmSNox6MD-FvwWaIl972gyjVXSzS99CE;Y9mIKbKC0Lm5jacY
/v1/redirect;sdfsdjhgkdjfhgkjdhfiueyr9348;kdjghkdjfghire
/v1/redirect;kEMsep-C_g91wAEOcH5LVKip9PYUuOHjw0u9WhqukVYaVSF6QYmg3tIBTek;BbyyyB3ZwNUyF3YA
/v_Error/redirect;vbcT63FmPNYagT2SxODroGZTAzub-B-ICDnGA7jMY_YhIOfzEq2O3PWsWzw;pipA3LrYYdP5ih0D
/v1/redirect;sdfsdjhgkdjfhgkjdhfiueyr9348;kdjghkdjfghire
/v1/redirect;EK6QxXpVS8Eenty6XcaiCMnTYZOXrpsI1tBWy2XVadbcJkTk9HWVs7Z4wJk;S7aD024Xu-whBPMZ
/v_Error/redirect;Q3xsPb8Bm_nTPOWRVZoF8LWy1deBjTCPHj0Jyg2K5LU_Pg7yr0MlegCmdJM;k-AUicGh_r0N7Dsy
/v1/redirect;sdfsdjhgkdjfhgkjdhfiueyr9348;kdjghkdjfghire
/v1/redirect;Cks-XqR1fCFI0jyV6mNaSacymzEjLMq6NVDuEsIB2-lgkchOfkNhU0ZmDk8;RDkqHzahh7FvAJV6
/v_Error/redirect;5_lJfxZU58EctdddHXKjpCB5nxykHkWEmrN1xxAfz8WenEfTrHr4A1VCQpE;A1of7MwFm2p1kN6L
/v1/redirect;sdfsdjhgkdjfhgkjdhfiueyr9348;kdjghkdjfghire
/v1/redirect;WfkIaTt8jZfOMsESnluOu7ey-Brp6xRrqlHRpAkgHubqpGYjoQKOQrDxmdk;ND49LA6Y5uZDBl-1
/v_Error/redirect;e1XETJWCS1z7D2p7oDQDrO4YNyuT7OZWT3jhCDUjOJZ46iu68iY1tLenaVs;RGQM9iYtBrqfAsij
/v1/redirect;sdfsdjhgkdjfhgkjdhfiueyr9348;kdjghkdjfghire
/v1/redirect;Kui3RCinzQsSDAxIPs_E7HswL8C7TSH6BZuLBcEGxmNNCZS9fHyDWQuQ-Ss;R12QACSyvEh6Df6K
/v_Error/redirect;-kDmktTblgZzYzzT-XR0TbtIzRC8VpwB9ThLiavLPgq4r2FzOwL23Qx1Og0;7Q2BQ86T5av5ZB74
/v1/redirect;sdfsdjhgkdjfhgkjdhfiueyr9348;kdjghkdjfghire
/v1/redirect;xOi7gznSsJFffWW4wISxjN1X03FAaOtI9ajBdipPcJhNj6Ss6zIT__ES248;B80vqQMtuACeuwAQ
/v_Error/redirect;8QyAKcEPIYa3gBeibRBzH5HUsEErBW7k01baYrF2rXdNTJzbO9X8Quxv6ss;Sp6IUMBI1_NqWTgY
/v1/redirect;sdfsdjhgkdjfhgkjdhfiueyr9348;kdjghkdjfghire
/v1/redirect;1FbDfTEVs109xI-L7eV-BBDRqA0W0VBg6rGwkvd5TK6Z8tLNqLVSp_6pT3k;sVDLJPb_sBAvnMeO
/v_Error/redirect;i7asVON7d3MkEzf4gzDcqE0w5fTMPYpqogcZ1T5UVerbqYhxQNtDtMJm8yE;OTAdLHbL9kkcZj9T
/v1/redirect;sdfsdjhgkdjfhgkjdhfiueyr9348;kdjghkdjfghire
/v1/redirect;YrnFCVdDY593sbwz0BVgaubTiYqkJCITGG4xrGLj1HaplQsF7FNpm_wJM3U;ExAdlskDgqq4Mlp6
/v_Error/redirect;JlDa46T4RctSWSdX4acPXuwXhUoG5zknx96ICkq64LrUzgfj8T8CVAaYpC8;4Mw4uK6rAPUvDToW
/v1/redirect;sdfsdjhgkdjfhgkjdhfiueyr9348;kdjghkdjfghire
/v1/redirect;GmTxIhPAtKNSREv2LwsVEbqhVqoFV_P2DV4Nhdko-W1iSmSHLk0gliczzxQ;iFmqanbSK7D1102s
/v_Error/redirect;6nYyjEqxKVrNQaU0ameBZaSZImPjGudbuQ5L2A_4uK24VEfiioCpRavnaQM;SamXAop8j9iJQn6x
/v1/redirect;sdfsdjhgkdjfhgkjdhfiueyr9348;kdjghkdjfghire
/v1/redirect;4CBtKVBGyb391D37FvEZX-ZgPxGj7B7rk5d2pccecIQ3-Mg6dlEvRKFdgCg;xd6hDTIOMisDCQWQ
/v_Error/redirect;edxHzFpMZGV7m8y35Dip9w7pACXjgmYNvDcjKHPnTwV1OUcx4XW-96Bo4dk;V1QydEfgGP7SblQB
/v1/redirect;sdfsdjhgkdjfhgkjdhfiueyr9348;kdjghkdjfghire
/v1/redirect;c3jYR0rnld_g-8vP21TfddNh0nen62wbHEsxn0xHLlJ8h_JgH37SQhOMQRM;RXLgdmIeTnIzVlHW
/v_Error/redirect;L5hnpVhuxZpqF9v8ex2hmZlLmNwWkKtUSKGYkX2U57ovaTeRnPqdT3JUa5g;lWE9-RyKRhf3-_i-
/v1/redirect;sdfsdjhgkdjfhgkjdhfiueyr9348;kdjghkdjfghire
/v1/redirect;_zXaiEGIJrj_3ghScgmEn6EEzWzwT2YMhQ1XCe8thw8TB3qjA_XyFfYFeWc;ZLllOgrAcyTjPyet
/v_Error/redirect;aw6eFfol-NsHhMJPNqupfrW7aW40mqEc0Ts2Vs6c2k504JyhzSWTnSijpsE;FoTaZhY7aNRI_NMI
/v1/redirect;sdfsdjhgkdjfhgkjdhfiueyr9348;kdjghkdjfghire
/v1/redirect;r8Ia0D-1VhXv-l4WCPqKl23GLFPQcLGleGpi_1aP9uwWyV6B_d79l0s4bWE;_WJnQ0deYGJYMLSE
/v_Error/redirect;kOwt5CTdm0coIIlJs9WLqPoptBuHKx-Z02Rs8pyHgYZxt3bF7SSLn6x8y7k;DPLy33O6-Q37Tipa
/v1/redirect;sdfsdjhgkdjfhgkjdhfiueyr9348;kdjghkdjfghire
/v1/redirect;8xeJH0YL4Py73RDqTB-JUBQLbQY6ypUqsqQRp1mpHY5bWVilwN9_-B2Rtec;Lash8EE_lTgIyalx
/v_Error/redirect;JOpS890NVVnzXQiAbX4KGRtkSedQDIqpD4K7khqqTH_-BlPWayZBRWRzY38;-FnO8Oc-O58xRVIm
/v1/redirect;sdfsdjhgkdjfhgkjdhfiueyr9348;kdjghkdjfghire
/v1/redirect;T9O9S0q3SadH4u0WTSN40lwHNDYwzEtLskCNh5YAYtKEyZcFxk27U2N3MpI;nX_k7M12cQMV9-3Z
/v_Error/redirect;VMVATj_2xwP55UTkVUhMVBoN-MXOoPkyDsrdpa3ZfhTRkHb0_95PMuYHfQGq;J93aj_SvojE4rtJ_
/v1/redirect;sdfsdjhgkdjfhgkjdhfiueyr9348;kdjghkdjfghire
/v1/redirect;b9VoWn7EaT7vSz-afvAQq0pkqM_hHHKoe6Owcva3ePmkgDon8cvjXIjthY4r;2VOxy9hQW_0FuCis
/v_Error/redirect;wG4zvQN7II7GD9GBsEKGq_V0nnQeLA2bNhUk4ANEWmBVm_84f6VwFpLi36Tj;d0nNPkbDfnQ5bGZ7
/v1/redirect;sdfsdjhgkdjfhgkjdhfiueyr9348;kdjghkdjfghire
/v1/redirect;VoMait7S9cjPzBXau5Tjnkr2PiACEGT7hntsuRI09n2q0rYrB91vOEoN7vTW;Y3O6z4W-aQ3ouP5G
/v_Error/redirect;D1oRnBdp627siniWfNr45RTtMDh19pyBS0u6lQf30CK75wBVK3FWob1FTa_4;H2InTzbnSEKGstbu
/v1/redirect;sdfsdjhgkdjfhgkjdhfiueyr9348;kdjghkdjfghire
/v1/redirect;T-R2bQCxzbC09gqpzYipz-OZ2S3c_J10nPm3qQ7DixT5msFQEjTOnJJ4uwmj;5HME_X7qf2nMwEwG
/v_Error/redirect;etw2wTQdt_9s_pFtfdKcCw5TKLwwuYBPrgiCaKtHabgyCJzc56I91MdtHD4J;T8BYF-QwqHz8IoDf
/v1/redirect;sdfsdjhgkdjfhgkjdhfiueyr9348;kdjghkdjfghire
/v1/redirect;NT94q2gnu8NYRg1x8XuuXtlVxc4rMdzHiV5x1lJ0TJF8inav2Goh8FtVDi5v;_iU_icmKRfXXfgKy
/v_Error/redirect;maNEaIBAskgRkvbHuwhGdAtNsdXDnAVJwkpFJfj6M8l3qRAcsUKxi76Hf297;5iMq54Ax9YhKTdru
/v1/redirect;sdfsdjhgkdjfhgkjdhfiueyr9348;kdjghkdjfghire
/v1/redirect;eTUZubJL99mXiV6RvcQlPx3kPf7iA48U-DX1gReOpOKvgNWltvF02NzNuOXM;EZMd0hy6B_rOILAQ
/v_Error/redirect;F2LGDcfEpFWG3AOTAoF3tJFppLNkEXGytC8DYuMwVGHqcW48uaPZKv9-eEcj;U1vKth2OShpZJmRk
/v1/redirect;sdfsdjhgkdjfhgkjdhfiueyr9348;kdjghkdjfghire
/v1/redirect;Xnj1IKmmEnu4D7o8NPLDOeJdntoeIpaEiXG4iLsOCgL8taf3Xwp5gV-Fyk6M;c2kZ9mplBwLmq4k7
/v_Error/redirect;bft5cQz7ESdFYlrx-dVLoDaOXt5dHk0CNnHYgqHHkj6oYOBh57fBdNhPAIBK;xvwHHYSAB619Cuw6
/v1/redirect;sdfsdjhgkdjfhgkjdhfiueyr9348;kdjghkdjfghire
/v1/redirect;gAA0_WRf5BYmG8vHjDAlxrFMTDCByHNNdp0FDGNymDH4TdOf2Soa8z1dKjaZ;ehfBdVtNZgOXFZNt
/v_Error/redirect;netk2Omq8imp1izXJ7A-a8OOeuhzrBWEv4Ojfs6vT0Lb6UfjfzWK_dfteVek;SLRoGdE69IbeYmUx
/v1/redirect;sdfsdjhgkdjfhgkjdhfiueyr9348;kdjghkdjfghire
/v1/redirect;7NePibBmGAJFvJVBVUTE-DUmpBXeOWhrHgWsrL1_25QZQgnvDmkN6WXyKwI2;0rU0bJj6tXjbeaOu
/v_Error/redirect;epF6UpUn6f6RM7KkRV1tjmUgw8_etqGiT-RML9ZVmozcGksgg7JBf_ik_EbG;X8jEiwyMNd7G0qUS
/v1/redirect;sdfsdjhgkdjfhgkjdhfiueyr9348;kdjghkdjfghire
/v1/redirect;v7iiMNd8LLfvPg09CTEHHeWWnsdd_vguExgm6FPEyQ5HEUUYZkcfgh1fd1n0;IemBjIJmgcKiZYe8
/v_Error/redirect;tR8cJ9WyZnY1Z0Wp8R3jlasRuHi2XaOXLJHhkjNeuVEXm6P8PWfwTyTrrfMA;cJdkd4O1BrisDHjN
/v1/redirect;sdfsdjhgkdjfhgkjdhfiueyr9348;kdjghkdjfghire
/v1/redirect;SB4uQAOvNm7arkKG4jdUGf3Xupc3PBFx6H-6PNiinCHp_volMtFq72utba0D;-XDm1lsz8t2kW1Z8
/v_Error/redirect;VQfQ33L6ADeublKULjoWILLi9MRiqF9Eag_IjzQRGRNQNPg73P-UcBwYCkU2;X1ZOaZQdGPefsJNV
/v1/redirect;sdfsdjhgkdjfhgkjdhfiueyr9348;kdjghkdjfghire
/v1/redirect;54D30MZbwOWobps2K-I4kH2AtfrfCEbhNfxOlb4drN6qe6-nMh5qq2-jLEC7;t3hi3IG0NDYGrFZ0
/v_Error/redirect;S2PW5YXhZElqytrA46jJNbbaTKloEslDXhYWUUaPssYrbIP2_gtO_RupCLc8;2n5sgJ3e_hDfUEZP
/v1/redirect;sdfsdjhgkdjfhgkjdhfiueyr9348;kdjghkdjfghire
/v1/redirect;cD8Nx3-_yanhOGVRplJT-7LvqLQx9JK4V4AfcMcvZldZTUnn5dRRkYPdXYcl;uG0-Xr3GAN1MXIpB
/v_Error/redirect;iLiQbWERwEA4PwzVLHk-q9zorQEhp431XGhcDT7R-WTR1DsK92jNKC17IUA6;6LeLi411FmK6e1PU
/v1/redirect;sdfsdjhgkdjfhgkjdhfiueyr9348;kdjghkdjfghire
/v1/redirect;eghnCnxWqeWL9xIkfXKBncPJ6UxKAFYNpYxQJejL-1QKiiBF6njWwPzRShBs;7JdmJv1gJeo5Poj_
/v_Error/redirect;hS0EwDzmswHM1WkDS8cr0cjV-244TdeZA-qH9iySyFRYVwQONhLljiaJhb3v;smLvP88DawmN6t6r
/v1/redirect;sdfsdjhgkdjfhgkjdhfiueyr9348;kdjghkdjfghire
/v1/redirect;qYDfo6MD7ZlAHrXFZ2f0kkMFl1GW8ZsGJxUIVsy1U3mRBWXoPoUjGRVJhUHt;vCIHVWKKXLdFkmvt
/v_Error/redirect;-mXUXX1wVeB_Hm6ov5jIb5ttLrxVMsgLoRbCqW0vRIooS9Qj8-piTOajhc0J;tO1ghpfBPaUxXyQV
/v1/redirect;sdfsdjhgkdjfhgkjdhfiueyr9348;kdjghkdjfghire
/v1/redirect;bP90KRhVghngSmKchOqo1KDYKU4aFpKRlAFCKGu67irk91nwAUTlG3qs9lSd;805ZQj3rkMx6U5vS
/v_Error/redirect;CAAgvTH7VA2hv7Z9wRyj_a76yYcyJk0ceiE0TfrS0LDp0Gx4xCDqqxZ0-M0_;Ud6xka9j8R-9WSe-
/v1/redirect;sdfsdjhgkdjfhgkjdhfiueyr9348;kdjghkdjfghire
/v1/redirect;ashU-xyglcokl15RPhKUNDdUvCm3gzBXXp1MRoUdffikK1jeOP7Q94chYhN9;xUoC7cy-NfVWmCyx
/v_Error/redirect;Vp-zH9CA-mNg0KLTTFwNfIeYZ3JOx9HsYe2ljsexfyKPol7iJMxcmtNGMIO9;Qbu6kVpCLGAFDKqd
/v1/redirect;sdfsdjhgkdjfhgkjdhfiueyr9348;kdjghkdjfghire
/v1/redirect;U5swii45sS09XKmmAsjsfHsfQi3Wc-jlJ2jFrY60yiPTKihV1EeSUxH0SjmE;WwWdsZSkySdIINSI
/v_Error/redirect;tBxdYPBvCQFOfu-7OpBew3Jaza1oIqOqj2Nrt8nfJ0yhJF8uuPBze1IqjrrW;CsaGBZ3HCnKnxyXx
/v1/redirect;sdfsdjhgkdjfhgkjdhfiueyr9348;kdjghkdjfghire
/v1/redirect;woQbo4hahgl0eZZd_1RYR7FmK8nr26dxQg2qMe6O7e-mGuQl7-4_g0i3GRue;XCW3ZNaT8k_9eQ5H
/v_Error/redirect;cxztoovBGAj6NaDgiOtM_MfeMKsdlNx_L1VfqUevypfU7ahzwp900rj8x1iK;AIhg50UeMmuxGAkO
/v1/redirect;sdfsdjhgkdjfhgkjdhfiueyr9348;kdjghkdjfghire
/v1/redirect;zt31PK30vcDiMvSGLRxAq9p7AcOk5Saw1vH2Dl5HNHHdwlMfehvgd5ufEMFp;2gIVwmjcMsIAe2Di
/v_Error/redirect;8do-jv4nFcJhhzz4IqxwwIgHOyq5JRg0KWLA--Mvmx3YwyRFWfN0fFE68V7D;PdvU1_GBu8MRGiOc
/v1/redirect;sdfsdjhgkdjfhgkjdhfiueyr9348;kdjghkdjfghire
/v1/redirect;xN0B3EBd8w2Ia4haFsjuNDRoSkoa7dE1yq53nqxLEdoQoa9M6errnXdOvs-Z;tAhJXX2nPNhmbymP
/v_Error/redirect;mOJEroJll_aLSJzSHqmNYYE9kkoFDCdG7Itf_JzhSE_kRIjGDyJIaMvu49sl;FWXrlff0b-xAQagB
/v1/redirect;sdfsdjhgkdjfhgkjdhfiueyr9348;kdjghkdjfghire
/v1/redirect;DvwJWVzX2Ns__Pjhsh1Xg89Di5bi4q9NcIO8AJErwxXYKlEQB9IwzIpHMIHp;s_BCSUrcpJpWn83K
/v_Error/redirect;xVtcVYD6voaH5lqW4Cv2ubyGROuXNeu8F1gr0N-z4peVFJnsm3dqdJb_B07v;9rDuebRCD0DJholK
/v1/redirect;sdfsdjhgkdjfhgkjdhfiueyr9348;kdjghkdjfghire
/v1/redirect;brVPxrBWpEsZieGnXYHkHct9cNTalb2NaxAT9Kikvff98HtKvN3DPBlqu6YE;QfshU2FisGBNUqoN
/v_Error/redirect;EzO3cAnYZNgQ_5idC9EMKtZoVW_PkHDDO3fi9Y23iBUAEAjlntEm6WAtJxl0;Pfh0hDhlOxK9csDu
/v1/redirect;sdfsdjhgkdjfhgkjdhfiueyr9348;kdjghkdjfghire
/v1/redirect;XKLxoZa5dCunj0iRHVsV3KISwLwuNCuTvGVc1QgobCNQNmJmTKo8QsPdc6K0;sRDdBYA2f5FdinKu
/v_Error/redirect;a_nOezc7iqJUXjpyW-Z4QZC48GW2jb3C7O3MbGhpcv2yuEFR_rf5qLiF-k9y;2P5ym_dKrXsYlFjb
/v1/redirect;sdfsdjhgkdjfhgkjdhfiueyr9348;kdjghkdjfghire
/v1/redirect;uWh36G_TgWZcz8R2Ra1-O88i9RRYA4QmRBTn8dGgeRhRP8OZ0MNinfadjwxK;ZHdepXbzcaUvEURG
/v_Error/redirect;eNfa0hqptSZOj9puhB4hu79pooseYJk5sE43_o_5ROYrYGmCyDYHBEhK6CN2;LJaYUrFPu7f6zKqe
/v1/redirect;sdfsdjhgkdjfhgkjdhfiueyr9348;kdjghkdjfghire
/v1/redirect;yxC0iuNyfxzB_8Rk7eqgkhnNauoCr-nMhIX8E-o8agE4k_HVaBHfQq4cE3Qa;z6Z4hryOrx-BWLvd
/v_Error/redirect;oAGd6uv7Ua7-JaXu--M5dVrr7HSOIV-NAiob-tu71AKxNYyIAxqjQdVQV6XM;SiGJ2KTZE2QVZtSy
/v1/redirect;sdfsdjhgkdjfhgkjdhfiueyr9348;kdjghkdjfghire
/v1/redirect;mIux6MN9FF0PJCo6gL-gxBegFJ82JjC7i-8rfvQgMiwr3UjHejxf_6fT_4QA;QNsFNPSrBVZK3oeC
/v_Error/redirect;zoYDDFjAXvZzey6Y9qISnn-tLsGbbZGWc518n9kVMkZhe0lNhhRpuyU38kp7;VSvslx2WaRQu1gDI
/v1/redirect;sdfsdjhgkdjfhgkjdhfiueyr9348;kdjghkdjfghire
/v1/redirect;R2FaDfww-TNL7mcOKRw_xqpwQ8Bupgbn1ZReHRfYHwM2oX0HUFt1F0Lvf1Oy;WDbAZ165Af0gbicy
/v_Error/redirect;eTQgF6pcMekJv2QbB-s-1mNRZQv564BjVY2MlYkXLFS-ScUMRsk1UYn-EI2-;_pLUmwqZ8UeWkVJm
/v1/redirect;sdfsdjhgkdjfhgkjdhfiueyr9348;kdjghkdjfghire
/v1/redirect;NdPG6WTuPb8bqTzZTlAo-ZIXR1trv2970IhpYNtXe61kS2-2pxYfXR46Wvsw;dz67br9RL6iRdiKC
/v_Error/redirect;LodI-Ph_Ftexykf2-b2Dt-VJBI-JRmsmkEQlcbH2-3xuaveHSn66R4JSuExc;tWdtqpZg02y4BXA6
/v1/redirect;sdfsdjhgkdjfhgkjdhfiueyr9348;kdjghkdjfghire
/v1/redirect;-zOnVDL-0pkkbsGc8UU-7SZbt93JCuT6CY8hoEoPRnxgrR-5AD24G2vAVOqv;CG0Pd3yxyN_tOgc0
/v_Error/redirect;6H2gtN2Cpegik0mSeXV12IORMtfFP33_CIPuJtTNh1evUTWG4n8QP-F6kDO4;wstEt3RPTjmqfEgs
/v1/redirect;sdfsdjhgkdjfhgkjdhfiueyr9348;kdjghkdjfghire
/v1/redirect;9NbvppiRr5e7os7Kf1o04799x_PkobJqt8CoHqo9SByueFDeJps7p_Az7iz2;z2qvcqPPN3BaphhX
/v_Error/redirect;n2gePgXvIIb9vzVzOpuOKTrs7ksg06UR7L8RIM7cPRxD7RKyJDqxtALzJUW9;FfcWVDsd9qx9874Z
/v1/redirect;sdfsdjhgkdjfhgkjdhfiueyr9348;kdjghkdjfghire
/v1/redirect;GM6dOU6TIF_w8rR8nKRztefIJxndU5u7qbbMJbBFj1U15NM6GsXghK6OxWrX;ctO7FkK2gU0rDJ4x
/v_Error/redirect;YtgtG2Rc5WM8TS4ATviRYsUp2bgs90vbBsCuXLlv8k31xVKMmZGLgzzRSRia;a7_Zd8aQUreX5oZI
/v1/redirect;sdfsdjhgkdjfhgkjdhfiueyr9348;kdjghkdjfghire
/v1/redirect;wlCv9rj-JujX4VY_CJ6Fc1rDHShWmI08csxGTFJG_6AHfB21BL1Kt__T9Rv1;akZ-ram0yYYMi4zW
/v_Error/redirect;seR5ErrWcAxYkR856XTa25PU_joTne2EjYQNy3yiBuqWs75BIKAf7jOYFksz;OnH5Iu-dKHR9dlHf
/v1/redirect;sdfsdjhgkdjfhgkjdhfiueyr9348;kdjghkdjfghire
/v1/redirect;XLC4GNzHD_GhqtTojBlO77r_c4Bw6dK62w8M7UppYJ0etU_pfDo_-GOs_k0F;6EaNGgQ50NKQ8NNV
/v_Error/redirect;Boyeue4Yk25JbTOxkRb5c090ABGMIaoAa_MzetpJ9elmkW5TJpHM3t3BiJEe;piZPJ0pATL5iy8q0
/v1/redirect;sdfsdjhgkdjfhgkjdhfiueyr9348;kdjghkdjfghire
/v1/redirect;F6VcDK8H7lVz4ZBItkslHjoQ2N0xPtJ0sPxTzxHqEatRCjvYAJsMWKmCYtgM;1E0pi9swXKMXUY6M
/v_Error/redirect;t-GhW3WDrWp_B-fBEWVonbBx3O7GT5QfNGpqj8bSKH-UF4TYYiyNXaGCqjD5;5dwq7lxFM29BlhNg
/v1/redirect;sdfsdjhgkdjfhgkjdhfiueyr9348;kdjghkdjfghire
/v1/redirect;O3KUA_wBCakAcv99L8vHqAu1qJNM6ullCZ0GGN2_6cG_znQP29Yuwp_sH6YD;sp9Vm4Zy2vxHqBoH
/v_Error/redirect;oLQE1qDofc8BHIBb0f95Sff9XnUa6ay7oMXEhOfVVDDVFmfwHnRJq_MGeo2X;dSQVTE6z3FwaJPry
/v1/redirect;sdfsdjhgkdjfhgkjdhfiueyr9348;kdjghkdjfghire
/v1/redirect;HY7aTEmH8zeY8NXGcPqE6AsZpbOuJm78OVWnCpzfVETkeqyPoFWkMcpzUClo;ERBYKzQe-KHjbyZu
/v_Error/redirect;cQ0bh5AD_sqIQm6n_hPsEg5ZQnZE1RGe0LO-C8pk2vXAFDsPxVkLa1d3CvPG;oGpqMk5Q5IOmZFuq
/v1/redirect;sdfsdjhgkdjfhgkjdhfiueyr9348;kdjghkdjfghire
/v1/redirect;ePYTpIDo_5otIIbJw-dKV8ncntnqi1_tpbmXshaZzD55y4ntDdQCxs9rxE_p;GodgJrtcCJ3zOVQJ
/v_Error/redirect;-pRlBnS7nT_t7_2SIC9J6oKhxrGYY9GlJn_2BLW9t6jx8t84PuZGkM9EJOd7;O9KIQsoQxdL4XjoF
/v1/redirect;sdfsdjhgkdjfhgkjdhfiueyr9348;kdjghkdjfghire
/v1/redirect;JaBh9Cluojs-dqzfgcqdxT-MdoFXyjA9-7tR368Zdw03RjRztn0wLIq8JpRE;xUU77-CrjCdGIylq
/v_Error/redirect;yHfbYY7t973LXK27alfOmQEeJ6B0DGwcebtIvSUxgnfeSeoPKbkA_bcCY5do;AlXDrO3wgMI6XCa8
/v1/redirect;sdfsdjhgkdjfhgkjdhfiueyr9348;kdjghkdjfghire
/v1/redirect;EVLhEo2n2gMAdEtBvrD0CKnLjSRGMZZ8rUsaurclB4fBRnfYhyVCzJFTmAwm;tNjKis9fo9aRpxTj
/v_Error/redirect;E960LRqWTV4y8VVZgRh94EXgA_yrBrt3d_Np2Ozu8m4mPYy9pXDipz7N-1PB;5-kVxtV0Jz0kWFEg
/v1/redirect;sdfsdjhgkdjfhgkjdhfiueyr9348;kdjghkdjfghire
/v1/redirect;ddZZ9IYxxezwA2SDTVze9fzgj5W1d67nzNq6TaD7KBZEnEjYXXni05Csq684;ZGOEqSkJQcU2iRGJ
/v_Error/redirect;UV_NxULw7y0gcK_RgqheNxHNo9vMCdPdW4Bk6ScmcJxRN4f66Cd-Z0xTECNe;r7hnNDVms95tTQIz
/v1/redirect;sdfsdjhgkdjfhgkjdhfiueyr9348;kdjghkdjfghire
/v1/redirect;WEcJoNnu5fFZdW13OyA5lgp3K0gQPnzXK2KCb5cYbvmj-ebOkNA6uUqpMSqo;WH42obwSbR_nIYaE
/v_Error/redirect;qlBwQHyf4_oV6MnZ1le5Oo8QPb7dzaOMB8Kb82GbiQyc-0QRIWbv8hjY7lM9;Y359OfWvKy7rQ9_M
/v1/redirect;sdfsdjhgkdjfhgkjdhfiueyr9348;kdjghkdjfghire
/v1/redirect;EbzklzO3ne7WwZFmz7FvsFlpGgnYpSCXdt1RUqEUjEXCdRjmmVEnRv1UZ3qu;S1ZVPAc1Vjj6sEgs
/v_Error/redirect;71OmjWpo-TOdh2thJazmX64RKlFUXIC3PtG6_eWRM7gfwoAxqnpCSORj7Eku;HOZfZGXOCDHWMKZD
/v1/redirect;sdfsdjhgkdjfhgkjdhfiueyr9348;kdjghkdjfghire
/v1/redirect;osnqTCyZR1KghEaCi0ZWrFeTTVrxicwqbIH3f6_PI4WiF4LQD1AyXxoe64gQ;l6hmn46LOXwQ8XLl
/v_Error/redirect;8zZcOkhzVxbn7v5y0Y6SDMZyhlMoMr7DDuLmSLu9r4dY70Hv3p_Xh4HRh0Xt;B78pJZPMNZH4QDLo
/v1/redirect;sdfsdjhgkdjfhgkjdhfiueyr9348;kdjghkdjfghire
/v1/redirect;89dCI-Hg6P5kClc9Bq6DNtaIZcxLI9xE8FGVHKM-6wUTTMqtnrjR6-WuGO-M;p26bw4Wk1Qbm3n4C
/v_Error/redirect;J9uL4ba5tWHttDVQi_PiVgbTc4Z42StOtq3BgBZTQsSmQVeeZhGXvodMSCvV;IUGYiEufv0vQyQUt
/v1/redirect;sdfsdjhgkdjfhgkjdhfiueyr9348;kdjghkdjfghire
/v1/redirect;4aYdH3t7PmuZawBudoxR6LcgRDkQiPJ3h4dzjE87Q9tQZPkOEAm9VJOEpi7n;pXkLud5NAxQDd2XP
/v_Error/redirect;HfX2PBS3oqD4fh02IFB8YHf7qokycA5u_f0NnlvJBx-0f7i5fVVAElXZ5K-u;dfCLHm4CBpPXnaY4
/v1/redirect;sdfsdjhgkdjfhgkjdhfiueyr9348;kdjghkdjfghire
/v1/redirect;alkmzWCqhLxF9hVs8MZI6PppZzCIR8tCpdbWzLumGNZEmgaYIusUlbqxNmRr;H8RBR96bYoVdlP_2
/v_Error/redirect;txhQxpAUpq98zAT6sSZ9fNfSz3a6hyQYom4Lbi2mYXPuWkBPYOFLIvJMCtg3;nmA3_gwRO762rtEr
/v1/redirect;sdfsdjhgkdjfhgkjdhfiueyr9348;kdjghkdjfghire
/v1/redirect;cAgc0GxZ2pWqYZ_HsJpNmr9TrJGYuDqlkyXBop-B9GcgfRYJc0yEcsiJfAmR;Zip1-tGkbLDsNMsB
/v_Error/redirect;8KfsGx_hQw6_BdRkG0PR4hGFLq1qiTfAuocjZZjCPdnJHAdz1dFqBBuHHLYn;WZ4fxyaccKgvNpnb
/v1/redirect;sdfsdjhgkdjfhgkjdhfiueyr9348;kdjghkdjfghire
/v1/redirect;BvmVKcQJUsFqLG1yk9o7Txhe86WLnb0UiBZKJ-zX8ObFfdzDrMIYUKdjtz_P;SQzZ3KRgav-8NjcZ
/v_Error/redirect;Dad_I6pGF4BIjMSKMxOvKg1qKfDe24XPn1Qr77Q7NYkwDtVC-Q5loWNlUYbY;DK6gTFS0vbqcEfOz
/v1/redirect;sdfsdjhgkdjfhgkjdhfiueyr9348;kdjghkdjfghire
/v1/redirect;IlGvY_aj_f3unL9vVyV6ja0vQBotfHWxlbgwVuAtrqbwcFYqSQYTqcawfBE0;cpj86JNbm9mnMXi3
/v_Error/redirect;k1Ak9W5JBToJQz6Um1VB1pHoJbCsGvriR3V-big6V0CW9wCl7yDVfH-Yy2xx;fYHCMYpzmHuEXzpM
/v1/redirect;sdfsdjhgkdjfhgkjdhfiueyr9348;kdjghkdjfghire
/v1/redirect;C8PCijTnz5UR9AAx9NBhZw12ggaDsbh-OBXoq2Bt-MABMrgxSOXThn0v1SYJ;iCM2ANsYQL-sV9at
/v_Error/redirect;JUb3IZ3ZityIi06pe16UWLXh1rZ1wmvpHUTSPUh2s8P-G1mjCaAK1h0Pv--D;33rLxzc78cuA_k8N
/v1/redirect;sdfsdjhgkdjfhgkjdhfiueyr9348;kdjghkdjfghire
/v1/redirect;tAOvC6schJAySBcrMw68Y6vU58sJEPXocQzeFj-F6eCbzw5d78BwZNnx0TX3;Cf8PHvIYnCUoepo2
/v_Error/redirect;83d1_lzSCtBySVF0kcb0JBnbYdd7zySfhy-8rOHN6TLEcVRxAgt0adRxJdLE;AQfo7zkwZXmnCh3j
/v1/redirect;sdfsdjhgkdjfhgkjdhfiueyr9348;kdjghkdjfghire
/v1/redirect;H39D4Z2aECGHOzlqJ_1MScMdlvI-P1AxhmmqVXcdvlBaymU8YHxGsUghs2HU;0Xosfj8M25-cctWR
/v_Error/redirect;q0kGKKIe4Lhd_Lwbf-zm2idT264it-Q2NOogVs0cnVRN-r-CuAQ_EPDGhYI2;ZFjeA7bezh4khidH
/v1/redirect;sdfsdjhgkdjfhgkjdhfiueyr9348;kdjghkdjfghire
/v1/redirect;wOGBCw6MjkmG5tToohtFDJJ9bogKzML61EGYDl4unbAbQGFQH7w55Q4CJFo7;tX0clLUjOfzSYHp6
/v_Error/redirect;m_gyQdgs1co1ONBWsEzVE6MQ7OTCfurtuEZbmNEi6lOLOSCeHeSaR4ePs52G;AWvn0GeDfU5lMgr4
/v1/redirect;sdfsdjhgkdjfhgkjdhfiueyr9348;kdjghkdjfghire
/v1/redirect;hodOhrya-J4Qfcjr_KgvhfZYjmOk5VnfJu9vNsJ4cDQMPYcAKhzBgi5Nsw1p;x4oCoIvHJZv0Yo4H
/v_Error/redirect;nDnINDzDgmCVa9XnkQYG1tGzfcp9OKlK9EnUoYPa0wFmt-uw2PmlSuDI7l2L;zieS6hRflqS8NOiZ
/v1/redirect;sdfsdjhgkdjfhgkjdhfiueyr9348;kdjghkdjfghire
/v1/redirect;seS4Z3LpquLTWybtO0VRuey0l2Dr9AvLCgAyWb1QgAE3HBKCwAqw0m3DNG0z;MXfoQVdabeRBS-Yx
/v_Error/redirect;2XWZJ3cpNtNJTmnlGw7cWIVaVEQn3Oxa6uash5t4COHLiKHxuZWDmneMsUMR;EPllN7j_zaGGhCfH
/v1/redirect;sdfsdjhgkdjfhgkjdhfiueyr9348;kdjghkdjfghire
/v1/redirect;rVkCq6oEKKwWzizdrO598suyhsF1tC6J0VtG0j56BKM7mBq9EttJscDfmqCI;eYy-Q-7UP7Prs-pi
/v_Error/redirect;QgtEx1WJoonCOqCRog5wUE0JQSuESnUJK9S2NdB6KNcKGPDCTaWGVd_B6lRO;G5Iwha-ZTBOiFbZi
/v1/redirect;sdfsdjhgkdjfhgkjdhfiueyr9348;kdjghkdjfghire
/v1/redirect;KlaNtjeZfFijqJN-YUbBwjUusQveCcm8rNfoMrnVJ3ZQwKoT0PA8AyeZO8L8;y3j3AEsPIR-DugNJ
/v_Error/redirect;V_fWyG3XlPqAkatYQJHUbKGrv3yuf7i7-ZXi6ATklDsak-LtViZ5CP2cAJnk;WyrF9R62bokXVm9D
/v1/redirect;sdfsdjhgkdjfhgkjdhfiueyr9348;kdjghkdjfghire
/v1/redirect;IkKDMWBRJaKlyvlOxtI4IvhO2RAZDiBkY6bKm1fbbhL70u0NLCATt3JSLV9P;y75Q3L_yxNnipuSi
/v_Error/redirect;f5ixhyCmyOyznpyTSuasFCDzac_yYT1wntOgQT55gm8UUyHia6ZssWTxhAqY;fEm-QK0Ure_4e_gd
/v1/redirect;sdfsdjhgkdjfhgkjdhfiueyr9348;kdjghkdjfghire
/v1/redirect;ktkSHfRjys4bNCvXPXmF5jmsaNWArVa-cP29ib_9UdIYIxXycm2-Y9D684od;tQZ_45_rPRlxgmH-
/v_Error/redirect;5CLMV758rZJ5oTvD3Ha8su_dIcr3pea3nO2AuuI0Cjz2s1R6b-3q01qLcNME;xf_1JRhzvwaK51o5
/v1/redirect;sdfsdjhgkdjfhgkjdhfiueyr9348;kdjghkdjfghire
/v1/redirect;3ZXysNw4OhzRXxM2kIZFjcvQcsYEmuNspqaHAJ97kAPuW_vcpY4DA2Wdu6mx;TV4TSPdWVWDY08Vy
/v_Error/redirect;JFL1gMcPgSzBcUfdmo3NAVt68EEnlnqC4rPGbDKfZrwhVUcKqtGnymDfrFQ-;k37YAXL3n5xvuvZt
/v1/redirect;sdfsdjhgkdjfhgkjdhfiueyr9348;kdjghkdjfghire
/v1/redirect;tsKRFMm2q78hpIXXtqLbSvrvXxTlXMXM_MBp-SM7M-hAxC7EqbJvkrTF4O6e;z1gtyp_MD2EjpUGi
/v_Error/redirect;GAPW7G9LPfNGPx7UWGmW0Cwif1oz-FCpRs8iKf4zr7510RD1UndOSt1zMrib;GCvuzxJUsWQhLjG2
/v1/redirect;sdfsdjhgkdjfhgkjdhfiueyr9348;kdjghkdjfghire
/v1/redirect;cjlYDZ-NlzwknrCcBSRyEca0Gz9wzUYteAEZrpet-o-rJXxqnks5GMVcbTMu;7a1zXqzFLx8dQ4Jr
/v_Error/redirect;iZ09Htp_yW3qJMtorxwdJ_wGr6nfro80XjU5yNZIJQYsywNdBQCA5-G2B5Xo;5KVT4YYdYXnlu-wj
/v1/redirect;sdfsdjhgkdjfhgkjdhfiueyr9348;kdjghkdjfghire
/v1/redirect;aw6DP0IRdUgp5eU6wc44n7qnMdNFCzezyqAVc0yT49FElmXsZ7LPAJvCNe8H;F9uaBO9lTuG1AL7W
/v_Error/redirect;ONSSGKQ_So48Yth_-Wy1mWbM78d9Ngx9eil6NVppPsQdYomp3namQAcj26Rd;U4_sJT9zTnvbBycC
/v1/redirect;sdfsdjhgkdjfhgkjdhfiueyr9348;kdjghkdjfghire
/v1/redirect;bdhX3vnDCBlieryAS59algZ4stXpJnWFFK72o7Rt_TSqU9hhOrHdhEl6ePn_;t9vI0BkkvpoKqM5c
/v_Error/redirect;KaIQ4FYVwJ9OTqNtpugbIl_jgEVmj-7Q7vx6ZSylsAkGvJEN5ihFaUP-2Eh_;IsgrjkMiLF4YR21h
/v1/redirect;sdfsdjhgkdjfhgkjdhfiueyr9348;kdjghkdjfghire
/v1/redirect;BJLivfwYXQ-QT-jFu78BTSCa4IJvLzEyEb-NeZ0Ffrn43TFRZ2OekVZLfCPI;ILpbBrUcfE9VbTgb
/v_Error/redirect;61ZhlPTR1WlzyHK0tdyH0clENuDRok5D-zytZ6KiJO5svblBCWlIlOuLl-X1;ozZgFDfKqwdQkSc6
/v1/redirect;sdfsdjhgkdjfhgkjdhfiueyr9348;kdjghkdjfghire
/v1/redirect;S7QZvmsVLFR4jj-CP3g4-O-i-_zSfijsifXHNzS5dMQmUsN-lyOHPHDk-deF;4MTO3m-q2imtblIs
/v_Error/redirect;RFXSz2tK4cKlrlG_CRAvs-a7DelN3NQTfB44frDt6K16WBTBXOHcPwg_AGvE;pHDvW0Qp3PH0aKLG
/v1/redirect;sdfsdjhgkdjfhgkjdhfiueyr9348;kdjghkdjfghire
/v1/redirect;v9AmC2bjQid0joLTjN2cB46gkmhZcsIYLMwwhUWN4qj_XNap1WeJ85iIsNBM;KlPPieHgl8yfcmoG
/v_Error/redirect;DQOdJokWWZ9MDj9LcuY1Bm288QC3Wc8ySX1J4GafQMm4ht5hHgWBg1eAl0QK;2c9PV0GF5p868yy6
/v1/redirect;sdfsdjhgkdjfhgkjdhfiueyr9348;kdjghkdjfghire
/v1/redirect;zg-hojbrW5K2SjTtM5mk1C1cXggnGlNfgcgS1GUNxOiuIGuAD-OfSh9jxido;PPPI-Y73E73MvYjM
/v_Error/redirect;mX0b58S13CDEy2alLsr-JiKONyIgGG9wMo2j1_A4j25OShBGdidytm3N6VQu;GA808V_GhjlsKIvQ
/v1/redirect;sdfsdjhgkdjfhgkjdhfiueyr9348;kdjghkdjfghire
/v1/redirect;H-oLhEJMtitUShZxyB-yFt2d-kVQrMfIxmAXbBVAmDEn9VDJGyglexMsxPui;GBei049-4DdWBObL
/v_Error/redirect;yeDmLjrF2GJ6Hr7yo4X4CrPRmsjLWoUXZthfXw_IniC72UsQn_gULgptgH62;5RFjf5e-4ATs_yoz
/v1/redirect;sdfsdjhgkdjfhgkjdhfiueyr9348;kdjghkdjfghire
/v1/redirect;Iw38jkhhV3i1r3MtEdLELKLF86a8t8L9F-RU_iQ0p2LoJHRR72WjN8APRTyK;MQBVXZoz2I3jzwU4
/v_Error/redirect;MTzw2eaoSbkyz4XCA9N_p0pc0edoFJU6_IpdaKaHPVjs1EL4RLW5bBEPBNVB;BZGSccUiiGA9v7fQ
/v1/redirect;sdfsdjhgkdjfhgkjdhfiueyr9348;kdjghkdjfghire
/v1/redirect;Y9mgWgAbdiJ0AIS14Gn25-RrSUdytf1iL-ctIf980_eL4SN3acryfM03bWON;yWChyrg3gRYVcDMP
/v_Error/redirect;bWYUUPaMuNfJTODopaWB1nYQpVeXfyQC5Kz5nObBLynxwT_dTVQPtf3yywu4;3kRyEtV5N8H4OnkW
/v1/redirect;sdfsdjhgkdjfhgkjdhfiueyr9348;kdjghkdjfghire
/v1/redirect;E0bg_zGf0OZoJFwvHtCjpqBtVcP5HQQyWQHfpbCeh2BEZ9PzUirw4U9hzv68;0sjVANIu3oGg6XVe
/v_Error/redirect;EofflxP6DYQHp-pSbTd6a8-rlwRFjMA1C5UCjVB_shRRveBS-guR7vaw9sxL;sYPCxYcBFN04K7LB
/v1/redirect;sdfsdjhgkdjfhgkjdhfiueyr9348;kdjghkdjfghire
/v1/redirect;rTl7Hd8HjeESPfoCO1JiezpLl6wIsPQmnvuig6LwLSt1lBJ0i5UsIIghlrZD;VL7TNrRlj27-RXKj
/v_Error/redirect;-G1y2qf3O-JFFMirZAHObFnKNg42LEXlITXCfUYDHGf5lH2zoCzicrY2cNu3;V70aK7ZiWRGqWWVZ
/v1/redirect;sdfsdjhgkdjfhgkjdhfiueyr9348;kdjghkdjfghire
/v1/redirect;Q91A101CVktF60qQ2I96NUhfoYavm38gdBB6QIJYvewCpWnFiy698d0irMXI;l66aPm2I2yImKr3D
/v_Error/redirect;EqMnHRnf2QZLRcUTIUCCMwk6uX9Y8b1R4rVJeF_WUULXubzQxxRiaO2ay-9v;Vs4-3fAUFkKhhMR_
/v1/redirect;sdfsdjhgkdjfhgkjdhfiueyr9348;kdjghkdjfghire
/v1/redirect;LhzrtZscAFDv2BOuxh_Jm7qitoeNueK8b72kGpwItamcvfJ8RDhYcY8vUuD8;iPvo4j5nwsSyXOfw
/v_Error/redirect;gPJzjHGzerLmGTW5UKlfPf8tXGosyR1a4eKM-MiCAYVByNLMIBN3ZGvLp9hB;LfcTSVuy1J0lKlWr
/v1/redirect;sdfsdjhgkdjfhgkjdhfiueyr9348;kdjghkdjfghire
/v1/redirect;ix_Y8H5SAwptDfKo5UW_3DJRtcVLhQqguH4JYWPld5B6iEY8lfFhEjFBCAyC;AmHDZHtpyFFenE__
/v_Error/redirect;N8E1ZvgS0Zuqepba3MfHhe2u0pZYQB0JmIVMIYk343RcQfFqpYjTFCxR0eEq;VJ4n5G0UuVCHRSjo
/v1/redirect;sdfsdjhgkdjfhgkjdhfiueyr9348;kdjghkdjfghire
/v1/redirect;ONFrp-sD8xEOwXWmhJir3SSG_hVdIVrmNOY-u4PoVfVgZRskFxzNVXUcX-MS;jMuAlTQlo_HVDw53
/v_Error/redirect;Xk3HEqhzAHo_qj7F0cZO4YHf3Z3tJmoC-2CKyVng36UIJ6qeS1Ithf4_DFs-;d3ciCa3V6zLKywEd
/v1/redirect;sdfsdjhgkdjfhgkjdhfiueyr9348;kdjghkdjfghire
/v1/redirect;mNQ2uQGEvgY4dNv53hdm1V29K56oOhFKd_9f5V1DfJde3G7DkjQC7EvPEvsf;4vgHcMkcSmm0OJjb
/v_Error/redirect;WsqBpcfHjhHS6FT2lj9tih_zGBtmA6DSLLzjsZdFPmOwMqCMVBTzzl-Csrvm;0hLbITCllcebYBXM
/v1/redirect;sdfsdjhgkdjfhgkjdhfiueyr9348;kdjghkdjfghire
/v1/redirect;H9Dl1jYhF5hfCD9zOzft1aGPKJaipXdRVN0ZrnBQl7Ax38KkuYdllno40ag7;4fOqhRBU9GSQ1vB5
/v_Error/redirect;FQfb1s-e3Dkzq_W-Hwdu3s2S5kw-lO_Y59zsA4FA3LOrR0Ui__J6mNK3OUQ0;y7fwJM-Jm1dk-pPk
/v1/redirect;sdfsdjhgkdjfhgkjdhfiueyr9348;kdjghkdjfghire
/v1/redirect;jy2mKorZy4g_NMu0mwbRodEtHAAvoNlOf24ludpErfa0EgtIdXsyYEIB4qMf;5ONCupuIxXY_IuM-
/v_Error/redirect;zcRGgMqVnaKQSPPpwY2wWpZGA1PzyyDrOejYJS9Y4eIS4eIB7HOG18Pr378N;yomnRQS5mqwI1Cv7
/v1/redirect;sdfsdjhgkdjfhgkjdhfiueyr9348;kdjghkdjfghire
/v1/redirect;nMJ01f5M7s1LnSniXDBQZH1R4JflQtN0R_icNRmxsymkl2sa5k9Omqf-f7va;UvIo9rMmUMbT_Xci
/v_Error/redirect;feD47qESaeuUdFhhRhnVqlfOeVGM4RJtmqYjc2vJ3H_vARhqfxG1qF72WTy3;oLnWh9iAf6FTWcQf
/v1/redirect;sdfsdjhgkdjfhgkjdhfiueyr9348;kdjghkdjfghire
/v1/redirect;jJMSKTb1nEXhmFM37R8xL3SN1t6bP9snmWMymhvVF8hxQ5_mm_MOe7BrWURb;kcVaXYXU3SaXpKws
/v_Error/redirect;qOK5YNsAGI4_ClmYgNuwV5y0gn8M-QU97k0vifiDCbpAXhXCF3V0L7FR4qej;mSZHIXGcAPZfE0Wo
/v1/redirect;sdfsdjhgkdjfhgkjdhfiueyr9348;kdjghkdjfghire
/v1/redirect;W5EINpQhuRxtP-BPnNwnvk-_JlbFNMnNQUn1lavaFYlQ3FmaGfTeOM1Asa-c;fnIR8BvSW4RX_tVh
/v_Error/redirect;9rU5YOpF7HxhyQWRS8qaW8gY_5CnendCcp7SEtAFXU-BeEEH1BnZtkgdhxs5;eI7QkJI5Z1Ucasg3
/v1/redirect;sdfsdjhgkdjfhgkjdhfiueyr9348;kdjghkdjfghire
/v1/redirect;3PeN5eu-GKOQeJu7Ui62FptwS2c9fzlA_dwzhPdUgDqYCEtU4gH6gtzNrF56;iZ5eAQnTdRbDYlAl
/v_Error/redirect;-swzCwWeog2GkbD4YbEb2ATtRCCCS1dm90oEo57Z9xme5pAcFmTDZ2p_Cib4;wmkRjePdWlA9koL8
/v1/redirect;sdfsdjhgkdjfhgkjdhfiueyr9348;kdjghkdjfghire
/v1/redirect;G1ZM31nH84X37TLyl3j6L4Yadj4LhtlY2kb7DL55tHvX-oNEOgoyxbVeeGyF;CoViuIo7U8HdGDeZ
/v_Error/redirect;_afbs4rG7F4Q5-b1QY_kzKvLMvsWHlmL-r0sbAyHtnMTJigIVEFyfOWarcVl;yK0SVgvZivNVHNTG
/v1/redirect;sdfsdjhgkdjfhgkjdhfiueyr9348;kdjghkdjfghire
/v1/redirect;w4O-PRv2ZoJtI8MO1pQNICsVYrdnKEtveNhg5wfHfKERkW3Sw4qDmqRyDpmR;n-o1JRjmm_-lAhhj
/v_Error/redirect;8WUgxCstsm8YlO_u5NsGA9HmU52Gk6OqkAvlaRbAsWGCz-NhsxNES6MdBPe2;QwWfhF7ULfrC8k31
/v1/redirect;sdfsdjhgkdjfhgkjdhfiueyr9348;kdjghkdjfghire
/v1/redirect;qG2mdONnf5sE-d4WVQOrai8y4e6Ennu3JZS2Nis9JqNuXi7o3GyJMFzuY8KX;YOgdnnPSn28zmgVi
/v_Error/redirect;0yy-e_GCPr9Lm62wcuv-jcutthibWSfONCSstIVkrp6YhOChgkjWpxv3Byak;edcMGxWTK2ilQWsC
/v1/redirect;sdfsdjhgkdjfhgkjdhfiueyr9348;kdjghkdjfghire
/v1/redirect;gQ23Tmf42ahoTrwkXXXUNpgU1uUpYmMdWMACRAmP0FzXwGCoTon4GwKbqFef;vxdHpi8TBaSfCup9
/v_Error/redirect;FbSB452a-0mrNtooxtXYjx8JnLjKnN_980y2kx273lbAZMlD0VSGcxegA19m;lVKwOyM5AjO5sa1J
/v1/redirect;sdfsdjhgkdjfhgkjdhfiueyr9348;kdjghkdjfghire
/v1/redirect;jmkucT_EB6QQ7TSGx1fUkAMvnMp3Rwqr8RxV0imcuO9lfH893RffcSV0x41r;pWcokZ_qtlyMG41c
/v_Error/redirect;UGyH3uvnx4iKr5QvX6ycfkJcDqspbiphwsbnyVhrIZMNpuPqdtaP30ZWYIbo;l1pqdI1WC-l0rQOJ
/v1/redirect;sdfsdjhgkdjfhgkjdhfiueyr9348;kdjghkdjfghire
/v1/redirect;mPBkZsNjTCsjSAmcpSm6jfxbmtHDnyzetzlNLKXF7pPZNzfXZlJmvaK8kx8q;N_NPSLeEb9KP5SzD
/v_Error/redirect;deSVRpXrtNyfGiNzA3TevyCa95kCNpPXhasidt8_aLZlgwljB0orUj4cecUR;Fi73NFeO3wAXFn2j
/v1/redirect;sdfsdjhgkdjfhgkjdhfiueyr9348;kdjghkdjfghire
/v1/redirect;8a3SGu7vu_FdQSLdluJEXzAs-U47kKm5i9Yw5WeJzOfd7YzpcisRMTvpY5gK;sPwrhZRWC5HqkS8L
/v_Error/redirect;k-ajYhw6yc_Vax1HMMwMpe7e8QUisxsMAIlJxiQJ4wxUpckih8UIzDqTXmaY;HTR3tzrwlSDACTpp
/v1/redirect;sdfsdjhgkdjfhgkjdhfiueyr9348;kdjghkdjfghire
/v1/redirect;q7Bh42YL6Z_JorAVmX_ga9WlEHToKByx2loHUu_iO7rdK1m6lxpd4FyW0Ejg;dnSegeOcZjdo9Ouo
/v_Error/redirect;5hUsNrdlszDzwQXeUBoqA_XHzDcTgL_wQTkEx-OTj9RkSXdW8uRe46fb1ekG;Tt2zcfVT25OkjBRY
/v1/redirect;sdfsdjhgkdjfhgkjdhfiueyr9348;kdjghkdjfghire
/v1/redirect;fsUrV07PiGCsy0DfCsZYBErfYMEM0yCf2NJX61HU-oSk7h0IPvNIARzdc6Cn;cb0U5TUu2TUpPten
/v_Error/redirect;WQzK3LP85tCBIEFhQpuwwqsW67N24FlTzBuhUx7bO9_itKfXPEKwFEmp_EQw;4sIJL_aaiSSNsadt
/v1/redirect;sdfsdjhgkdjfhgkjdhfiueyr9348;kdjghkdjfghire
/v1/redirect;AtmVZaqdogDJDhiaeCrcHzttsrvicV7QpaLYX9sO2Sr2WQzmOvtul-IopwQm;X4LShFS6PC50SwwQ
/v_Error/redirect;dbZmiklXOzkPoPMZW7touLMONWenWA7df-EhLuYAyfC9aK7mZjdKbAsrpfjJ;DE0jGtonEfYrQGrt
/v1/redirect;sdfsdjhgkdjfhgkjdhfiueyr9348;kdjghkdjfghire
/v1/redirect;sOhfmo5sDAO11TPKpnE4Ns_XJq2tQ64juO6WkyU5cj5AW9fs22ZdSmG_WYDB;D8rPnYdAyNE8bMN1
/v_Error/redirect;4eUAiu04umPvFUngXh-5nPtfabzCoRzAgID96QUWs9LEqh3MPk2EO14QaXPN;PlEakbh-8PkWDfEt
/v1/redirect;sdfsdjhgkdjfhgkjdhfiueyr9348;kdjghkdjfghire
/v1/redirect;5LjgdhJvo3R7LJ1q9oafog6AsKl5cwOAmbO8JlyNXMPbbUcTnIu-blFv83Qb;GIKfopJZTkBJiv5I
/v_Error/redirect;tCNEed8-dKoaAo5vHkY8ot471KOeDx4JKkME17PcUGqx2pia339DU-k2qL_P;pycUYCM4Xjv1DA-Y
/v1/redirect;sdfsdjhgkdjfhgkjdhfiueyr9348;kdjghkdjfghire
/v1/redirect;wlJ-Q-EyqzgG_sR_iEuZ5zTBr34WJQadh-ihuM31LMtvLb0pYfrRErSDd41S;C8FosV6qzROsPZ4L
/v_Error/redirect;MC95R2xPaTayueegO22vftQkIn4IVNP4Bf-BxbJe_u4VsRB-dzJ2Mn0Lohzz;gfDDjmApExPJHmT-
/v1/redirect;sdfsdjhgkdjfhgkjdhfiueyr9348;kdjghkdjfghire
/v1/redirect;I04FKK1owd9ocD3i3OissOWNEz8TGZiZxiQQ2Mu-o9O2FxIWuOxlp9cjAMb6;uh5lXTcMIWjZQ4-4
/v_Error/redirect;26UTS3QIx93YB9U3ZQlLgIMCAjH66o2Ua1ov-AC7QNgksgprNugDDzt3eQL5;9gdgqy1oYmpAkGRp
/v1/redirect;sdfsdjhgkdjfhgkjdhfiueyr9348;kdjghkdjfghire
/v1/redirect;pEpuxjvFlxHM9HUFCuphLjFephg74sWDMrdhlzcsGhbp6KZ2UbGwA90gXKoB;iTsgKl0m6_3ZoQm6
/v_Error/redirect;cPehS6FDpSR7nZRyPAMyGOoZjrvOPkD9aHW_I4KMekr8IUxoqZHZgfWplUPh;osJdh-ZHHYbAvaNQ
/v1/redirect;sdfsdjhgkdjfhgkjdhfiueyr9348;kdjghkdjfghire
/v1/redirect;PkIWc5K1lKF6qA05acyGMZF8m4CySYhYJ9KbSqCdPkRFGgacbsi0Q4MbQ-qn;K0P4yp543x-M05-L
/v_Error/redirect;3IBCSjnGMySMEnY8pkGUf8Jk9BfXvRblmMta8wkOiayVbzNZIKcNePfLOknW;yvBMwfNI7GBKf2yM
/v1/redirect;sdfsdjhgkdjfhgkjdhfiueyr9348;kdjghkdjfghire
/v1/redirect;aMC_amv-0mANbmNQYuG7NYqD_CO2yr65t3FMlfc5C4VS3_uV22wzfsQjifS6;ET2sFv7x4rV8JGo2
/v_Error/redirect;E5fXALVEoYpOf7Huj-P-hXSvx-3aykAdaqzzRcgOeYKDHmcsJCISNgbOQFc1;51t1R8JdnuhkTsEt
/v1/redirect;sdfsdjhgkdjfhgkjdhfiueyr9348;kdjghkdjfghire
/v1/redirect;gvWeC_ZabDaPkQ9JdR_jQSyP1o_HCJzWsLfpUkwge8HDZ9cf3aMoV1nI6L8J;uJGTr2itF-lqpZPA
/v_Error/redirect;vrgnO_ulVwp1PwbUT0-FX55hplBb1kzPJNWvtgb3dD7Ica1n7qES016LBNGN;qQPmZlAbHOFxgCrc
/v1/redirect;sdfsdjhgkdjfhgkjdhfiueyr9348;kdjghkdjfghire
/v1/redirect;-7XdiWOPTBtw-xReI0ZWX2kRSZUAjhMWplB2p2PY1_AuyqF-Ve8GBJpq6o84;VhWewWyB84bmHiro
/v_Error/redirect;jyzmnBeAkgv62J3UvJRqseNtvt2gPwCvchtzmIocHNHpKTlEw0zhzC_Pm2Ml;95ahqp5qZqnKu_gA
/v1/redirect;sdfsdjhgkdjfhgkjdhfiueyr9348;kdjghkdjfghire
/v1/redirect;w4bgDb6o5KPMlRRsl22_OqeaY6xnOn-jMtFvAES4pmK4renObWosB1j1o9dd;154TNqv0VxWrg36H
/v_Error/redirect;RDQS0cWNhJk_2MoceGW7hme9VJZtwcsw_lC9uI-FkL7ycVp8MGG64-PqG9qG;vHKhpHgPsBV9jbLv
/v1/redirect;sdfsdjhgkdjfhgkjdhfiueyr9348;kdjghkdjfghire
/v1/redirect;mBBWmAXbOBmc7U7szmuqdoeKphuYgFqe9a0MA-WGzyh0cE0ptzP0petjtFWD;BDOLlzRckbkSSWzP
/v_Error/redirect;-CHA1QzOqX1yo-PGG378s7AI4nsHWtj1aPEKNWnaW5R1aq6w75IcWCjtuvpN;rXkSihjpp5aboZLD
/v1/redirect;sdfsdjhgkdjfhgkjdhfiueyr9348;kdjghkdjfghire
/v1/redirect;8L9HPG5kXal3rgFEg-1ohwJ95VjRhH2VgMtT2yZTmyCgTbicLVEm8uFaIJeO;ku-wzdhZ5UcsZJML
/v_Error/redirect;j22Fy6JQae7sa5MBeFGmJPJekniTocIjeZcq9xmMsCd6CkNFetDH6q6p4ZXk;99AAP6QbjGqsdRzw
/v1/redirect;sdfsdjhgkdjfhgkjdhfiueyr9348;kdjghkdjfghire
/v1/redirect;SCKJ4SmKOLq_Z0JD5RNrtfjCU-qRgdQw4jkHZ8oT1ZjmLmYEAhcTWG5eqfac;UCfD6MHkd5hBw8Xt
/v_Error/redirect;68QSOLvEX2IzrfjIbLxsQHAs2WvXza2NBSmIApS5lOCfa4j_6l5eQlaHchzy;I1QjSkRSjiJn4pcM
/v1/redirect;sdfsdjhgkdjfhgkjdhfiueyr9348;kdjghkdjfghire
/v1/redirect;5twTMr1cvbEhXVQbFa8pF4DGAtxAQ3RtETIehcDIz0T8aaAuDX5bWaXkcxEQ;U9XX-qB7Lxz9Y85O
/v_Error/redirect;g5yjHdE4RZt9MbrjNeqNTIb9LHdeyZtoXECzQPvt8cbZzIPHbSDqjW_OTgF3;Zrbqs3u25EZcGMVX
/v1/redirect;sdfsdjhgkdjfhgkjdhfiueyr9348;kdjghkdjfghire
/v1/redirect;Ba_fscIiVteDJOXc_tPFPPKbRaHNxb7c3sVlMc2oyiwN9RuoVbqLPtBoc7jH;rmvr2q29QkrXWi6N
/v_Error/redirect;tezdu3KqxSX7PAPaasNLdLgOWvyaexA67tp0YkRGNxuUGwSGgo1WqmnqKPLV;4vklxbnHZXLN_4oe
/v1/redirect;sdfsdjhgkdjfhgkjdhfiueyr9348;kdjghkdjfghire
/v1/redirect;NPjuKYdTavMsBakdXqxDmx_7Gca0AbknTsBftQD7h3D231DesA542s-3VUV9;7w33g6Kt5scqqPUS
/v_Error/redirect;YEDP5SRZS1v--XnXkt4gKFGh4A3C81sZLPD9UykFfnwbCYNLGCIcmqLaXWBT;Efbfj9GdWlLyLTlI
/v1/redirect;sdfsdjhgkdjfhgkjdhfiueyr9348;kdjghkdjfghire
/v1/redirect;JFiUoOqT0iVJKsV_uI2rv2j8O4V8ZXiE4mYN4fwBaKahaXj1lwBTsINRL27T;NB__rzwJSi70hpDa
/v_Error/redirect;JwdtkgVJzY4iKxAO09QkHH--JElBPt-OybXqGkk1roxsJQ2_kG89G3jqlgLK;PSduDb5PSKbDIyjs
/v1/redirect;sdfsdjhgkdjfhgkjdhfiueyr9348;kdjghkdjfghire
/v1/redirect;M_zBK4f9TUnI1FhqHy1Wr8t0P98t3WdL62ZV2rdLMIxkIc9KdwbWWd9OnDUD;KfgrFAQix9UPRf7e
/v_Error/redirect;NiPGBKzWjw8XFBymAiPw0Oi7__UUtMvvAUEYF2c1dawN39LFUChwhn_4K23B;Dgvoz4_ZzYlNVIkx
/v1/redirect;sdfsdjhgkdjfhgkjdhfiueyr9348;kdjghkdjfghire
/v1/redirect;-3zNarH8pmMeMOlQgLVUjE7UOG9z8-D25MgYGKTxhrGKKEciWrXKsVPhFp29;Nnr4AEoBrK5hIykA
/v_Error/redirect;BtM235pzgLcw8S2zDExJJjsONyAC5Ku93PhPqytmd1xX_O7KNtaFdwLljzu0;bSCb23D3FD7D_0RF
/v1/redirect;sdfsdjhgkdjfhgkjdhfiueyr9348;kdjghkdjfghire
/v1/redirect;NFPgJqoX58jgyHleelZncDvoFPuhScCvDO9mxKCmGs1VIJpU-g6uTeCjAp_H;ahaZc7UdsPNcCLhx
/v_Error/redirect;0HC9tRpZGHp0cvuuzU4hTSEor6Lwhsdipgs6bk2miUHUlAKeqMuc7MQ1GFdK;mVtECuuN_4GqLxX6
/v1/redirect;sdfsdjhgkdjfhgkjdhfiueyr9348;kdjghkdjfghire
/v1/redirect;iBE1-W1RmkjE2vh7qYMrljjmPXsfcS9CYAZZCg_aOUBCpsDcn2moXrzw0Tpn;bi7pB7kzbF5evte-
/v_Error/redirect;0Inw_F2G9nQ6jw8J5hoA6K_52GWsnmRfqL1DdXlr0J4XPuMRXZyI3EqGHLy-;uSPr9dJ8e6L0REjJ
/v1/redirect;sdfsdjhgkdjfhgkjdhfiueyr9348;kdjghkdjfghire
/v1/redirect;rX703-Jvna9XgYi3ozeLQDT12Uk3oca_WflNxugB6sPrnVS2z2g0ylYdjeJv;TUzXRbL6W6a6_0q9
/v_Error/redirect;IEwAKUGd-GJKcJZhwCPDXUrauNObPqLLy8PMAQn1ma1efbZLbrVoLHBm1ueO;tuBqRKBBlrHnLQvE
/v1/redirect;sdfsdjhgkdjfhgkjdhfiueyr9348;kdjghkdjfghire
/v1/redirect;A94l2tO9Kn6S8ju9xGxVjBDIkwy_s66NfrQGp0U9F-uT532NJ9bo7Z5Eglc5;0KIQZaP6e3viNaCb
/v_Error/redirect;sQx4sX_ydT8EH6phfMDuHuOC0lwXaMeFVj6gO7g7x95mAqLg_AnIlT-bWLmx;sRD90anCk6YExB54
/v1/redirect;sdfsdjhgkdjfhgkjdhfiueyr9348;kdjghkdjfghire
/v1/redirect;oc4ADNOrOV42rK2HG_qahRkGAmOiXUmU9S85Qa5JwEu7CpW_mjiwkdKeQpyf;cUF3YdolxOXA60lV
/v_Error/redirect;qxnvJVXw7QedYGbWvluOY2ZeoI47Dz0teSseRrPeHNjnXFIUQ-57iCQtIVGu;aWAXHyzBIfnwZ41i
/v1/redirect;sdfsdjhgkdjfhgkjdhfiueyr9348;kdjghkdjfghire
/v1/redirect;ezFJQTI1khVf2vypeWuKBe6o93VVzvArz22rFfManYsPbE4iRJGYI3eSJJMO;D5ZMCjTdM2ZzBXhf
/v_Error/redirect;cKAiY-K63KXXWet_ikSzNdxgi7GPlUf4YPm6cbRFd3Q6VXTQ1GfFRBHGWcix;Ni4cQFHtZzCQBrZD
/v1/redirect;sdfsdjhgkdjfhgkjdhfiueyr9348;kdjghkdjfghire
/v1/redirect;3C_lEJYBNOAfZ1fnZEoEm7fEsukqbNpszjWxIB1IEw7gc504IkaDd758eaMi;eQjS5wW8ouBbdKwx
/v_Error/redirect;pev1_3oMtlsL_6RWjuDNrCwKBcFJ2Lvmi3JF10LwKfvbm7j8aHSCoq2jlQ-E;CAmhKUqEnK3vx3bj
/v1/redirect;sdfsdjhgkdjfhgkjdhfiueyr9348;kdjghkdjfghire
/v1/redirect;us-oVtCGsSx6A3lYoX-8QvU8eR6j3BFRUWyDTj0Cs84DsrbtlVJiZpd9EcqU;mi-acBLbHBl5xb_Q
/v_Error/redirect;CUkeJUkfyKf9ZcqZi3xdPZidJj0_V4Nu_LiSGl93YlVBy27x6wMuyIK3PgrZ;yz-IvEq5kPc_0tlL
/v1/redirect;sdfsdjhgkdjfhgkjdhfiueyr9348;kdjghkdjfghire
/v1/redirect;USamdTKUDzU_tL29VJiOaFl8KaHRp0gSaduVR9942oeSwAmToMw6CQv14QYH;RAOdPDuKHHD6dw-v
/v_Error/redirect;CRfkBpG_O7Vd5k16A8UyocuD4qeVTxU_lX7sRqty1ucYHAunjZCPEi-sXpSp;8u44VPGY6hKjGcBD
/v1/redirect;sdfsdjhgkdjfhgkjdhfiueyr9348;kdjghkdjfghire
/v1/redirect;sQd6btuokx2PIQEv6iz0-mViQu_CBwyUyVRY0vrtu2m0WL69yaN4LCUqBXMw;86bXI5NKPV2seL03
/v_Error/redirect;dxyGloOJEqG3uIrKOmbmZZFBLIHYS4z7eC00g0NP7XPZFELi73etCxQWyDO6;_L2hxN7kcUo8x5j4
/v1/redirect;sdfsdjhgkdjfhgkjdhfiueyr9348;kdjghkdjfghire
/v1/redirect;82ol4OAfFpvLkx6lrv1NV0s7ux6C-H-zFvSmttn-bK8R0FKEGJn1JGu9R4qA;K7W0JA6JdmDKeWRy
/v_Error/redirect;gAOPxRTj8BTAsBOvnoNgz1DXmRAwxLhiyNzE6pEsJ_z3b525qh5ur5eAWcZt;HMzcBY18NLzG2gWE
/v1/redirect;sdfsdjhgkdjfhgkjdhfiueyr9348;kdjghkdjfghire
/v1/redirect;khBEoJbSN0enqF46R02JgzRIVIvbReJ_5-LJautCwVil9EZHG-R_rnb1dfoN;saU1ruyZKkTD_BCE
/v_Error/redirect;QKIczfe89_lh0qYqJoLUg5GTMqTkns8BvyAx86OXhWjp2tk6m5fq_zeortE0;NI7wPL5djmOE6Wy3
/v1/redirect;sdfsdjhgkdjfhgkjdhfiueyr9348;kdjghkdjfghire
/v1/redirect;tot-L6slN9xtnmVEJu1COmFrxPPZRm5DIrmIv_sAb-LbocosikREHaB1mEnq;3nNEMAueN9Pg9qey
/v_Error/redirect;tdpAgVJY7eAv02MwltLSP4FNCDdLy4aBdHUahq8a2KkimAQG1t7_4HJTjH-g;7SFFP1bswpq2RUj4
/v1/redirect;sdfsdjhgkdjfhgkjdhfiueyr9348;kdjghkdjfghire
/v1/redirect;nbHH1_P3mC3ni71qncJIogppoqEBFfZRLr2BogClltJz1ans97Ery4uktb_9;7EG-3rkgmcDPjbLj
/v_Error/redirect;dgFCrHL83SL3VKNRSd2knF58J6MFS49W4x_54VJfI6M3bJNPYDg5yQEuS_1P;CQILTYBOLG-64pok
/v1/redirect;sdfsdjhgkdjfhgkjdhfiueyr9348;kdjghkdjfghire
/v1/redirect;yqMN_1zssL2Z8diiIvhg5LabrH__lC3SkWddgD8j4hvxGVJB1CY0ArvVxK6t;wuWBM24yiM7USke0
/v_Error/redirect;RSYty53fM1XnCiZ1r4CRgwXnjiwZDn8S6PdCbYLoaOtb5rrpNcyyazm79ny1;zbGD4PzjD3S-bHWW
/v1/redirect;sdfsdjhgkdjfhgkjdhfiueyr9348;kdjghkdjfghire
/v1/redirect;MXAFw4g_eJHBP5cIypoGeF4Gy975Eq4bV3XX203FeIav-6DQRBIWVBDXMiht;8GMG64UCrm9wuKPm
/v_Error/redirect;2Q0irn7FNco8HNZ-OX_jhbiDI2VxOp40D0eEZOFUymLtTV_3nANPzP3MDSKW;XGodayPiLtWqbVUw
/v1/redirect;sdfsdjhgkdjfhgkjdhfiueyr9348;kdjghkdjfghire
/v1/redirect;4PLl5lN2LfrpL8ibcV8QPewHMzQfUnxL2s3oVkdNrg6_5-t3VIZHkp6GKwW-;eT0DHm6i9f_SFYbE
/v_Error/redirect;iCDg29chNqC4TYLcAy_ASqE4UIT_HrCYKhEqFNFrlP144dhiSox9orZUpQMv;CdIO16j0gHLEQt0I
/v1/redirect;sdfsdjhgkdjfhgkjdhfiueyr9348;kdjghkdjfghire
/v1/redirect;AiYXzFqTbIuQcruWkudHxRsE_TPX0w6j24spzSde5P4XnxV4piJ8O77A3hlO;DWzTtjgFjNuR2l8W
/v_Error/redirect;oFoWDeqxYcd-SIoxcSYNRjlKAbEYz_iO7NvdHxX196cpSOC3hwn-zqr9pVN3;3qHYB_NqSr7Q_L5x
/v1/redirect;sdfsdjhgkdjfhgkjdhfiueyr9348;kdjghkdjfghire
/v1/redirect;owFu396x0UYB1QwSLMBRNqBtyI-ACZP2RP_gyq7ygAj041HJOwuvUB41V24Q;DUt6ySUJ67Q7LNaK
/v_Error/redirect;VIjzcRfiN3Ga6mvUK4KHJqz53KD0xywbr8A_MXoxrALxfbsYcUp2XaTI-Zxv;U1Sda1Wj_9NnWwcO
/v1/redirect;sdfsdjhgkdjfhgkjdhfiueyr9348;kdjghkdjfghire
/v1/redirect;co6SpMaoJgz6e2VZLUCCtP_G7zSpuCoGYWb6wUOFCpQ8nirMflYVJHJIvXMo;-eUGn-k-UY537pI5
/v_Error/redirect;hAJwbt2I61TwoWl8PUrMttjrdTMn-F2KFIoVQsJEnvhgy0I2N0RflVoLfAOu;SlILG0e-eOE9eGPe
/v1/redirect;sdfsdjhgkdjfhgkjdhfiueyr9348;kdjghkdjfghire
/v1/redirect;-WWhdcKI7D8d6xjrKuQ2v9Q6TyBU35AhVVm_ln3uNTjRnXRvPGUp1hzHK1xN;D78xdKLR9dm_LInk
/v_Error/redirect;U-1UJlrW6whLwEdqixFckGNJnq7ZoCUxmMlLl0e58lK0eQICf5mRHNe243bX;EpQr9RJ7hfjykNPn
/v1/redirect;sdfsdjhgkdjfhgkjdhfiueyr9348;kdjghkdjfghire
/v1/redirect;0m1JRZ75CFfJGbylqsDu_HUr1VPHKje0klYfizJKdR2-7TjqmraTkhg6MQv1;cDQK6znNTmBc6pEy
/v_Error/redirect;G9yGccLfHRYrywn1zRFy_a84QlMsui2L5b2Iw43ey8TYDUthalTuIJBDAxMH;Roj5jlVfj1jiTXKm
/v1/redirect;sdfsdjhgkdjfhgkjdhfiueyr9348;kdjghkdjfghire
/v1/redirect;szbMttNkDtu08dCsTsnbYUZCibtj4QwPq-rLGN6SahE4HM_JUCFMIaueHw2E;7bkLTpYxqvYhfv_k
/v_Error/redirect;6hG1m2hLNTAL58TJAJZYj8uPpGsGRDRQ-iZNf6I4gGHaLBTJgEnNB-y8gPP5;YzxSZFjGLYcGPNXi
/v1/redirect;sdfsdjhgkdjfhgkjdhfiueyr9348;kdjghkdjfghire
/v1/redirect;AM2gYygJaqGTaX_eK4OFTSFUGCGITPUNI5G70_Cu6FwYLT3DzK4SZHXKhChv;pLsfP89OhHenjUOc
/v_Error/redirect;R6O9S7z_MEI8oyCuvP_W5rLJ5mSvyzFAvU6X74AMh_pmpBsgNHNGJ0RQElZS;FeOcQ9ALCHEvBKLJ
/v1/redirect;sdfsdjhgkdjfhgkjdhfiueyr9348;kdjghkdjfghire
/v1/redirect;hVKtyNfhNYtPgcDt831jFvSGtR7Ieiv1EX8xSWhZ2iqwmjkBuexfRXpzk4Eh;dGIG9ZhWcoTMwOFt
/v_Error/redirect;SU5_8HliXp0AvKh3khn3jUqQKbLElHyap2K-VmqbgDNFREh8A1vyRa5d9bqt;DlYVz6nl0ZZNRA52
/v1/redirect;sdfsdjhgkdjfhgkjdhfiueyr9348;kdjghkdjfghire
/v1/redirect;0JoBfZ_89IQKzF8lnGchf-K4GUAZbgcsuBssCY3z5djIqxK57MTy6FxO1fCA;Jn9KpaJvtCmcBl1c
/v_Error/redirect;iDaUUaTrSGEHVGYFQBN9OTDUZb7fy5DTq4dWSToj4TR8bCUKgnaEH75mUH5z;7ylS2XKpbgxmOs__
/v1/redirect;sdfsdjhgkdjfhgkjdhfiueyr9348;kdjghkdjfghire
/v1/redirect;i0BqPYAQ0lNfbce4Sd92sExCv2OjKgGa_TQC6068cIobMIWXV_X6B6OSkXQK;nUSx6DC___ZqBNlt
/v_Error/redirect;TVOZ5ZClDeQ14BofTf7Si3w-5DrlZTLHpoXWFSKB3E-X4oDLhRdzjWRz04i2;gugkLki7AwEud2OK
/v1/redirect;sdfsdjhgkdjfhgkjdhfiueyr9348;kdjghkdjfghire
/v1/redirect;op9LIsqIZWUkghsgDWEzCc3czNBV28XaHZvI0JKZ5UlYUtJ4733-QvnlCku4;sElBJj_HX5zZa7kp
/v_Error/redirect;xP8S7clo23xyHbCpyEIyMUaUo_xOq9tjo_SWRFw2v9VPWvgCx2ZEKsgvJj_C;QHGdfeAFOhrPQex8
/v1/redirect;sdfsdjhgkdjfhgkjdhfiueyr9348;kdjghkdjfghire
/v1/redirect;1yudiOHGo8tAxtoPwPL1FwGHZ3tCSQ576jTWwjYqfHug7V_PJICtbQCZv8D_;DnjT8dWKrK4cD5eh
/v_Error/redirect;XMSgXfPtFyrWjSJRJXl5TjlVmCHs-a_n4geidJH7qkOathB6RqRlBU7VDJGK;RvJJw_yRNWW_htAB
/v1/redirect;sdfsdjhgkdjfhgkjdhfiueyr9348;kdjghkdjfghire
/v1/redirect;8iLnI8LBvxqekc_8hEteQi8RhFWsyOTbWsqXTTq1_j3V-CDOSUCo7wfMx3eI;qDX3PGRjppp0MSAZ
/v_Error/redirect;5ltVQblS5CZGe5XsGzk2BQCZ2R94C6kVBdaHcgRgCghqTJtUXxoHac-eHDYB;jzfZbaoG0CrNyK0t
/v1/redirect;sdfsdjhgkdjfhgkjdhfiueyr9348;kdjghkdjfghire
/v1/redirect;XNUh9vnB9JWe9dCVC34uktL7rMNtwUuP7tbaumO2POWzM4lpZnxX3EJX-53P;4iLN4sfu3HYg5hFO
/v_Error/redirect;Uaz6vWGZXQqs4lKGAlxPvZyxA6yjaMOBHs_BjszpiAyHbzIyQo6TQIyBysfG;jGLk31H39g8R37M_
/v1/redirect;sdfsdjhgkdjfhgkjdhfiueyr9348;kdjghkdjfghire
/v1/redirect;i8FQB_NyFbKpoQpbP5t5mA2k1VFpJgOFKMK9lqLUUL1NQlhmxeQnTg49LXQh;VJl-1qJ_RPgclFZR
/v_Error/redirect;_yMaZutFY-jJcJe8vIjBAnlbQPucGXvr1ob6-IEWPrZGVrbC3oqStim0A2Uq;1PK-9IxThYgatHx1
/v1/redirect;sdfsdjhgkdjfhgkjdhfiueyr9348;kdjghkdjfghire
/v1/redirect;z-Uxk1YFPQxJOZ0Ql6vGcPpPRZypMgLccwU8yuKZHHy69kKqdV8AWv94eQjr;sx1KOJwDWdWPn34k
/v_Error/redirect;7rINfN1pHmP-lBwHLmJQn8weRCnH0oKQ7FihQ_0WhxaxMtOnvDNt2qnFGpfh;xkMtyDjd6_9LI4eh
/v1/redirect;sdfsdjhgkdjfhgkjdhfiueyr9348;kdjghkdjfghire
/v1/redirect;5sXYj3CDlKCmjFJ1yCoOmpEvCfvbGYUaKi9eyYMTIZKkfCW3EIRs3WS9aUFn;XTV163rztxVPVgHs
/v_Error/redirect;bgtI0CeZvu__hRQon9vNRZjz9cBQwYou9o0Ct_AzLRtY3f09MUtfC_zoAnDd;ADkKP9TfucGx1TKc
/v1/redirect;sdfsdjhgkdjfhgkjdhfiueyr9348;kdjghkdjfghire
/v1/redirect;wAFFj3WUKdcCkHDsNLKFD3GoWeSdTA4KbxlcvRUaOV-IU6tkA6o-TwJhLILx;tEGfcnTgCcPtk1Aq
/v_Error/redirect;n9Lp7pxYzFBJ9-0RqOWV59mYSMF9xgy279qFnJzpb7R1n2qmzZPyRVBP9M2o;fTy6B-fxG8Bg6kMu
/v1/redirect;sdfsdjhgkdjfhgkjdhfiueyr9348;kdjghkdjfghire
/v1/redirect;q_pmT7ajLReAB_JQCjZE5v2tjL1fEzfMTSKXhtGNeY5moX29uvHVzH39X-Pb;SEynRKO6v2H_BHNm
/v_Error/redirect;QYInfKxjsTzMlBS7lvZnOkkWSW-siUc91kZN7Rt92I6PdMOOUKZBSfhR9-UW;C4J9hpnN7qOkQ0Fy
/v1/redirect;sdfsdjhgkdjfhgkjdhfiueyr9348;kdjghkdjfghire
/v1/redirect;gBTEDvpVB1aa-bYnOkSI2yTaxiL0NYHOim1S7e8isBFFXAaYwU8bE9rY-klk;k1Uu0SDjHOwsqKcL
/v_Error/redirect;pW8-Wrb6jlVNE2c9Nn7CzETYdY0Zg1hxvlzcZY_11EQjbBHQcMPrtP-fvWOK;O8voe-lu0Yc09kx9
/v1/redirect;sdfsdjhgkdjfhgkjdhfiueyr9348;kdjghkdjfghire
/v1/redirect;HqNPwsGwnyslZ6jl4Qt8aM6jnkWbS1_Oah-6wu87QGr3K2bUVjYefweODTv0;EnytY_t4qhpKJW20
/v_Error/redirect;2M3APhse3NshDONkZfLEyUF9WgvmsC2u27K76fGHRSPQelIs9_Gj2gfV-Q7W;FHz8YrI-vyD0TDkU
/v1/redirect;sdfsdjhgkdjfhgkjdhfiueyr9348;kdjghkdjfghire
/v1/redirect;krm9WHmFBOkHwyJvnccrAUY4wHsC1D103xFYGMk7dW_krAquMkJMJYTKGGij;zYGPLr25EhP8iwkr
/v_Error/redirect;76G2uXhxHAsNhLqakpmZj9Zo-Krrhw3f7t7G_n1-t-s4j6xWlSTTKfz0OTv0;UdqP_ppMpoPdypbK
/v1/redirect;sdfsdjhgkdjfhgkjdhfiueyr9348;kdjghkdjfghire
/v1/redirect;4WWfK6WrBct1L3WGwhC_Be5US_377KrC745Z1kBVNmDKTVCyZX9S3CFSDStP;AcQQbyQ0cPO28wv9
/v_Error/redirect;6GJD0uibKjgIDOx9Rqjg8WDWq-8aLzF3xQJ8yjbP0xtiFfPloYB1-tGEuhPY;DJ9mpg868ZVEZH9t
/v1/redirect;sdfsdjhgkdjfhgkjdhfiueyr9348;kdjghkdjfghire
/v1/redirect;8cfo8aZA6Ra9MV8_ivHt7-tpABPPmVBuWLH_aUvohSXeOkzy3qJkPvyrN0Q9;by2FVyH3kqgvcKQK
/v_Error/redirect;P0I2izlUMo3HR0dvi91wEKyu2gCxpFyNhwj3333iAFiQzaAwnruJ146J9QMf;ozL1xpqqsGrRuh22
/v1/redirect;sdfsdjhgkdjfhgkjdhfiueyr9348;kdjghkdjfghire
/v1/redirect;giNzN21-uPAFBj_L-JTqLOlFBNy3htyx-Rzai2m22Kjx-7-k1Hh0yGXrahr4;ub9geln7h0-ffn4M
/v_Error/redirect;x3Extqf8x0pZBzlWeoK1RnDZ3AEAzTX1Gs8ygHYhPo4aYOXpy7JYuOExA7Ql;PyVYiYOBU-goquAW
/v1/redirect;sdfsdjhgkdjfhgkjdhfiueyr9348;kdjghkdjfghire
/v1/redirect;0hXZhCd5yvu1BoIpOPH50eMYKcytbe_R4czCDbWs6Z-g3bqBcuebzbVRn3qe;CDaja7Obey1G3I3a
/v_Error/redirect;FRdmJPcThVQa_by1YoVjapOkJnDW_jDnVU0JLw1NfKYkzN4vun4vcEmivWYA;7Us43_s_Zn6uIRKk
/v1/redirect;sdfsdjhgkdjfhgkjdhfiueyr9348;kdjghkdjfghire
/v1/redirect;_gEeaQM0ZGq2rShAUwwcv0bwNsuiLLahZaR7DgjXr4rFUjO8UQXy_tHN-aOT;ZLjCVnzRk2nGh6cz
/v_Error/redirect;2iGIY9k9XQSkAMUSZ28DSaQVXS56Q_kiVi7AUBn5WwVGdXFq3lwSZVceXT8e;t2bokO_gtHifqMsw
/v1/redirect;sdfsdjhgkdjfhgkjdhfiueyr9348;kdjghkdjfghire
/v1/redirect;tRauKl21iN2d-R8EMLOThJ6rmFfn2jQGAqwqpnaKJdqY91khUDVomQC6VBgV;U5564mJtrZnGeph2
/v_Error/redirect;9XzPY2bm7-keaQTqBfU-aUI3LA24cpPNUjAgdN54622bQj98L-FZy2KNdfnH;BO3yQFnnpc_bmVYn
/v1/redirect;sdfsdjhgkdjfhgkjdhfiueyr9348;kdjghkdjfghire
/v1/redirect;0RipUMiVI9Ameuw2vIqROUMV0ho4yDa-0OI0RuEu27gBNIirOPfyp9A4zGFi;v9Ff0FrrU7e2ZTlp
/v_Error/redirect;IvVqomUpqeLgYjDYuzrJwmN_XthAfpDO0T-3AJ9G4KXaqW5QbTKFEEr4q1wQ;zULlF4oiibKoEwHa
/v1/redirect;sdfsdjhgkdjfhgkjdhfiueyr9348;kdjghkdjfghire
/v1/redirect;G3gYcQlPFuoBJFRGCZv0Dj9WfboeuxnpRWJnac_KQ38g2DbQVlcCC7RlhCKw;KvGbz1P3pkgjKxyd
/v_Error/redirect;pKPwcgwiMx25S5ftJPgPJlZUP9e3vOfYeuMQHX9I7umk1I-WOUW3n_xGi_kO;c1Mjez8AYb0VdIp0
/v1/redirect;sdfsdjhgkdjfhgkjdhfiueyr9348;kdjghkdjfghire
/v1/redirect;fFRYsbfx2BB3ri3vVay7gDtEG-1OrRs1hfne5oBobyiJgEGyUGI1dxsDbK2r;8NoSDdgBZoLuOFWN
/v_Error/redirect;vWAVqFV385HNmtMVoRMKsyJKvSPkoZAUD-p-bLTKGCe6bSwgST9pib3TcSyv;VTxt0BouyiEM4STr
/v1/redirect;sdfsdjhgkdjfhgkjdhfiueyr9348;kdjghkdjfghire
/v1/redirect;0wUIYvYSv1rAKgDiASTFgruTrepfv3G3Skfd_L_QMMXxHxdkc8CgDtPt-vIO;ygXjFqrMiFVmtHN6
/v_Error/redirect;Dsi4lGDhorDmdkCfO_yM2F1BV2NKn2CEayCdXDn782AAWK7jFU-YuqMX1Fq2;X3FHNtUq8yLcebvz
/v1/redirect;sdfsdjhgkdjfhgkjdhfiueyr9348;kdjghkdjfghire
/v1/redirect;0tfd9l0SoIFQrWMb1-vGlkSagSzJHjuTVcfvJKvRC8sLmHbjF6uOKoqPdVer;wymXqO1Rm-iBTo0N
/v_Error/redirect;U9XKDgeKCDBV0tVOBk1NoCAuZ4HQj4mw5ovedjbnAv_VfAZwuhbUnC_hc0j6;pcskOZ9CwQ-iZQWd
/v1/redirect;sdfsdjhgkdjfhgkjdhfiueyr9348;kdjghkdjfghire
/v1/redirect;mS-PWh3a5ipYjVDA999hLu360J54kfViTVr0X_4E7mIFIgkI1bx6TB-bD781;2iHFxkki_8L6A9vR
/v_Error/redirect;41RDHTFAmSAbS8vszOzD36jDH6KP6PCYR0ViR887rj_7-BOHj0oItvEFA26w;R2JVIxDZS-vbVjXp
/v1/redirect;sdfsdjhgkdjfhgkjdhfiueyr9348;kdjghkdjfghire
/v1/redirect;ZvZHfrY--PksQpXT4dZA96RKUN6CU0_-Tics19jiWJLbNcqOpSYV-893s9Ak;fGdY1BcfgcA9LEth
/v_Error/redirect;qX3XCWux5wtXcISttLxfHGSyNhs989ayPrAlLVCKjV8i7B0AwRCnNVQ_TkSq;hkiDTF9MxkI2BW1t
/v1/redirect;sdfsdjhgkdjfhgkjdhfiueyr9348;kdjghkdjfghire
/v1/redirect;xsg81fZAIdl6_HzhUf2mfvDjpnVL5a_-xDQi8Mfn5vrR4WjXoqJhJy2H1Znl;kCA4C1_TMoSGo1JW
/v_Error/redirect;zJoC3ESWHeU7hNj5LumbPYtSec99Iv_ZCNnzmB3IkPQIixDCP7I7nvSZ_hPB;sRuRHTRXY1NZBBOg
/v1/redirect;sdfsdjhgkdjfhgkjdhfiueyr9348;kdjghkdjfghire
/v1/redirect;cfDAMCAg_viCBtRI7MguuI215LdpZJExYAfXHYbkeYFvX-3ZwCuK8N9bb-VN;I18RBQR71jCKs96B
/v_Error/redirect;8i13f85lsxyZwZW_v8I_lFs0itWU4y8X-hMTdeRELKC0gj8sFUnESBwdZ_6X;I1XfgMk4A23Eh6mF
/v1/redirect;sdfsdjhgkdjfhgkjdhfiueyr9348;kdjghkdjfghire
/v1/redirect;Qd20ZjENHOQ7HwXrcx_wm2izSfn4aRDMvqLVKExncAfxVlu8_WrI4_iBsAnS;CU4xQhfrLD6yz1Xb
/v_Error/redirect;HfvBaCWpnasnHLMZbocTlXMIXdEvVn3CZguzSNoYnsohqrfMCNSXsk2zkTIW;PXikG9xZaOa9uadK
/v1/redirect;sdfsdjhgkdjfhgkjdhfiueyr9348;kdjghkdjfghire
/v1/redirect;FB7JDrervOdhXwElmQZ8Glq3HZVXPa00RFWbgJaj2JewLjx9TR4enu80rJl3;ifkIdK09E9O44j8s
/v_Error/redirect;XwZf6LbUSa5pOh416Q0ZvTDLQrOxZ9bAIe1JTdhyWSgmhphWYhXlBmuX1CkH;FfRH9g-h7eBEbKGK
/v1/redirect;sdfsdjhgkdjfhgkjdhfiueyr9348;kdjghkdjfghire
/v1/redirect;f9DuVhD2JSQ7hGpADAKb5MClfc3P5jpP1nCMpXnnqLisFfUbfTNiFmBpKp4I;GKMkaLOZ_DrQdkw0
/v_Error/redirect;-fRX-Axhp_LYb7dFykDe6GlrUIbrcFKpuQQ_INs8AFZwVqPAQvs2dnqR4EXp;D32liluTPtbB8F0x
/v1/redirect;sdfsdjhgkdjfhgkjdhfiueyr9348;kdjghkdjfghire
/v1/redirect;wdKKM0f3Nm3VaEN1K94ib-jTNzEgS_ixEq0xWddZ1cf5zmMKrPK4US_H7moR;-fC_kbOaxzNaC2G3
/v_Error/redirect;9Nc8gSmtYI6g3XuPClO92cdhpbb3NFGghhXqXADBzG9uVXnaoRBdmX3h440G;7DfJb_SpN7pswyd6
/v1/redirect;sdfsdjhgkdjfhgkjdhfiueyr9348;kdjghkdjfghire
/v1/redirect;Qr_gQftQmJwPAK02NU4lnmLJu_wiRkBagAh1eNevOW7BkdVmhlIiAyDuo1d9;G6JxTh49Vz7Nvh_o
/v_Error/redirect;L_eVGZkjkCvTG4b6OsEVd4akdqAPoRuVNS5RoSQW4lv0r_uzyAyyCEdc7YlX;WfbkZViWixezr5ui
/v1/redirect;sdfsdjhgkdjfhgkjdhfiueyr9348;kdjghkdjfghire
/v1/redirect;KfXzFF5GFSJHa105EBH1yu9C1EPAsDbJFgnSPS_gj1rZxyRVfeSppxduqF04;a-6akQ9sYe7YdfMg
/v_Error/redirect;VLW7xV8p-TQGB-vmMpHu0kxsRwSj_QlUhqpjto8zXaeIGTXXm00eVUaHO_uf;0ESPvsd2uJhos0QV
/v1/redirect;sdfsdjhgkdjfhgkjdhfiueyr9348;kdjghkdjfghire
/v1/redirect;FmB2NbojqZ0tG3DtHjWXi8nxtqXqVbn5lLLHoSdF-7kXGHNDwoK9rRuayIo_;t5JV0cup1ELRFViF
/v_Error/redirect;2tHlQ8pENYQXUa8ZuT9WZIO9R3LJYFnlfJbOmh-2qX6uYm1onmgOvZZM8VAa;fssq_L2eW9o6IfIV
/v1/redirect;sdfsdjhgkdjfhgkjdhfiueyr9348;kdjghkdjfghire
/v1/redirect;JWTSRWH8qDLngiimyIIE4CukKeFcGX-3RbTnSLm_2bVqxPvK6E_tIn8yJWWk;5XXI7PbEd_Jv_9Xm
/v_Error/redirect;bQEVneXiARzeMXGaKhnDlhmOmCG_kDaZKhBfTBzvPMNjepFw1t5hySvbZWtF;NqB2kiFJUqQ16DkZ
/v1/redirect;sdfsdjhgkdjfhgkjdhfiueyr9348;kdjghkdjfghire
/v1/redirect;5DQswQw5tK4E8xCY3A2aYe8riGOcnlMmZShq2hScqgu8cGACXKIf0LEZfem9;ak18WCYTfcLvXbM_
/v_Error/redirect;a6t2t-Or-cHcWyd3D6eJpDVoppcG76fROuh3RE6nHnwQB-NlAjU5BHYj6FgR;oFWwqTc9mZywPLYq
/v1/redirect;sdfsdjhgkdjfhgkjdhfiueyr9348;kdjghkdjfghire
/v1/redirect;PpnKwrACuD5aPbrHwCpdYjCJms9eVn-jUU6UgnyFlasr4qL1VXEwmg8DnZvl;C2NAc9t7UUH7Ufav
/v_Error/redirect;HNW4EGMZpy42tXOtxRHvye6nR6v9Efhrl08lECcemMEwqHkp89uZpLO8S4l0;poEJERv5BgLeUzKm
/v1/redirect;sdfsdjhgkdjfhgkjdhfiueyr9348;kdjghkdjfghire
/v1/redirect;QDO9wYOKbaN2ZHRzJJe2cDRvejOehbQd9HM4jPSBr6atZz20AEeCQOn3sxcC;3iTUyCLeUrczuh5m
/v_Error/redirect;ouE_nbegqpd_iql8sx4mx_oJ2K36J3Tl5tVA9y0YPjuK2B_WxhKViHsiQi9r;bBJH_CbxK3WxYHjb
/v1/redirect;sdfsdjhgkdjfhgkjdhfiueyr9348;kdjghkdjfghire
/v1/redirect;FbMdUByPCi9tIuciiTs5gpSGbRA_ZqDHy4lajwxp0rVbwmgwB9xrVbmIdg7H;6-BlaPGNuTwCq2Wn
/v_Error/redirect;6ZchYYH0ajsgbHET2lrBBRt7ci4hnAM67_dfl_IugYcqadTs8B26UeJCjVRw;Kzuz-qp9U4uwJn9C
/v1/redirect;sdfsdjhgkdjfhgkjdhfiueyr9348;kdjghkdjfghire
/v1/redirect;69ayVL_Ln-gteKsCFQcjiPlAwUrhzgv06m5Pr-8wI-pDlLeaCd0o6cQ4TObL;bcRhYuIyS3cfn7_U
/v_Error/redirect;hAeWAuddzcpKJ4cBcKHVxryNuW7YTybD9mmvZIgVt_YqGHj-O0RsUvuB_Krj;cjxW2j1wnZ_BMaxa
/v1/redirect;sdfsdjhgkdjfhgkjdhfiueyr9348;kdjghkdjfghire
/v1/redirect;_8_356WQRId9PUzMIoL9GuL-A8R64CBNAyZspEQfi4ZOFBYYX7agsm41VIP4;YGksXgqb-wuSo0iO
/v_Error/redirect;25ANZtoVu6Rw7z0ishGISqbwcuvZh-8PAdL37WmqkQoOyfkwOLgmFF627xj-;gL1rJyycZXrfZvHQ
/v1/redirect;sdfsdjhgkdjfhgkjdhfiueyr9348;kdjghkdjfghire
/v1/redirect;w23zeT8emeAFkjCwgURmPvF-2JqBfLKhQ0GdctEYoe5vKaasHW1Z8ihcRvqs;MtyqMus2RV8AB2BJ
/v_Error/redirect;NV4vNfUHbmOY6fYxTJjmq_-EAYd7sUxXlnWDAsmfIv4Q4KwlfiOzKC3FQxhf;korP1f2NXAKDNMsY
/v1/redirect;sdfsdjhgkdjfhgkjdhfiueyr9348;kdjghkdjfghire
/v1/redirect;BkvS415_yUNrWCzYZLIKm2-zSxpn0Uy2dkglsY0FbP3ZNOodoV49Zw8gcliA;QEesoPlK3k2Lq28j
/v_Error/redirect;faDtc7pC50zBMuqqFgMDgRVcCkSBBOSfT1fENK1lMlmNYfnf5AevYZf1YdQc;XtR2sfi4hB3ur7te
/v1/redirect;sdfsdjhgkdjfhgkjdhfiueyr9348;kdjghkdjfghire
/v1/redirect;etwf2OpZWNZFEmMNhisN4NBa_CemQrBYGyf3gJTw4m5cVhaOIhpu3uO9t2zQ;uXUppaCsFRir46BI
/v_Error/redirect;0BvlHAjH5PsIc9Rq-vD0i_JcyQRfD-muuBFXjdTgpykjed_azLKJLSWM_PxB;U_rO7s7jxbwqxNBa
/v1/redirect;sdfsdjhgkdjfhgkjdhfiueyr9348;kdjghkdjfghire
/v1/redirect;Uv7Y82Z6fgLMxrOD5yu3tj_19yEWkPmLX-6UJKpiLKGmWj80oGu0NzaVEy8y;iAO_GcpigxB8bTRF
/v_Error/redirect;6f1hTuaCqoPiLg4qxVwxEAgjNA69nWtt78-FOJuGkG7z9SjDe_HbQ2IFmTHv;aeUtsjz3KUNXYDls
/v1/redirect;sdfsdjhgkdjfhgkjdhfiueyr9348;kdjghkdjfghire
/v1/redirect;D76t4hxtoJQgf92jeQ8_kjO10ihlGaC1_P1bYvhQk6EWIKE4RAYUCknfFvis;AkG94xLEXPI451bG
/v_Error/redirect;JGLiMOGkgt8k40qc1bQSDfDNd_EQ_gIC1zp6W1rw9jPTQWE2e2LXXCguBm2G;_sx9AUesJTYI6wSZ
/v1/redirect;sdfsdjhgkdjfhgkjdhfiueyr9348;kdjghkdjfghire
/v1/redirect;RkVH8qZYo3Glb3Fg0H8e2CaFnbGDafbMN-HYfPi_ootv1YYiTLckVvWH4JbB;rUWsDvgjEB-OexEQ
/v_Error/redirect;MP-1EKj8rRarQwNYRiZ9wDEod6K2i_Ssy2kn0E8tjzjj32VqdZk8rSKDjwZ4;4fg3IrWxX0B3fThe
/v1/redirect;sdfsdjhgkdjfhgkjdhfiueyr9348;kdjghkdjfghire
/v1/redirect;_Yms_KM14_lp_QRICOshUURTjaLbenUqTaRrOfNzF9JnsmCHrtSbBs7dPJIA;njRHd-JWkIOSYXcP
/v_Error/redirect;UcROegFDEg9pwIaEA6FywebBFdgTwj3bfnanN69Tg0oE_VV4t2LJ3Ip3buQ9;Y-PUdq28eB5ABYIY
/v1/redirect;sdfsdjhgkdjfhgkjdhfiueyr9348;kdjghkdjfghire
/v1/redirect;onepEekeMfrYYMXef-WYPdmrrl8xE81wXYa28-8pNfU0mqL-uzG9tDKMWlIa;XqIi874sITcQ5gg3
/v_Error/redirect;hHX4o9UaA58_WrDZF2_LWDMzaSitUaFX0acA05fE8i4Ao0GI19z-kzWYx4Yq;IKnnoTRwFXGYDxdu
/v1/redirect;sdfsdjhgkdjfhgkjdhfiueyr9348;kdjghkdjfghire
/v1/redirect;aPQOh7-nzaQSx2EcBkJVwnizKQhuzrG2T1tsAMszC6IHyf9CxBF2M5eccTFl;b7DVTGZe0CXelQEi
/v_Error/redirect;1qdaWWJDIjei3Voft8puQYSl1B2O-wDB6B37VUbf2h8v7eNYaJFVlji665S_;JPPhkxUutXYta5_2
/v1/redirect;sdfsdjhgkdjfhgkjdhfiueyr9348;kdjghkdjfghire
/v1/redirect;tDLX6YC5NovkpMz_Vu1P_ji3Nxgrd8Bh2ppjgyETOUtQAyn46obGx_ydbf3h;sFf1ECdU7xjBTbFM
/v_Error/redirect;tUfe-7SuZrNfdKOjXzU9Rj6MoSV3ZZVlyz1QNn8O0mSFHKoYlzSx4GtGHzbu;US1OegOE2tP95st-
/v1/redirect;sdfsdjhgkdjfhgkjdhfiueyr9348;kdjghkdjfghire
/v1/redirect;cxB6jLIQfUfBiZFxsENJO2q_QGF-ien2PCt-ejGC_shlrStNi7GEzf5AkLO7;aOcJsGtnt9xPE29v
/v_Error/redirect;gz5AsjSuDn3bg53B4r0IT-MnmiZ_N99qttfOd3USfOt4sfBr_SrZLqu2Kr25;LpSuscTt1tD7A8pg
/v1/redirect;sdfsdjhgkdjfhgkjdhfiueyr9348;kdjghkdjfghire
/v1/redirect;v4OUDOEOyjOaRozji9PSQFrh6Vsvfs5hEcl0hdt-jUHZmX-nNkXBtNk2wTVy;kO37oBb41R1_kHtG
/v_Error/redirect;pKNMLdTEj6pRwmRkTetUt9GSjsAvzdVGVuLmZjlTOJSvTK3RH1Xs84crW7Ym;Cuz0QsWo9qjSBH1l
/v1/redirect;sdfsdjhgkdjfhgkjdhfiueyr9348;kdjghkdjfghire
/v1/redirect;EvCQEJ1T6VFM1_8hIZMfuezi5t9-2MykiL5MYWwvGsLj_kdWukSEJsFbAn9K;ckC12qtk2gQYYbjn
/v_Error/redirect;yN_131ZdBLKNo3g7NbZdpbUQEfASn3bFeRFIvQHVk90hUx2Y6g-Pb0gD1Zlg;Wnu2ewEXoNGh4MUS
/v1/redirect;sdfsdjhgkdjfhgkjdhfiueyr9348;kdjghkdjfghire
/v1/redirect;4Ux4OEuhOCGHA3hAFXrNigIU43QpUhbNS0hwj25ht6r3iWHV_Af1Fe83n1pd;xQrXIfgtAC0N93qM
/v_Error/redirect;O-7GBenDrxOoakYdsbUru6jiLW73Zgrh7nv1ncenbP8humBTlZlEjK2ixWaU;PF6nlzwLqk5w8Jk3
/v1/redirect;sdfsdjhgkdjfhgkjdhfiueyr9348;kdjghkdjfghire
/v1/redirect;FLrGNTMtiQvoK8TULda1xLVHyLcTK8cKmDfLuoczWJQoNuT2UB3De9A9UzO-;KSg2jm0iN1NxFb54
/v_Error/redirect;Mjtj_FDhKFST8RPASLN-Rlhvivm8VdW8mmRL8xNcl9koWE5gaJ2qUEoQ4vjD;VOAb7FPrM0Ei3DIV
/v1/redirect;sdfsdjhgkdjfhgkjdhfiueyr9348;kdjghkdjfghire
/v1/redirect;87upZFlZ8zMgNPR4_40vrkYPMf41WvZp7lu_p9JgrX-MO-xTnV9q83c1shUs;RzUbmQp62IL-HK0e
/v_Error/redirect;cGztbrbtpyx_afuHSNHb1pfKdg9B3hkp5jIHr7NW6mrcDxuw05n8xh7MVaR0;SAtgnhVza7ClRBkv
/v1/redirect;sdfsdjhgkdjfhgkjdhfiueyr9348;kdjghkdjfghire
/v1/redirect;Ii62aDYU1kQIftu4GEqwwBjACgzi4mfyEBTfniFQPiC3AHzCmBMrKZXR2goJ;J0oDpjcJjO1ccXFP
/v_Error/redirect;4zKGu8qciGNkUTcyP6-JhdB-NiF-fSX79DXFbfz3lChPI5BgO8HdCxjwCDTA;HgBpEwpJ8tOjKH5g
/v1/redirect;sdfsdjhgkdjfhgkjdhfiueyr9348;kdjghkdjfghire
/v1/redirect;D3JY65PYqDq_VsCSayYsfa0R6UnFYTq_ip4K6DVNM8ZSV1BuWUy52gl2LBUt;GPSX7W3Fd2GCzR9K
/v_Error/redirect;w3iwVtwkrasNjFMMHuB58vuNfvjHYqGC0FZh8YDkhkbLiS9W5SgIeunWVlDg;ScqSm3zMIsFJGk7A
/v1/redirect;sdfsdjhgkdjfhgkjdhfiueyr9348;kdjghkdjfghire
/v1/redirect;s8p1l0ndxnOzVjjp9z9WzMGMCRph6f_a_8uBnwzS3v-m0EcBJET05p9Gxoph;wWfzhgSS9yyOWlZ_
/v_Error/redirect;NDoy0umZs7YeSTApag4QNSOZynB_OVWRcC8rvN8kw_s8iS6VE9lkCDV_rPNB;PGxnKyd8jJ0eraeC
/v1/redirect;sdfsdjhgkdjfhgkjdhfiueyr9348;kdjghkdjfghire
/v1/redirect;6hs0DJpeELs4R265m9sXW9ASyy9z1l94WQs2rla0lmwZ9VQkgOUCsxGp3MlD;mKN-RvTepVIgC-7l
/v_Error/redirect;DjDxtiIctquTYWBbFY2_coYaPOU_Z6FVDwyLM54U-5dmlD1AeFmkWiH4NOXN;8MYUpiuifs68Fagz
/v1/redirect;sdfsdjhgkdjfhgkjdhfiueyr9348;kdjghkdjfghire
/v1/redirect;YD52oSWyojaXxMyyG3T8Pyu3_es2uceuJRw2fvoei9q6eqvajSr2ZZbUilBc;PQL0d7LgTtCi_8in
/v_Error/redirect;WVwTzdQpcqzNwrbv8wakuERaG8SAHdny5tp_DWdQwbEvm7RdCjbFqECksMXr;aP1OFIxHBcHkFtEO
/v1/redirect;sdfsdjhgkdjfhgkjdhfiueyr9348;kdjghkdjfghire
/v1/redirect;TqpZ1PkDuj_DfuKYSaf07DnEfiWOFb90kuGxR0vwzJ-jlPeCPeBTcAbFMW7m;NrOF902bH7M7wMFl
/v_Error/redirect;GLarfQpNYrYrKbQYFzTxZEsRYA7TQ7SN6bDsvDfNB_AomNOWX2lmECmUa3KN;LkW3Inboghh4MkJM
/v1/redirect;sdfsdjhgkdjfhgkjdhfiueyr9348;kdjghkdjfghire
/v1/redirect;6qbH2OVhL_JDB8hseCeL3FyYV2VDwIXHSqEG3pgTQY4bfkTowixypoKbM_vp;rJrwqRmhiNWJRaFr
/v_Error/redirect;vZTD6Glfipr1OjlZktlnjS5bF8fSjjrPB3z0fExCgn1kr0yMuM46ivZLvTzl;NWN4lk02vukDnNyq
/v1/redirect;sdfsdjhgkdjfhgkjdhfiueyr9348;kdjghkdjfghire
/v1/redirect;vz9boBBLB-8ohr7bM0N3gh29HiF-Qi26xurNEB-oF3MUgCxASBzUpGJRWakA;rIlmOg_wJxDQeTUU
/v_Error/redirect;mZ5kzHPNYYgmU9YESX8leXTL1GYK53UXE9OQLZp06GeBSDkHsKir5JCeMQOL;gpREUxxDFOY1jY6P
/v1/redirect;sdfsdjhgkdjfhgkjdhfiueyr9348;kdjghkdjfghire
/v1/redirect;TO5Hm35Oh4qgvwrF_mLBcYedfe66bGSDgJPfWsv--gL97k1vn6-osh0tFno6;rCUUKCUIg--gBlKW
/v_Error/redirect;fH_I6nx65WUVR4OkDys5cWJ-nNm_6B_wkDIbm9667AhbpGnorxD6cv1rEtva;Wb1hHSZU1aZZb-my
/v1/redirect;sdfsdjhgkdjfhgkjdhfiueyr9348;kdjghkdjfghire
/v1/redirect;PuA15hU7mZJr4sHoEP8c_1B7O8cN1QV5xSwW5C1yoQD0mYcka2jEpCTqyoFD;sjKayAjxx0hJWfkm
/v_Error/redirect;mYbcsyGcesjMhw1_UGUmOmrdIRwkBEE4jBzTGYM4079H44OXh7euwR1PHK4M;SICRDwMpU9acYh4N
/v1/redirect;sdfsdjhgkdjfhgkjdhfiueyr9348;kdjghkdjfghire
/v1/redirect;W2_oUzF7c4AyxH73g_aIOsaRqK0Bn-HgnGEpMpLvv78zv6R6d7U2a99ujh78;gmnzSieSmxcNVFsU
/v_Error/redirect;Ip99IJzdczJSFTIyKyxcei18W2cxK3DsdNthMPeyzMaMZEnK0rNwvf98zIew;vc_hJVw_JBc315Gs
/v1/redirect;sdfsdjhgkdjfhgkjdhfiueyr9348;kdjghkdjfghire
/v1/redirect;KLDNWnbrgqyV4IUZXdmx6w8MvM7zDeBghu5IRBdy02i2wOqzavmtm9aFBR_4;pBWbfYhFGyf7TRqy
/v_Error/redirect;COPnUqyOzxvugLz9Ix29DgKt61HaV57e2my0CvI8C5r011a_FtfZXYHncrmY;G_UTkY26heVCs0pt
/v1/redirect;sdfsdjhgkdjfhgkjdhfiueyr9348;kdjghkdjfghire
/v1/redirect;nEGmyNUSlEmTFNiWRT1YRp4m1oW0O05FlHi66BawSbcw3OlWqeQEao-fj_36;4w7NB9QW-p3FNGYr
/v_Error/redirect;i4wuj3DvDtxY7vRJHOqxQG8eb5Pb5w-wr63HY5TuYGUkSitXj87D0Z0yS6iX;M85FnoxaTTJWL1Aw
/v1/redirect;sdfsdjhgkdjfhgkjdhfiueyr9348;kdjghkdjfghire
/v1/redirect;-YSmORJn1iMjmhJh7VCQkcPMd92M1StAPnl7gfX_GbohFRZJF5a6Cpm4uplx;9L9xmenlQxNSXV-b
/v_Error/redirect;QZ7hPQN8tqb8QYzJFVeqS1Jy2boS6Moh74FtRhnEkRcn3aTDMzjVH4SHvLtL;ZUzrRk0ZXA5IEwki
/v1/redirect;sdfsdjhgkdjfhgkjdhfiueyr9348;kdjghkdjfghire
/v1/redirect;twXtbY8HMlcR1-HJn_WjCmyhh7OzOSxa_X-tsHvoULGuUsVR-PlPAkkDUGkY;3l0_ZjptNyKO8-QU
/v_Error/redirect;qQc4xH64naXx09X1sb7e2Jg-gXeh03aBrtkMErXYO8uva4wPfBYEBttXDLN-;2eWgxyvF8xeJUTNt
/v1/redirect;sdfsdjhgkdjfhgkjdhfiueyr9348;kdjghkdjfghire
/v1/redirect;Sa04p7Axiw87-A-CtUXRoB3y-fmvQvj3jvwaLKvrE7B0L2E6GXA_Uu0yLWFb;kc9MxmWYD3rbKJtI
/v_Error/redirect;OxxSMcDHabJA4e782NFVu4OyBoa_0srjGy3biYzeUrhMRQgCEasjUZpLcNlv;m8c22eygYKkyeVxm
/v1/redirect;sdfsdjhgkdjfhgkjdhfiueyr9348;kdjghkdjfghire
/v1/redirect;4M46ky-_i3AMqmQYnUoq_3yY3ZWsA5vtrPtBtjLfQTKoe8H1A5_CCt-RWUua;N9jOAdVaiWDlkIgv
/v_Error/redirect;tVIdjcnqmHU2CLfA61coesJDQbSRbFs2wo-vhcpTWJvbokQ2FpDNlryV7eG3;QYs1OPn5r0Pa10vl
/v1/redirect;sdfsdjhgkdjfhgkjdhfiueyr9348;kdjghkdjfghire
/v1/redirect;ZGefdVL1zOzsNmzjlQeyTl4fqdsvzViBeTNd6IFunyQtC9A93qZddPRbW-jX;Fj-tCkmUwIYYhOQr
/v_Error/redirect;jkcGYXarxngucfhRP4tuVq8p-X2RHi9LylBTj_0kqstFoUejFWxlWzhgUe4o;Bw5g9wzdJSU3kge-
/v1/redirect;sdfsdjhgkdjfhgkjdhfiueyr9348;kdjghkdjfghire
/v1/redirect;gaOrvkCneffIg8VEG2fJbAS3T_dok8KFReu-cnTzBiUJ2lJHRIXcbmN4cpKU;BuU3BU4FdPe6xU1P
/v_Error/redirect;vjhnytZGkgjHaqZ4Mmrxox1Rp9XjR1kIPymmGwWOEjqQ3hjnysWsi2A3pStH;aqYcXtOK3sJkI3zr
/v1/redirect;sdfsdjhgkdjfhgkjdhfiueyr9348;kdjghkdjfghire
/v1/redirect;grzZ2Q6JMjSZT8-cIN-Aba9tU_1XT03ipwIR_7CAdXNds3f_Je3kGIrJaZ4o;OyDEXaV7lcMqCec5
/v_Error/redirect;ORzwmwFdoEsLneqXwBTZLyiW-F1zOhnNN7cb-QYVybD7Ql-jDi32hCiHPYST;lSUoYCIEFib7uR2x
/v1/redirect;sdfsdjhgkdjfhgkjdhfiueyr9348;kdjghkdjfghire
/v1/redirect;D0XYNsd-FCk_feo_MQ12i9Gm7dxDim0jPetoyJ_7fJ8Gn0ZZ4Buh5FS6f8qS;UgFF_Yng5ihBEHBF
/v_Error/redirect;c-CJRKbURcNnxpoM7hqVgiycowQXfHwLAQ2lbVVqA4L2jl1iceM_9W2rSaZM;8HDQOR6oBvU0b5nx
/v1/redirect;sdfsdjhgkdjfhgkjdhfiueyr9348;kdjghkdjfghire
/v1/redirect;g1Y-4cGz0MFc9pmt076_gndbAaQGwIHH_2VB-gCzCcI4s4cvFsHMJ20aBRqu;Cq7a1C0tzgZ2_cAY
/v_Error/redirect;wycAyGZ4pxnND8x-VnJyhkj2Yjo4Yebm4v2QyXdATHt1NI9isHUW2Ilf8jdF;MrCsai0UJQE2BSDt
/v1/redirect;sdfsdjhgkdjfhgkjdhfiueyr9348;kdjghkdjfghire
/v1/redirect;2_E6brd4EAP3IuVMpLJzbIfYK1IFEu1oq2twfjg2kfPvH0jkNc0EmQOoG7Rp;LnqDoFAd89-eO3Y6
/v_Error/redirect;vHLyaS63oUGS306lIVcGB3LyNpsB5JvaU-AdGdo0UBPBCYSNWf1xkgzZ4u1r;5sm_ARvWMNO-lViU
/v1/redirect;sdfsdjhgkdjfhgkjdhfiueyr9348;kdjghkdjfghire
/v1/redirect;y4PTy6Hru-YtaRSG4iH37MYj7mAi8YtopAbi-ptbWEw0yBFExdeOSqSaFM5p;dtnCsj3UKsUPH4IV
/v_Error/redirect;Jxwm0QGdRPWx7fvR2we2Xh4lKFTqwOk7cx9l3iGtEBvMobd4MamEsvQcZDaX;vo-4GEhEZbCpLtmd
/v1/redirect;sdfsdjhgkdjfhgkjdhfiueyr9348;kdjghkdjfghire
/v1/redirect;Vp6MlVBSHUPFHDKFYxFgNSPywwFPWcVrFyvNmxnGdcc5873yrgr39L75NUyz;GSnqJ08IVTaU7e_P
/v_Error/redirect;GCQcxLclfujnv9xuV2H98qRYYu4JjpeizB1vgGyG_CrCTujRVmBhCVprWoYo;BjGa4Y9CZAtztEfH
/v1/redirect;sdfsdjhgkdjfhgkjdhfiueyr9348;kdjghkdjfghire
/v1/redirect;4WztAiQcpWEVrJtWBnQvX1KIqwea5e7TGjmKO3jF3LARiIGQe7ngHFYO1zOa;3h73Mze2NLX5SlQO
/v_Error/redirect;u-xzfpf2Lzcaygte30uoy6BG5SFwyAOBCshGDLbC7wL7v8jvM44l1R4iRCzF;OGZz5rXgTvp5pPKJ
/v1/redirect;sdfsdjhgkdjfhgkjdhfiueyr9348;kdjghkdjfghire
/v1/redirect;GezV3RSG_5geDxO46n585oOCC5Qw66TJWlAmyUtbD78mymakNNkIloZkoaA0;0JFMEQLytqywv7nQ
/v_Error/redirect;qsmysY6cEWotXmKtoZwoEW8UvvH15_moBDYVe2kbx5MRmLKVwtL8LSEQFWoG;ClUiJXeDmdcak6Id
/v1/redirect;sdfsdjhgkdjfhgkjdhfiueyr9348;kdjghkdjfghire
/v1/redirect;WJfhYo-kn3HNkmqd-FgfBjJmVbHvmyhhz0Az7Dk5jr2haRhJDsJIF9ahJw5Z;ia3TS5XHZ3ZSQync
/v_Error/redirect;5IQOa-I7Bjxgu3qARBXvzNb6j6XUTjs-is-UEpfbgLrab4WdlJZrmn-3DdTL;VnHGznweYLJk9gNK
/v1/redirect;sdfsdjhgkdjfhgkjdhfiueyr9348;kdjghkdjfghire
/v1/redirect;w2ldueIo5FLDeTUVE1lhY5bwlERHbmBw7w_iQRggTCe_ytdhZsw19DNdOA3S;pXLSO4pTUcxSyR_N
/v_Error/redirect;0E0LOL4_Hm1POQ07WtRAun-ccBW0Z9g_nKJ1WB3OTmw6FUcWQ9nT0dKDCmGa;BMrYW13kv3nlpB40
/v1/redirect;sdfsdjhgkdjfhgkjdhfiueyr9348;kdjghkdjfghire
/v1/redirect;Vounz4cXxL2V91QoVfwrgtdWmt56MFvz1bygZqT6G0nPx3RcaH-zvZuZOo4o;5sf1mTYs0RVUXPxl
/v_Error/redirect;LCTRT4PuiO41L8nNtaloFw7FWt5ersHvpRpJk_6g_RrdQRvQb8ale28qm4pI;6nvMlV74p9gdOK4j
/v1/redirect;sdfsdjhgkdjfhgkjdhfiueyr9348;kdjghkdjfghire
/v1/redirect;sxCO6CM_jE_kmPk6iQe8B3m0gxanOpZhVOSnD13P1erAxYRYUTIjfFTFpfdh;G0vMdMNyWZC5e46v
/v_Error/redirect;v9rM5-YUyqyIuMTCHpu6An8jTDVem2XxndWs_D8_CtS57KgwR5WMWraq5eII;Zav-HAJ63GJOzY8P
/v1/redirect;sdfsdjhgkdjfhgkjdhfiueyr9348;kdjghkdjfghire
/v1/redirect;vLt6W1Z5VXlrO75AEpZaEJX1mY9DreHpP5XoGmIEgp9BoCyFxWR0PMLBYOax;zl88bcCWnhcfhJGP
/v_Error/redirect;BjS3YttfpGKL_nuJAGoWuZbQojH1oD7KR43of3TxFhaX3weSLusu_NFgbGAp;mGrJqCF_YeRDF3X1
/v1/redirect;sdfsdjhgkdjfhgkjdhfiueyr9348;kdjghkdjfghire
/v1/redirect;rbRvGA8IHRwVVuJxf9NIvLatxca2sIkl5O2jQTaqba4n68RkYsM8de2xCsw4;eP2nWvgjQOWdbzy4
/v_Error/redirect;EyNZwm203nXuDC7k3qfvJPp5fYR6DV-3FxjUwoxXkED3O-3YKdrAjB2sf-BI;6KR4h7qWVVpaGtI8
/v1/redirect;sdfsdjhgkdjfhgkjdhfiueyr9348;kdjghkdjfghire
/v1/redirect;iDxwc8BDjY_qljXAhqDdAMdZvtwvqoG8cV4nrotfLVOEdLv21y7OdgkLbzfF;ujwjkeluWJKbaH6v
/v_Error/redirect;owHy7AZKlwIulH-k8dr_G-McHL0-2opsrfI_G4DFZJ5EmJ3ZqGBKkCUVG7Ig;L44fwhgFPI-3yh6j
/v1/redirect;sdfsdjhgkdjfhgkjdhfiueyr9348;kdjghkdjfghire
/v1/redirect;ny8gTATkLnLk6bj6GmCTXfqnxAm0GG4AJjoTHG4fx4sPVtJIDXU3c6rRXQht;Lth8SeAbu2Nee-DE
/v_Error/redirect;0LCqvSUmJY0IR94guDpYGkpm6_2bZKBe1tdDXV77E_XsAL5CYb8OHvfzIT7j;A6d_Qaq_jiNyiTRq
/v1/redirect;sdfsdjhgkdjfhgkjdhfiueyr9348;kdjghkdjfghire
/v1/redirect;w9Wanfq3LwyqoLONKbk9xqPpJ_vzRQ_ipngvOaiH3Knjt_de1wVc28Eq32bB;l6zxqdUwL5Ea_LlQ
/v_Error/redirect;g3DSUNtGPgS74AFzE_DT1XeF-zmbRPhT_NZTw5Wk4NuTFBNfAMHMFOccYZ9p;yWk72XjAC9UEVDYc
/v1/redirect;sdfsdjhgkdjfhgkjdhfiueyr9348;kdjghkdjfghire
/v1/redirect;8PwLTfx_DzRV1aBz0u-ll4iNXVQhWaUj8ZxZSgImXtdQ4vKuxkqHaGq2Jv-k;rvS2TJh8whkXAG16
/v_Error/redirect;JCISyNnTwtUAZ8MMfmibP8btyCnfGUAybnGV2LYeAPImnEflja9zBQVOzEzx;IbfX0OSJSOfNtHP3
/v1/redirect;sdfsdjhgkdjfhgkjdhfiueyr9348;kdjghkdjfghire
/v1/redirect;XOHKyIUfrRDIkk2FGxx6VJqfK2TtHb6IayUskNHDsyB0xe7C18noRw0nPA0O;dTptJwLcNC1YGbUs
/v_Error/redirect;Hgn6xIOrEas4AOo5LUvzRuQa01bFngHRNe0wNs1zRkKhn-bkYBZK5K-i9m-p;Bw2RXAwO5YMY9YsE
/v1/redirect;sdfsdjhgkdjfhgkjdhfiueyr9348;kdjghkdjfghire
/v1/redirect;vGmI913IyGNuMiUnCAQwKWC3KzkABFvG43T8Fcl2HY347gHvags8ohAlAedO;NCildOdqHdc3zqIa
/v_Error/redirect;wECEJRLdkHnT-0tUdOkNHz_xhGXd961Jhe3SHsztDgeXCDuw8CEgDmnnfmWe;G-1PTwLrXLttnAvi
/v1/redirect;sdfsdjhgkdjfhgkjdhfiueyr9348;kdjghkdjfghire
/v1/redirect;Nt2JOYWFweOoo1XMfRb_jsvxINig6KsWhUs1wiBlDDZm0_fnMmieYpxUKb4Z;LdOXaP1Aoz9znJs6
/v_Error/redirect;BnGZepkdXQbBANC7ZrXmUj39O_xz-3DOGIPOT-byFWGttjIGCfMOWg4RKsi-;tVgWE6yQuex9I4ww
/v1/redirect;sdfsdjhgkdjfhgkjdhfiueyr9348;kdjghkdjfghire
/v1/redirect;C-IMpcMIUtAHdJTDavHnbxLFHKnhD4ckbnVjHZH2f-LWJ_N91qZ9PFcCzovj;lJmoiD8UOaYTREc5
/v_Error/redirect;cU9bbSQgysiDbHkASU-jAvUtf091CF4K1z2oYq-vDeGDNktBckaX2iD0_v85;Nsf50bLeiLbyRbUZ
/v1/redirect;sdfsdjhgkdjfhgkjdhfiueyr9348;kdjghkdjfghire
/v1/redirect;RdaRr-D19XrvbQx0QaONa00iRi_N4Z03YY6mJ3JsL767vHMEL790w0wdKJD5;B0TWn6jjxEprFbyQ
/v_Error/redirect;2HhH4qKJNG0YmSygwbXrZ8Xdp6D9v5D4U2RaMCcCA2hOu-n8uBQOuPt9i6Ki;OF5Cw35g1Z4YEffP
/v1/redirect;sdfsdjhgkdjfhgkjdhfiueyr9348;kdjghkdjfghire
/v1/redirect;tiQigahdPwaIczGWEFIA6cMfsk1en5-FsmDg8ZjW4g15YWXfy40mjKgaqCVT;cRtFshlaXMM0nv2V
/v_Error/redirect;SBNHvkc7iK1rACDQ0UYPhttkvPEZKSsePkWXujkc5D6T6F6Z50bORYFPdp8C;Hsp_1Ih3zyUsKV7w
/v1/redirect;sdfsdjhgkdjfhgkjdhfiueyr9348;kdjghkdjfghire
/v1/redirect;9-SQAOwQTeItwzgMvFAPE1TYdurzfnkv6pkpnUuBXi0dXxNqxYoV_VOYPFkk;H4xx_2PtNJITpZ69
/v_Error/redirect;2qp3XwBXFQHo3zaUo7Eo3-Es3wHFOLCZDXWz-bjWd6EhE2NeVImRD--rsls3;TS6mEmW4avqG1dN3
/v1/redirect;sdfsdjhgkdjfhgkjdhfiueyr9348;kdjghkdjfghire
/v1/redirect;KqZsqko9_RZAH9hOrN1_FERmpMfKQaZrbHuFoGigGTxxxt5CdA49whZl57CL;yMU0lX66qJXONLK_
/v_Error/redirect;JnZc_p2sw5Nv8nCbyI5ZdJ8vxLcrkI6KGX7NjJUwut9yudHeydqpQCQ6INOx;DjKWQeT9zo0UqWoV
/v1/redirect;sdfsdjhgkdjfhgkjdhfiueyr9348;kdjghkdjfghire
/v1/redirect;aIZ-s07d26_9TfRFcl9-juuOuVV-z4prjZv8XP7HxaxynlclWTlWTdaVah-e;MJ6GTPc2tZuFRgBQ
/v_Error/redirect;43Al7y1UPJPRacWFyXEmhV3c8lAl5RhGNJOy7Yu1sN4oY0NBz_ECD21YRPq7;SzNu2E-eAWSdd3uT
/v1/redirect;sdfsdjhgkdjfhgkjdhfiueyr9348;kdjghkdjfghire
/v1/redirect;Aq8cPqJLiqROW6CJqpyBnM9I3C_Lh7TulebgcPZVfripuqsBHUgjst85dflV;BKJpEcgrY2dog4gs
/v_Error/redirect;naw0Wy4ol8303U4uuZYUj634NcCROJg2UTjCcvFhGev7HWUoDkVl1XnM9_MA;-i7QOIGn2EO2xpvM
/v1/redirect;sdfsdjhgkdjfhgkjdhfiueyr9348;kdjghkdjfghire
/v1/redirect;TEw6gLlnKXjzc7qgJhBEx5lqqP_SskdWH0-qnWNXMhMqEYobsOHQy9y3dYVb;UcvFNqu_EkBVOBWP
/v_Error/redirect;f5tvu1NYnQjcNwNkJiL0j6l2Z9TVa61wDdL8gafAf5dui9OX37T3YklhnrXo;2k35ZnHtEDHgFPqQ
/v1/redirect;sdfsdjhgkdjfhgkjdhfiueyr9348;kdjghkdjfghire
/v1/redirect;DtKuKbCP3JIGIp6-z9eE4tyPGGlknMof8S9hk_-SZDqHAACGjWyYkm-zRybo;l81fxta6uLisPuvh
/v_Error/redirect;n-K1xgkbKjE824nmmfWFNMHu_nZBOkfqK1vGr03WPdKGSzVrEUqm4ETBumH5;CfvPGK2Jtasw64l3
/v1/redirect;sdfsdjhgkdjfhgkjdhfiueyr9348;kdjghkdjfghire
/v1/redirect;9zZihb6yL8EPyZCzCspiCCq9y7odzln2Is095SFnabvQHvnhP8qaLa0JoAGo;xrN-tC3vkdXRftFV
/v_Error/redirect;g5o19DD6DTNnV0_K7Gxf-NosHv93gQOHM4TgjOZ8hLF0z1QIkVW8514r7wzm;X1hGObsBcVseWhTh
/v1/redirect;sdfsdjhgkdjfhgkjdhfiueyr9348;kdjghkdjfghire
/v1/redirect;8B8bTRN_dVJxe0iXzm8HdXozBmQCo9i4wGnhFa1D351VAoh8CmaaMlZq_6od;TwZ05bmQ36Ub_SqL
/v_Error/redirect;yItcEgw3IPk2wUM2eSF1jV9UCXozmNGFqdKs6ZKKadbWulOxrh9cCnY-PX8W;kBwETPZfVefZZtlI
/v1/redirect;sdfsdjhgkdjfhgkjdhfiueyr9348;kdjghkdjfghire
/v1/redirect;1m_pewrRCQxCHGkJBJ_vM-cyxqG7T66iEcY5zNPX48Znuid1LDpPFLH6Tkrk;XgjGj35iOmqdwtW8
/v_Error/redirect;6WWBaxT25Ccw5bIQkHFecrObrF_3HHB8uf5hTuk6KPIZ7e6j7-Lc2-bTukD9;XNvRCxvpb2VpUbng
/v1/redirect;sdfsdjhgkdjfhgkjdhfiueyr9348;kdjghkdjfghire
/v1/redirect;0wuFUrxQY4-qMNt6kW_amJ6hjdlyzhxbYO5LncM6ZFrmyOiVlJuT0Eog4xHK;qmVa08ITIqm7CL1_
/v_Error/redirect;6Lze0poZiykUn0eLv1LPitw9ZzZ2w0ALLGIbOxI7uvQqxGS3eR4xSQXtTiDi;iSaqgGOaqd2hPKmC
/v1/redirect;sdfsdjhgkdjfhgkjdhfiueyr9348;kdjghkdjfghire
/v1/redirect;SWOs3yXrtJasEijHqYdsK6vmJpW5iUMt83vJghC12BXLu2Ma5rfW2f8PXk4l;bVmVfWzKT06Ms-K3
/v_Error/redirect;R_PCCSujARh7V0hN5EHmJhXcs6JEpKkZhpL50K6J2wJnlDfBCU5NQ6Sm8Hcq;tvoHwm_TRJuPjPE4
/v1/redirect;sdfsdjhgkdjfhgkjdhfiueyr9348;kdjghkdjfghire
/v1/redirect;CmcepwaNp6KGJ4UlKM4mzwR9TRw8zpvir-UQQnY3DoIV9ypnSFU8d7vxYpCq;uIjYr1XF3noIGhbG
/v_Error/redirect;OXcNTEeggd_N1ZAwCQKFdQGkfxaQAEfUlNhJJ3UvOLrUVLu-EqcSpGTYIVWW;y2zKk2vXDLjgq4uo
/v1/redirect;sdfsdjhgkdjfhgkjdhfiueyr9348;kdjghkdjfghire
/v1/redirect;zomLB0TLeOWBU1-zeqyeRHKFwVhCT0oRvulSPi4fyqWMSeRaUF6D32TvlasZ;C97W_UUAiWj5DkHn
/v_Error/redirect;OmPhN-qmX54e6aZmB01apSs04plaJsbHaJUWYahPp9ayzd89rWIIqpXP7k2U;WnAj6O_MXF0jf0V0
/v1/redirect;sdfsdjhgkdjfhgkjdhfiueyr9348;kdjghkdjfghire
/v1/redirect;l9rY6KB71zKvMd48_bwvoj4BnTiAgIaWjDRn-tp6T6A0G6nCa4_1ym2ZYRDF;0ezulKXIGvvZNC0s
/v_Error/redirect;ui0q_4fdxbVzLBqofyg0_408QVm_-4DtIzRhHV1_c0ltWXn0sX9vCBJOSQQZ;6PYMDS8g0wkRPLHD
/v1/redirect;sdfsdjhgkdjfhgkjdhfiueyr9348;kdjghkdjfghire
/v1/redirect;0ogA8doZuBS3Xifr1nzZOb-OX7KCA05D6RHzxHOYqJtQluxQqWb3U9VmMZAO;h663a1D7-r6Vma_q
/v_Error/redirect;JfSNEEMiQ03y-n7m7dh0ViiXM5lSEmnuuOtyQKF5-O6OrOWJVnzUWryf8KrP;At9yRi50VTDrDuRb
/v1/redirect;sdfsdjhgkdjfhgkjdhfiueyr9348;kdjghkdjfghire
/v1/redirect;jmlPM-B_WQF5JZJM_tore7AAHf-JVuIVoDLfvlhPp6S5P-PIZTDkmbJ6xL7N;wtufwjojmW6SYKn3
/v_Error/redirect;g-SZI_zUZZFJbwjfCDXE7pTHkBb_37eviH9RsVElEmSkuse9VVg1d_NOyCFy;ovkvHCWJdGVrxqbD
/v1/redirect;sdfsdjhgkdjfhgkjdhfiueyr9348;kdjghkdjfghire
/v1/redirect;wkB0zPKZcmlyzFJ3nqH8J5PN79aqGZ6Ix1SkgPxy9naKsbT0jMphnZkEVS4x;QPxKyA7SH_g7gRRF
/v_Error/redirect;-Wzx78eRxbQcjilYnh8p_zJLI98YBTs-6yXNsLYo6i_qC5vOodEmVdJmvlWW;ipsquFclc3imOAMg
/v1/redirect;sdfsdjhgkdjfhgkjdhfiueyr9348;kdjghkdjfghire
/v1/redirect;H4FkfALZU61_8X9draT6vxe_5WvnBCgA6UQldoHqTt_7MO4FR9aoazlFkGrt;Tehy-NplttfMX0p2
/v_Error/redirect;8qIigWD5XzEj87V9Lv8D0rzg4y7CcPAVkHwEth0OPXOXNIwaau-KBhrLgV5M;1wU6XlglLIAI-quG
/v1/redirect;sdfsdjhgkdjfhgkjdhfiueyr9348;kdjghkdjfghire
/v1/redirect;5CFXQQ-MlWoqh4GZpyX7vEk7NmsMQ2B7p2bXh0P1eA7TjnP2s_GYJAJiym2L;DleIcqAgRMZ2VqCu
/v_Error/redirect;pmdeuZHM4vE2-ER0fKMY_qvw9yDpBmk3rnC2chzoSoU7oRSty-Po5yWlvYV7;w5JEAh8D01MhgFEp
/v1/redirect;sdfsdjhgkdjfhgkjdhfiueyr9348;kdjghkdjfghire
/v1/redirect;uVbfK_MuVJoby07XBcuPcRl4oHjBOdKC0uE2KgE1B22FQDMX_nYib8IFy9bn;I8SzrXJZsbySawfV
/v_Error/redirect;Zzf7ZOfvyiLwZljC1urUL4Mfx30VQex4FVOrEqdm5P7icL4ILHrQESv0rWAR;UDMBaINT7oCaseso
/v1/redirect;sdfsdjhgkdjfhgkjdhfiueyr9348;kdjghkdjfghire
/v1/redirect;oMv7WsUKZ7jt6yqonMrltpRq5qqMbIGSBsFVLtkdGd4P7VN-395K3rSIa_F5;ujXUYUGubRxi3feC
/v_Error/redirect;I5zyJjjYMjBLCbtHvYKem5au_5YobmWCW1ZhsxQrvarwzgYi3kbGzls5hSz_;JOD6gww0hZQExRPo
/v1/redirect;sdfsdjhgkdjfhgkjdhfiueyr9348;kdjghkdjfghire
/v1/redirect;-X339EqawssP9rImx3hGRHVBFNqaAcTtTkL_oUPfC5SOkA_4s5gGsarVebDV;1yolhYjnGBwX38Mo
/v_Error/redirect;2Z7C8fWsWzvGVFg9mfpup8m1B6mehgFdqCib8-nTK5KwwFvewyMudlf5zqrA;bKqAVFu9_jbeJXrM
/v1/redirect;sdfsdjhgkdjfhgkjdhfiueyr9348;kdjghkdjfghire
/v1/redirect;J7tHA7NQ8S05fabOUV4H6_pajAZZDaGYelsg57kpx3srrBfqW4j4Us6vl4O8;D5824O6ZaSLwVoBy
/v_Error/redirect;wIAdshFiX8d-20eqpWBlpyCWPgoNuRDSe7R0mwOgaHj6D-AePdbqaHnfwM5O;emu62wkGKp42TpT8
/v1/redirect;sdfsdjhgkdjfhgkjdhfiueyr9348;kdjghkdjfghire
/v1/redirect;Liai38nT-Y6EMguw21r7k6TMI0v7AQwt8S75DHl-mriGygt_CPa3teLYrCPg;1AtKxxA_kSRtQ3wS
/v_Error/redirect;5FL12y5FLn1IDgDKAeeJ8GRMt5QKBM281njr_3tBYYFQsln0nZiti7zTpk5Z;610zX3ZurKFugc-6
/v1/redirect;sdfsdjhgkdjfhgkjdhfiueyr9348;kdjghkdjfghire
/v1/redirect;Qv5zaXhyslYDMA9G2xrx6yD3QPqK0XRrEmqu5SikddYLkBnfxwYKjMfJL56V;nowJ8FwewmDCnr8t
/v_Error/redirect;ko_rRoHZVFXsu-OUmPIkkwrMWx56Wug1GovDacAkt-lyk2OlCR44m3fM_B7x;EB2AXuViD160PpeA
/v1/redirect;sdfsdjhgkdjfhgkjdhfiueyr9348;kdjghkdjfghire
/v1/redirect;KGAZTtlhpcWmaOhthPtXMjlD7UYIVRqHBPeDXQKymGQp-FmVBSa1_SSGAxYX;YmAlDSh3vLoy9LBa
/v_Error/redirect;Wbnfgb8hXO68Ys0VelOh38NJhyg7UXD8Xzr-kErMsUyTHRY0DbKZ5_jIwTxt;4PuA0PaVbDdjLsiq
/v1/redirect;sdfsdjhgkdjfhgkjdhfiueyr9348;kdjghkdjfghire
/v1/redirect;0i6VTDZZC9AVekAY0nrmq2JflF1fsLXUdL0jb8EQYsT1ShGfJYc8Qa2E54Vw;6M5xl8genBrAu2vz
/v_Error/redirect;l_zfTrKEpiQ0dL7fmp8EBPNym1BAEEUAG5ZdRT4ocuxZDDq2BbPiv0CGbYzJ;AsDMY_cjs85OiG08
/v1/redirect;sdfsdjhgkdjfhgkjdhfiueyr9348;kdjghkdjfghire
/v1/redirect;cVlct4R1SxlLu-WDxP9AM_ncuh82Vt1YeAI4ae_caA09w3rATBqd3wsbVQ9r;b9WhtcVXAZ7AUMrC
/v_Error/redirect;U3szYHn_HFamt611wOuf7sxCzS0zcrc14zOVI_mOopnqWZ8nEa43SqVNI8vc;vDcuNdxXX4ZsRrPf
/v1/redirect;sdfsdjhgkdjfhgkjdhfiueyr9348;kdjghkdjfghire
/v1/redirect;oJOs71nd3EsryV3ece1KG4ULmUdGWKzioNbSwFRdM563keIrz4nkCiuBQd4b;cnTzJbrV1lvE2YbH
/v_Error/redirect;WCe4OTDXI8Fn-n8t6ey4_vrnNz3qGhOugRtSV7OfFq0Ey3uvTFLnON4kwqQS;FjdWoQLqS_qKOS76
/v1/redirect;sdfsdjhgkdjfhgkjdhfiueyr9348;kdjghkdjfghire
/v1/redirect;qKOqOvrQ-v1zj1WxAVNpPNQHcU37wX7OWf29MK50pmXp5K5nxxnpftzXWE8u;2dSiMOSl09c_T2vA
/v_Error/redirect;JSuyGALT3jdMm--TrKDDmhGcbwtNPSFXGxnOyTmdF9p6bnpD1ZyeWCE9bam4;usQmB--um03SOGhK
/v1/redirect;sdfsdjhgkdjfhgkjdhfiueyr9348;kdjghkdjfghire
/v1/redirect;RCXCfR_YoNbXFzKi9PRat3iXoQ7nS2UBwacLUzqx_XyTRt17lLTxeIvZJdJf;7dCSh2dxIIyYzQw9
/v_Error/redirect;hb1Id7Y-N7HM62cEwQ8J1Pp1XuJitpJCbdZ1-WfxT-EdI8MoMvasr5ePQvoI;DHoLdi0gd4NNofnf
/v1/redirect;sdfsdjhgkdjfhgkjdhfiueyr9348;kdjghkdjfghire
/v1/redirect;no6RqAc5X_2YkgJAHKFnoNkXrM-5E0frNpV784D2NCXIqSVhKlYYx5PD5ic1;TQXFtewbPOnQRZF5
/v_Error/redirect;_H8jjQfs70sRRxoW7XgZQC4SPooCF4UjAs2hpK82b6mLxwywlaqJc2E20KQg;lWzjwAvhvC3U64cv
/v1/redirect;sdfsdjhgkdjfhgkjdhfiueyr9348;kdjghkdjfghire
/v1/redirect;WODM5FPhbAq2LJpp54GZzzDcx7OATzzPh9mKQxlDRFKEWyYOCrBPoAE_i-0V;47eMH20m6xhOmEIb
/v_Error/redirect;9LOqmOykyf2qUqNR8NYW0jysYD6NQhECJVN5HLqONpNq_QKHfT_c3kefhYdt;_xfzJMT7IcxoJIEn
/v1/redirect;sdfsdjhgkdjfhgkjdhfiueyr9348;kdjghkdjfghire
/v1/redirect;A-NWygy5v2rLDIOq24q3953hMGlcYEglQ_sEke8oI7kcSijMnt9qiY-JAF-X;nW4XCi-frSXF3W_x
/v_Error/redirect;YKIkrPXa72rA9tL0hKph9-PQRD8vDXpQq46Buw7NpKoOwNBSQe-MPPSqgSQJ;Fy0GJmyF7cO4FfNh
/v1/redirect;sdfsdjhgkdjfhgkjdhfiueyr9348;kdjghkdjfghire
/v1/redirect;5zvS0Id4a-C0HO_XyC1WDfaOQu2H0YT3EiGxymmE8Qbk8olI_DQFUSFH-JYn;txibpAM3YohJa8Pl
/v_Error/redirect;mQieXhuKK3j4wNHUyKXQofIta0LYJK_PZQt59IkR9XV_DnjZEu_J8d5mDFpF;kv5IHJmrJfsmsBmM
/v1/redirect;sdfsdjhgkdjfhgkjdhfiueyr9348;kdjghkdjfghire
/v1/redirect;re9TIy9DDd6D2ZO7vpCpwrihoWRCh8tSn9ur13Yn9PwqeaZWyyQB7-LCKnAB;nLSVXZPwxVtJ_bQw
/v_Error/redirect;qH6y6LqY223dS8qNsTxU9HmsZisfj-Ss8_6XyUcFUqajVOnkNkvtWRu46QFD;vgqOgX9_Nd9rutNf
/v1/redirect;sdfsdjhgkdjfhgkjdhfiueyr9348;kdjghkdjfghire
/v1/redirect;W-KMOcwQX5wRyEdVx7Wxm0KnRGTenWwTgb1EiAJJr1sydLIvEKYPo091DRGK;rYE__wsYleGPfdAj
/v_Error/redirect;7GwBhsycok_WGWCIrxXlqobWhj5j5vYKdjJfIYVBGPl-Ex0ume6dg-mDl3eA;Wlg9Wt-GIloxCc_G
/v1/redirect;sdfsdjhgkdjfhgkjdhfiueyr9348;kdjghkdjfghire
/v1/redirect;MJjEHfUjijtdRNaD1JBHAfm_LEb-uqO62XRFoCYjYOxPZ1jUq1-3DKAvVnF5;xqJVTZE8N7cnRdT_
/v_Error/redirect;jX5hpC_lB_0Q72GNdP1BbQIWHy7d-TUpuG-2CSmNYAgD94xRyUHBgIvV8O5B;vaUp34JlC9d6FS_F
/v1/redirect;sdfsdjhgkdjfhgkjdhfiueyr9348;kdjghkdjfghire
/v1/redirect;hWf2Yx1vZOIPVm8iKqQH_yIj2-0v5sputWOU8CNhqz78pLYlV9ipYu3U5NbN;AOOUUFj4xt6aGDev
/v_Error/redirect;O65z0PPmSUtCIRj1m2QLLZqHMmO1CdcvnOgvDPvWWkAaZGXpU0NcmpBGafrF;l9_rVnWTc89TJTNV
/v1/redirect;sdfsdjhgkdjfhgkjdhfiueyr9348;kdjghkdjfghire
/v1/redirect;5Epu_WWWO0wJW6IQg0fBgXUq5-_Zi2Lho-LPUG6vShJPdALKF7b_z_z4nQxc;ux7NgZOmHvpnvxbn
/v_Error/redirect;TuTyBA3uES7U0F-Z0MxxvqX_37WiTZm-6R-T_lmjXGjcM930-yfUSnXNnWVe;1WtDyDqeJu1NXcfq
/v1/redirect;sdfsdjhgkdjfhgkjdhfiueyr9348;kdjghkdjfghire
/v1/redirect;QljTsigSHbvU7qNmVQAkhdOdVcokuG0EkvL4YhnJqXeDqaqqa_bql8JYmbO3;uCKWOgAuad8ZqKyD
/v_Error/redirect;3xJUd1glMgAwQS-GeRWnrPn-S-ZdREEU5KEy4-Iuy6S5Q4FVH3krmCadMHMG;o18XsGhwjMfVqvjW
/v1/redirect;sdfsdjhgkdjfhgkjdhfiueyr9348;kdjghkdjfghire
/v1/redirect;CB-XzMd4uVnvHUNziqbkHrUkAkn270tJc3UlEADFFyURDFRSU70VJMxOe14M;yDBywDYCfiXQdj52
/v_Error/redirect;aCaloF-qQqPBV_6Ide84FM-FqjYM9CExecz0ifQP9Ce-4TbBHgDJxJ53RT_l;rkWz5Ygw2K0x3En1
/v1/redirect;sdfsdjhgkdjfhgkjdhfiueyr9348;kdjghkdjfghire
/v1/redirect;DDb4oZ_TdXqsQA8BXzFJwv0VLvFlR9NVjQxYjRJIs4cRZw7KQqvW3_E-JMW8;zFdQB6Tz513OM_OY
/v_Error/redirect;92qxeasVF1TEnXdazxqTnhFGiyGvzow9BuHo_VVkEd2jnmePpkZ6s7oridPS;xDJyRV3NzlzJ_7xI
/v1/redirect;sdfsdjhgkdjfhgkjdhfiueyr9348;kdjghkdjfghire
/v1/redirect;l2DvBySpwdr91jVDTcmPVahpuX1t2Z43I27YVoHt5OBhZ-T4nQrVPBH-xIGh;CYdSOeCXCxuT5dMb
/v_Error/redirect;F7M7WviY0cZInxTV9Pb3Ir649kOvLO1sRGVmM47_V1I7nXSZzlTr6PR117vo;5sLZLuMc2AKlZGJq
/v1/redirect;sdfsdjhgkdjfhgkjdhfiueyr9348;kdjghkdjfghire
/v1/redirect;Dmg0HpNimRQgovNT2SmP53AE-kLBi2FNIdtjpdSGBAUVVGL_sIBkaf52RPbp;8LQ6tv1ukJ7JV3o-
/v_Error/redirect;BGBZ9lhhedY9PfPmy6R-C2MsVS_h3eRw-vjaSilcsfQDSTMtaTqbT0zOkKwX;SKM0rojZ3BuGeLgi
/v1/redirect;sdfsdjhgkdjfhgkjdhfiueyr9348;kdjghkdjfghire
/v1/redirect;92_waJ5UDP6tPkIvzTDTSH0Xqa4OC5Un5jLZ9D90ufLD-njZk8hH5STxyFxa;gB-ZQOb56D1wOc-I
/v_Error/redirect;H3APe76-zgVMMa0kzdgb9k9xDKQp9yx1OxFADQkqLfDpoRN7PTPhlJMs_-8E;eiWU6ePewKWAsHHD
/v1/redirect;sdfsdjhgkdjfhgkjdhfiueyr9348;kdjghkdjfghire
/v1/redirect;e7xuIjXbZSd4Q42ONWUPYEwHS0RHztVFMiVBygwTbqm-Hwzj26uYXgKUxzeS;APiKFqLSt9ehsjrA
/v_Error/redirect;xLTBgCnc73p6TLugaR3tj1f2M31xNafSS3eLyP3BU9MWKzfDiGNfIe8DwR28;Aqp84GQlquRGvtyl
/v1/redirect;sdfsdjhgkdjfhgkjdhfiueyr9348;kdjghkdjfghire
/v1/redirect;Bdf2Awp5g-PsnMGkkOlT_yeD42C5weAK3BIjmCQcFoZnhvWii1SYR3rPPXtI;j1aLl3ibattMfvEQ
/v_Error/redirect;AyRUdJgKdPjkPS8kfMMLcQoHrJd6wpJo1MlnykNODBBopfGjyk2DqX9-M4vA;I9OSNF4Cqo1eu35Q
/v1/redirect;sdfsdjhgkdjfhgkjdhfiueyr9348;kdjghkdjfghire
/v1/redirect;Mc9WSVu1L_BUqRLtmjwTSMJEL9PW3XDCnLtdvdMGdwEz2u2m3yHxpY6XcZ_E;kMWrvLPFLZhC0F9b
/v_Error/redirect;Z4gwqdqiHYu_-ZxERHzwTBeqyAxab4fE9-t8RYXzW-OURzeOESxcnEyLUIpe;-W41wKGxtVYj7T6E
/v1/redirect;sdfsdjhgkdjfhgkjdhfiueyr9348;kdjghkdjfghire
/v1/redirect;R2aEspq9NQCIpyqL7eFwyKirB5I9xRgqdngAo3WBRZPNQkSjoKcCIvNI3UuB;0xzHGJlF5MG0ko4Q
/v_Error/redirect;Ezg3OBsvA6PboyXPUbWWB7z7IzmOWWlW2X8fo4btWG3PH5rUJ1RWWXTHLhan;hFMpGo4fT4ivseVm
/v1/redirect;sdfsdjhgkdjfhgkjdhfiueyr9348;kdjghkdjfghire
/v1/redirect;PeScy_N5wcXM8mmJogdXJWRIKlK6a5MXnlfH3cQxFxQtCAm6-3m8jQXniLgo;8RTl1oxqO98NNA_j
/v_Error/redirect;qPpTGgcTmW09VTXGHgWNLFG007J0hkSU6MQl2CktvCbZ93zeC9uUgpePvGK_;nz4gYbZkMzR4cm3D
/v1/redirect;sdfsdjhgkdjfhgkjdhfiueyr9348;kdjghkdjfghire
/v1/redirect;pNmJYbo-t3RPT5olk0ApssU5V775MsSN9ZOrPLP9ICo-APAiiuDtfp78c7Yw;OwfcmKIy7_1sZRfj
/v_Error/redirect;Mqnzui7n1dWUq2GwBmnTDrrkRuqJRkQ_90DIAnmU27uTFMDj5P2SF3wyR4zg;gmQhmaefYkffCqO8
/v1/redirect;sdfsdjhgkdjfhgkjdhfiueyr9348;kdjghkdjfghire
/v1/redirect;T_f0R6U3eDnzGVWUEB66oeEBpbLpgQA3mUqbPXktfNAcJcCHGExVAVI6HQYc;So_CNVnNYswLvWAT
/v_Error/redirect;dvy7gvrF3UGY5XZIWKToEQUfj2D-6bMPevhyMw-bLBqbfVaVQPa4oFghueep;ctCnG69NmCUGSJL-
/v1/redirect;sdfsdjhgkdjfhgkjdhfiueyr9348;kdjghkdjfghire
/v1/redirect;egcm3do0oQZ4k1dN1AhdjVeVhs_sdd-yWFjLHYNbz72pl8uQSJ-8x6HABHNc;wH6BIMJdAlzhnqBi
/v_Error/redirect;gvh6bSn1oIrJbrR0RZmAvb4P3trJxFAb3kWapmcS__Vg01MrX-lMLl7w8v2x;T0cqI45YIK_zLtAc
/v1/redirect;sdfsdjhgkdjfhgkjdhfiueyr9348;kdjghkdjfghire
/v1/redirect;-EpOZC6teoLr6mzI7TE67leQvShB4-ycrf0Yv5kQzhsg8CuM9oelBmmibl0d;EPzh208up9mLRmmx
/v_Error/redirect;k_bGMXI2lKBchu08vhpAtj6-0rDqr80GSvrPKm1a4KhDSLyhyQpmsc-js8iI;c2OyjoDXl8On3tz3
/v1/redirect;sdfsdjhgkdjfhgkjdhfiueyr9348;kdjghkdjfghire
/v1/redirect;vLCHWyZdCbEltNNehvsmytUIjIQD-I2F2I2uH8S5Y5QQoJIMqdd8i_6MCX5y;LcBVpvia0gRv8rvv
/v_Error/redirect;DtWl67o3HwWwz84xC6J53TwyWRMkToJM7MkGbDZ22tfNHVYRGGiHMI1hCtZy;HgKxqqKGbY7G-nr8
/v1/redirect;sdfsdjhgkdjfhgkjdhfiueyr9348;kdjghkdjfghire
/v1/redirect;vAWq-s2g-BiGkeT-Uo0--YmuV9bHuasEWD3c041xsxsEhTvs8j3c4lcjj9rI;LNtWCe-x_g-8RMYj
/v_Error/redirect;D8aKbfwEqnh0ihPluliFd9eYdA3tsiDaEOCHefIJ2JRL2v2j6Uw04AvzPZqW;mvCDSCmini6RyO5E
/v1/redirect;sdfsdjhgkdjfhgkjdhfiueyr9348;kdjghkdjfghire
/v1/redirect;vFioWIQOGV1czYqWoqMYUCPn0Zhm9ffGSZLvlJhELme7G-6FHmQ354ZwGwSY;TRUfmFSbVO4_gfku
/v_Error/redirect;C-J4dGrbvzOFO8RpqdD3uo7-D53oZ7PliDmaYlpN0zqZUyrE2PBdkEtEnMof;9_2eRAKNWGxrjEWr
/v1/redirect;sdfsdjhgkdjfhgkjdhfiueyr9348;kdjghkdjfghire
/v1/redirect;o6-Ze5-hIEGJTUxWYIDRSmKjbdwqGJZmWU9uJfKl-kJReml4WSsTVmeqWE7m;AFCPZfw6twZ8mdmt
/v_Error/redirect;WOOTAoq_EaL2WTQGlFaUf8vr7u_BtThJqqxcIjAeb0gCAQyklyBE3zt-Ct8X;2Wv5N_3xbbHvYUka
/v1/redirect;sdfsdjhgkdjfhgkjdhfiueyr9348;kdjghkdjfghire
/v1/redirect;AxxKoKRRgPSQKTFqHUtWONPoxg_C9iMUVcZ3MTH8D9Y9SqQleUhj4JbqCuu2;eQknP5ljISFbPQlN
/v_Error/redirect;Si3da5zcfXbiIbEMQ6THJn2TTx9g4UvwX0v4h0u5MuXZvLrg_sikCN_neyVV;aIlG_CtJAdo_x9pV
/v1/redirect;sdfsdjhgkdjfhgkjdhfiueyr9348;kdjghkdjfghire
/v1/redirect;2ANa1bgQlvYTi7mCv_AzLwwxmHhastrItfmt7tYhLhpYc6HZI4HPglR86Hiq;GgSUaV1qqfBmvCsq
/v_Error/redirect;HGAYatcWIQDZQloviTevaLPaIl9OquTR-Hl7gfneWZw_5uJczo44SiuaepNF;BBN1AbFnWeXs96W3
/v1/redirect;sdfsdjhgkdjfhgkjdhfiueyr9348;kdjghkdjfghire
/v1/redirect;i4T7LeJwL3CrgPjyLL7HFApaYkcnZ9n6T6jnbSl65LKkCckwL_DmN-aiLTYd;QRUsf4tKSBRispf3
/v_Error/redirect;MTIXeRV4-p3BDVbrrXcG5N8wySw_ugIke0KbJZTf7kbgKqNICKzFHWit9OHj;j6VcZxH-kfbnmmXx
/v1/redirect;sdfsdjhgkdjfhgkjdhfiueyr9348;kdjghkdjfghire
/v1/redirect;KYXYTGZgin74GYDe8eZViNPu2yqa0-scoFfpAht1bRDMWn1dhW2PEEhTcCpE;aCDWMn5qLxmQrPxU
/v_Error/redirect;dL27PlKgcFikjjstePz1h1fHSIXudwKNtUEYSjRq0HybryAUmnWn8o1Wi3_i;wz9KV9ATZtMGnuBy
/v1/redirect;sdfsdjhgkdjfhgkjdhfiueyr9348;kdjghkdjfghire
/v1/redirect;v4bHSajsP_ZxaHyVmyFCuDhAcSDWgbY_L7ac5lmQXqk-OvdGbbpFeIlUgVLC;Qk6oOr_iLpyGLgje
/v_Error/redirect;RllnPBzYVou_JFMgneIKryi4V401nKlnuM4zFhhs_CAsOuqpxdNxhRGGeBJr;cVb6FCbpgPh2Xhg7
/v1/redirect;sdfsdjhgkdjfhgkjdhfiueyr9348;kdjghkdjfghire
/v1/redirect;bTTu-viX8rENUdPVzNrmXMUphx4kS8rCEJ_GhOTHkeNy-8mznXJitFIy-2bM;RFdDVQQ1SgM6JzD8
/v_Error/redirect;JRtjNeKKR7OwsUxSHUyDqrniqEI820OSsCqdRNyuXcJMAxy_03Svws8btD9i;dBCmpzCLkXofIfSt
/v1/redirect;sdfsdjhgkdjfhgkjdhfiueyr9348;kdjghkdjfghire
/v1/redirect;5akK0qP1ao8F-kpGDuZy67RXX7Ci8Zx-U93XumGIibvV2bwK1vo6q8PGVCPp;CnC2DB5RIo7BHAya
/v_Error/redirect;yIvpTZal_ilRPdGpXVZ9yp2U4AfmoCy1zgYNgc0Mhidgl5h5eKuZCQl1YXIn;ZLh739mHPfQ5aUKe
/v1/redirect;sdfsdjhgkdjfhgkjdhfiueyr9348;kdjghkdjfghire
/v1/redirect;HC69VXPU0NHMUWmtWjB-W9p5EsxP9j5o5QOtrlmY_mLNOq9AzmxRVOwuiELB;CGemOCbFehdccsN5
/v_Error/redirect;gnFFR3cHvT5i_8-FeWrUumQBcUKWQ7NQ2XIW6Qs59fVzuDxAGgHFh-vGgNsf;LbvbsRXjmhzOBN9f
/v1/redirect;sdfsdjhgkdjfhgkjdhfiueyr9348;kdjghkdjfghire
/v1/redirect;2_gZ9cYz3aqP0iSGQSPn_JdLanJDSr-WxA-F7wo4FbfNfWKLqCbTfp4zKfvQ;dPWwlUGxj6eiw4p-
/v_Error/redirect;OuvNF4a5qpbFjA-Mj6q2TeA89UsO9veTViqmQDcS4ZCe5MBrFZ7PlBCrBSyl;ZTMf7H5ypDQbVgUW
/v1/redirect;sdfsdjhgkdjfhgkjdhfiueyr9348;kdjghkdjfghire
/v1/redirect;W_aPxbgGDYIQweVTJ6z0WHIznrRivwtunDJ3oqvzoCEzc8ALvI4zv_ELEHXs;4mb24WIPpY5_RpCI
/v_Error/redirect;dl--8mEELXCWMBXAM4_e89Ze-QJbxByU__zRYe4IuBnam5zl_EOV6JgTwfdi;ACZ5pcwL2gUhqY1r
/v1/redirect;sdfsdjhgkdjfhgkjdhfiueyr9348;kdjghkdjfghire
/v1/redirect;Aip_xUDLAVTTOjMDn5CrxA1i64gJ9MZNBW3_w6AA7Gu3jNvbdX7fRc2o_eM2;nBeWf4Pr4ksrTOmk
/v_Error/redirect;fvXUceCdlcAnZgS1Tk0j_RDJ_W6uXCLJ5UE5VTF_OoLuQ-J0wpBLQESKg3fx;YfLhsTHRlRCYo8u9
/v1/redirect;sdfsdjhgkdjfhgkjdhfiueyr9348;kdjghkdjfghire
/v1/redirect;QR6OV5L7kY_i77Uo0KirYKwwdwa6M8JyhBI4PyJXPV86udZyX-hP3ybcxH7W;1j0sO6Su2boGJSr4
/v_Error/redirect;5LN5F-ssYjjt9IqEDh8fPsvtyHPz92a-c2SeRmBfA3nGNBNFi2gneU48Navv;097J_pX175y0qmb4
/v1/redirect;sdfsdjhgkdjfhgkjdhfiueyr9348;kdjghkdjfghire
/v1/redirect;bkdAR3IbqPYB0hWELGtAALfdgo1aZ3cbkNGpjMWvQAk2h_7i-MrxWoMWtAl3;rWjX3FCfQ7-6Z-WJ
/v_Error/redirect;Oafl0OfSZnvn99xpbc-cZXpCx8qxRCgw9_5SCNtLwpG7hV4aupooU-UoK_Eo;LS8YZIRwUdUh6w4w
/v1/redirect;sdfsdjhgkdjfhgkjdhfiueyr9348;kdjghkdjfghire
/v1/redirect;NY8xDNAlRxupcYXdWETuVkXrlidgc6u5jrUJxeMcXdNCT9KP7o9N9LPntA2N;LwO9jp2etOSAomPo
/v_Error/redirect;No4TGyscfcgZ12WK1yhU2XpMEi_fkMKNr7KUUh9vmSr96gOL9K0b8SuOXkFk;Qp2B0SciZps2MUWi
/v1/redirect;sdfsdjhgkdjfhgkjdhfiueyr9348;kdjghkdjfghire
/v1/redirect;7myxqNSu3HK0Uc4mHxezwrOevQySeuU93b3aCDiYmEyMJGKn_VQO_7KmB-kl;7FRZkMqZziucwjmc
/v_Error/redirect;SxSaUJg2sOn69nxOAmdIk6PuzX1ok8rlfjnzvkfzIripD71_HCguwwgyU98K;Ag0nZ_odjH70GQtC
/v1/redirect;sdfsdjhgkdjfhgkjdhfiueyr9348;kdjghkdjfghire
/v1/redirect;rOskugmNE2DmQXt3e4DvChVZfcHEYd_LiRaoG98U2HFMCPBHSMVPFsYS9TSe;fGKPBCLIgCwZUMwr
/v_Error/redirect;f8WZ9GWk5rA-NdoKuL4rhR0qh1B8g59qYp-b-kcu1Cpjag9JuAirmvyTHBnx;1R5fVCYoHRqiJxKW
/v1/redirect;sdfsdjhgkdjfhgkjdhfiueyr9348;kdjghkdjfghire
/v1/redirect;LFTkKV8ETSER6yxIhQaG7lnsDiWzjrkJSYr9NH_NH3Ji7DZqstfxXQIZJLk-;biY40DQGrP8RUtiL
/v_Error/redirect;Jcs0CWwzL7Bs_2g3dto5xmffYMbyU4QFW4wDGH9tC2_7DP1878EbTfnY5D3C;Ik0YgMGiJzags_es
/v1/redirect;sdfsdjhgkdjfhgkjdhfiueyr9348;kdjghkdjfghire
/v1/redirect;3UJtn9vT7Re6EKYCv_9ZOjVU_vWTzIbc7ucrR-bxvzAlgDj3ky7wRv4W36lE;zZuxcueETn4fp0t1
/v_Error/redirect;dCZUEbG6GQ1kmb65sxCPJdq2-Uc_vAymkjj_aG8P0q3M689svSNOfZXtT7pO;5GrmENJdDOLcy3xE
/v1/redirect;sdfsdjhgkdjfhgkjdhfiueyr9348;kdjghkdjfghire
/v1/redirect;cllZ7fIDr4M1Om3FH-YcsV9jT44-Gdfu7OljK8KlLpeE2LPqrt8zX1eacBdD;UwQQYQkqG2hoFYae
/v_Error/redirect;ZDrTQDo_E8sUPYV4YjUQdr3PbJ-vsGV3U4ri-68pbrr1QCG_zLr3RYsF1SMP;5y7-1x3As1PN8piV
/v1/redirect;sdfsdjhgkdjfhgkjdhfiueyr9348;kdjghkdjfghire
/v1/redirect;dBNwjNnpDV0IVtgbBr2LYDM5XZd6MlnZCKRtplrf63sZHNMArd5cdvA_gfP3;vge4ejxTfRhJp_sC
/v_Error/redirect;AC2S0HUMm6LJa7A9ct6iw-OMshuNQZAKV5_vPmkrVhbwIOAOFpBHEE0FZn8Q;4KkwEBftnPpoeiyT
/v1/redirect;sdfsdjhgkdjfhgkjdhfiueyr9348;kdjghkdjfghire
/v1/redirect;XBJ8VSvveUf5vvjPlt8ua-M1rkwGXY1k9l9cOM8xQrsYujHx1YriYF_e1rLo;XD-a_J4OZFZndhpi
/v_Error/redirect;YIGlBMZioXK2YSZagNxNOh9_0HkKfmYlwMTX3QZqKkNlhLfYriR4qZmHx94e;OB-Vfw2yiOEE_zAR
/v1/redirect;sdfsdjhgkdjfhgkjdhfiueyr9348;kdjghkdjfghire
/v1/redirect;_B05yMqdAblbV8KJ8WsKUDtIvdDrKHc2LJgsLiCtvISZWHcTwNeZQygdQtCV;6sgH-sqV-cX4OXIg
/v_Error/redirect;pY8fy9hTR_LvSxasqSFl1KxcCiW7_cTGCXl33NqdkzAm2lkQIpB29j44Hpzo;34LS6NifCYRrcA0O
/v1/redirect;sdfsdjhgkdjfhgkjdhfiueyr9348;kdjghkdjfghire
/v1/redirect;mozWEkFw7hiC4qtBgeGUxYr6_5EGqs-P-gU1dHr_NzXUp4SB8NCog2IcWwyW;1-pZxXXp0wziekHd
/v_Error/redirect;ayB9ATSW4lskLgNFro--pHiE0e99fmQPhBXNe355PQEOEwndErk6aRS55xBo;eKR5kfIgRrP_Ls4l
/v1/redirect;sdfsdjhgkdjfhgkjdhfiueyr9348;kdjghkdjfghire
/v1/redirect;tv3i0iRDZSAFpVjyLqY_wQ8eKUhEJ8cZQUEyvgQLVOFi1S5zovwj8RRsHx_9;whp6R7JG_hMJo2Ug
/v_Error/redirect;6lD0C8gAgc1u0nwO5mgfbraPEbDosdwUFS2VVVpk-gdKI6nehRnevHo9GETK;vu_Zn-1hFcdg090i
/v1/redirect;sdfsdjhgkdjfhgkjdhfiueyr9348;kdjghkdjfghire
/v1/redirect;Fp6OArRfcaoAx1h_-W1DvBy0NORCqLF4CQ99-eFFIjRxK9Zxca1L51z6_OPl;dYUqwAFUVbNRuqs3
/v_Error/redirect;F2hSPfpiboUMCsjTFopk4zcv1ZaNhZbtdKrTl3xRa30t7ZssOkmntwQw99GQ;sMOq4puyICHVKgNL
/v1/redirect;sdfsdjhgkdjfhgkjdhfiueyr9348;kdjghkdjfghire
/v1/redirect;JMiwHAoMLHMyOzh9YdsHOiVDUEqcfcQKc2DwOce0FJeL_As9Iw0D8r5wtl1C;anAPlFqYxpcNw8DS
/v_Error/redirect;BhI7Jt5h_L_4l7phs8juRTDJ9MXTpC10vBZ-IOBIut-IKECa0MuT0zfXZUl4;AgpXmSMp49VGY6Is
/v1/redirect;sdfsdjhgkdjfhgkjdhfiueyr9348;kdjghkdjfghire
/v1/redirect;IKjPW-79B-TloCYAImndn45EPlIpJGumSXEi6AKNSAOaEyX9OBVnN7wFeIRe;NxZHazYJ9yxQT-ey
/v_Error/redirect;xZ0U8ZYPojpm7B4orPxBC2-PbhaZIl75nM_IwkCETRWElE9to6NMt0F8uaon;sT8kdHXDkgoyS4hF
/v1/redirect;sdfsdjhgkdjfhgkjdhfiueyr9348;kdjghkdjfghire
/v1/redirect;WoKEHTnYdOrizJ5rrH3r5sTIdmK6c3D8s4r1N4arG1nZb7stTLq3tu3iQdcq;Fis3L6FxJeztblmH
/v_Error/redirect;OBiQqBjps4hTFSv07Cw10Nr-1wvty5vFCmvSJXQetuLTV-hC98bCfqstWU2O;Yx0rGNZHRAqAb4__
/v1/redirect;sdfsdjhgkdjfhgkjdhfiueyr9348;kdjghkdjfghire
/v1/redirect;rYq7_G88AkqgImwy0wAaxr9abXtMFIfUYeDiHqFuMx5z6VOxbc4Kp1c_ijyW;lzFpewTtVRk80Lou
/v_Error/redirect;N0XR88bJymmnryREOw803TWjhOJv-kM8HbYi-Fs8OgWxSFCD3o3BQO_Ho3V2;0yUbLElyhbRFNQPE
/v1/redirect;sdfsdjhgkdjfhgkjdhfiueyr9348;kdjghkdjfghire
/v1/redirect;JUPNtlwwWHyS3DUn4GtmlDQ_fi-gGsO4lx-CKh1bm2hsTTVySHW64dgZdc8X;KJAGn6HU4xDKHnCc
/v_Error/redirect;bW5EF0z3h9IPf_a2GOiO-D0JIb5meClQAMUtgmdph9aroFvS-lTAy7th-Eky;6d_BjHPf5rtsOpNF
/v1/redirect;sdfsdjhgkdjfhgkjdhfiueyr9348;kdjghkdjfghire
/v1/redirect;kJJwkBOSrRcEAkuxuyiOW2SGTHF_Lf6LkWhVQmy_CaONgShZHoVIln4sk85G;Mx3FcIDHyaI21ZfB
/v_Error/redirect;2_a62Lh6VJpq13OBL4HlyvktTzv6DlnojPQwX9TTY3BnMiPndQTKxX1AbUaO;0VH8Rn7bsB5Ocwqu
/v1/redirect;sdfsdjhgkdjfhgkjdhfiueyr9348;kdjghkdjfghire
/v1/redirect;vRq2vpHb_axy_mcRskCjlYSrDcAE78Txk3eASpDXnzs7lpe99hkhn0sJUYhZ;iXB859hbu-j3AJRE
/v_Error/redirect;UKYNPuOQdkZs7z8tAeDxSjb9xTIBjra3H1M3BlZ29-9MhZX7O9wpH6pocCwc;3jminvk89xeg1slr
/v1/redirect;sdfsdjhgkdjfhgkjdhfiueyr9348;kdjghkdjfghire
/v1/redirect;4ikBuBH2tFr2tZtlHmFMEg_CuqpHyJgqBuFjeMIa6zbkslG83WK742AB6GSy;ymwsI_PBxil3VtFG
/v_Error/redirect;uC4dCpWSe9RZaEqntYcm4ZXQzxjq1qIkyI0uQZxbdA8WzAhOZEcWhYSwJYUn;ZzfGHyqC4EV09qMI
/v1/redirect;sdfsdjhgkdjfhgkjdhfiueyr9348;kdjghkdjfghire
/v1/redirect;wJ-Qh2TAc_Ufp1Us59Wwcxud4O741Di2aevhBrkCe8JudzbEnOR2T8R4e_hS;ufI6paotwNe_mAd9
/v_Error/redirect;XM6E4T0-O4Ivg2-fmgq7DaL1FBwUFzbdB5x-GlCm-reWHUNy2B0QYz4KT0JR;l8XqUqpc2J_zkEVi
/v1/redirect;sdfsdjhgkdjfhgkjdhfiueyr9348;kdjghkdjfghire
/v1/redirect;Q2uyblnS82-yqOb7xZnbTB3WeVBB28uw2Ho8SgeVhkcYYf_fV7DdP86PT3gZ;OD0J_49YkJ1kFajQ
/v_Error/redirect;COgs3euRIyctwJuPDQ9m-h8PGDx7115kADBV_DwyF3HGlZYSel8SRqrVn0Lx;Hdlehjoi1tEE6CUg
/v1/redirect;sdfsdjhgkdjfhgkjdhfiueyr9348;kdjghkdjfghire
/v1/redirect;8UEEyYEge_Vrm0fIx68IgQsvgwUAL_A83XdCf9b36V9YZXWlFJIjNeG68XuB;_XT1SzPA_ht7M4pa
/v_Error/redirect;3E958pCMzpJVo8g3XLJ86ZPoPvvh72hSk5xtoMlb4KAWexgCQeTb90H7KfoO;pA9wc41I026Ndk79
/v1/redirect;sdfsdjhgkdjfhgkjdhfiueyr9348;kdjghkdjfghire
/v1/redirect;9D0vRcb-jTyX87c5rhizO6o5qCsJJQpYr3ESAcjsGmHFPmlFmfHg7l5hXh1V;QBS9bVfas5JdB_ss
/v_Error/redirect;RNhV-GlxFmBAIM-IlYw0uQjtIidOupOPdHQJRFYIi_83uKb0yb8T2Xv4cv-5;r-8rmhx1udaALTZ0
/v1/redirect;sdfsdjhgkdjfhgkjdhfiueyr9348;kdjghkdjfghire
/v1/redirect;Gwn-2oJbA2-PRLwaGs2trwYYlV4w0Iq8ZNR10vyJ482yYIXaqzcbTrm8l5XD;pp4hwaWD2MYBRVI8
/v_Error/redirect;pNKFz5hLfeYx8bcZV9cyVBbRw98wGfZCpxmvDci2ExO5R1MSF7xbxhfGbb99;P2JuTCER-pUBofcc
/v1/redirect;sdfsdjhgkdjfhgkjdhfiueyr9348;kdjghkdjfghire
/v1/redirect;u9yQquhdChIaA9jn8k93InlbjhUT67B376N_gmV3DqsxjYN_hG0oee6V_wZJ;7n-NtPc5cGH28XcJ
/v_Error/redirect;8kqwtc9nX2C6vRi5IGCpnBnYtKO2EZqJCMAdqdPVDkmNgcHlbSLfrBjNoNHc;RMVttc0ltWlUX_fI
/v1/redirect;sdfsdjhgkdjfhgkjdhfiueyr9348;kdjghkdjfghire
/v1/redirect;HRbkvXDNwIG_THHHYaKFyzZhwn8m3BA_ieMvyAnX1NE3XyPbfC6tfzxaWXXw;dRVSriSLgT7AE_iL
/v_Error/redirect;9O-nzoQIw5pDTY5_ktccZ04foIffcFNSfU8uTyfaNKyoCD5DsfEgBnHdIjTC;FKInzloFjoK8wDyQ
/v1/redirect;sdfsdjhgkdjfhgkjdhfiueyr9348;kdjghkdjfghire
/v1/redirect;W7Av1u7UZvR77LPQxn9RDO_oVY3sJLB9SNAHwcPOwBiFx524N0-grOiOgSZO;tm5nOYfpuv5Q6-ml
/v_Error/redirect;w9sWZfz2j1AeQ8bs7qKiuISo6yiGPMLNcda2JJVilpA37h7EmPQqa7cDVJ6D;Z6PuXAZTx_lW70Ok
/v1/redirect;sdfsdjhgkdjfhgkjdhfiueyr9348;kdjghkdjfghire
/v1/redirect;NMNJYYLbkmCkhA38NUdFTIMZqx1rxm_ovCWYMFhGqvvAylBnzeIM39YXflXq;1Bq8TU375kMR-L-p
/v_Error/redirect;-hx2swbxSzD7GSipiFQi4_kzbCV9NljEZFCrh9Gk403s7-r916AApvY84PKw;3tHV_JVSM9AaQEeR
/v1/redirect;sdfsdjhgkdjfhgkjdhfiueyr9348;kdjghkdjfghire
/v1/redirect;-Sl0VeTNOwdJMULpx1K2LEDrve3uDJk-9xnqifqcCN5M-5N-686IXaUSSCaP;rHmqctlZ_ZFPVIMb
/v_Error/redirect;hk97fOW9YWEejG1hYYGqJgZg22B3qEWbyEAXRRs1uESCbc0WPui0LLkVyydB;lmzj9fwoNsD4A9EX
/v1/redirect;sdfsdjhgkdjfhgkjdhfiueyr9348;kdjghkdjfghire
/v1/redirect;_V3UNit4la2-2WwpDcKPle-I6EnumFxOCPg0bmZfZAmZebXqjrKvDb7a5Zo3;I6xeUE54J9-Gicpm
/v_Error/redirect;vDUjo2iP7N1DYrFjltdHnq7yk623OE7AkKS4ztLEfUxzLdB8XhMTo3Tz0SjF;lLixuOyIZjSmhr9C
/v1/redirect;sdfsdjhgkdjfhgkjdhfiueyr9348;kdjghkdjfghire
/v1/redirect;3BbIqGuIwI3_B6uNs5wYetv-w8Nfvhb_SX7sZdBZm7KXPUc5_AtRfnYLjIZl;dtqYWEjHA44vB81R
/v_Error/redirect;ZpP9rPyuRF14zx8oHd3V87-dk3j6h0toM6Ke7Lkkgl3cy9ffpG9nsyTx_7gM;Nd9BcRiTKXL_D15Y
/v1/redirect;sdfsdjhgkdjfhgkjdhfiueyr9348;kdjghkdjfghire
/v1/redirect;udEIaPhCtT-sDxnoBIXg_DKTCX01MpJElhyTqauvgXu9cQBm-vuGXbKhI7jj;2A1s4QzfpwKYlOAQ
/v_Error/redirect;QRwVUV7AugjwE02OJp7tbjeR98xe9_D9ffDYEoogMNqQpWdUonTkGWLKPsKr;neQDJt3wCeifc7bY
/v1/redirect;sdfsdjhgkdjfhgkjdhfiueyr9348;kdjghkdjfghire
/v1/redirect;2kD_o66U8Ek40y9eMRLdVeyyscs0lXxH3-f8t7Ho30deSmk33iIPnbBLrdoF;eMWSmg1MNrVPAa1A
/v_Error/redirect;7yZwMOHov4DexmQN-deTv7xphEPh8_LbZ0CID6xG9VY5sCude0ug-nzLQ3EY;GZYkNuiD-wC5Rasw
/v1/redirect;sdfsdjhgkdjfhgkjdhfiueyr9348;kdjghkdjfghire
/v1/redirect;WuCD_Cb0pXXHmhDiKc9YOra-GmYarzqLpxI8wcHthKU-ndcFF13Q2HOKbA0B;jRPameAeS4psMfm9
/v_Error/redirect;Thz3o4QPUjyE9kLzKyXJchgmrZR0egik5ePY0W_NtssZ_1ldWR0c26IzscK8;S7bNunng0Mv6TAzM
/v1/redirect;sdfsdjhgkdjfhgkjdhfiueyr9348;kdjghkdjfghire
/v1/redirect;LBsHdaqZQhRmTPAu-DkQeCn8bd0XDuyGJgyEfUMwwYTr29W9Ng2LpUsgFYk5;E9rjgbY7IX_RUS-J
/v_Error/redirect;WXmEZ_M-7CfKZJU4yVsxJIgipj0XoHSrKqwiZK7dA3nvAVSslb88CjgrC7zS;C0ZCK0qXCdwy8zgO
/v1/redirect;sdfsdjhgkdjfhgkjdhfiueyr9348;kdjghkdjfghire
/v1/redirect;VkERGWSj4OC38_k7GVfLR1PjosSf8t2TVurLpIADaCnREVBNC6PvjVKOEs57;B759ZcRvZ4_K45v9
/v_Error/redirect;JGjftUSUfARWKivTsdwhmIVTFlSh0c09wabTU7y0BKKQ5-MRvN-7dexI-8kU;gfSebwYK59UvdgeX
/v1/redirect;sdfsdjhgkdjfhgkjdhfiueyr9348;kdjghkdjfghire
/v1/redirect;jpnFxBtoqWV3p03wMeM2Lp7OZkPAR9AQEidHAvoUeBvMiZ8ueeSdGIzl3A_o;hL5fUD8y5xmrvk5O
/v_Error/redirect;VpQVEXJ4UzpczwePvuSSbpVMatniMQpFLdpv5EMehZtBtTlo1l-2k2hZsUcG;DCdmT33OqeNIZm1e
/v1/redirect;sdfsdjhgkdjfhgkjdhfiueyr9348;kdjghkdjfghire
/v1/redirect;UO2GjZ48OkYTCKTkuEgGzoH3QXoDbOaxIwrvZw6O6p6yJ5Z3RnDWtgKJZ57a;USByqTzAiUjDumFS
/v_Error/redirect;wSsQDQ42S2mqreBvKlUwj1QkBoVUCJSyvmchfZmZ2Xb2f3S2x3yADMdwYkIE;3Lp5wzAvzLLzXRqV
/v1/redirect;sdfsdjhgkdjfhgkjdhfiueyr9348;kdjghkdjfghire
/v1/redirect;G4sEaBIpLugTymbP8zdkYYDYN7A0RMW7FaFMpbHaCnNkmuGK9PmXfZKZ32Rq;04UzoTxtPGQcAAfn
/v_Error/redirect;7BxKiMiRdamnGyKKo5Mru5YBDkbg206AMj8WDJwdwdLHdvC0EnMjLbW8p2TN;Q8y_t3QGuukgMjs6
/v1/redirect;sdfsdjhgkdjfhgkjdhfiueyr9348;kdjghkdjfghire
/v1/redirect;NHwhYKns0S4ugcRVnJSSSil7ej8w3Y4a_aKDpjFDlGMXVqhG9Xxmx7kDn6EK;UwdUL9UVyowWuJi8
/v_Error/redirect;Xicuy8q-aSyZ891JtD9D1EMrfqR2pUHsCu1GTGaYDw_g0gtcs3EqjN6yKB47;vyS2BR0-7YxRluJl
/v1/redirect;sdfsdjhgkdjfhgkjdhfiueyr9348;kdjghkdjfghire
/v1/redirect;Es-9iIF8DTFG87SxafF3c-9ih4A1xQ8Fyu3dIKrtaIExmYsW0AlrClt5IEi6;jEiHz82cWTyUkNsM
/v_Error/redirect;NX342zXm79NOrzk6cN6ddfFF9Aw2nHZ1YUWcliActxba3kr1JtIYyeC7mJOG;Ycgbx8YFQMlpqmbl
/v1/redirect;sdfsdjhgkdjfhgkjdhfiueyr9348;kdjghkdjfghire
/v1/redirect;c-hgjgTj-jGJRSZUeEvV7cKJyVXO84HgYtmGJiS5hle80Rx_HUNh8_2mMljH;rrKAE64C67XPcyjQ
/v_Error/redirect;9vke1utMegHCefHR38MGIGtaBE5TOMzNnHq1_miZDlgj7WOpr_LvFNkLluqL;3cEBQ0uc3pfWMRPT
/v1/redirect;sdfsdjhgkdjfhgkjdhfiueyr9348;kdjghkdjfghire
/v1/redirect;RNz70SOKWTnqH6lnc7GkavTWV6Bus4B_IhwfmP-WqITbgWEn57y1gf7pjmr6;DviR2QZzEbb-_n4p
/v_Error/redirect;TnG1X30A3zQdw1X3d3qF55AxEFClAIDiR8FJztUIMXT8VnMtGKbBITlgJWe8;NArnFq8xSaRPNVLn
/v1/redirect;sdfsdjhgkdjfhgkjdhfiueyr9348;kdjghkdjfghire
/v1/redirect;9CcF2BcWYPB1O9sDiLkQAja4LrD9A6GexQZeCAKtde5XnL_8_mzAuGiMH_sT;VfkRJjVnN3rsyGdz
/v_Error/redirect;wiIGHeKXzL_AvzU1wqPM9Ro1A1DosJOjjPdFZ2-g5EG2yAKAjrI832E6-Chk;BMFDErH5Q3sCPXhY
/v1/redirect;sdfsdjhgkdjfhgkjdhfiueyr9348;kdjghkdjfghire
/v1/redirect;lAMU4IsBQfoABTPP7bQlQdUTGEvZRS0XNvXGjN6nay7_IW6Td1tURIgg0in2;6vll9LZR3CCaSKRT
/v_Error/redirect;U8DmzZ5-pMWIQ27PZus90z-CO5PTuLx5e38A2ztB9UZ0jhCo8oMMECkxVrXe;2MlGgUUtpWjPOapD
/v1/redirect;sdfsdjhgkdjfhgkjdhfiueyr9348;kdjghkdjfghire
/v1/redirect;KjAWF_xj2KEEYB0kalEASRVn8TOxkQVsAnpvjkA6dgQkpyAyL7YVrzuQCf1z;mKsV-HM1XT0r2nmg
/v_Error/redirect;lJENPffNmSPw9L-OdBWHuy5rvLGdvXyXM5VQJHIconrRIfymFH2W9YsKH3LT;hb1WwqjyNV9axlN6
/v1/redirect;sdfsdjhgkdjfhgkjdhfiueyr9348;kdjghkdjfghire
/v1/redirect;6OUGr2Co-4bk_iGprz-dyrRbEHfgNJSC_SBvojsiaPTSkXmQKp71yxSnHVTB;zdfk_C6_0hIt1iyh
/v_Error/redirect;CQJpoGXLb1SfNlD6cCWJStY_gAoGMkyVGpPkYT5b0DTvSokArTL_bH8IwsGG;KVy236JpOLfr_dNR
/v1/redirect;sdfsdjhgkdjfhgkjdhfiueyr9348;kdjghkdjfghire
/v1/redirect;SAc_wW-OgljkgQ7e1HZWamHnhcNiQLkHW28rAKcSBwSHoXQSSaglnd1fRf55;hUoIUHgS6yKYxQy4
/v_Error/redirect;Ekz1vJTUZLZO7_w5Z-jbzIVSw5u0wTmNt1rWwga3LVnxydLRcBowWnF609Sa;kn3MYbYbsi7w515p
/v1/redirect;sdfsdjhgkdjfhgkjdhfiueyr9348;kdjghkdjfghire
/v1/redirect;iXf2wsFebrMEKKP7cFNLwwCPFGA6QFLKkBRA7UForvOHGacgOF1wZqgPDsiw;B6732wCFt3JDRgzw
/v_Error/redirect;9Zx6nm7FB5qGne5R2ulXIcFYKhtRlAy9EgDp2S_H2FMgwLkAwTI-bsjcuXCv;UDLW9S46BlCzu8i6
/v1/redirect;sdfsdjhgkdjfhgkjdhfiueyr9348;kdjghkdjfghire
/v1/redirect;3EvhLUQabHboHpgGGklIIuuqyb_Raw45n9yo1tGiRwkwl4a-bl12-DKY6nmL;hIUFVYqReLleDmqG
/v_Error/redirect;1iSyFLYw14k8X2BcXkV_1F6UuT9mcqE_6nlrRz98roSg9XcBu65SZZcP1BZ3;9U2PK5ZZMq99q564
/v1/redirect;sdfsdjhgkdjfhgkjdhfiueyr9348;kdjghkdjfghire
/v1/redirect;WU5bX8la48XVBsGqZAlXsTuAnV9iUNFvmiVuC-ti8ekAjs-pkq4vcN6zO8UI;lh3d5i8WmEv44UeH
/v_Error/redirect;LJaQVL_x4hW3eT3BcaSJ5IlVHXEmrMihQ5c5ZFTopqwNnqjZaeUzPF5qqIT-;7obC-5ddepSbDDe3
/v1/redirect;sdfsdjhgkdjfhgkjdhfiueyr9348;kdjghkdjfghire
/v1/redirect;5Pi7o7Vhz0k__UuGnXc81G5hLSELXVNpq-jCRPyGKjZC2zJCjmNcvvtTB9DM;RA3bTxYgy5eUj_Rj
/v_Error/redirect;9DsjwQQdNXyqdiJX_is_5xivjQRsvq2LIQj5ZtQCx1TU9vFijmQYU2-KXQGK;8aQeOPplo8GjDbQv
/v1/redirect;sdfsdjhgkdjfhgkjdhfiueyr9348;kdjghkdjfghire
/v1/redirect;CL0r8MLQyGlRrlkoacdcArT-8J4P3bt6aMwJwNU8zsOM8aWS0QZ-QHrOndwX;JkLpNrYtJhI-w3G1
/v_Error/redirect;hGwqtGnNOnd-tZlkSC0ibW2PVdXSudHhDvtw6QVq6WHrhTX-GCrUxaFXLDC1;v8vZPRwm5vh6_UIK
/v1/redirect;sdfsdjhgkdjfhgkjdhfiueyr9348;kdjghkdjfghire
/v1/redirect;rOqO_tWZubGPETd0wK-QgEJPRS0BvnIxo3Pp98UFtdzstj_I0e6NKZXtK_XC;Ig6C8UvaMXa3eorU
/v_Error/redirect;cBDc7FbijmetYZNjM7ABe815g41WiHr3mwyVclqi1xyDQ-Gods9f3p5jMzD9;PJVTNLRarqHchFLP
/v1/redirect;sdfsdjhgkdjfhgkjdhfiueyr9348;kdjghkdjfghire
/v1/redirect;ea-E2m_MNA2RqzTSfrzVIV-gNOmyUAZnBrGPKEjRszp2eZkqHpuu6BB2p4qH;D19P3UP2hwFBXZeL
/v_Error/redirect;PU_yd4U8NX27GK-iKYqpkQr-D3DbWltvYROHUUlWrOgr7GVz-Khw8c6dYgJw;BmqETIPcDF7LF_Y3
/v1/redirect;sdfsdjhgkdjfhgkjdhfiueyr9348;kdjghkdjfghire
/v1/redirect;acxn9lr5VnXAHtdgyiG1Ox1wQT6XS7_ZOp5wzVkvUM48bC8BZUxRaIVBdERj;FCm2C3VCyUvYeqS4
/v_Error/redirect;Jgg8pxew68B0zXithbLykVr2nMSLTjSdK4cyud3Qyf7LSe9dGFzE1LtQAt0j;5TNwCzPgMeoISwVV
/v1/redirect;sdfsdjhgkdjfhgkjdhfiueyr9348;kdjghkdjfghire
/v1/redirect;QWjmJDYRmkNLouAzpfN8dVAAVl5N41ReJBnqrCHutYuYutUv7NixE5fRCdIr;Rb2W-ZQJC-hDAkaU
/v_Error/redirect;5aTEx5TPqs7yUD5i8tzpH2TkzG0_S0ov5LhljOSvbY53zi-snIpBLZpj1TIQ;ssFFc6YEwVG4e2_b
/v1/redirect;sdfsdjhgkdjfhgkjdhfiueyr9348;kdjghkdjfghire
/v1/redirect;4QE7JE900Cxl2lcGdBASnJ4wwenQq8829dwbzaihOJZNScAAw4PwtltawFeA;549ysQk02Q2RUB3u
/v_Error/redirect;44xk6TQbkdiTcsPeDyUgvAeFQe6zk1E8Tp_ddCzcvsNchUmzD8_9pQjMsMrS;OucqG_0DM1CgVBEM
/v1/redirect;sdfsdjhgkdjfhgkjdhfiueyr9348;kdjghkdjfghire
/v1/redirect;O9ZRYIga1nCg39S0w_8j_ppqzNKwMoCLAYfngGy1vepSqHvWPSOh1TsFTEpC;V4OppDGP0C2wsfUj
/v_Error/redirect;rkPXO8ZA2hEBG74C_dismeRCDEmcPN3d8BLWgnd_-sHklfFOnkQ1Gqb1PBD-;LQOqnJt7BFnXvH06
/v1/redirect;sdfsdjhgkdjfhgkjdhfiueyr9348;kdjghkdjfghire
/v1/redirect;uOXPUH9U-xFm0p0lBHUS17ZB2YWaEuonK91fO6npAkFIp4Hwtsp7xhTFZk2B;AmUrsIQ_wR1AritU
/v_Error/redirect;RKijLQbdHMHNype-8bfp3h7lKk-YQqKFeUXvJ15quYtOOkcXc4SIYPhsNvYx;j7sCAZsZqUTkCrPa
/v1/redirect;sdfsdjhgkdjfhgkjdhfiueyr9348;kdjghkdjfghire
/v1/redirect;MzkimFlwx1X9YJmADhgHOeGksxioxcTlGNiKA4OPlYi9Ig8HS0vp5bVnmsOz;jASJRHJG14pCHn3D
/v_Error/redirect;OhYJpnIGkIuhIbt8n4zbhdJf9IF0TqEUdLCpgiKLtoqXqKuB9RiPIjpxyqbb;qJ1BXLb_ohUHgcGc
/v1/redirect;sdfsdjhgkdjfhgkjdhfiueyr9348;kdjghkdjfghire
/v1/redirect;9R3rhp5oZsBJjzy1PImm73qrcTw6L90Wf-_AB4dh8HWycgMYCPlqCgn2Ga-m;LElbFJ11bPozkZzF
/v_Error/redirect;7vxQu31CgYeXPNU9gHqqo4r-VhsCO0RDyt1iq-Skxs5zpa9b0Ojp2LFq_wcj;zOQwqaZN8OeNM3j8
/v1/redirect;sdfsdjhgkdjfhgkjdhfiueyr9348;kdjghkdjfghire
/v1/redirect;vAXG1Gp0yjUiPwaxxkxzDrTwZ5U-60j-QGgOIMsinI974b6p-ck9XxgV3WB8;j8pzvufxZ1O1v0zK
/v_Error/redirect;k0tpxR14TJmL89spaMa7QZMPje_6EEK2xCDv9S9I9E7bxGkG4ZS8RNxeo6kl;AZ29hio4Dg-3IksF
/v1/redirect;sdfsdjhgkdjfhgkjdhfiueyr9348;kdjghkdjfghire
/v1/redirect;31_ATBkMBI6xyewwzxNtlZ5NWbW72Mg9L_uZvUMcBGv0Je2bUyHZ58Nxdnz9;NsfHXpwX06OWlAbX
/v_Error/redirect;Ils7G8_iW7Vet-9qMT3yabjrkxpbHP_hbQZ7sgL0KsozAK9qBWprIV73sma2;qO-d0zDP7Ih5Y3jk
/v1/redirect;sdfsdjhgkdjfhgkjdhfiueyr9348;kdjghkdjfghire
/v1/redirect;kftA7OWPHO4YHXwWMlS6ABymNwhfGwXji8zIk2xVXNd1KTecnB2CHMwxvgku;RhlMR8vt431brSj8
/v_Error/redirect;pZBSrYHBYWjB9J6lLkSnWzrKl4v6GMy_peGY-DRMaJSf2_s9vfE9PLGLAJzH;iKKlcvgPfthGGd0W
/v1/redirect;sdfsdjhgkdjfhgkjdhfiueyr9348;kdjghkdjfghire
/v1/redirect;P8p_T_9ley2HMJ9BGTLm4_0Ox82yfknqlrAfSkWAsY2j-LZ4--VCF-N6vc5f;UsIuT6a3QWheOJ1D
/v_Error/redirect;rjDsXtVgKoo4Db472pLNibqzzgcqgpyw4MMVQUFu6G1-6-v66wD7QYhSSrT_;jbFqF1xKeH1jV-kp
/v1/redirect;sdfsdjhgkdjfhgkjdhfiueyr9348;kdjghkdjfghire
/v1/redirect;4pcqy_0plRVwFtTB3kuQyFkrX835g3dJrryxZc8hRgnWHUx9VDnCVg0XdENu;-MCu96ILSxbJGO_R
/v_Error/redirect;0p148Suyavpmx19xDMEAdtWC5PcUwiEwqS_qjBITeCqpYgJ-B3g13_mTwzQN;E_0WOHElHzqASId0
/v1/redirect;sdfsdjhgkdjfhgkjdhfiueyr9348;kdjghkdjfghire
/v1/redirect;hw5flKYC4PbyyFIfSEMpNqmJuMp4jX5L7unYpgz0teHkBHnz9vYEMz-aaes4;2TClok0qMeIRXkiW
/v_Error/redirect;9LJ-5YhYWyxak20qLBiBk2FX7AfZvw9U24rdpXY77Ie9WYRSlS-Pl3h1rPEy;QwXjic_J_p7IFlAs
/v1/redirect;sdfsdjhgkdjfhgkjdhfiueyr9348;kdjghkdjfghire
/v1/redirect;J87cOwkBXIdRZZG-s7XkIq1nkKCk_zugZ5vVY8SEMPOAEmVGWhm_1rzYGDe7;-qYlFdPAlbVY7cvL
/v_Error/redirect;pmdaHOi4MsAydBjoPpl63zrPZQojvZqasLfdSiThExJC54rH8VaYAXnbjtbI;z8Adzbp7tAeqBM61
/v1/redirect;sdfsdjhgkdjfhgkjdhfiueyr9348;kdjghkdjfghire
/v1/redirect;TfiiokL0yaGZcOBTx0rNv08NtjPEAKDEJU5p8Y0krscZVED07Uyp2-EHSTjo;mUt-aUNaQA_bLbfJ
/v_Error/redirect;TnPJqZYy0bFue_Hx25Y5jk0UoSmnIprkUQEUVYHgwSRH0-syX6yjcO00qaDZ;VMq-W7QTW6QipRT8
/v1/redirect;sdfsdjhgkdjfhgkjdhfiueyr9348;kdjghkdjfghire
/v1/redirect;LC_rOcYGM2LrukosVkO69dPSlNd7Ay17-KQeq7qPo4dh-wZM0VJAY-eBrA_O;DkOU9qbIwhKENLVp
/v_Error/redirect;rjN9HGyGVpZWYAMhCLWI_M_g8sQu6_GDlldewzKcTQcZ1bU0Wa2l4TPwNMt_;L2BrT7F8tknOfhQX
/v1/redirect;sdfsdjhgkdjfhgkjdhfiueyr9348;kdjghkdjfghire
/v1/redirect;18CsqKmM21W7_BnKcuxOd3dk-Axjw4FX2LrJ3mKKuei8176sU77i1AIIWCcj;CYYa6VYdfBI8tKRU
/v_Error/redirect;Tzw29RxXvf3z_41lyUK2afI8QzSswvZSj1KSZFPMSR2IQZBjxK3qNbqba1Cf;-JsPuEVGqPDRJQrX
/v1/redirect;sdfsdjhgkdjfhgkjdhfiueyr9348;kdjghkdjfghire
/v1/redirect;DgoPK4_BPbfCrkyAsu-VcaxUC8YKWu6O9fqj60i5WDaaakneufFE6KnfF9l7;quxYnzNyDU2BtqUY
/v_Error/redirect;jh1Kpc5_HEbAMp8D3TnDcnCOpOVvxN9-1x0Y4qHMehvvC2wGevzkkWHvSI4v;TyskeQODenhXi1SQ
/v1/redirect;sdfsdjhgkdjfhgkjdhfiueyr9348;kdjghkdjfghire
/v1/redirect;mtBl0rzE5kGLFD5565uJw5QBKINn24zzVOXiYhPvc1AugzCmfSsPQYSEFeoI;ekjz8DbeWgb_8yxm
/v_Error/redirect;z5WpA1f7ggDUaq4FM1_ovSJhzQUzrGK0v_epaEIskpkmbETeg9cyZxpHP0GQ;myjk3wjSOVwE7UjM
/v1/redirect;sdfsdjhgkdjfhgkjdhfiueyr9348;kdjghkdjfghire
/v1/redirect;SaVQtdVLGHECYc1jHxHm-P7ht8Q6Pz7UPm0eklQGlq26HNYgVSkSrNQmX4En;cacVpdoYrKwrNZ2X
/v_Error/redirect;AlJclQDl3XO6czbDz1ff1RHYJOuQElus1LvC1Dkgiq1DMVGJkkcued5mY3TH;k6US3pyU4_M0KFmi
/v1/redirect;sdfsdjhgkdjfhgkjdhfiueyr9348;kdjghkdjfghire
/v1/redirect;QVz-6TopRb3ayGwWbHGum7Kq0qTOu1zBwLzPyA83v3i2RDW1TzfgDwVdRO90;6Jy9ZzZy_sveDjHC
/v_Error/redirect;dJfxCnXfg4tNr8sGMzS_EnuODGYQK0j_bUanpoJjl1U37YxPGRUYgJsCtvV1;tfCk2h3aDjaj5BWi
/v1/redirect;sdfsdjhgkdjfhgkjdhfiueyr9348;kdjghkdjfghire
/v1/redirect;2yuR92IJQgE6gjgLQkvuHrri2AWRyur7lnJrtm_mDmMgJYdiIYnpB4MFk7qG;Qibcut0qj7keXYcA
/v_Error/redirect;2hu3vjIyHQYZUjCacx834Tig_xpbLgLlnp7pqdtswULORUGrrGXv9XStNK2l;lRnIvgDaAbkpaLBw
/v1/redirect;sdfsdjhgkdjfhgkjdhfiueyr9348;kdjghkdjfghire
/v1/redirect;7-AWPR_xxuQdQ0IrJmSPNCe_0YNi_viyggMREp4TTfYqT1z3qBj6nv-M1Db5;SCF6FVFqjmoc0Ewy
/v_Error/redirect;ydut6A_VRJ-Fa4QnA4rBHeuTuwNhD53LrdbBtgTANHCACYeIUg2uWbkaM-QC;2FlDGPw4ouooSdsr
/v1/redirect;sdfsdjhgkdjfhgkjdhfiueyr9348;kdjghkdjfghire
/v1/redirect;pX3Vi5OZlSUyXYXuFPqPhBR-YF3d6rCZ0eLF9wEVdbxjtE2pIoD-PEggixJ9;3gUcTgwK1p28_jnS
/v_Error/redirect;JJwVFW7ooq8PCPcyT2aH9qya27WJaqeG2SntzBfWxC1dvz4V2ogchDu0kng_;Z4o9qa4DkHqj-Nro
/v1/redirect;sdfsdjhgkdjfhgkjdhfiueyr9348;kdjghkdjfghire
/v1/redirect;q2LNDXrmeJh_XvEeqc845ihgvSOs5d27ieDYgGWyc51Q51xLbX08flufFMQa;h2Z10SSIk4u1iLN3
/v_Error/redirect;3uGRI6j2q1RYIus_bTygDeIjq2glirG9eyELCpahIJGj3cKnwNUciO-UJKL-;33iQdS9mBRm4PadR
/v1/redirect;sdfsdjhgkdjfhgkjdhfiueyr9348;kdjghkdjfghire
/v1/redirect;9eGXoYj-qSfRzIwgyy8VDCX9hufIQTzYsHJxMx9ryzMvYlAHQj1kPPmPTuTP;zC2eI0qdawqCkhxz
/v_Error/redirect;S6yeExrZoOmPLQYzsbzCbfuYzkVXko0m4qLDsj5prEph0RvHyizjx-nUS1_K;ZjiEhDBfe8Vee4Bt
/v1/redirect;sdfsdjhgkdjfhgkjdhfiueyr9348;kdjghkdjfghire
/v1/redirect;s-wu1UFDgSjF9VhtKvgN4JUqNCt1fiv0m6byPZrUFD0qTbGVoCz-Ikrdzxx8;j7eP9v8eUCwH8Fid
/v_Error/redirect;WxawT1Vg6gFc9mo0BT_HJJ9quMmuaqllsAGUvn8K0w_7nasQ2siU9Fq5JCrU;4LoQwyTa9L4Z9-dL
/v1/redirect;sdfsdjhgkdjfhgkjdhfiueyr9348;kdjghkdjfghire
/v1/redirect;gZ59wahFL9e5S_I5V0Y5rRuLahRF5xKSKQMikDgaL4Xo2bWIqwqjar6t2c4n;YSrgHo_OzalqMDxn
/v_Error/redirect;WCCmnBcfuS61Y6Vv6HAsiFDoRsxBsMauFHYZqYLeueYIB3yKuqRLGnLn9SmS;CnW3lvVDJ4HK0EgL
/v1/redirect;sdfsdjhgkdjfhgkjdhfiueyr9348;kdjghkdjfghire
/v1/redirect;zg4YzlvJgH9xt7NC697ZG6TN-G6B6VwPM7DiJWisJDBazkeIxHFaX2GTH-9K;akhRvepr6qQONc3P
/v_Error/redirect;a7ZkxICGChNR8mG_nvH09kgCy36xEsqhC19ENpNCBBmYsDWS3YfctibpLI0V;WUAWBbLCsy2oaF8x
/v1/redirect;sdfsdjhgkdjfhgkjdhfiueyr9348;kdjghkdjfghire
/v1/redirect;dO0Acs86nG6dsJxHocjiGtxptgKCbs1vbpNjkgah9ISWodwPJ101oiUmuCgE;NeAnO5IXmjsNQ8Qn
/v_Error/redirect;oP8H5WYTjAZq_zm4oZMyJzFf7Wfg8ow7iPq6xPRfqE6zOyE22sYHcFImc1kX;TZSXZRZN31wjy0_z
/v1/redirect;sdfsdjhgkdjfhgkjdhfiueyr9348;kdjghkdjfghire
/v1/redirect;HaLXd8JnOSkwZL2Z-McMK-y8-rCV-zNuAE9xu9hyJ1ov-PHkh9n0Zv7n4VPE;JW481FPJZCpf0vBs
/v_Error/redirect;IaJ1-EXW1EsTtPOQ8DPs9PDslDsgiJIG5gbCvRnu_Sg9Oee5s4yinnXGanmy;C6Hc3rGLvU28EeQ7
/v1/redirect;sdfsdjhgkdjfhgkjdhfiueyr9348;kdjghkdjfghire
/v1/redirect;AlLZdQm4E9csDHdx_M6DgPW6-fYf0_xRdSbRN94YfFElxwHMfqmDOq3q4AKM;7d3rgSYKn6MiwPq-
/v_Error/redirect;nUw4CJPnpKuDBnX2RLkUypYk57MtB4IzjPp2WAFXl-h4wu4nkaYv7uUdmP8k;TaNCQOAnvtvxVv0w
/v1/redirect;sdfsdjhgkdjfhgkjdhfiueyr9348;kdjghkdjfghire
/v1/redirect;cKgwClL4YNx-IDAVeN5F4K0yxCmAz-zaRhW6W4Bh3HaX0wizzlftkX_hCYDd;95DyGfDubLep4yRy
/v_Error/redirect;Mcljy2yC96pZ7gchqQ05zFxEdFQqr5Fq2MfB4wrz6Z8SlEZdYCyYi3VkbOnd;eaI9oFlD_vMj08gw
/v1/redirect;sdfsdjhgkdjfhgkjdhfiueyr9348;kdjghkdjfghire
/v1/redirect;EFSHitsvJjY28H0B1G7en8--nZqTPP-zMQcQJCRcg6VdDi-afLe3CeeQLC9K;WRk_mfTAm5vdXQuS
/v_Error/redirect;UVhwBbguMwMkudJyUN8b_EDLl0uaJgCZNQnS94V-aCNGotpDPhx8VuZFr8_c;q1Ch4jqBvXLiTsK7
/v1/redirect;sdfsdjhgkdjfhgkjdhfiueyr9348;kdjghkdjfghire
/v1/redirect;BTrMZtAArK9w9f_CSMi0LVIHS8ML5JMbILNC8bD2ESf1qrT0uLxdC7R9t1tE;3qqnj5FZgVgGjNcQ
/v_Error/redirect;4nr7QBjtfOd2H-TXCKb8Y0j85xplBGcHigaKCLP_KciX7ofBIXlat4JVaQoO;lArp40O6t92IHpRS
/v1/redirect;sdfsdjhgkdjfhgkjdhfiueyr9348;kdjghkdjfghire
/v1/redirect;3OhlDSzxNnpz-JrAQyD5fr0-17LPQdU-y4skAV13Kpmm4kaiyk4NwAO5jgPL;9jsRw5Q_2oJlO-D-
/v_Error/redirect;JIIZ1HdvrVx0L2OjHdf3uociHAEhJPHDPaXfQsst2JRc9Y36bU9VHa97E4Ch;E0EwoxGdxaZKntgf
/v1/redirect;sdfsdjhgkdjfhgkjdhfiueyr9348;kdjghkdjfghire
/v1/redirect;ut_yZ5R8d_mwikVy3UeJ7xQrtuG10EcTOE-ZUSeD4os-w2RbY1xMiBDxGo95;ugFy5Wo44oaCXgrF
/v_Error/redirect;SaKUJ2aDsyY8Fwi3yE5UD-WsMhVlpGurjF5BFZr5oLtFtuZAM8RMp6pyv0xg;KPlNYn5kwUfWn26v
/v1/redirect;sdfsdjhgkdjfhgkjdhfiueyr9348;kdjghkdjfghire
/v1/redirect;MjDzIgnCUwOVMweqYeOY30gB1z9vSQHr3bqwgbVd8EfG-wUnHyWJasb4axMp;kMUIVmtET-E2edMU
/v_Error/redirect;5pq39rgmZwbrb8RxlVsmgZ_0SfGZZs2VItu2YP5X4q-KGL-uJXYpni_wOKQM;Y-GI6l1WC9bIwCtf
/v1/redirect;sdfsdjhgkdjfhgkjdhfiueyr9348;kdjghkdjfghire
/v1/redirect;eKzx9xkzfER3Fha1kPPWAoTV12PHAqRyNKgLgnscOuYWaw4o7jCGMqkVol7w;OzcNa8os6vTQWvj6
/v_Error/redirect;TVEvBFoswlNSxVYVSnS9O3pWkmo1RUF29gexOtMEx2IwfjOGNL0dAUr_V5eY;n23FtuxPoni6Nl5W
/v1/redirect;sdfsdjhgkdjfhgkjdhfiueyr9348;kdjghkdjfghire
/v1/redirect;Fhma_oW-3Iw9323nl1-52l2CXz3a09INLG-iIM8cQM8X_YBaVKWeWgZET1Q4;b49dmMBXPZneq6DC
/v_Error/redirect;PeQGvsiZmqjBBP1ceqeMCsiNHSE8LyVrJjdBOlRwBT9yOd29gpjdM6q-xebz;QZi2G4kdD60Q8Rg5
/v1/redirect;sdfsdjhgkdjfhgkjdhfiueyr9348;kdjghkdjfghire
/v1/redirect;iyFqNYCepfUjn8gsMqMLw2_7XqeT-qMvrIVevlBmKpXBtrkEw94hnLnasa2t;VpCh72bZzdaEfGfG
/v_Error/redirect;TT4nxM7v_rWjUGSfs81N_bAmv0HlOjm7sgzreDMd23dwnkdHy_rpfW3RjGfu;bb02OgTYaLxw05_q
/v1/redirect;sdfsdjhgkdjfhgkjdhfiueyr9348;kdjghkdjfghire
/v1/redirect;SybwHs30DHeUu73LWFvolimAbY4pvPJUMQvjik1jwimuAsD8lN2yttnNYRHk;TGYennGE4mWTFnT6
/v_Error/redirect;2fgFPacDsyFHBdz495CcLvzjx8OYOjYKCFV5Htkgx_rcGitAydJNf7WUX1nL;AYTGz2qpgGCQ-TZY
/v1/redirect;sdfsdjhgkdjfhgkjdhfiueyr9348;kdjghkdjfghire
/v1/redirect;g137FcHKu-pqRHaNmFuCCaBkKHZINF0Kaxl0GYCiTTfppYsz52Blo6gWjQ5S;cfi-k29OkrVTlzn9
/v_Error/redirect;vygepQGCmhWe1gquhK5oF9LfzgL9Z9H0Q42QOZlfXBZQJ5PtdaHdV-dExtD7;keep8rjRIFa2NdOT
/v1/redirect;sdfsdjhgkdjfhgkjdhfiueyr9348;kdjghkdjfghire
/v1/redirect;7UksmRq0pXhUe1sFLjbfuxo1HvKzy_TLQmr25J9hAofQYQcUGjJd_y4S1NT-;DMdsGRms9wxOznn_
/v_Error/redirect;FrI128jPoSMSt5Wklj0qG6H6zcpV38PRmXi38hvRIxsen-s1T0E0DfopIhwS;_Cd88userG2SXBjp
/v1/redirect;sdfsdjhgkdjfhgkjdhfiueyr9348;kdjghkdjfghire
/v1/redirect;xhu4bKaDG_pXruODHZ1qrV9-_ebR28-vpOIAKMFlmcQKhftax2E0VmePtg2P;opoexGSTkvHcEHeE
/v_Error/redirect;9PjA7z0MWrjZx0dfnX9V-toEOLh9rlIqsz6ztBXFQ3ATvpRyY6wzK08VgMLM;BD-HXgEs8oR6TrmU
/v1/redirect;sdfsdjhgkdjfhgkjdhfiueyr9348;kdjghkdjfghire
/v1/redirect;u3-sdDy-UjTQodRjrgCuDl4nH1rNBMQ82YwJAPYEw6uF0tnxCElbDwFatwoQ;wdbmMBoarfWyqubz
/v_Error/redirect;8SDJNZjKFXlOz0ZxNk-H7fp2VDfLb2NiLVay14kWATZLvk-F1iib00ro051r;PbYnDfMDJ4QXsgdI
/v1/redirect;sdfsdjhgkdjfhgkjdhfiueyr9348;kdjghkdjfghire
/v1/redirect;hofpfiwa3g8Ojd6DDLEGv8vYqrSWWYO6kOlXhKr-owIptG9QcsBQboDoznSY;r4QXpphNYmU1yM4m
/v_Error/redirect;uWJZt2_rAr_HKZs1OjdcCcxwLO6qDn574kgFqYdoWtxxqYqXQpIFtG-qMCI0;cggCgMOCv4A0GnOU
/v1/redirect;sdfsdjhgkdjfhgkjdhfiueyr9348;kdjghkdjfghire
/v1/redirect;kqrUXIjY7cMNGfZnRekOWvpo2i8Nvf7NbXSgGRpwyyOFjyg0KMlbBOicIJOu;AjMwzeXy2hV31aAx
/v_Error/redirect;ijun-Z5FKMJybxUxdLHnWB54LqVdYwwv2dIZiaw5ACkHJRszJT0xZ0pQ-0fv;_QqPezdVtkBDRBm_
/v1/redirect;sdfsdjhgkdjfhgkjdhfiueyr9348;kdjghkdjfghire
/v1/redirect;GA-c5e39PI5ELFvqeWT0UTveCuzBj7HIpzdQNRZa2XN-80kT-Ob3yIUz4zFC;WtTYH-U0lDXoTn18
/v_Error/redirect;yzzZUhLCCPiYyDY6hgbkbPn8jp_WKxOMweLXSpK-Zbh0cRyw9UW9eqzxfk8k;23NScxcOfOBbg9Lm
/v1/redirect;sdfsdjhgkdjfhgkjdhfiueyr9348;kdjghkdjfghire
/v1/redirect;ikF4_gEBp0bG-xOssEgB9lS50T5kpPQ6uOjI8OyeRd0LP_cyMQDFaf237YpL;YalXp4XugfbNaEEB
/v_Error/redirect;HxI_fIfCBior9buryIkzXbzkE_RXn8WduZrItjgqWg11L8Fl7jFTKl3TNyif;L_BJZZR9993JxcMT
/v1/redirect;sdfsdjhgkdjfhgkjdhfiueyr9348;kdjghkdjfghire
/v1/redirect;BnBUNxJOT9x4_Pbi5FaqYrFTt-3vYmSFRXefkgTzGxd_1pdBcDqI8-PfTfxM;Yb8vuF3mw5WqaA_3
/v_Error/redirect;zmFA5YHVpq8f4qAo4MblPQrEfHBjji__5uCm5tGyZagbY0bnz0Lo5-tzgZhz;MGy8tAj88agZG3jW
/v1/redirect;sdfsdjhgkdjfhgkjdhfiueyr9348;kdjghkdjfghire
/v1/redirect;AOhl9XKSkPfdea8wuovyoqHf9RdR_357-Itpxn4xVrdWD2LSkxBlOa9EJUYz;rpKw4CktU78pRJKB
/v_Error/redirect;mu6m3OuqS8GobhBQbpY1Xa_Jk8uRY7JHEQDmMLbLlcWY7Imx8SvktkfyHjOH;C8JFf5eNvyf7ZozO
/v1/redirect;sdfsdjhgkdjfhgkjdhfiueyr9348;kdjghkdjfghire
/v1/redirect;UqW1li1KoAyKgdSqS1YqVqVbyS2BozelVWS_1bgub-g3u7GE13nD1pqBr1bi;7bz29NJj8XIvrUuG
/v_Error/redirect;pCy8h5x7Ds5mumLCxW2B_X1S_LPrf6btc530ewWYxdw7v85-l2FiAHC8D4p0;q8V7BylM4BPzq-la
/v1/redirect;sdfsdjhgkdjfhgkjdhfiueyr9348;kdjghkdjfghire
/v1/redirect;_rzvKRkE5eRxpr6kdUFQGY_r38L5jBIsYtXuZMojBgLWn_Gl_VfUqe2lgb2u;aQf_gXxJ3WmyMyFW
/v_Error/redirect;UfMTby4PaC2lOe5G1ox5xi-1xmys9Vi-3wsHHcLQUofAie2wo8dJzhqUTRbl;-Vd-a5qk9yvInWw2
/v1/redirect;sdfsdjhgkdjfhgkjdhfiueyr9348;kdjghkdjfghire
/v1/redirect;1d3WzB0aUmJU_taABH0gPiqX-foxhUyzJZuDNFpL_x1DHorkt_NbpbbRPFqw;xfTDsOrkHvKFGaHG
/v_Error/redirect;2xJrcbVoFTYpEAJ7TpBMgTe2gUmNzKV3-DiPe3DnThFg4qwi34ni22AV2MLO;-XvJyJMTHU_ry5Vk
/v1/redirect;sdfsdjhgkdjfhgkjdhfiueyr9348;kdjghkdjfghire
/v1/redirect;XJ4D5wwPBuRZAcTI_2_Fg3iK_dIUH_h9lIu4OxwbqW6iLhSPE0-mzhSUkbBB;f1TXUG5LJOi9Blbe
/v_Error/redirect;XUwGqnYnus_tsA1cnU5MzL0DqL6fD0p0N--bUD4kxZGD38LVpR412A9fBcB3;W91HtlZPHN9iU2Y1
/v1/redirect;sdfsdjhgkdjfhgkjdhfiueyr9348;kdjghkdjfghire
/v1/redirect;mZpD133o0HoK6ptacF8twhm4pMEQssQUbmGHTYRYOW5ljPGKckYj5dZjR4DC;luwKs-dbuW-EgfLc
/v_Error/redirect;Q8Wgd0uA5WP_ZzNiu5XGpLGblBL1AMEhDWBf5lHMPLwgMjeemviJq2Sg7vQS;GIXr-977mpNbqAVZ
/v1/redirect;sdfsdjhgkdjfhgkjdhfiueyr9348;kdjghkdjfghire
/v1/redirect;7q2W4oQLjuGUPQvh8d1y8h4VmnQTEVct0ihtgACIKVxT1Ho-c4Ec6HZbBQZD;YwfNEtgQxjsrObQc
/v_Error/redirect;9qt4FrqWqWx6X4vvkpc5J7vs5adOD4wWYMV7E6iN7QQy-p3QWhIY_Z1y_rr0;KDNpfQ1KTmqt22CV
/v1/redirect;sdfsdjhgkdjfhgkjdhfiueyr9348;kdjghkdjfghire
/v1/redirect;pxBSA3ReJoOC1QRGZ1qxuqPOPd_0NDEiZ1mgIksaJGjxH7-LVYnnrvhhXKE2;2Q0HMpSyVxqq76pB
/v_Error/redirect;CQRLiyw5OTrpTUcf03ioQ4ot2TIawg3X1Vhig9uxmN6F5R0Ie5ObPjZrQgfs;iS12EjAqnCsG-Cto
/v1/redirect;sdfsdjhgkdjfhgkjdhfiueyr9348;kdjghkdjfghire
/v1/redirect;8ho2LWjMIIWewQPzbgFLOvr3wt47aou1VRkqZx_xwqkGVHhT33JaFwC8c2DP;KiQGS0409PNlpz3i
/v_Error/redirect;R9grb3TQvuhFdw5_PpF_5dTXH8MXK1EKuPyxrWUx-2amowom9vl5yxhXJPOV;-4PpEqcVxuRmJZwH
/v1/redirect;sdfsdjhgkdjfhgkjdhfiueyr9348;kdjghkdjfghire
/v1/redirect;3UZljGeg4jo7vARmXtNINxirltILdQbQw3wQeJtbAhADTFpZQsxOoIRjzsOf;l3C_Kk_DMUYBl_ny
/v_Error/redirect;vNkSBjzcngXbNNUzdpQFOlocb6BVeUxQV8ASt3ewxgIpTjxJdLaHEnrmYJg0;FptM8OUEo81DpS89
/v1/redirect;sdfsdjhgkdjfhgkjdhfiueyr9348;kdjghkdjfghire
/v1/redirect;iihzX0Lv-vpQv-ZElRrhhSFw0_Yw49RQS7mqNdxdYEEK3g4dO3P0JSNMM5_h;D3t9hHrANXIlU8eL
/v_Error/redirect;y4mTPDfZHcH1ZmmzSufH6HvVum9O90IA9g-5axfSkb7iTQoMlur8OpR2lLtD;ONnh2i_5HqUJ2OGK
/v1/redirect;sdfsdjhgkdjfhgkjdhfiueyr9348;kdjghkdjfghire
/v1/redirect;IO97em5XOCwtoHCBWCDKK0BkXjW3rMH6QT7dksKL1sjNTtKjxpONGbMr-n64;TB1cwbcNdfHjgvJq
/v_Error/redirect;0CTAhyI8jvT2v0y1UgA3zHjFa7dlSS6ueDpR_ggmEipCDa-Nc3q_PQcBK0um;e8K5tUzSeKAe8DEB
/v1/redirect;sdfsdjhgkdjfhgkjdhfiueyr9348;kdjghkdjfghire
/v1/redirect;_E-TxK6CaGRfvO8gVRaBCf245m4C8J5dBKqallSTCmXaIIbRWze-_uYKe4iQ;mbTXhZj_aeKIDvZC
/v_Error/redirect;j9LwLIwe0RooH0how7tmNjtsUyqPSFlTo9w6HUgwKD0czbK2n3ZqkVqPGIB3;pe7TG0zJd5kx0Z0Z
/v1/redirect;sdfsdjhgkdjfhgkjdhfiueyr9348;kdjghkdjfghire
/v1/redirect;CRq-8Y-LYx7VY1UwFMbJROlHkKVROE-05nGLiywn0p_jFlx7XLbr3qZxePOI;KisYGCbzNu-qFBma
/v_Error/redirect;qpEffJiNIA5ccnaRFLMgi19bI60JIjtVJVclAAOuvUeRMYbmSEMfO388aWWT;YS-u3kuqCbliWtT-
/v1/redirect;sdfsdjhgkdjfhgkjdhfiueyr9348;kdjghkdjfghire
/v1/redirect;jUzVuWdIUbwxQIbqbVsYMl89e3VIkHgnmVtkRpisNRE-8T5sVCM7HiNrAssz;CBUTcLTREVQFnV9z
/v_Error/redirect;JJrU8Mf3D8sI8CRkjoHcI1HC2BKRj4K5_4WHdQWVwW68SOqO1iJfeJWrHW-g;tZaUbL6EMeypzTqj
/v1/redirect;sdfsdjhgkdjfhgkjdhfiueyr9348;kdjghkdjfghire
/v1/redirect;2C1ndAUwff13UmmaEbO4lp634v1_AiWXP01HpFrMDFMuvDAeHW8c10DV63Sp;7-KqcJuIlzrRDgN6
/v_Error/redirect;y1Atjyy2gcdWZuru4g9qEjIHpNK1NBPVtdPOk7YLQm80w-t0Gw56CJU8XBPC;MApfJXQVx6UPAvpF
/v1/redirect;sdfsdjhgkdjfhgkjdhfiueyr9348;kdjghkdjfghire
/v1/redirect;sZddzfx9Idb42r3QwGDXsDP-DdJUp-NHPhNkDntwvv1gahrMb7mOm9IhQexm;TumqegBexRJuyU10
/v_Error/redirect;pKpSIDDCiZmtCmQCaP0jViyZIn_TjHyTCUhjKqNcKRb9zX_MrHxEPYU9Qi_g;DpqHii0j9QCwEKRL
/v1/redirect;sdfsdjhgkdjfhgkjdhfiueyr9348;kdjghkdjfghire
/v1/redirect;_kuqA0GzAohbDf0-Tz01wzGo3zR9sIJFYIZ2lXMEL8Xpd_EU1TD38FC9dONS;IrGQjQK1XaiqbkdM
/v_Error/redirect;AIcSHjkZLGtTVY5msVtwctexEBl7t1Uk4bOpZ1i2c5PN4P14dKsVLXFB4cFX;jqRI_UUBIeSwE83o
/v1/redirect;sdfsdjhgkdjfhgkjdhfiueyr9348;kdjghkdjfghire
/v1/redirect;4XrLCJFFgR1tvCFfHienjBCJyhquQ0f9w5TBN95JRFX45APgfHOQY0zKfC7R;f7prfZpKFBqzlogb
/v_Error/redirect;KCJxUOISYA0xF1rBcDJ2rfwmxM9bGuziAjUD5WwVLV_kB3v5tGx7rd4AXN3R;BoPTuQsL4qIQr_mM
/v1/redirect;sdfsdjhgkdjfhgkjdhfiueyr9348;kdjghkdjfghire
/v1/redirect;YPlvlDjbK8Kh70SDgOpTro8GVYwWa9B2d8L-e5OaSOfPoRJ_X-2V99DZCk2B;N2MWHc9EPL06f9U7
/v_Error/redirect;PZ9YEZCwI5e7uYShJH4g2qtKzsaST6wzgQqn2QDWkGNqPG-9Ne_Y2YvF03hK;of4Qles3lTi986v9
/v1/redirect;sdfsdjhgkdjfhgkjdhfiueyr9348;kdjghkdjfghire
/v1/redirect;NX2o8K-GWHYI6wj9xYFxcLYTaX4p40YUQxHzww9NtSTs7G3G1MpSjtpl2auV;fIPq738QJ2tG_-dz
/v_Error/redirect;tJORxh7ZEZvTgFNPnrcIy4cOTvSgrYBdnrSH_TG7HWCa6ZtluwXu3Rb3mVH2;D_99L6UhQPcx6WOh
/v1/redirect;sdfsdjhgkdjfhgkjdhfiueyr9348;kdjghkdjfghire
/v1/redirect;vDA0RHKnc7jiochrrIKmVsPfLPgmo7-jNH4k2ZQo677zcEOJOeefk54E2Eyz;P_UanYGSBA4JoZFT
/v_Error/redirect;DpvV7zpRcWcNdxlc0cmlettnPo2JBOcDisaJepDi7-hWjxq7feHpsyktEj2e;9NYh5nMXI9svRYT_
/v1/redirect;sdfsdjhgkdjfhgkjdhfiueyr9348;kdjghkdjfghire
/v1/redirect;TTJKzRQoPhz-dg_pxkMB8Z9qFaMPnQj23Ca5M-VoKht8nw0JxylrqwpEdtLv;YIpnYeVzdzH-kfD6
/v_Error/redirect;zRvdpixbhn6AP0jR-40_AfH3EkqKpTa-kjqs2YHEF0yR6RXYLKmWvLPwzrWV;Zz55kygOD9xSh5OW
/v1/redirect;sdfsdjhgkdjfhgkjdhfiueyr9348;kdjghkdjfghire
/v1/redirect;o6MMA8DrEQkzCRwcrB0JCDkQ6gIJZ7w8yR84IkCwG4lDgD-X1h65sk9Uyc_v;K7BKe8J1ZlDVz8O7
/v_Error/redirect;yRZOT6shg5RGm_i7_9vYD9wp7ez7xMIza3ojLKFEy_1sz60OQ-UBxIYyg7uW;kcZuo8ujSwvDNYP5
/v1/redirect;sdfsdjhgkdjfhgkjdhfiueyr9348;kdjghkdjfghire
/v1/redirect;b0EboD6kNktA4bv2pbyrVsvSOsbPR5-HTHFJCz0G_3Dec3_i1EjLsgBY7p75;iGH2nVpAq956WVR6
/v_Error/redirect;SVfYGBGXXxXM8_gksjk6zUwnMTV1fpAH_l0vp025hEtylmkNOmZAe7uaE4_f;qWshCtN2k7ObPPOB
/v1/redirect;sdfsdjhgkdjfhgkjdhfiueyr9348;kdjghkdjfghire
/v1/redirect;HwYkFOCyjzqY5Od52eOlyv0gUsWZagNtGdm6YUanTRPCUGYvWuV4DrvnbO9t;Ga_vZhVZDi7D4v0Y
/v_Error/redirect;CYtVFQtYmTGSO-vdBaKQkiJrolBfMGCYfvoq0hV-aaCf503NfKRQfhOnA3yj;kZfZY6fIXwEr1Yrl
/v1/redirect;sdfsdjhgkdjfhgkjdhfiueyr9348;kdjghkdjfghire
/v1/redirect;eXtU2E3jqXMnts8g7GoKsd5-K6vCcyPQ8nPfZjfGJAOdFVeMmLxuZFZiBThK;kXg3T7L7wNQOIel2
/v_Error/redirect;4DYL0n0a-ANNSbPoHbq90zR8i3rdiZOikoWj2UHaYfrR_rw8yUfSQY13YAcm;sGVaK3Cq1ArnOwD8
/v1/redirect;sdfsdjhgkdjfhgkjdhfiueyr9348;kdjghkdjfghire
/v1/redirect;jsCs3n1dhbsIl_EwthG8wXYTejfVOpev7LXxC3wJTUYF3XmWouCGEyBFtTKM;ZYf-faYN8BDyEh-o
/v_Error/redirect;K4h_XS_VB_DeGocmNQlCFBeepLyS3KEFT3zuF5bTvMdsAtXsPskA9PJQdJdh;Rd4IYBTjSxHWn8cP
/v1/redirect;sdfsdjhgkdjfhgkjdhfiueyr9348;kdjghkdjfghire
/v1/redirect;2ngCAUfLLsDHaZtYyx_rsm4dR0qlq4bTyOJ2mXo-UuYWVQL6u-x6Ynd2Oxen;xWBFfp8xx2robxOL
/v_Error/redirect;SY8Hdnn59iCQoXYJ94d2Qx2jGYNOVT9u-Zgz0EFJM6I7YzVRpfE-uGU3B4AH;pfILYTvjIBxihn3_
/v1/redirect;sdfsdjhgkdjfhgkjdhfiueyr9348;kdjghkdjfghire
/v1/redirect;pCIGbyJVqzf_xT40o_4FW0rTBT_0uwO-3buVSrJnuF3wQEhEbxmeiI2Sv2lp;q_RFOlAucZ8DCs0s
/v_Error/redirect;DZ0dmcMLoliGqQehdX1LXCS_nRXP4jRp5FQlqcLcubpUek9oZwguV6lID7tY;4tbSF76Y5vS6fzch
/v1/redirect;sdfsdjhgkdjfhgkjdhfiueyr9348;kdjghkdjfghire
/v1/redirect;pfpUqxIRI2h__YLGjwIOafRJGK_m6mvSd0unhlee3px2Lb7DGwM7rmw4AwEd;3vqQfgdS0IO9gq3i
/v_Error/redirect;uumwzRQ6aoGGGKosf0IqnGaZzuZwMRI0AqfNhwhQ4t-iPN3OqJEzFQDsveb9;kG9p61DZQC70VYRO
/v1/redirect;sdfsdjhgkdjfhgkjdhfiueyr9348;kdjghkdjfghire
/v1/redirect;OORf-4qvA_aYMaIrgWCKMNcMYRO9jyi36JF35QhqDpyFcm7PlH6iuGSTaEUx;f5_-cJmjvcXLbTSS
/v_Error/redirect;53_DWK1ZhTrg0em7nYXF-tI4sDL0Xcvj03CX2BEgLMS_VSbTA8tAC_v3X32j;edA88Wz4WrfgXFBA
/v1/redirect;sdfsdjhgkdjfhgkjdhfiueyr9348;kdjghkdjfghire
/v1/redirect;N3C35DsMqTJvgW_AbVmuoW-vAGW81Ww1SUQ4T7MJfljxMVOB-epLlzHuyQ4H;E2IqNVc64oJAhsbv
/v_Error/redirect;9YksiTULc9LcvfIPqFqBnPgIYNChLHJSKIjl5PGmN2ykfLXRKF-Z7D7DwBdd;4y7geTYo3NN3_8CP
/v1/redirect;sdfsdjhgkdjfhgkjdhfiueyr9348;kdjghkdjfghire
/v1/redirect;5SKIxGGmtRxc-LTRW48-wAhadv6UXwVu3uXuTFXqu3F1EKWd1CvunrFCT0Sz;yywM0gJ5dCI5KbBu
/v_Error/redirect;C4lpuTQdReTZQobig4J9-YcfI3JEfnPlfOtphqdlVWUjKqZ2ndIYcQbVd_1o;rohx60xfZ6EsEpN2
/v1/redirect;sdfsdjhgkdjfhgkjdhfiueyr9348;kdjghkdjfghire
/v1/redirect;eMdLqlHqJrCEVaKNDNoWA7ubLWHLsQxMUiEsZz-mo9MSefv4Gw6bCJUqW_ol;AAlqRzJds0q9WWau
/v_Error/redirect;GW08-eWxbjbyiuWw6z_T7Hd2cXxgBBYyAteOJAoJuFq1KjNiwnF6SW_U6pZo;ClHRyUPtAUgmWmib
/v1/redirect;sdfsdjhgkdjfhgkjdhfiueyr9348;kdjghkdjfghire
/v1/redirect;D_Q8LybdM9H5FyR-MJ2MAhVtShRmKdKZ0MSRnzmG8F1kaShzhONA3XPr-WqJ;ZXHUUMrIModCBTKo
/v_Error/redirect;ylxsCI6tYz0OVbe-ogVjb7KrwItnr56dLA-ZHuTmf1a0YniUFUZOu0fs1amJ;2NTlxz5vwEyA-7dt
/v1/redirect;sdfsdjhgkdjfhgkjdhfiueyr9348;kdjghkdjfghire
/v1/redirect;i0wjAUCn1GR-0ROq5DOUIh_nEOthV-hcTvJjoXnVONGCnA-EuoUVne0WrRhE;dSui6xlo84hqwXau
/v_Error/redirect;p54rDXICTWYeQZ25gd-ZZu2ig25KiWA__2VDek801l0VDctqUmccqgjs7wPS;WpJttA22qLQGPxuV
/v1/redirect;sdfsdjhgkdjfhgkjdhfiueyr9348;kdjghkdjfghire
/v1/redirect;fr8bR6AYZKoTbvgfuacX6ncIPxUdhFwNsGbQu2H9PqSVSdk2AO61xoU93Rro;WNZ_DYEpFY7e_fBV
/v_Error/redirect;BG3cjsPACBtnSQxxEhrrVrMBQTOpAhdp-glWH4utqK5YuJxBwirNUYKivQJ_;lvOYVVks6f2uweHe
/v1/redirect;sdfsdjhgkdjfhgkjdhfiueyr9348;kdjghkdjfghire
/v1/redirect;fOApKnUDS0pUbVc0KHkFO7j4b3XrtGzQAofD4Z8b8Mk5DQ8znR6dsu7dTVfx;5zQFdadL0Kgq-7sw
/v_Error/redirect;OoJRCV85btijOV3VfJx4_ccpfAtSL5BWPe0I-b4hdGYRdtvSxiE32lxg4ZNS;10qsgT5Ih0pqZiiw
/v1/redirect;sdfsdjhgkdjfhgkjdhfiueyr9348;kdjghkdjfghire
/v1/redirect;K6kRRK5hKEd7dw0gDi42BczchF9en4wtoaakDN7EbgQstDnf_EQEDqgSb8Zb;d-bGiAfSgT12d0aw
/v_Error/redirect;Ucts7of5DRcgser706zeRlB-zMmVdF2sYd_suLZ3Tm29tET_Q0aLnPj2Rjtm;ocIdWyuufJIqGsp_
/v1/redirect;sdfsdjhgkdjfhgkjdhfiueyr9348;kdjghkdjfghire
/v1/redirect;mFww_SwkthXvMMirBAFyFJJq6s2LrQSesHJVbZOkMj_WT7SAjIddCMFb_nOk;u52ASHtiugZFwq1k
/v_Error/redirect;PeQPqSDZzBYdhPtTK_kvnMsN-l1_RZS8YdcPFkyf5kc5im2_et-EwNwVYYPe;_xtv2ajMqVLVnWpm
/v1/redirect;sdfsdjhgkdjfhgkjdhfiueyr9348;kdjghkdjfghire
/v1/redirect;1B72BQs95ACoazDJznjLocYyPVwKSD7b4Bg2oTeRDsGCWKlDFZyp8tjrAmSt;IAZ556tsDUeBR7LD
/v_Error/redirect;ia_xS5puLKlS3JQeahuWjBh8blpEFMasIqXgOt32dtKtUEvnX14VAehLq_yF;mvGsIyFRZ9U6DXFm
/v1/redirect;sdfsdjhgkdjfhgkjdhfiueyr9348;kdjghkdjfghire
/v1/redirect;90x7eafzQDXsWcsD9TRH05VZVrDL5Vr2_5jBsmRGZDDFn3c2MgTl3aBgUAEP;OOK4QSzSh9HxXDze
/v_Error/redirect;hrXrq3k-gaqChTzvNJ-7khGq6e13Pq_-hikHqv73sEbAfSn66-0t85g9ywBX;9UdnqkDUwWOSu_z_
/v1/redirect;sdfsdjhgkdjfhgkjdhfiueyr9348;kdjghkdjfghire
/v1/redirect;dfrAEV56LREGZIocKfTZ2PfLXtOVCmObbPU2ZbncFdHq9LGZjd7C3rqEEurv;gqjyQXKNNWTD9gHJ
/v_Error/redirect;jtJqCY94lykN43ULJvyHklg9wbcfT3OqD6e-hbem0qtdMrdRM_Q3afDGizUe;nKI_fJCrdpGQocFE
/v1/redirect;sdfsdjhgkdjfhgkjdhfiueyr9348;kdjghkdjfghire
/v1/redirect;SR7_FVCrqFTyUb_ct7XIGKjPVccUCksyLSoOvHHAWlXLymGPWoRQkUW7lrOQ;YdT5wKB2QoRFTDEF
/v_Error/redirect;Yi0dd5EhegUQziUnWvXMmtmqs74XpoSAcaqdYgC5t4SyHKLtaqYAymU2MrLX;HmJQrfxUD5MFs6hE
/v1/redirect;sdfsdjhgkdjfhgkjdhfiueyr9348;kdjghkdjfghire
/v1/redirect;uhu-MjyrYbrDk9JyP1keKO9ofY-WPJUtVLXUZ1QMIQJETMJIdE9Np7KIfTu3;0vaUUvInTDuv2RRF
/v_Error/redirect;XKdiFlJHVP1LcXsKywaCT9K5YW1xt244Nx7g64ALccrZEJBHO58c-iJvHn5V;wNG6SECARPOJ8j0X
/v1/redirect;sdfsdjhgkdjfhgkjdhfiueyr9348;kdjghkdjfghire
/v1/redirect;mt8xjcxGrwuTawvvi5WtVgVfQhCh_mkM13VOEE0Fo7XAbV8EEsIZ1iMl6Wat;D_QTf8Soa_X_NFWD
/v_Error/redirect;pnqZZVvRbudKUxbrDTLOVHy65EQWygh2jBvsD5Z_fUCZ8cF5be2nTU-isCC1;yjwPKKbkH5i0ub48
/v1/redirect;sdfsdjhgkdjfhgkjdhfiueyr9348;kdjghkdjfghire
/v1/redirect;fxBFZRSsqn1ggOdS_mnvUFj_uddHQuv8ADGnUUX6h7W-ggM3bhPCjkTWFX5S;sIdOjfOMyydU76oX
/v_Error/redirect;85v1wOrxdctB93uYwx1RAjYEN2ld6BKApdCFmZwY6TT0IKayg7tIAh_sVOg1;tPnKdNRbFWax5VQ1
/v1/redirect;sdfsdjhgkdjfhgkjdhfiueyr9348;kdjghkdjfghire
/v1/redirect;AUTWWSSZ9jDRuAEh9dXwx6N1wSchYdOOa53H-FiNFLEal00Gqc0yWCWQ-PnV;dczqe43KKV9mls1a
/v_Error/redirect;rI-qJIhRUDuyP9-Dh8WIdxeoGzRxDu-E0mz15hCX3fgZ7CvuTZ_LQuIt90t9;8D9OSuGifmGwt08F
/v1/redirect;sdfsdjhgkdjfhgkjdhfiueyr9348;kdjghkdjfghire
/v1/redirect;R3c5H70GkMIzEVxyDj_2m-CvNEhNm5-MJv89SMihz-O4so_zJ12NBg9Jqf4F;XxYx2EcHH6X_0QB6
/v_Error/redirect;gG9fz3W3MiSH0hr8PqZpqT_qDNNe6jGUp2D2sA2rc7gbPbVAkduL8E_6oTvI;Q3wBCVUkrNv3WZDC
/v1/redirect;sdfsdjhgkdjfhgkjdhfiueyr9348;kdjghkdjfghire
/v1/redirect;CpLtVSAXgkNZ2UBBFBJiIzuzmsBSjsbH2gbX6l-9pufAN3ujQEH_zjzfSHUr;DghqTGcbrtlpYb_7
/v_Error/redirect;eVJJgHS_Y8z189C3MtjFHVf41MJV7pmF7PBLqR10CbjA5rZS3ApBJc-zoHGb;uPDol5iopjtIA2pl
/v1/redirect;sdfsdjhgkdjfhgkjdhfiueyr9348;kdjghkdjfghire
/v1/redirect;IXrZHv6QAVSbMBMz1pHLmvRaDXd0zL4hL7TSlJCZQ1msqhZBjaSSfce6kjHe;xhW9pjqBA4M2YjEJ
/v_Error/redirect;z4sgBRBI-R0fIyER8e9-B3DDqEB-1U3llhm4UC_TXJOB3ajYwXabQXqSrHGH;lz7oqt7o4t8M58Oe
/v1/redirect;sdfsdjhgkdjfhgkjdhfiueyr9348;kdjghkdjfghire
/v1/redirect;RtiC4aa8yOEZ8tzEKKH0odr9rXp-vbwlPcSwyjk33z8EFEkYg-lEeYbz7Irb;f-cbUG6Oda3a2k7b
/v_Error/redirect;tL18fBFPpUlIay3qwP0_YrMZnia3tdV-5gSTNjWEH_E3KBrCztQ2M0cyg3SB;2gq37vnUoAum6VjI
/v1/redirect;sdfsdjhgkdjfhgkjdhfiueyr9348;kdjghkdjfghire
/v1/redirect;esDCkBhjsBhTRGYq2YZOxSnZx_avY7UA09qSoDtwk0WP3d4yNSXGBx2nJdeV;ObQHweLqiOWyiVWp
/v_Error/redirect;xFeqYTQDU7rqLo5vT4qfKEOwOJaT33OL275TAkJpaFujgsxyZslVT11sYTJ4;eCI-uOPFRQt6RpGf
/v1/redirect;sdfsdjhgkdjfhgkjdhfiueyr9348;kdjghkdjfghire
/v1/redirect;Rude9zeeB6Utp1xOcBXGRr2RxiJkYsbwPO_rkRGVV4pIIwtGZSDCAnEWg8rv;JU96Bgf0n3d7UjTZ
/v_Error/redirect;tfCCU7gk0KRr193p0xv-tciqaVouOjXbGJdMYKIzLCxw_lHt0TB0gZDOkV1L;1D6X4LPf9BFAmEB4
/v1/redirect;sdfsdjhgkdjfhgkjdhfiueyr9348;kdjghkdjfghire
/v1/redirect;NwF0_KCFK_wP3CtvM-bO228eQBovsXUM7LKIPkK6bVL_FLMBCh3jQiWbcqi3;WQVLblEEvU_pOfQY
/v_Error/redirect;CZQPXazQ_60TQceWtNRGg8O9jsIgcJXJOY3J3LyPqu6QYIfwzWTthxD4a7my;mW6UoEBe7815qjZ6
/v1/redirect;sdfsdjhgkdjfhgkjdhfiueyr9348;kdjghkdjfghire
/v1/redirect;_5RURkjF9FfYXQRDdXcyDwoXPRb1JO660yOtDWADMqQr4FlL_ZCTuGNNHuxk;_VKuaEzcHxDikGcK
/v_Error/redirect;H1wgl2TnvYSuk6OA89Pvn7B4TsOOHVlQcUH-1WJGl5CjBNFZDvHSjus976Xd;xVrSZu-_zVzKj4An
/v1/redirect;sdfsdjhgkdjfhgkjdhfiueyr9348;kdjghkdjfghire
/v1/redirect;UseN9xNOl4pCGwJCMlwuziZYvFn2jHcfnlyGZDhz5oIaQj6nglEJUKpLaIKG;neQMTtIOVcGk8KiN
/v_Error/redirect;2YT7SoSmcN6ZSeMeCJ_XP0qFCzkF-LB8tZ2nyf23LKeyZNykPuht71RZ5WRM;qiy6V_vxNBqNQj5j
/v1/redirect;sdfsdjhgkdjfhgkjdhfiueyr9348;kdjghkdjfghire
/v1/redirect;rfilh5MDjzaTttN-Qs5TToMv2pKoNSJa-yEXc8COux2IY632mP5qOtupacAc;Se1huFF1w35UnU2e
/v_Error/redirect;cvVS_Rn_o3GMLqMHNzJxzBnEcbxmpLgUbk36a2xdTjljwC7-aUw806UL7dtH;4Rq4C7hZSj2rABry
/v1/redirect;sdfsdjhgkdjfhgkjdhfiueyr9348;kdjghkdjfghire
/v1/redirect;LYA56Lvg8YP1h4yczxoVxxjabEK-9SxaP19MD68OmXcNWoSPy0qnhmDSXbRc;az0xxQsjbRzyDyPc
/v_Error/redirect;Ug9UyvJ7jLj39uBNFyRbM9BWs2SxkrUVV_CMv-GFsYhuDPybn7yGNk0HO4Ic;rScytcu_RKu5vREY
/v1/redirect;sdfsdjhgkdjfhgkjdhfiueyr9348;kdjghkdjfghire
/v1/redirect;VqhcymYGosuKxOTHGffmx46Cf3rveymNfLSXtLKZr5_DXlipHyY5pny-6IJx;QSnqFu40vwjq2S1H
/v_Error/redirect;SP3K2Zy5Ke1hN6sikIOaOcj_lzx4aTKrxBpCBGUywpx3u8rxbgrkFOp0qnDz;oeRGWye3wJQS-6xW
/v1/redirect;sdfsdjhgkdjfhgkjdhfiueyr9348;kdjghkdjfghire
/v1/redirect;lf5mqfq8wJ-J66iv_J3VhMcSS5NBSHXWJWTx8YMQCm0c8lrayQq46tN6YEX6;cp0Itdu1CcXU9Y7d
/v_Error/redirect;lAdYFUuPYmcUrLA1B8ymBVN_nKkLIeSOwfoViIE1EN4UrlxDv8VfG2oJ5Qiq;Asvso1pdvqQjOgWR
/v1/redirect;sdfsdjhgkdjfhgkjdhfiueyr9348;kdjghkdjfghire
/v1/redirect;slSmo3CzxNx_e7cHLcMeNXGxnkelAlY6z0Ex5cYdAd8MaYMH-gyYC8AoF-kj;ISxXUKXtO5bev7PD
/v_Error/redirect;YHBFikHTgNposmjrVW3KtvOpy2AQ8zcWbb-t496rOVCCoRw3sHbC4QJ7PFIt;4Ca08R7k4kQ-_9mC
/v1/redirect;sdfsdjhgkdjfhgkjdhfiueyr9348;kdjghkdjfghire
/v1/redirect;Xz57_Tlqj_U8udF_CqWhThlLfAN4FVejNL2NZ1sRWC5PUIWajGSyimQDCeq_;yCr5ZDHEkUH3IrJj
/v_Error/redirect;40qTCyAlZ0X70SewLx-eKd47vHq4m_ddGESzuCAz79_IbQ-j8WgozALTLqHe;j4x8QFTVhPCvncJl
/v1/redirect;sdfsdjhgkdjfhgkjdhfiueyr9348;kdjghkdjfghire
/v1/redirect;hHkXhKvXP3MzhGkTKnywNcC-eGEgUOAJs7c2eF4n1gkBOtLMVPF8diD7qwyM;6jRvgJYx-4HaLKYi
/v_Error/redirect;jb2egSHvxzi6DgS_7TMOoFzFtd4RtK9rSHF8g4n8rGFioKh50a3EQr4XucoG;ditHzA91ZDZTUFun
/v1/redirect;sdfsdjhgkdjfhgkjdhfiueyr9348;kdjghkdjfghire
/v1/redirect;njNIVk0Mxxf52OjM85mtlTLVCga0g3KsSZPxtfWUHEgyGcFk-z_cHkucLSu3;MbZxkUTWbj1dv09v
/v_Error/redirect;1ksPkD3fCpDlnyV0rfods8dYGRyyGrm6ylTKxUh6uMTfh-Xl8fYQDqDGMNl1;4LSNZsDwjT6P5Ld_
/v1/redirect;sdfsdjhgkdjfhgkjdhfiueyr9348;kdjghkdjfghire
/v1/redirect;vAllgK-nNzxhmLV4IXjn2FG8bDfz4bcUWE9wpxckiBL-fmJN7eAOVrq0Hg26;JAa14Hqkw5k4MjfF
/v_Error/redirect;u4VzyHiCwRZ5r-H0J9C8jMklq3VZginbGlQcJ-JWQoc_e6vSqg7J_qvJzHPs;sCTlO68XIgqOsJIV
/v1/redirect;sdfsdjhgkdjfhgkjdhfiueyr9348;kdjghkdjfghire
/v1/redirect;HFft9DdpPtVEMN_eIuaZLc-266IEY9rV5lj5BTLSvNXq9eOrKnjzqNdf_kYs;8raSPGTq9XkSsu6y
/v_Error/redirect;iSyaWIFknb2-T8iNDAyBBVQorFRqFclDtngFqCqlFdkLc_z88DKCKNesgM8q;ZpL7VCx10B8YbSd4
/v1/redirect;sdfsdjhgkdjfhgkjdhfiueyr9348;kdjghkdjfghire
/v1/redirect;Bjc_p0jLcZuSyQldgocA0VViKlLmdJ_s47YuxX2Fl1gpA8t751LiFSb6a_tt;B9en8q4m4mOx00_K
/v_Error/redirect;pTxZLyjSZxfkJbiSWQJ3iW3yx-n2M3khZLM0rkrIt5GxKnmemQU8Sm4eWXW5;H5OY_SSCFDzPOSLK
/v1/redirect;sdfsdjhgkdjfhgkjdhfiueyr9348;kdjghkdjfghire
/v1/redirect;Qmau3YwhrPknGbGLI-JpkPqC_LwX09tLW2wIiniYmDWEkY2DArP93mZpZKib;bahPISxg1uyBe1tS
/v_Error/redirect;ezh24FOXywnHyx3iFEd2RRCE-12FnHmJR1v7foEEA09deV_FUbKDazdzfELT;uwPYZJgzB4nuKyVJ
/v1/redirect;sdfsdjhgkdjfhgkjdhfiueyr9348;kdjghkdjfghire
/v1/redirect;JkaimLpnFTe157doN9P4rs9lsIpz4C342GGhHAPpZvI2kUuCHtkPIrBxgfsP;X0X7fUx3Nx1FnON5
/v_Error/redirect;8DskaWhb-oWgWwn2L70ae_mBdmKg7lO3txVxVdt_mwsyKeiC4xRVLiefA9lI;iomytxsBsrvEa4IG
/v1/redirect;sdfsdjhgkdjfhgkjdhfiueyr9348;kdjghkdjfghire
/v1/redirect;y2zRqsBdBXMb-8Xoq_dQxsjG5VpRVP2fnQ100e3oVJysyQ62kaqrzdBL0DDB;f0AMlNdEUm3mK4VV
/v_Error/redirect;aupFK7PlkxHKcBHJKBlLtOnpFVg-QmicxR057z9FvKQd4gDWpe0U9cEVVB1i;ukfmJvi9df6-1-55
/v1/redirect;sdfsdjhgkdjfhgkjdhfiueyr9348;kdjghkdjfghire
/v1/redirect;N5Bx1bhBDF1HM1Tar9YSzpDcURIPbqE3HpbHJCeET14jWzn21fAP9ldj_Oht;3hbFhZ_1NK7HmwMY
/v_Error/redirect;85u3QS-HFhfskyQaogUMEBFPHPBkuTwyTbR4aEZqhhJmnxmT4Xuz7LkR57MP;wYb9mPvLcbOYca8d
/v1/redirect;sdfsdjhgkdjfhgkjdhfiueyr9348;kdjghkdjfghire
/v1/redirect;qeneDwMMoa4120eV8Im0YrKtcFOB8btc4w4KvmIp-wBUsA9IXMzF65YKevm3;6cK0I-8cCLthM3f5
/v_Error/redirect;E1fKO37bzVAddQRhMCVkVaD8JIR76rxgcoDR_vZGEBBHvFl5JPKVr3rr2tDZ;yZbgOdmiTIt7GMAb
/v1/redirect;sdfsdjhgkdjfhgkjdhfiueyr9348;kdjghkdjfghire
/v1/redirect;LcBYii3bNhRmgvZ-m9fW3W951EZbqMgKPKeHT34Ija75bkWCvDk0DWm_zHUm;_Q8av7r_YZ39XoF9
/v_Error/redirect;4UqOGgC92L1Zxxy26I9LGcMx5dJVf5w7gOU_HCU2KWePnefkc1xKp-ryVmdE;ZnLTvT7zEQ4XQXnF
/v1/redirect;sdfsdjhgkdjfhgkjdhfiueyr9348;kdjghkdjfghire
/v1/redirect;yploQSSS6AaHkM0KpZGBRHhM7J-fNSj4fqXT7t3VAo-in4xo8rc71lzZLOOP;riSE4NcaxdNBgqts
/v_Error/redirect;unEWaKgIQOqOBKGZXIdgdmZVwrpcB9pLHnzL_VD_RXCEnH6aGmwNQCfhS8c6;FmPrVtYX0q3IUn8B
/v1/redirect;sdfsdjhgkdjfhgkjdhfiueyr9348;kdjghkdjfghire
/v1/redirect;3gv5xoExAstBIuMatrnSHWuQSCzsVWsjPDSd68pfMvKQFtoAJQaIwbSYOKIK;uo1llJu1o5tBxigV
/v_Error/redirect;o6eW1C9N6KBx7XpRP4ZSjCqsYrbGmDKVAg9lXl8Qj2-90EssA1Nn7Ry0O562;bNSQktyfPGpWrN4y
/v1/redirect;sdfsdjhgkdjfhgkjdhfiueyr9348;kdjghkdjfghire
/v1/redirect;M4HDF4jHx5Xgt1qs6t93o-2Sw5fVQBtfdGbTe00_okbrMdKDwGTlekc7W_1k;prTHBpWGWYZGIsfA
/v_Error/redirect;GNtLmd8zjdExfaZ64pK5CVaqte_YXTWSi-NbWhVCNw7v7YLj3fOtKzlmE5Rc;SzzO7s8dBBefsp4B
/v1/redirect;sdfsdjhgkdjfhgkjdhfiueyr9348;kdjghkdjfghire
/v1/redirect;gIkLVTAeVzb6PKhsG8vwTqKjMj7VWrYUQ_jV4Xc428G0ihYyT3oEJl7vdz9_;acS41TlQRB3fI4py
/v_Error/redirect;2X1kd02gB_wjjqtOJV2KElQckjOaULYU_1PxxZ15fMeQYd9DHr3i5lhnVZya;xd5Q2oReIf5_-SQ9
/v1/redirect;sdfsdjhgkdjfhgkjdhfiueyr9348;kdjghkdjfghire
/v1/redirect;rR3Ba382yqMlbqx7IQsNQFj3jcIAQe8eWK6PxtlbrG0pTacXHpzRrLTdyjen;XLL6Cyn7Z67rxmok
/v_Error/redirect;eRijgWiorvljQ9r0pc9IC8szK5Md-09Xf2PTH4B06M_mgf3UiTi7b0nReDqL;xPwEbf-dRoqyD4fD
/v1/redirect;sdfsdjhgkdjfhgkjdhfiueyr9348;kdjghkdjfghire
/v1/redirect;YsLbtBXrFzCELvFuyCuCkn5OhYQFgVIUz7CJyUu6CLKGxHnjcmJa2pgcilmJ;v8clIyi2tD_-qv9D
/v_Error/redirect;keflRn483t484C8bHPXQ3wllXqzs63K0z6NafOwlYPLJhp1GU31PT5yLhV04;hAVgg8vCSM5SXJGP
/v1/redirect;sdfsdjhgkdjfhgkjdhfiueyr9348;kdjghkdjfghire
/v1/redirect;0AHwFDNWnnmpX1cZkqNDq1V_paaZP2jYCzUa-0yKL929KiMNsnSmMwRrIK5M;w1bjQygiZZ-CHiB-
/v_Error/redirect;Hx81HOfmKisWyEDdA1l-eONNgHdujhEBsiNv6T8R__J9HFNBVQlckpTf4uWU;t8C-eI1-ScfqDakW
/v1/redirect;sdfsdjhgkdjfhgkjdhfiueyr9348;kdjghkdjfghire
/v1/redirect;sTE705OgMmKqKGRqMqAgaarZLlcp5klzwZTpSO8AvJ6a8lcSECmWk66j8dob;JGvGOywLWeJnXkdP
/v_Error/redirect;6CTwEifplkEc0CYGUyOmQopKIrzv6nF718yY4e-5gIhu4AU-PvMLPCTaBcBa;5OnKKPjI2UyuEiPE
/v1/redirect;sdfsdjhgkdjfhgkjdhfiueyr9348;kdjghkdjfghire
/v1/redirect;Ot5OzJeC9PVK_AnS9a85CVdWpHemH0snf0oezJknxirkYTmFQxlwjBxMbayC;eIG8JxDoZM8LZoC4
/v_Error/redirect;9u6WnuImQvI74zeSF31CEPlHsgZ4_JagIRuzZvqC0wkis9-z20vHqPvSh6Gx;EP_1F3WX3kNEJrB_
/v1/redirect;sdfsdjhgkdjfhgkjdhfiueyr9348;kdjghkdjfghire
/v1/redirect;VHmaWo0MWF9ehzYl6ORAd-WbwHSNCOI6a5sTcxB90UxRZ4J0fCbSGqwqpQZO;L7GLv3qNXEU73BIi
/v_Error/redirect;y9IU-H9YCkvVNVK1e-sHKCj6TS44oGoXWGJ2VvrFlbnUk19irWXfHl0O1B_W;2YgcIZr09pL3yzDQ
/v1/redirect;sdfsdjhgkdjfhgkjdhfiueyr9348;kdjghkdjfghire
/v1/redirect;41a2PWbfCODjl-7ebZpBukx_KpL4jD6JVZrFJqmzjZ-zQU87iVs8knhmnE0_;pJKc7_KcgZwmEDZ3
/v_Error/redirect;SSk5EpPOjJwsOmilVPWUVjXu-0bOa0BngCA2wJHxQmEiu2uMiTKpIXfup0tl;Sfjo8MbYjyWgxmGg
/v1/redirect;sdfsdjhgkdjfhgkjdhfiueyr9348;kdjghkdjfghire
/v1/redirect;jg7DuAvoj7w4n2yjz0fshNJSJBuUANvHpx4H08ucFkHxiwicWSGN6BQNFt8x;hjvN_Svj9WUgF36e
/v_Error/redirect;Q112FjGo1MnPTXvr02Aukh6dAxXPafBPwrKjKIF_a5yDe_Svmj2cPmvviZI5;Hy3jlux_2Hqdp1YC
/v1/redirect;sdfsdjhgkdjfhgkjdhfiueyr9348;kdjghkdjfghire
/v1/redirect;6vgVkJbd_lYEWpVfvvXkzRA2NjqEOqVJlA4_KnoDa5e_0M1yeRuDI7nEngyF;LPC_KgtBKIsaSZs0
/v_Error/redirect;C2Dr8AL64eTjOXq9mxQWnfGqT1K5hqK54sZo5SYnVMg71GzeIJac2M11OqL5;gw6NoOax83Oe48gw
/v1/redirect;sdfsdjhgkdjfhgkjdhfiueyr9348;kdjghkdjfghire
/v1/redirect;R0jTOKfyV9ezrIWYrZOvm5PO-_JXdUaxnxNArGAHuTOHzw-GFQ8AWt_a8zhQ;u9xqxKvVCVGuwVrc
/v_Error/redirect;f9WyQJdVjKiE0UvMUasYQ_fHMIQ70_uKY2W9fxZ0Eu4inoetCRjz3AhTa3DQ;oMbqKUtrPuHeW7Wk
/v1/redirect;sdfsdjhgkdjfhgkjdhfiueyr9348;kdjghkdjfghire
/v1/redirect;QoKriGTjCj2VLorxE66RV9AkNa9S-t8m5rVYUGpyRZ_eMoFsh-4QM6hOL63G;FUdd9QRUyNqC0xaB
/v_Error/redirect;CB2FgCsIuZp1RkkcC6DQV9UzdkXcgpdO7zTobg-gBpoGqeZfRVGStcVkeo3a;GRZf6egEJd-gK3Ef
/v1/redirect;sdfsdjhgkdjfhgkjdhfiueyr9348;kdjghkdjfghire
/v1/redirect;BkHmuks-nm86tx1kbC6kv43fD7Jf8mO2HY-ul7PemyS9xjfz2SX-lY1xiJql;zS09vYVmATU2SNhZ
/v_Error/redirect;qBih4pHcKAvb7CJaS_pmTqDDLfl5J4tTE7Pj-zsqgC2qZA-KAUo0O_dqMFp2;bfxh9CqXeI8qcjfo
/v1/redirect;sdfsdjhgkdjfhgkjdhfiueyr9348;kdjghkdjfghire
/v1/redirect;9y9olYrVo5hmzVIrGDcSJIqOGyKZ7hl0VbAOoJO8SgJGum1dt0v64Ko-euHr;71DqGQjHALpGRE_B
/v_Error/redirect;DwcF7YR7w7XHhCV6t4Q4bk3AL8NMIam3Z28mxAkMNJFhmQG1WYaNwD_aw9wZ;0UeAntTnzpkreoK7
/v1/redirect;sdfsdjhgkdjfhgkjdhfiueyr9348;kdjghkdjfghire
/v1/redirect;L4uVXO4c-3jtpS5yhteBiAri9qXb5zMcX8ktr9g7meH_b3gx9S38g3ZPABKZ;Xdkbhd4Trt0v0mML
/v_Error/redirect;klBJa0DyUW0VNCbcaFgCv9g-r4viN26D9TRnyQWIBsH3ZG-_8xt7cINgS6C2;qGwDcfQy_bJo81eP
/v1/redirect;sdfsdjhgkdjfhgkjdhfiueyr9348;kdjghkdjfghire
/v1/redirect;fODXR0XHXaAm7b9YvaxEeH41lA3zevgersoBvev1f-1glwI6zEmuYdTDMMCm;M5c8qjIbljzi7yhJ
/v_Error/redirect;TLtuyJuXkEMpj8TbCx3vCPP1-pXNc2hVPYAPM5Tc_cGGghgstAo38H-6W3CI;8dbyOXY5y7lygHbh
/v1/redirect;sdfsdjhgkdjfhgkjdhfiueyr9348;kdjghkdjfghire
/v1/redirect;SFqoAfNoihA02ASpShDdJUNnNmA9dfnMh3g3Uq2KsjMDhVzggxhLd-Itj3Kg;ppl241gxonxe8jSL
/v_Error/redirect;i-gjgsTZH3hUVnBP_6WsyHaaP7OnUa7UDHVzBcF6uWpJwYHCTUdktpohS2cD;iDomTbd7CbgRKTVM
/v1/redirect;sdfsdjhgkdjfhgkjdhfiueyr9348;kdjghkdjfghire
/v1/redirect;sGQp6u6KSAOeMBoTbQPel5rskp29WVXhcwvKVqF3QCgIaB2WxjQ-uNloPjWw;v7Q_rux-ggJ1ao7q
/v_Error/redirect;aZ51naRNaOWPCzN0N-DjrLy58CNWUmZr_n8ZMcktZExu8LhDsUyTA9OfDBzE;crKci4LtRMyV-i3c
/v1/redirect;sdfsdjhgkdjfhgkjdhfiueyr9348;kdjghkdjfghire
/v1/redirect;1Bu0uFz-Bef4SPirFk9iUCfbA3yaGXTXZOFkumuIWwznKKlfcyMF6PWhzhq7;ZP92V9qtYeKAx4Au
/v_Error/redirect;OD3owqhHSKhsnI5O7mZfceFuyud36fG5Oduv-v_EHFUjg11v5kI8LkOhgrN0;h7edzXtFrsCYR90v
/v1/redirect;sdfsdjhgkdjfhgkjdhfiueyr9348;kdjghkdjfghire
/v1/redirect;3DphkOV40fGUQggpLpJ5XItk81ZiwsR76R9KTVUmbYQBXofYpbA8coenqNAb;Vnx0oB7XPgOWHi4p
/v_Error/redirect;GINxTrwA-nQGOptH5UKSXkB2esh9uauoxj0tP6QqS9UKlm5lqGE7J6FA2x_T;6-R8JjL0EoKmc_YY
/v1/redirect;sdfsdjhgkdjfhgkjdhfiueyr9348;kdjghkdjfghire
/v1/redirect;G4tqfjtbjr7Ci3ga4bapA4HQRkJD1osucOhoO9nTlNaU0yiUCMh1Y2JnNcgK;f9ET0URiSeA_mY6L
/v_Error/redirect;jvIG3vH-WSXXk2nN3sOLEcyQSndY5veqHdryQhvyzAsP_rm8zUrie-kadyfZ;pi_7x-euclTN1djU
/v1/redirect;sdfsdjhgkdjfhgkjdhfiueyr9348;kdjghkdjfghire
/v1/redirect;6l_9qmnEBKRpdKlFzdLj1Zb1l5_yL1OF9hafYyCroX8c6lRQLTLj9ihYvoyz;nbXPPEoao7Hb78CS
/v_Error/redirect;MUOGyehhdeRTxUzmXjgNtfEvGgfHuZpZb9r7bIiUFUPL-7ngu0-s8673QHpB;XSu7yhBMQTX499CR
/v1/redirect;sdfsdjhgkdjfhgkjdhfiueyr9348;kdjghkdjfghire
/v1/redirect;8gyqJRblq7Qwz8j9HmaL4iqz8u1tprKVAcjXcXtfUmzhojq9A_Zu7IBQI8Mm;_7AMzNDTyIesjhDm
/v_Error/redirect;iy8utDQuPWouu_zDHeyNzWKo_0r0AVJctLl4rlv1J0FJ0AWV6ll1QKI8JG2E;8WohfMX8uQLKoUYU
/v1/redirect;sdfsdjhgkdjfhgkjdhfiueyr9348;kdjghkdjfghire
/v1/redirect;1A1t46bvscNlGv3z5U0ebqTmL6YfLSVHC72T4kzQjx2hOb2CacbsRElRfLqH;-k9HCaWTnHzRvhaE
/v_Error/redirect;Ot8J1g35mpTVceHQkN5AI5SLlVOvt1dQl5EOJqa06zjunRdPYRsvHO-S-Ffz;LJ3Rw32PE7bO24rJ
/v1/redirect;sdfsdjhgkdjfhgkjdhfiueyr9348;kdjghkdjfghire
/v1/redirect;IvEPpkvvH8Ys1mh1qJ9pPJ5Q0swmcJdXxv1BjSFJTpBNMtR3xx2XLcA0xcKQ;7L6k0ujmnuTerdBO
/v_Error/redirect;IT_5XGc5f5T1Cssolv9G1ovxh8XUwcJM87Pc9hlbm2JTGXcDF585aKVU9znu;GUDSXst9aSbghOxS
/v1/redirect;sdfsdjhgkdjfhgkjdhfiueyr9348;kdjghkdjfghire
/v1/redirect;FaHRQWCKgPVAxNbImMv30oKaM1XryoPC4DB2CkP42onzbNDKrZmJza5nmc3G;2IYjVVC3jQOe04Dv
/v_Error/redirect;LysqbmC6LQTxkemJglgjkCpR70ItllpYlSUQTlGjDvZz4RLyRL9n5Hy_pQVV;yhk8WRKsAf6NSWS4
/v1/redirect;sdfsdjhgkdjfhgkjdhfiueyr9348;kdjghkdjfghire
/v1/redirect;NRP07ngXzIzi7iEJVZBq-eC2R7AauEuv-kXds5o6ihqD6FoUIcrHDrwidrxe;cKfhPigdBw__oBet
/v_Error/redirect;HQwehlyemqDxjJ6QOSOmTs8UR9qnwMyJ7rA7pWah_if12PsAVzmFjeliDolY;LUb4QYKlwww45y-R
/v1/redirect;sdfsdjhgkdjfhgkjdhfiueyr9348;kdjghkdjfghire
/v1/redirect;tT55c_98zHdHU9zD_2dIGKwgbmPczYPBoEpUW2haPhO-k4CexqIJxQ06q4lY;S3PU2H_r-_LiK_lY
/v_Error/redirect;N-YUAH0zM6jESS_CF_y8BQ3-z97OjtpyFeHM4xPmo2VVyQj2agJW6l3GJwcM;Vu7SBXMIUjnAeN4w
/v1/redirect;sdfsdjhgkdjfhgkjdhfiueyr9348;kdjghkdjfghire
/v1/redirect;S80ntLT4rDdFnbikjchN1xDt8RX6c8Rw89VrZCSN6fqFbh9lR4bgotqQNAFD;WkySFqT-NZE7wOag
/v_Error/redirect;ESvN2Caoay-xli7J7sf-_qwussDrhq3L83NOJutscbotFiuG9vnNulFjeBro;nRJ5cj4lEt3fNqZO
/v1/redirect;sdfsdjhgkdjfhgkjdhfiueyr9348;kdjghkdjfghire
/v1/redirect;-nxxqRKPwCzH7UP-xNUg_VFU27MzfNQfaHq99j453l7nBZ6R0n4tJI1JZeCQ;_Mcyqfb-KmwOAxVA
/v_Error/redirect;XJmorwP59Mc-8_DFXr7oHMyc2DOAnIM5xT-8OUddv7T4FB8KYCaGqvPYJe1u;NzHg8f_o2NTYMGnD
/v1/redirect;sdfsdjhgkdjfhgkjdhfiueyr9348;kdjghkdjfghire
/v1/redirect;J7Sgv8vfz4hju1x_-dTlmLIoIK3c1hUsAYezGPAHdLmu-4mHj3JO7H-W7ut-;R82ySw3NtdhfEOVl
/v_Error/redirect;tRtFN_X8OoPeh7H05_kWKwg34r_poGg9NHihWuw-MRpWO2nZl8Qa7Fj3hGLd;xPFBnEHQ17xEVjyp
/v1/redirect;sdfsdjhgkdjfhgkjdhfiueyr9348;kdjghkdjfghire
/v1/redirect;aNqjBmhlufUlXarXM9Jowvc9ZOZN3XO2gO1J4TKYlGHe3GjOx3JRRpWWHwph;1hgq8EqegHqGBK6P
/v_Error/redirect;oSXIiMF1pUv2HzJnsAXxkulXLG-W0d-TYzXlVlBTqz_OHYWKjQ3lM4AT57qj;XZHqE2CqX_qVpujB
/v1/redirect;sdfsdjhgkdjfhgkjdhfiueyr9348;kdjghkdjfghire
/v1/redirect;QywNwnKiQ5hwjoGXW6GUGQIPgEgFmUmFNNfy-SpntWS_qp0loQ8foiC6PnN-;YoDcSKDS2KFg_YIU
/v_Error/redirect;Dj6OBxI4TukTTg8paHqhdDv5eas-vYzr8WujAMvDFUsxW9K07bakPuiRrev9;EXlVjSoheQpQ4zLp
/v1/redirect;sdfsdjhgkdjfhgkjdhfiueyr9348;kdjghkdjfghire
/v1/redirect;uaD5lnEZGT0tFEI9h7feXAgDiQCZSNffIM9RLh1KHt6eqUGZ_T3vakG_MVjb;l-0mQworFbcL8hVT
/v_Error/redirect;EVnpVeDbprAJo5Ikn1bUwUmfhHUzYHUgJcK27PE1w8K_wGRenmT5V5Z_OoLL;RdXsh3S7bijRMuhb
/v1/redirect;sdfsdjhgkdjfhgkjdhfiueyr9348;kdjghkdjfghire
/v1/redirect;77zQLyB5LWU2vYXAMJY0DdzjBDkL2nRzkavs-IXlxVmGA1i3GRy32Eb5dQ3r;ctDkTSAgE8LVCHoz
/v_Error/redirect;42ngkmtZIbJzDKSYfTbuwiA0dELKB-TWmug4e1-TdzlmUjKBd7oeyThoJgRW;aM4Gw0St0kS7PCaj
/v1/redirect;sdfsdjhgkdjfhgkjdhfiueyr9348;kdjghkdjfghire
/v1/redirect;LhxsDYfsSkMxKQg6F5fhZDRnrXvFVHVuqJZhTbG9kDaXwh6eRIQQZyeIc59H;zb18Kl40nqmwOg66
/v_Error/redirect;nNUbR0Y7oZm1ZvvyOV8gd_OD9IWz-c1tMVzxzCloOT3YjDm5cizlCa4w0sg1;qiAq8-ubFEvfb91m
/v1/redirect;sdfsdjhgkdjfhgkjdhfiueyr9348;kdjghkdjfghire
/v1/redirect;2cgXxaS2ivXEV5tVtzyCqdoGdse6xkDBGh77Zau2Y2yBkafj1H1WyRiyDuH5;ZBVr3TCHGX7Ou23U
/v_Error/redirect;eHYtHOkz9Ribokue7L-cJ5mzzl0lH-w3tMP_tX4c000MlW9uzcdwmkWXIzm3;Yi72zqlS__n8s3W-
/v1/redirect;sdfsdjhgkdjfhgkjdhfiueyr9348;kdjghkdjfghire
/v1/redirect;hkPhrBBn4EKbtvNIkCPbkdyyLbb6CRFFYPn7V2An_aI98o9KDuM1lHvKeSBU;IvOVe4Tf34U5Im5A
/v_Error/redirect;q8ehwCIfawEtktfpIk988uhRHXUb8A0GedTf9YRxv8YQx9-TxcrbxVdjCTbt;S_pzo72sENZEyL5o
/v1/redirect;sdfsdjhgkdjfhgkjdhfiueyr9348;kdjghkdjfghire
/v1/redirect;hGQ8CQsHgKUQY0-BYwG1pEAeaGm8S5Y-GPravK83fdda3iWJ4X38POiuiVQQ;WcBcybhXlzwwZgPT
/v_Error/redirect;lD2IzHz2k9kXjQijjK__WLCMch7qm3c8C2DMHw7s9Ro4fyZOmcdPLqCsAtzs;fxqPLBm-1gYPmCCc
/v1/redirect;sdfsdjhgkdjfhgkjdhfiueyr9348;kdjghkdjfghire
/v1/redirect;ljM4G0EzfKGGhhN8W3B4PlR5P34zY1zwu9V8yXLXa0S2gQ8JxCehY2Nx9Xyo;HR7twiYnAtrAtiXI
/v_Error/redirect;Aw4Ln2ie1JvMFVO5-uLB8tqwJBCHfwJ0I5erpbEd8uSB5ZmzRSWhGjeTznyi;Qy_-8zWiz4HgLJJR
/v1/redirect;sdfsdjhgkdjfhgkjdhfiueyr9348;kdjghkdjfghire
/v1/redirect;ekfDZrVD-_w4t9Z5w8OSFp65qLijVfUnesh5p0xWWk-1PzAUG64R_XT0MQnL;NGvFUQb2c30z0Ixj
/v_Error/redirect;CCX8j2B1eeocGusla9ZV_7gvLXSrYQzm2q47V8BIr9oO6b3U6nH4ocimWcdp;2jNgOQMQTXm9bn_8
/v1/redirect;sdfsdjhgkdjfhgkjdhfiueyr9348;kdjghkdjfghire
/v1/redirect;DUIUOWP_svdfUODPjEQTQJ_a4Sy2mQ8zhzm4MBq1y3Vq33wFhrV--r1XsxEJ;jgCs3Q5hsF9gqGG7
/v_Error/redirect;PM3DG_Lyto8ZjE0cbhPsoWQIOhzKI4C9S-HrksrrP-3zYPG0i3VTs9Q_F8F3;1G_Oq9ug_CSzS_qQ
/v1/redirect;sdfsdjhgkdjfhgkjdhfiueyr9348;kdjghkdjfghire
/v1/redirect;_9yl5c4yaMXP6OIKxW8yBxE88m67wdXsMjJYEW5J-onPz0LOimpmawDpaKZl;7FI9QvNMBLsrCP0W
/v_Error/redirect;PjQ-RnhYe15Zv7N6Iik2CpnSnNRvQ2yB5emjpBz7Dadfe97Gal6Avy29CW6Y;BLR7GLXLCWB0dka4
/v1/redirect;sdfsdjhgkdjfhgkjdhfiueyr9348;kdjghkdjfghire
/v1/redirect;eOKY95gdQVuo1DBeFvVjUl_q7G90WpYYPYpuwIb2e8qmOYEgwzw_4Hsk14-U;PN9wXVoD6Dzl3ubp
/v_Error/redirect;8aGrsvOW8iZ8lkrgZWBJ9WgVvgazYWobd_qCLHdgBAQAB1kAZna31zwGTI32;_mt3G_lmRjXp16Jc
/v1/redirect;sdfsdjhgkdjfhgkjdhfiueyr9348;kdjghkdjfghire
/v1/redirect;0RM62a8efpH90Qdt5rtrXOZadLTiiRjURcP36ZgvViq3QgaEySWGUjolHaEI;ay5EVs07hpFkIOr9
/v_Error/redirect;BPjhez7-_C9u4_kvIduLN0JEOKfVcrpDS-15o2CfUPku-d7cvykBBOnqszcY;4aiSTD1hSu0Ld_tl
/v1/redirect;sdfsdjhgkdjfhgkjdhfiueyr9348;kdjghkdjfghire
/v1/redirect;aCiTiojMGhXXS-7ZoE12kr-Xvvs_fPaZKvn5Rci2MKpJvaAISYgbbHBY18D9;On8T555T3V2Xmnfu
/v_Error/redirect;gmgGbq4Pd0LL26j5PJeIXzk9PfrYZ4a_nATA5EqsmZn1WvIm1DPWfETk4VEI;85VeLe9ugexDqxlE
/v1/redirect;sdfsdjhgkdjfhgkjdhfiueyr9348;kdjghkdjfghire
/v1/redirect;dE973-Ebha0TFWGzjNpMGUJyqYSOXDoWwRWqgRcZQHrQNgK-9WqosnSpJ1WL;Hg_De7NMvqzmWelR
/v_Error/redirect;yI3oz8e4pE9xUVCdgzii-RCf27_hJOlXjF3kahbUscCUXfUzfjdqzqQSJ2-V;xTuulXNyTt0IIk5g
/v1/redirect;sdfsdjhgkdjfhgkjdhfiueyr9348;kdjghkdjfghire
/v1/redirect;3hTgYO6ArY2KT9gVFw8d8cefzgSNjvuFEYfPK5c0p_mga429UdWspYkjOIXI;ez4GZIw1rlGhMFc1
/v_Error/redirect;I3XEkeYOv2T7pBeO_0TneTHk1Yb4_0_JkcykG2PchwjJVzDt4VB1lhA0b5R8;dCibY5oPP1FbSIZ2
/v1/redirect;sdfsdjhgkdjfhgkjdhfiueyr9348;kdjghkdjfghire
/v1/redirect;OFTbdn7XrABRUb1f08BKgS_U3SjAz2TiBeH7IVthXl_nly-jOQ-mIfx3MOKC;2zzJ2jQhmSRGF_Uz
/v_Error/redirect;yqcarnW74bCBIPPBDPe2XtgmJY1KMVvUMu1TIVtxkPJmxget_su_pNCOc0dD;jhLD9GtKgyPeYNmB
/v1/redirect;sdfsdjhgkdjfhgkjdhfiueyr9348;kdjghkdjfghire
/v1/redirect;Gnr6MpP9Gapm-Sj7EAUGTQtNej-LDr0Bi64XpxhQ344bJI8TkMLkDjcG4qR6;PxfTTyLkCH-pXhHv
/v_Error/redirect;x3Gf8a-CJKcy1OWlQ8cQ9uLhQIfJR39-Q8GVXyITZ4t-aRAAshjo6hBB5zsu;WURL1qk_qZTYmwkB
/v1/redirect;sdfsdjhgkdjfhgkjdhfiueyr9348;kdjghkdjfghire
/v1/redirect;cmx4xkeTx1eKxLGBu8raDdiS_8w76lnyBmaNAlETrF0xMV-Aem5h04a5eKLm;c4rfIHdUBu6UPWmo
/v_Error/redirect;ejCg3nUH3vC6tbNtbzb2DXG2gyd4ZF8IxOkQ7-DORmYEuKi6GqGWhUDIJZKg;1Z2MenWiu4Rt21PJ
/v1/redirect;sdfsdjhgkdjfhgkjdhfiueyr9348;kdjghkdjfghire
/v1/redirect;eloqguuuj2wl7Nuf8Y1N0WcR7HazKR6GpQbGLgKPzENjw1HVyovENgpMsmVF;kPBGX4lO-mNNlbsW
/v_Error/redirect;EV3_ItPK-ncz7Qm-94H6AWsQse-W4whZEZ27B2HgaXtyn0mgxjOW1giXR9La;nBUbLGUnZujL1EP_
/v1/redirect;sdfsdjhgkdjfhgkjdhfiueyr9348;kdjghkdjfghire
/v1/redirect;84FJ6NtJUrPT8_bmybLnQWKLOYc51C4FiCGj1I8pB0XabkeBuN9tE8Yk5-3x;8V_T4q5c51bTMc5O
/v_Error/redirect;cW2hXD2p9UNwBvTVBQdBifEmoN8fLBvOQ8RKcLcHo0Py5Xi1gNPEYH8U-Nhd;tXhNhlVzDHFHJlGm
/v1/redirect;sdfsdjhgkdjfhgkjdhfiueyr9348;kdjghkdjfghire
/v1/redirect;uLxOtT681kOaxBL-oQ4mrWs3ahmLg92c54NXgIDLfwxGIcAFk1-gTuSkyJHg;eHNOt5QSv1qsB7TZ
/v_Error/redirect;hKp0PhhlhN2Qv1G36yyAAuiGURO2lmhEXi7Cwg-9If8A2B03yzwdMDt2f5ze;TM5rvGCayjTMHNel
/v1/redirect;sdfsdjhgkdjfhgkjdhfiueyr9348;kdjghkdjfghire
/v1/redirect;PnrNCwZG5gOY3py9EVY7L9VrSvkcSb4c8IuHpUUh-iGsVJejWy0MuwbXSHdz;pBUPazj6lFBbR8KE
/v_Error/redirect;6g6gcUoAHsQYny6PgYuUxFeY4K6ByZmBLXVAefucuoFX3FwpuZdjeEBoXZGs;Pb7jJhuxsiaWRMnr
/v1/redirect;sdfsdjhgkdjfhgkjdhfiueyr9348;kdjghkdjfghire
/v1/redirect;Bulsq9RFqJid16fI5HyGnmBFNtxqDSLWFluO_GBqOlkwUA9MgZw-4ZwCLyps;Pp6dX-M2QVa4xUkA
/v_Error/redirect;PAmCenp_2AY2-h45FyqQucWF6_RUJy8pIX5F-2BVD0T5fV95dhlzsTelJqoE;zB_ojtS1S8DjRoQa
/v1/redirect;sdfsdjhgkdjfhgkjdhfiueyr9348;kdjghkdjfghire
/v1/redirect;j7PehS9y7rejvqUR-0PspQfJ66-nRFQbXpvzGjlko_pjKZsGCiww4P__IoTh;SxDwoV4xjNXoaxQy
/v_Error/redirect;7PMCuVjgTMqgI0Ibe7aa11pF7_eIY9zBgSuht48Nw61ED1Xlv5pNXXw7d_-0;vtaza_SEvWZZHVID
/v1/redirect;sdfsdjhgkdjfhgkjdhfiueyr9348;kdjghkdjfghire
/v1/redirect;QIu5vDIIW5OE-FgcEWqAOhVCtoL-tudqZWgV7xmMRZlW_7VN0Yciocc67pNR;un1uAs4hGlgmpJOY
/v_Error/redirect;5sTNPjuVojKqIhEFy5cq_lROU6y8tqnSO8u1KLRLyuy7PT1I2mn-yyQ8Vub5;YxsZ0jTo7_tCWqbc
/v1/redirect;sdfsdjhgkdjfhgkjdhfiueyr9348;kdjghkdjfghire
/v1/redirect;h6LrJoPACl_BuneV4IM-IqoqVqGaj-LMep0Ot4-B828JkjmLwxoSC9yhW4LJ;GUFby5QhaGlTiDWd
/v_Error/redirect;VrKupItL2jLTxjERfxl4c293E3jcfkzl5_tjfTvMT1jmReBpNCOH4r0gAzKz;MEw_UoAlkxqMvPYk
/v1/redirect;sdfsdjhgkdjfhgkjdhfiueyr9348;kdjghkdjfghire
/v1/redirect;3q0f2315PtWF3JfDf8PhJfRBoKFjKiIQpEUQx9fUMBbJROTOuQygsbKrsLaq;iYsJvgId0Rw2ge-B
/v_Error/redirect;32cTrXrj1sRYekhdmU0PXg84mssVpK_RZPvvM-THoq_IIaqKD_EUTNfscx83;dyXqR0A3ssg0cnmc
/v1/redirect;sdfsdjhgkdjfhgkjdhfiueyr9348;kdjghkdjfghire
/v1/redirect;8mTaqucX3upK440SL2RMjXx-4ixa6XyKDIVFb5-CgvdbxRJv-ZjHBLtGyZ7_;WOk8K1QNK47FXhU5
/v_Error/redirect;Dj5fuVc9Ko2lGxrdKVV_p2RzKYqFe-wco9nx2ZVHlwFmeWqyWDSOxlB8WCqi;0j3PkOBHI8l7X4gZ
/v1/redirect;sdfsdjhgkdjfhgkjdhfiueyr9348;kdjghkdjfghire
/v1/redirect;uVWamdXeJjtFTCllWYolcbr6eOqDTDU7ZHgZIUuMB9f38tlUjewuYa211TIh;6-VVOEcUYV4nG9FJ
/v_Error/redirect;X6HCoWzZU638_l2CX33x2dsSMEsezVf1GEhxAbRJe5yeD3UjKaz0hQvdXt6V;SAo0Mgosh7REXDFr
/v1/redirect;sdfsdjhgkdjfhgkjdhfiueyr9348;kdjghkdjfghire
/v1/redirect;tIcgZ8kmv9XXLGV9UurachNzMh_Y6pfo2K4UPt-9HYpiUog7Ks-2xqcvPOC4;VHOSiqCvoZf9LXse
/v_Error/redirect;mWvMLICt8ljs6T_zRw__J_3GAREQgids22GwaI3sB_wKFNd71rMwcPw2a8TN;wQO51dNGzk9-eSO0
/v1/redirect;sdfsdjhgkdjfhgkjdhfiueyr9348;kdjghkdjfghire
/v1/redirect;3djVazNGO_RrQZ_PhBzWxv-xmu6FPFp17YsQiu5aUUTu6u0rySBYQZkhWSWL;HA9PeD6ZeXqqNbIr
/v_Error/redirect;O7jEyXomgHcypYVjawnrZhh_oQPUicL2Q1_dVvCpFC5zCj3fK1EvFngqnHjT;kq52VTRMdVg8xbZR
/v1/redirect;sdfsdjhgkdjfhgkjdhfiueyr9348;kdjghkdjfghire
/v1/redirect;btFK_YMiPzaGfLTv3ynPD-_jb7mJeSTDsDg0w4jSTSmMdyceOmMbpmE3aMXR;8YuoDo6Velnux-1C
/v_Error/redirect;aPz2yqMI62DGH646f1rSiPLhHi5vAkGMUpbUwSQDTGx_f2-LvtiUaXrddr5u;vksZ32p5ob0Q-UIe
/v1/redirect;sdfsdjhgkdjfhgkjdhfiueyr9348;kdjghkdjfghire
/v1/redirect;Z4xVMu2H7LOMUDvp7MipVoRxtWo0WJTRfR5hD2Bs6zd_POrEUusAs4O4Dt7m;cTcK8b1jeJGO7Lh4
/v_Error/redirect;oVovFiOBn9t-dwrK_kUwjCvmKSFZo6PHiBXTNQEu1FXorYCw7xez_uYig_O0;-YrO-5bpSFk2zYX3
/v1/redirect;sdfsdjhgkdjfhgkjdhfiueyr9348;kdjghkdjfghire
/v1/redirect;FqW3EUrQiZ3XljBbAhb2bbIiAKjP6qtGRrpqwBiMfCd-mS-rwqJqF3nVZ2Y1;IIFIxmVhjF7oaXS_
/v_Error/redirect;jDnB1kLIW-5uoa_hU8tBhpGoBUBoc59X32Q1xFkhXjRmrFxFBHYQ_IK10ywD;DfXz07ukuIMMhh1G
/v1/redirect;sdfsdjhgkdjfhgkjdhfiueyr9348;kdjghkdjfghire
/v1/redirect;GXs-9CIubNQMMRtOU6lrSpx0OTRDcj1ja67ZZMebtF0bSnqSudTUJDEEMjRe;nIIHbGOpa_mAXXyy
/v_Error/redirect;XPGLv730LAEy_1BUegafzgLCW1fYiL0pWz4zFqvFT8wzcNI7uEYOPeSKp5FC;yjnVRHMfPI43Tyza
/v1/redirect;sdfsdjhgkdjfhgkjdhfiueyr9348;kdjghkdjfghire
/v1/redirect;RcxpCrJnOx0vmokpbjYqMiA3zaORtXI-d9K2sHimIIZzjNpqlpkkXVPVHK5E;An26S9J4nYPw7bB2
/v_Error/redirect;e5rZjMafb4OHVJlZtBALBByLutrNAI8FE0SvTKw0usRlyCJ0qiDk7mOrP506;BIu2FOepwlYGABuQ
/v1/redirect;sdfsdjhgkdjfhgkjdhfiueyr9348;kdjghkdjfghire
/v1/redirect;J5Krb53LV7jXrdNlnMZMQmGBOJozSv5VPxKf1HqQn0AFZ_yGdRIylLsFtK2z;HdOxdJoK-ER5Y_Wv
/v_Error/redirect;TNYEsOVI7Ml0aIm1R7aqrTX36KeYdmKB9S6TqDLJY_m65xP8TN9xE5SFDYQS;1-ryEJtKvDiuFcCl
/v1/redirect;sdfsdjhgkdjfhgkjdhfiueyr9348;kdjghkdjfghire
/v1/redirect;kh1mkE5OvDiWshbVkUrDYe9rFk07EwAZAEzREm8RYt4jQ0fgoRgfMUjlvgpZ;BFlpG3UTyl6yimDw
/v_Error/redirect;KES57tcGl4Gs2e04ZkKEcnARn-YKNMe5mcDVX2SPbzbWfVa44EyXAW7BshFM;CGu5VQlvK48cl1sV
/v1/redirect;sdfsdjhgkdjfhgkjdhfiueyr9348;kdjghkdjfghire
/v1/redirect;Y-_omdf_YbqJnx_D4fhA5Tv2szFx1BmpcoIYdlMr_QaPBLmiD-9osGKXrb8l;USsdeypsboz_L-qX
/v_Error/redirect;BEMeiZ-2LYK8HX5aDkpjizX5BC41midsAcryTUC6_GJFsb2jYEIlqGPGRhhO;smod7yR08xbUzoTH
/v1/redirect;sdfsdjhgkdjfhgkjdhfiueyr9348;kdjghkdjfghire
/v1/redirect;6VkBa_kZdpdDUKLbOY6uL5d46rDPd4gVxEOgmxMLjecCTAassyy-qWzjXRdx;4tY-laZ1MbomgGsW
/v_Error/redirect;0gwuIT-5X4jTaxwDUawntmNFUrJKq1R7bdy0yV2TuThdZhqcIfH6wpPh1SFI;wwbrpq_FEhXBW439
/v1/redirect;sdfsdjhgkdjfhgkjdhfiueyr9348;kdjghkdjfghire
/v1/redirect;mn7RlqeDBGf3UqUDV7c4ThySrJj27c4IEgHyHI6lskGS2YmdY_U5ycWXWAtF;c3ygMqFzgbkvYf-t
/v_Error/redirect;yW7kIljBmaYju1JnoLQ2KoPc-9SXdgL2drBM1zezUDeaNtF5FkSMDt975Wc_;I5XuUiYVO9IxCN7E
/v1/redirect;sdfsdjhgkdjfhgkjdhfiueyr9348;kdjghkdjfghire
/v1/redirect;ODL6X6yl-szUBabjhAmAxJjsP4yP21_b0cG3S4C0zPYEMkto7wdIOuozQmkM;eC87-lLUBDArXuhE
/v_Error/redirect;7_fdsqgvKB-78drVMsBywL0ypQ_0vp_kopTLAvGxdb2i_PYNaEvtl8XIU1JF;07cep7NatiaAU0Q3
/v1/redirect;sdfsdjhgkdjfhgkjdhfiueyr9348;kdjghkdjfghire
/v1/redirect;tx8_QCdeM_wr1KZGmqfYXiygDbZK5w1EufOOltRDVpFBw32Fz8dTuAFba3C-;dQAyrNwMN-9RXbx4
/v_Error/redirect;FKuVOETQoS9FcCDp2R-LrxvdnPv-lXBctpzed5Cd1sE_4SDQgkAe_8ZIcwde;MUVe9w-dcSNgl6FM
/v1/redirect;sdfsdjhgkdjfhgkjdhfiueyr9348;kdjghkdjfghire
/v1/redirect;1KtTDpNAUIYbU5d4Z-H-v-dYGuohA6mzTZ-uNXdLR4CKPNgi3TCaZurN9CUi;hUObxYZhRyxRKzO4
/v_Error/redirect;4TAr4F-D4hFlDeIvpk3JcJFyydBNj9NWVO18nIIzcBH1oPt1W81q2YYquKQk;gppGGCDiExPgUWdC
/v1/redirect;sdfsdjhgkdjfhgkjdhfiueyr9348;kdjghkdjfghire
/v1/redirect;-mJC_Lx2ECiqo2eV_INHooBD7Z3n6C2kpEoTvAxrGizd5SChMG0myO1uIMaI;j6GT6KmWay_5tlcA
/v_Error/redirect;IFz-6b_biEHAzfBEncORnluTPYbwYNWT44q9MM1Xl6uXjExTBn6tjs_C_6KL;CeqFQcDnc_Gp9jaf
/v1/redirect;sdfsdjhgkdjfhgkjdhfiueyr9348;kdjghkdjfghire
/v1/redirect;TT3DMCsMAeTKfTETur4ShcNePjGuU43G8y05QNInCdfCT3c0Yz2Or3Q37I2C;I6lMz-jF_AfX1YPm
/v_Error/redirect;SHB2-16XMI1Mt1LyJloMCOQ2rS6yVNydUf9oQ8adBKU61O5yauRhTO6wbMv9;9DffS7tSUX9rohNL
/v1/redirect;sdfsdjhgkdjfhgkjdhfiueyr9348;kdjghkdjfghire
/v1/redirect;Sepm3PyGktgzme_06on9zb_Vq8HVv5Hd_Bw1XX7FjYvjNgAwbQ2st6UFnP8f;7SDt7Xm5EsXWNUYe
/v_Error/redirect;sK6QOBHH9oOuU5YqV7IHDZq0AKD2wo6XIjxeeO1yYsaTS5J4fJ6qZdNPFDnm;PjbWJyNdh1YfJaCs
/v1/redirect;sdfsdjhgkdjfhgkjdhfiueyr9348;kdjghkdjfghire
/v1/redirect;9AVvxS2W1M6eBquBdfrX8-To9j2UUFPuGZGAS0ltNz8HPoc4WhzAssj0zt8W;xqrRHPgSitEE2JDx
/v_Error/redirect;Mp3FAK2CnqQ1_VhFC4aDdcTRp4Codn8wt4jW566TrWfbLbjAkIkLXn81e-20;y4btx2Pd2M2PfeLI
/v1/redirect;sdfsdjhgkdjfhgkjdhfiueyr9348;kdjghkdjfghire
/v1/redirect;xuCv892UB4fDAczAvlL7NvWp_8ADNjReJHIVHzRDLF6dE-NMJkBzTeFhoWNr;UfL-It1d8Z6tjl15
/v_Error/redirect;2eApv80MzeBypnLijO1kl8KAE9aWkR060OvRv_BIk6pRi1TO3Ih_uGJ3-IWX;d2dLb_-twTx4K5TA
/v1/redirect;sdfsdjhgkdjfhgkjdhfiueyr9348;kdjghkdjfghire
/v1/redirect;aZpzHvprTbb_f9HucJlOHqHPs-qtMeone3ioSXgt81JX5YCZUlrrWP3I3WNX;ei8vLcjw2BfdfUMO
/v_Error/redirect;sbJCX-JSoOKIqNWwCMEfQtWdaJhReBbyEohFvWRpiPfzT2_Kkl6kyVYQBkH0;zSzV9GWQAVjeO7YC
/v1/redirect;sdfsdjhgkdjfhgkjdhfiueyr9348;kdjghkdjfghire
/v1/redirect;l3D9N7vb4dqRGK8tOBZ7LK3I5Zv6maLVm95gcLCBPYMaeTyGHQvFrC0D4uEN;bKXqdrZ564dMcRwy
/v_Error/redirect;AXApyEMKLUPTgvOHWj7O6W8EllaIFrQTjhitm_36DHbcqd6LcvlGvhPFXl7T;8eKOcBWzvk9SXjz3
/v1/redirect;sdfsdjhgkdjfhgkjdhfiueyr9348;kdjghkdjfghire
/v1/redirect;GU9bkz0dM5LMRLgVnD6TkPO7iv7lok5doz1l2u0QUSICmos97ov-7RETDqX3;2fZ4ceti-2kg33zP
/v_Error/redirect;vLtX4dBDxe0iznOihH3t4bc1XcypHhzBvZYXjaP8aDBXiUmZQjrXal2fWTQF;mRNAx1vEswrbGdPs
/v1/redirect;sdfsdjhgkdjfhgkjdhfiueyr9348;kdjghkdjfghire
/v1/redirect;vpo9o2kiSL2bFYTFia_TgLmCO-nQiNAzWnWitxnxXcLszKHPdJCvX7lDcnMm;ru3eXMJ86rX_A4HI
/v_Error/redirect;ckCblWjEx3-giwXR2fwIUTD0n3IGnld64i_F_fcpZiw-YOoguArLDbqPp_pX;pbsF5dfWrEiWVkTy
/v1/redirect;sdfsdjhgkdjfhgkjdhfiueyr9348;kdjghkdjfghire
/v1/redirect;vNKmr9hgyYHAeenkMAggc6RtfG-0UoGgw2T4YtpBjM9JPNKNGvkP2hsdytAu;tKmhXKm8vbe9zW3p
/v_Error/redirect;YiD2-_RP8oCRfBiAJiKC7yKQepyF3-FM3T0Pyt2lstfItesCuf0InAr2RbIL;M2spPFDqWaJUSITD
/v1/redirect;sdfsdjhgkdjfhgkjdhfiueyr9348;kdjghkdjfghire
/v1/redirect;ndaYQx981j_wzfyPAx1hEGh9Q7jgGUDPijHSuii8eId1du65_SIc5Ii87KHc;r7xOc8uDheP5VPFg
/v_Error/redirect;p2xr4svHmnU8sdjIMhS3uAuc1DdNxgQSEI9iINhNBzWmHU8JTt82lpiBBQCY;6ej9UP0NF5C6Yx9r
/v1/redirect;sdfsdjhgkdjfhgkjdhfiueyr9348;kdjghkdjfghire
/v1/redirect;uTbWSUi0Vl9Vh8dtYdCXsShuQ4_YMngSfkeRqjB7DI1L8EOXee5tMPJ_b6G_;W9gEAHidnsYKLdEC
/v_Error/redirect;SKAKsMRmTTnfk5v7VlRGcq9oqwj2dyfiPgcjB2Laoo0RsQHJ88IvIjtHYnGR;hq7Y7HCL4jH5h6f-
/v1/redirect;sdfsdjhgkdjfhgkjdhfiueyr9348;kdjghkdjfghire
/v1/redirect;rBpHszmjFysji0zG-2xcyxdJ6IIxMRSW2RdQ-2nZAR6apzpA5KegiCQJgQzW;ZCE5B9sKYachq5ei
/v_Error/redirect;zpXXUmx0v3cymmdqfA6gPtccX3menAhPg9yCIn4jJZCuiUXsuG-m_aNRihtH;jEtbOnPcd9WVu330
/v1/redirect;sdfsdjhgkdjfhgkjdhfiueyr9348;kdjghkdjfghire
/v1/redirect;HS83_YNk-QQ0KFKk5vApE85lBMOlCckYF2odP-Wda-U-BfRjEjZmYCpLKV1p;SktAwt1Na2tWXlpz
/v_Error/redirect;MtP3brM28ATrqL3vraPUNFhMEzjKtotQACfJs2w0U94L967Fr9CrfAxxvjYt;IHqw8wbWn_7ZiCbB
/v1/redirect;sdfsdjhgkdjfhgkjdhfiueyr9348;kdjghkdjfghire
/v1/redirect;bvtqcWrXDWIpvlbvEYWHeOBcubatrswVUK-M8WtqD712PgAxxkUnuo7ocyHn;YJtOwSePt4mUJQfY
/v_Error/redirect;2bqFZpzM_FUpTXU9R3ZWWDt7qVyPvWLhMvEGbUI6PlKStHoa3XEsnY1ErrQa;kIvy8xTbMATpEUsG
/v1/redirect;sdfsdjhgkdjfhgkjdhfiueyr9348;kdjghkdjfghire
/v1/redirect;-QjVpSeUlgB_Sh0276O7acMALUq_QkqFmM7WxWO5bkj3bZRdNReogEyjFiub;oC7TsVwlshxNRbfc
/v_Error/redirect;h7jCOxUDOR2_PblvMsNRuZyaUUG55UK_85OnbAtwzlTYU-yMH4DtejwhVSFh;8IzWKNBSf_zKJ_YN
/v1/redirect;sdfsdjhgkdjfhgkjdhfiueyr9348;kdjghkdjfghire
/v1/redirect;fre40Lq4aUhYm4kC6IB-Zejg62PERpWO8AS4kDoExOIGCm31SVEdothPmIBv;1I4nB2mabhi8jcj6
/v_Error/redirect;27LtxN3I3SJVJgorONIMOvZ59M0FnFoOd5I8-BJlwfzts0WQY-ky2vQD2a6h;WWh0MFLiNNHN787H
/v1/redirect;sdfsdjhgkdjfhgkjdhfiueyr9348;kdjghkdjfghire
/v1/redirect;Uyi6ZPibmH1N-9vgfaMZigGEOQwaDlXRcR0vaSM7TnCiCfJGATe9BUgr9oF9;5zSnEClgaSNvf7hW
/v_Error/redirect;WB0kzjpe-rr57vSnXNs32IkSVzWZCABkO8LT5BqGY-7zznRULBAzp6Tyq3V0;aY0Oah8hWOmc_hn-
/v1/redirect;sdfsdjhgkdjfhgkjdhfiueyr9348;kdjghkdjfghire
/v1/redirect;hG9aeWS7tdap20j0UxKif6T78vspjQggwai_xQ8VHq6U_cS1UGNpsx--8n0l;NZybgJGAfv825_6W
/v_Error/redirect;qFMr2lo9lws--lCmhX5FjapeGDGTHo6IJxLtMVHWbnkQD0GrFKL8R5ljGoXE;7aciZFYbeqcPgFmu
/v1/redirect;sdfsdjhgkdjfhgkjdhfiueyr9348;kdjghkdjfghire
/v1/redirect;q74P9HrP2PFbVmNoZ2w1w0HvQWDlKjWZ8bKDwWhAdB3D6c7YGVxLfykThxE4;YCtsPHWYi0TQ96SW
/v_Error/redirect;Q_CbpZURzcsO1pbeErNvAt7OJBxPaHX6q4k17BOkL-nZcX1vxANULPv3pDd0;K0Ucp8DvgCgRVYls
/v1/redirect;sdfsdjhgkdjfhgkjdhfiueyr9348;kdjghkdjfghire
/v1/redirect;9axI0iGPEdhCNZXf7Mg2ddJMnZfvQlMUOVNcv4M_VG7Vy9OsE59AK77z98vv;G3MvnpFgNXvZDyue
/v_Error/redirect;Z-znMV3zz4cOoPzJjA8z96D7hqdd5-OdCI8zUUjIi0XDGDhcQzFZnz75r_kl;_oyml0q84uQ13ft7
/v1/redirect;sdfsdjhgkdjfhgkjdhfiueyr9348;kdjghkdjfghire
/v1/redirect;ETtsYuOfCqIO9wqv3uDHa95SOtk-pEOYiVeScN0WqdhfFuVvvSb04be8aCMa;BRLsHH7Htv4EvLro
/v_Error/redirect;p5VXqGVCyhH9XYE-oef5yT90KJcVy6CD5j5qEfyj_qMxrm3CXpwv914GEkrh;KcHzP4EHShqMvMCw
/v1/redirect;sdfsdjhgkdjfhgkjdhfiueyr9348;kdjghkdjfghire
/v1/redirect;vf3-MZzTrMh9txEHjeZU_-Sij1VolUD5qLnH0EDUYjR_r6t2AN9GzjpUYYx8;Fy4HFfxXBAMVbBIv
/v_Error/redirect;81nQqC5SrxWYpSWL-Ksnw--LWo5WxC43I2wlH1D8ZQOmlZSjnHxwMTyB8uPl;a8g-MTfNbPCqs-AR
/v1/redirect;sdfsdjhgkdjfhgkjdhfiueyr9348;kdjghkdjfghire
/v1/redirect;ACsKaXiVrcvoqEVMY9um0nhfNa81wrhf-aeVEZ_geT8i-_U-TbF_9VBD3WKW;uOBl3Bk32nTT_faT
/v_Error/redirect;0CJZG8d8us_7ur-ydVu2Gmdwgd0F_a7Io6lIXWF1IgGu_tCC7quwh3ZJK3Ke;rqDPL-_AKPQdgeiv
/v1/redirect;sdfsdjhgkdjfhgkjdhfiueyr9348;kdjghkdjfghire
/v1/redirect;fR3fTj9T8lukzNFCb-8WWAI-Hsq15WWpNjZ8WzeUuJYJ5ZyGQe7sw8OE8Xdf;H0SY2nK4wg-5e-yg
/v_Error/redirect;xtliR-nqCgy85pOYebJYwJYmCdELnXYXkOciWa44lVA27G-m566U3O0948z6;sE0j4gyGWT_eotH1
/v1/redirect;sdfsdjhgkdjfhgkjdhfiueyr9348;kdjghkdjfghire
/v1/redirect;H2329Wf1T1CqPj0wfpVFVXyZo6Lv60HJRnykhKWnt34BOy8CO1kZw7uh62v1;fgswng-KCn0jQoKV
/v_Error/redirect;Y_SN9plzmv4yECAC0twM6JUB9ziSM6DB-OFUZ-jFjsLUy8qbLpAHEEnrMa2R;Tv67SI1hRfTBvXRQ
/v1/redirect;sdfsdjhgkdjfhgkjdhfiueyr9348;kdjghkdjfghire
/v1/redirect;j_rbDjnLom3ZGfXlQ254RBMVM1eVPLmwwoaR6L3vmo0Y1GebEBDlgY22vkYi;7BCk2bu6mChNKjEF
/v_Error/redirect;PcD5sg88HAixNprDNOt8QRBnzMlXXT9-iIAiJWHX8aifYazQKrpgKIdxQSkA;dk2DwfZO6Ide3fhr
/v1/redirect;sdfsdjhgkdjfhgkjdhfiueyr9348;kdjghkdjfghire
/v1/redirect;Kfld52lDMmxowOnPYHlVEggr-XP8BJbOOcjgFLrBwmPiFxhH82NY2iTNKjNy;a3kZYpVLU9FoxMj6
/v_Error/redirect;TF4HibG4j4n6GNdAjXbQEGQzQ72e7koeajHirkfGyFnBDkHRWskQmPedhEZ3;dM2RW7Sm84uFMiZ6
/v1/redirect;sdfsdjhgkdjfhgkjdhfiueyr9348;kdjghkdjfghire
/v1/redirect;w3DVeV449jNs9JK2h4knHVfDzLig2psVhPfpwcYdH1JvhxkLuACCokCOpl9E;F-jgXW9I7KZ1qmYS
/v_Error/redirect;xgleyDI_hi23xbJKkYM0nrBfSJy6OvUOFLln7CF4_EGxh7YRkxK82HYNqj4K;Y24D5SvcakuhxPCf
/v1/redirect;sdfsdjhgkdjfhgkjdhfiueyr9348;kdjghkdjfghire
/v1/redirect;3f4SPCJdjit1D0OHPppELx_sLoYxeQuQeq-5WrF0_1tqhhjZXwDTbXj9svm6;mPnFsRwCCB-A2nQL
/v_Error/redirect;zYJ280aV351-wbeL-shDIL_H2q5yDsZzoAZoa-uvA7l5BND2nKzIe_LBrMAB;PbrRFXCr2s6eU0B0
/v1/redirect;sdfsdjhgkdjfhgkjdhfiueyr9348;kdjghkdjfghire
/v1/redirect;xF-WwM2Rezt5xgyXm--tR8UVcDpipY1kyroeQIgmai5zddaodrDzcIzoMssT;5P6h3WJmfrRGOMMU
/v_Error/redirect;xSOhQ9y3df48U3II5LbqyiBuN9W4Vj7r3NLSJaMJtceVrlT7GWQjVz5ILqMB;V87JVbWVq5gmLHvQ
/v1/redirect;sdfsdjhgkdjfhgkjdhfiueyr9348;kdjghkdjfghire
/v1/redirect;zQ9MaJRn27fgJdiZ-3bdAhxoWo9-N_NIGfyLLtBtMehFZU7vCBzRDxVE5M84;qWFIJqZw2VHYNxIA
/v_Error/redirect;2AEeT54rc8PgX43jrTCwezdP17Iz6HAiWEera7yZWPqJwMyfugxa19Izrs9Q;xnPy_NtTgVfaZMKz
/v1/redirect;sdfsdjhgkdjfhgkjdhfiueyr9348;kdjghkdjfghire
/v1/redirect;XNGKis8BeVXfUTg06c0mG-7K3gKNdk5KmN3r4QuDtLN2gG6vLQ2AIqkP3uXW;Gj14sE9B7CZoRS6f
/v_Error/redirect;DJXR_iF6WCGctjHb8iTpIFoO9yg0KO2dJBz9QUQEcWP02jc_Pjsl6IWFuIlw;LDONeLPPgu-QUwxr
/v1/redirect;sdfsdjhgkdjfhgkjdhfiueyr9348;kdjghkdjfghire
/v1/redirect;2vNZURF16F6nqy0pc9umb4wIKBO5amw6seWy6yztj_BvQ5ltK4zvQEcZSNKz;c9DBU5829JiXnRpH
/v_Error/redirect;xIVG3j7yEaW0lHA9hTx5npW952wdmYO26VoIVbPA_PS9IpzkTXYacUXjVn5r;YLEZN60rJTXJpRSR
/v1/redirect;sdfsdjhgkdjfhgkjdhfiueyr9348;kdjghkdjfghire
/v1/redirect;kpTvMBZpcLA6xfPLgne-wTjYZqq0uZETndKVesSg_bovB_5GLxw7sZZRSaYu;P7Efboof7DZTWO70
/v_Error/redirect;DJ_0EzPvNKxrLAf-hKcHaL8gmrP-tFCnKr69waHD05n28csmScHT6wk4snax;sZQphzV0r5DKKtfS
/v1/redirect;sdfsdjhgkdjfhgkjdhfiueyr9348;kdjghkdjfghire
/v1/redirect;cYxTqofaBycoQUk1fPaHt0fhie3zb7y_PHmXvr3gN0uJI2A6bOpazAA2pBXS;b8oYEyEL-EEkEGV4
/v_Error/redirect;RfEvKOAB4I_Q8Ua6D8Z-3Lnlj0VO9YeTvTzUAae86Gc47KD92U4SaSj9Ei6d;T2q7qeT7NPCCHOXV
/v1/redirect;sdfsdjhgkdjfhgkjdhfiueyr9348;kdjghkdjfghire
/v1/redirect;iP7tGX20Yx-4zMn38ofTAsTqnkKc-grx6Xw8-KfbUHIHR1tcoJNIZFDVNVXR;u3iBZBvsvY7NaP0O
/v_Error/redirect;uov6xHloUV_ZQeH4lgTO40lU2FRXL-X9Q4wDGYjbEowFCx3Mj0YvIG6A3VAr;4B92mQ2BtKMWRhU9
/v1/redirect;sdfsdjhgkdjfhgkjdhfiueyr9348;kdjghkdjfghire
/v1/redirect;AWQcRpd_mpf1HsBX_qGJMAnAiQExSZ0EMhT-eL2eIRDLUBX7UwPCV4T-e03j;ew6g98ZaQ_UvFEgd
/v_Error/redirect;iZoKCd70z-xBnQhkdZ2WsDD2kcluPhgXRNrR9ODPtNtWcB8FDz8RWBT_GC6j;kaN66d_L0o03mRc7
/v1/redirect;sdfsdjhgkdjfhgkjdhfiueyr9348;kdjghkdjfghire
/v1/redirect;IrpaZV-HwzQKKUgEm7dj7DP49T86decWzWpCZz_0Qrl1NJoB7kvQRtKArKw5;3VBS8FOEJCiE2ohT
/v_Error/redirect;SkyfoRUHWavzn6q5nk1XgeErlJ3jBoPTan49vPFt_McAT90TDVxgFObnip_4;V3jyI3lRClafOjMG
/v1/redirect;sdfsdjhgkdjfhgkjdhfiueyr9348;kdjghkdjfghire
/v1/redirect;wJ5OMCv6j_8TkQddJgZNQhIxXvBZ-oiiElJvOqTaQZDyrChHwjJsC2ZE_FgB;0YYDr2ym2BktFCuT
/v_Error/redirect;ooV-ENNaKggCR_TBwzcNyKj1IwVvo_mm0vFdUD6ZzrtQlE9cQ2Gq66xCCsvz;wLKx5fjJBdF5HaWj
/v1/redirect;sdfsdjhgkdjfhgkjdhfiueyr9348;kdjghkdjfghire
/v1/redirect;Bu72Up28Z0Q7sBopzvyU2szZKGrkV2FM-8k4p6hf8PFhPujuTywPCoeeASoM;msGTit6D_o2xfO01
/v_Error/redirect;pVGdLwQh7i0SAFOlhKmfy7KPs6YVE43F0lmWS9hdiqkLWexswVBTq_G9jT1X;pI9u9wUXLJ2YAd4Y
/v1/redirect;sdfsdjhgkdjfhgkjdhfiueyr9348;kdjghkdjfghire
/v1/redirect;GP0f_wDLfQlN0ycgUpWgXYJk22TqZ51sy5idWrL6aMXJusi1lHWLoIE1YNd_;h10V6oVqDmDfdZhK
/v_Error/redirect;7qP7hbowbO65v7JOWjpj37vW7r_ZwlzPBcSwIEia786zvQiVqPK7l9ZbLe8K;aFCOywAdzgwuQXqz
/v1/redirect;sdfsdjhgkdjfhgkjdhfiueyr9348;kdjghkdjfghire
/v1/redirect;05ZG7_FejgyJNu7ydivoypRBM-aOtzEM63O_3WxZ2cjt0lFPzrGIhpeeMP7q;HORh4ljszhoosDOE
/v_Error/redirect;Vwh9U5L97ZyZZ_J5FjEvf-fFaXLyRsBvxuGaJvyqJewZJ1Gdn_4gpvRmVAdy;y7FL3sTKOmFYnhzN
/v1/redirect;sdfsdjhgkdjfhgkjdhfiueyr9348;kdjghkdjfghire
/v1/redirect;frE0zNxQYBIDnuaVJ7l7FintDM4GyPcfqyLy_14XoD26elP_0YG7O6z5v_Db;YCK8UF2oVvsJHviE
/v_Error/redirect;ZQv42LRUROs-fM8fwr5piECTrWgkCNSxjG3VsD6LLbsTkOfXhTMSXg2egAt2;QgR_0TtRD7OqFwXq
/v1/redirect;sdfsdjhgkdjfhgkjdhfiueyr9348;kdjghkdjfghire
/v1/redirect;VCaVPdlRUk2cqoOD4msCqzc0Y05fAq149qVX_rYMR0a5-e3UmajB7k0JbnDo;tqarcaoD83YiDus-
/v_Error/redirect;-qpLdhdmScuTPnuM25tv8dU-NRiFyraoXORy2is-IIPHM359pNDSkyQGZqGA;nUhrVYz-PfznjYp1
/v1/redirect;sdfsdjhgkdjfhgkjdhfiueyr9348;kdjghkdjfghire
/v1/redirect;CIFzTlLyaJtcCBgS4mg7V7Vwtcu2lZL3KnLpJcPLUUA5NkMUQvVRbSqnSzUY;6BvOLd1oLXeYme0p
/v_Error/redirect;2qpV4k19C4c34gfgP7caMMrZKAqih2XZX1AxXRqt9d4WtgQrOV1yZBT13sgB;YHfQK8DdeklZh-bG
/v1/redirect;sdfsdjhgkdjfhgkjdhfiueyr9348;kdjghkdjfghire
/v1/redirect;o1TF-6ibFaSBIVVhJtHaujeqdLY1Z3eZDwgVbUdapp2sYsOwY36P7KfEJ47D;ZAn-jUr_LH09N4xh
/v_Error/redirect;DeULXVAgIf-AQiHpD3a-LVnPWccUT9gUCWHbCPLAh8IAyAbCYIRj_oKHCbM8;Ruwi7ciq6qhIV1bD
/v1/redirect;sdfsdjhgkdjfhgkjdhfiueyr9348;kdjghkdjfghire
/v1/redirect;CBX9L_pErdnAHWWTnkE7Tr4xorosd797uWcATkiIc1dss8l6aQ3r0FvpMdMb;Jh0T8G9it-vLb-zx
/v_Error/redirect;49WaesoJ-0qs-hyyrxeJOWkerMl8zPCHjaqTGqW_IX4Reies1xIHKP9sgWzo;JcwQP29KLcr4A9d4
/v1/redirect;sdfsdjhgkdjfhgkjdhfiueyr9348;kdjghkdjfghire
/v1/redirect;4pAzPi0IqJ4eCUeedHaFQoYFQMpKl_--fbAqpHPltexYVRVRi7cRaZ__aBIn;00PwoWyW5pzpOKxE
/v_Error/redirect;kxOoKtAhlTksgPwpay0FhdyRkTfNaNL3n5dZOC7M7b2muB67h0WJmTrMnHUO;xLjteUMcW50M2URo
/v1/redirect;sdfsdjhgkdjfhgkjdhfiueyr9348;kdjghkdjfghire
/v1/redirect;k745c_EM6GV-yifPCIvlK76AgWmYm3SA4Km1pCMjUTlt63zQMk-fc1V_KYnH;xmpvEuGeYktOyOem
/v_Error/redirect;k1tH8Ssr2Go8njZFcu4EcCc1QrRCESw2v22zoTmSaqVu0cGyLxePfWleZnc_;Wm8tv8fACe9Mpuir
/v1/redirect;sdfsdjhgkdjfhgkjdhfiueyr9348;kdjghkdjfghire
/v1/redirect;tIIuxr5tXaj2xaHEeN4K32PlBhPz7cJQSOKmwOiqpIv6r_MRg50areo2dT3j;4qXOVqLd6ADqDXBk
/v_Error/redirect;8z75E9cV778lITsnd5asNklLMLjBcyxAs7S_PObl5BNtR1OiCbC1wv9zhwRz;n-YTaS_AvNS1JfNo
/v1/redirect;sdfsdjhgkdjfhgkjdhfiueyr9348;kdjghkdjfghire
/v1/redirect;HKDJIAlQaYcoTuxCHb9A27EqFdeUm5Nn99kjxMRlGbykvz5awJglBJz7wPcw;qhwMspui3Y0X45Cp
/v_Error/redirect;W_67YMFnhBUx8onNYAV37WtAOrwVdbLaCS9UMBI5qWYYzh0pcZGKYdfSvrnh;jASJfrfeCl6vXdbS
/v1/redirect;sdfsdjhgkdjfhgkjdhfiueyr9348;kdjghkdjfghire
/v1/redirect;tJn5cqGVI6n_94hf26WXqiBlvWfYBlEHqC9xBuGZDvavkYsrtNf-_YiA5Fns;zWiEkdt4mgSD8l2e
/v_Error/redirect;z1gxOobFDzOxbyOpBamrqWkHrKLy_KQKPliGC0JKOaU4DTjdWjask2TJHvqB;hXTXxQuo1MaZ3wt7
/v1/redirect;sdfsdjhgkdjfhgkjdhfiueyr9348;kdjghkdjfghire
/v1/redirect;_5r826Y0MqoPHIHpP2bAy21RnelJ7ZZJvhdWJ9IjjWwDxITMVnAhaDlTmfoe;RtmT7VVywa8iPRxz
/v_Error/redirect;sAMFIP93Vk8d2DAJ23PSu8HbgqGAUqjiZnv2USVEv5hpO7UL0YMWv1vFP1s_;5K1R45Gx3YI5Loqn
/v1/redirect;sdfsdjhgkdjfhgkjdhfiueyr9348;kdjghkdjfghire
/v1/redirect;rGPWG5x64ICoVOb5OPSXAFvynHj8XQsMdzfVB7d5vxIRSQOH-bVAyn9a5Pzn;BqwYlwNHIY_pUMYL
/v_Error/redirect;Gfs7qX-sFbmu30-jYk2RhFcSI_eSTnj9tfB3NfY9XgHq63sHrGhHWloVhbUp;3aiac1RyrI_73LUw
/v1/redirect;sdfsdjhgkdjfhgkjdhfiueyr9348;kdjghkdjfghire
/v1/redirect;0Lr5Spz1Ts4-Tjfe-H8kcJTS9myFUODp3W6iayTo1mpuyy53Zak6l_iEutXj;iQxa9BfjkU2nqO3_
/v_Error/redirect;SjJKF5itxVarnYdBcY9BTrPaAxWfzAvh1xNsSKaWbMmxEprudVzvO0SdH2MT;TKrkObjgoiQU4GsN
/v1/redirect;sdfsdjhgkdjfhgkjdhfiueyr9348;kdjghkdjfghire
/v1/redirect;sexvkVvQEwxVN9Fts5JTYZ-LG4s4-ehDZyl1WdCFBQ7Dax5Ny6hfKudg2d3p;4xJpmx3tFQX-QmaS
/v_Error/redirect;vmXKwwUCSutwIH-AG2v2M6mBS2g7u_v4SXemuiI__fkelC-5QbNW0ERZsVUD;24ckOesLibBDjz1R
/v1/redirect;sdfsdjhgkdjfhgkjdhfiueyr9348;kdjghkdjfghire
/v1/redirect;qy82gs_ud4WIs2Aqct4gjOlEouHaGOD6xnsMPRsyw3GXBO38PI1zCuTwBll3;WUryCOGHyP9Hc3cp
/v_Error/redirect;Orgcs8sye7EVHQa1nBUsx9-ukfljLHQm1Nry1nTznEkDAmIxOPneOj_v0rf8;hi5sXtyDglz4pF6M
/v1/redirect;sdfsdjhgkdjfhgkjdhfiueyr9348;kdjghkdjfghire
/v1/redirect;IU93wZ6Xsz3o7kV1om0KuQjceLI1nHpKXE3_IVswuQwUVhyLEia14Wk2caND;_FPzvyiVqOjOPSu6
/v_Error/redirect;TmZ_9brkJc4mHxUx2R1d8mRwNuOOU0ikKo4BbVgiJK5mQkNiUBjXXsp6TIMi;gXWdanLrQlU51ZwF
/v1/redirect;sdfsdjhgkdjfhgkjdhfiueyr9348;kdjghkdjfghire
/v1/redirect;XA9S5gmntMJcwGjC9goyHYdP0tYUL-axwWVtHkCSRAr7mboPSWI9iIg3VNpC;6exvdat4el5h6hHX
/v_Error/redirect;bdQgi_IHloGQhsDhBo1mo-9Srkze0IHy3uNwQ8evsvXrYlO3FrB7-22OxyP9;xshy2JDjC-rDhfBY
/v1/redirect;sdfsdjhgkdjfhgkjdhfiueyr9348;kdjghkdjfghire
/v1/redirect;5ES4NJLNe99KY_OgCS8GaFanQpHithF6bTZu2oNmOMbI8bE4PnkHp-OyCxt4;a7TECeR2S5oMYMZu
/v_Error/redirect;HLZObj3n9eOnKRzZufmUu6uLab1yBvVy0CB-pz54fMurzGhD3gdCKdL50yAG;1_QIJrc1hc7N-zIj
/v1/redirect;sdfsdjhgkdjfhgkjdhfiueyr9348;kdjghkdjfghire
/v1/redirect;Ti29IvTeOjOQpOxA1bS-bWYHknF4IZ62J8imyKfm6Di33hZP7xuMwLA_pQmQ;UoR808CIV3PKi6KI
/v_Error/redirect;aTV6cHAuGwubIe-s4NAX6IqevBJ_NzpzlcVaV_6cE1ydLExEAGQOplosHYIS;E3TPu4ni3YUU0Z1c
/v1/redirect;sdfsdjhgkdjfhgkjdhfiueyr9348;kdjghkdjfghire
/v1/redirect;NwYJ4kqVM62ZlEb86f3zkCXmwUchkAF4VSphpBv_pe-unJghYhh9rc8Wr3ji;USYf8kUKDltQ4qxd
/v_Error/redirect;ivWq6tBMVxVnw6HptRzfci5q_HzLExYr7YGkJ-f6STo9jkrG76OxhtoafXYV;K8xYR4KTqJXmZCDW
/v1/redirect;sdfsdjhgkdjfhgkjdhfiueyr9348;kdjghkdjfghire
/v1/redirect;pQX18fb-TYZYNPfc5XfwSUFdcYpLNGgReFG8IUqEzhxCtzPJ2nSCB91UfnVY;c5A3ULhSOaaBcctX
/v_Error/redirect;2_26Tsk2QFIDD8Bo-P3VZCD_5srl0ewSpluKcQt3O4F_uCGFeIJOXnw4O3pb;wTOx1qdDdMpoPy5C
/v1/redirect;sdfsdjhgkdjfhgkjdhfiueyr9348;kdjghkdjfghire
/v1/redirect;cL8pbHZjxOuWKEUoQZ4QDyS_5Uy4fNQEHYmYw7DQyg4Ik7vDD6MEng67DF1S;N7Vh1plUhLYrhxwk
/v_Error/redirect;aPWHzfFnG8x20Ofv9xdBeEsRCt_yz38zg4EaMf5xl3d0RHcn_GBtf8qgHf2S;TL_D6ZmPodeboP1G
/v1/redirect;sdfsdjhgkdjfhgkjdhfiueyr9348;kdjghkdjfghire
/v1/redirect;mfCImA34ByLcTMXdiqojXrJKnfQ4S7iAi1MFQANafdtEaTAHDPG7MwQPyYt9;4TYejGbTr3e6YUhi
/v_Error/redirect;cyz4zud7WiZgPNEaXaMwarhsZ35NnqwJGqrIAH9Dkc-UjPe_PzRnm4x0HWrM;1YfZKfBohU7TG2Xb
/v1/redirect;sdfsdjhgkdjfhgkjdhfiueyr9348;kdjghkdjfghire
/v1/redirect;_O-9eNVLOv-5jnYj4m56QYkmXcJ9wJmAG45a5d4SIGh4VcvXEGiZCvp4YfCk;i0ASugdgONu5YqNV
/v_Error/redirect;a0F4302xzBHrrIMHY93hMInCZGiOEe36eHNl4Wn24DzF-EXxl4mfWFV0qTXu;KVT0ennn3kV9zVXp
/v1/redirect;sdfsdjhgkdjfhgkjdhfiueyr9348;kdjghkdjfghire
/v1/redirect;7-cxR3m2oB-Tog90ZuKfddGr9RlkCs0V1chnvaeki9mJpq8NTpZSATk_ePg_;ct47d6AQqP99yWNL
/v_Error/redirect;Xa5idY56y3RHNeAa5x5k_rwuAy0lEJrpC0SExT_QZejJ6MGeNF7f2YusFoLY;IKbA7hTCQ7CdAD6o
/v1/redirect;sdfsdjhgkdjfhgkjdhfiueyr9348;kdjghkdjfghire
/v1/redirect;QKONNMyMa8DYHXnvJeGEhl3uCivfYimqCA0KcC5CqxsrGlBiUL9u-GSRSpS3;-LezRUtVCSi7hjsl
/v_Error/redirect;-Pru_Gt40uQQ-EwRTBAfTxuMj6TKaKB3LBQAqxoWi4T6t8jCK8ZzxNfXSgP8;aDZO98nWexb9upIa
/v1/redirect;sdfsdjhgkdjfhgkjdhfiueyr9348;kdjghkdjfghire
/v1/redirect;pFMQzquwvo48lXKRUNDAg5L5JMZfhzEKhZhFJcU1pWEPzVieAoULHDfxlRsu;GVYpcjwMRg0OvLjE
/v_Error/redirect;Rp6V8hDalyjZDmm0r9BawpTggksJvjfUmxWiGQuA8YG_XNpESj9OScMRQUI5;qBoZQDhzuaub6JFf
/v1/redirect;sdfsdjhgkdjfhgkjdhfiueyr9348;kdjghkdjfghire
/v1/redirect;tC7DURuknshfQI_8d_eNt8sHS2yagT76QO6vRkDmu-gzPICVTEx9XLZWYoVX;QvKrWeA65ZGnxnnH
/v_Error/redirect;-QbZHtkPicz1sGJhFsE_W1_C8mEZbpT1ZQ3LLAWQa6B3YTAKeHxblSlHJxxp;D4jWiiCpVRUmMlNQ
/v1/redirect;sdfsdjhgkdjfhgkjdhfiueyr9348;kdjghkdjfghire
/v1/redirect;QsAri0rqRb-yVpfec7tMKxJed5ezuJfR9T3yKNsci0uml8CU3Vm7CIVy6DqE;zvBrKq66LKpVmXY1
/v_Error/redirect;Nr8Rh9FUMW-_4YHlgruTR0Jn8591NWOaqmV8uFx8GdvJTxB9bNyS7ranJOuJ;pFZBvsGCOd0kr0R-
/v1/redirect;sdfsdjhgkdjfhgkjdhfiueyr9348;kdjghkdjfghire
/v1/redirect;3DvCAAYTHiKCsKysovS5fVYUewtn1DBFzMPt8fjJCiV72pR7rNNBEI8PSPdF;4kyrZrF-4E34gxae
/v_Error/redirect;MuRs3H1-5_L1sKqhOPeUF23fx_2wgnmT65ctJ8gnG9oJ7WbjOm31YqIOnxx5;nD13MFyX7iIFD1D5
/v1/redirect;sdfsdjhgkdjfhgkjdhfiueyr9348;kdjghkdjfghire
/v1/redirect;5xYQ7ScAW_iUy1ZX0KMNJjJ-c8LWBIJ2watfafBPtL1JVePDID9NVc5BAH_A;q380ZYpmi50ixj7B
/v_Error/redirect;h87nXAYTb4DdF0Z3vabP1BQj641U-lZbmqkVN1NJg7TJUzlU215w91-xvlos;LYkjXOfq0wwMhkjh
/v1/redirect;sdfsdjhgkdjfhgkjdhfiueyr9348;kdjghkdjfghire
/v1/redirect;yiM4P4OVMCkWqxhgVA_TLqSBKaW2_6bP0gsmrWdKDvXNru9T3DJ29X2JVa6-;bjJLKVvxkIA-f78f
/v_Error/redirect;V5-JciFo2VvNGKGmEduRCe-xaIYX3D037KAW9G2B5nyxNoqLgWGQ9phEDnIQ;6mIARezwAOgP5nxq
/v1/redirect;sdfsdjhgkdjfhgkjdhfiueyr9348;kdjghkdjfghire
/v1/redirect;T_g8drJBXq3tpreuWU69EJlhYXDBazauQeu-VAjhiO86FPWC4G5XPx3W_rSH;rGVII_SBM6tPIpir
/v_Error/redirect;5Anb6XKkM7g6FT42TRWBXi3OHVkqjFWmwRXRGwRbW0tPGoiWJGb-xjOlvu3e;F5KQCLMqATJ_MeIG
/v1/redirect;sdfsdjhgkdjfhgkjdhfiueyr9348;kdjghkdjfghire
/v1/redirect;_hFzMPrpsyCG9gmrDIo0ZioC_qx6PKAUOf7lXManmpQQVMwVnNG0B_OCzNAc;KzUnDPtXsJaJZcam
/v_Error/redirect;0xza1wUDPuLMNKF_N1jcDf-F4Ms7k215MTvC2VsKnEWl96AG64sTDQXo9Mdv;RMd8Mlrso2T3I1KK
/v1/redirect;sdfsdjhgkdjfhgkjdhfiueyr9348;kdjghkdjfghire
/v1/redirect;XZqsPgzqElz8oVSQ8ckkT55CPCAUzLqgH7mGbeumnsKWtykEb8y7wk_1qTyD;X0nDH-aLWXWnJNen
/v_Error/redirect;HlqDVDWRa2il59ux8QiL0ry_Mcd8mOp52hri94xewWOzdVFm7eJ-L5w1YEFi;9Lt9O_2gu6j3uR-J
/v1/redirect;sdfsdjhgkdjfhgkjdhfiueyr9348;kdjghkdjfghire
/v1/redirect;Gi6icw3b8ekybBQP1I7TfnBh5h3-g0hB4DIcZfWyLXWx1E4FbiaZUvmjK0wM;ElRNYlWwDCV4elLL
/v_Error/redirect;J7HgKslS88eMcuEmiaNLpLqaO6vmAeZGqM1BjiCbCgg1yRajWxoAH2mUj9SI;EtN5n9MlbALCtSr6
/v1/redirect;sdfsdjhgkdjfhgkjdhfiueyr9348;kdjghkdjfghire
/v1/redirect;UUbbDrHxXzgj6q3D3qMTy2UYFM1wWuHyj4GjrH1TsrBAMQiRlYHgGqgO0Q1Y;2A7k5mFNA10AIuHD
/v_Error/redirect;bqkblGmxfaHeXUQOH748M-VXTrHUWiv1UMKFDej-Ifb4dlqaQiDR_JPwPcsN;_iXE0w07ysXnPSJg
/v1/redirect;sdfsdjhgkdjfhgkjdhfiueyr9348;kdjghkdjfghire
/v1/redirect;QmIdf-w4TqKj8EdIGbbaFxnJ47eVfrpMVdIr-3q2GQAkMVxtVnuZN5g5NiEH;BB5TRmDtXkAmUrih
/v_Error/redirect;uxjsSiWxzXJemvPH1xQ9aCe4FI1NnmqyCqmApQntkHsyZVPgJF19T1nMPXab;Wb0VjSRfMYs00cp7
/v1/redirect;sdfsdjhgkdjfhgkjdhfiueyr9348;kdjghkdjfghire
/v1/redirect;nQeI_LwQbDEIYnNurcP9fsgHJOLd6ZPPh9bfSLGxd-JXjPV2CpLGkONBPIKZ;p_0yjMiwvnPSHQQ7
/v_Error/redirect;Drs_Ra4wBrE1CPS2rg_K-aqVsiOEQH38eyNH68Bp7XwptZ8pG2iNndu3B23_;J8DNtexAIyO9S2ps
/v1/redirect;sdfsdjhgkdjfhgkjdhfiueyr9348;kdjghkdjfghire
/v1/redirect;vKWteuS7XtolgWHAzg8H416w55dm6ZBWq69IUj-eIXYOqFbLBLTtE3IZtyt3;qqsVU4W2fG7V6hS5
/v_Error/redirect;WTD5_FxMrc5q3G80y2pMv5ymI16ewhkdPkl4qj13FPkS65G8vjZwnXKVw9Sn;ZHrLqifK8R1KTLvP
/v1/redirect;sdfsdjhgkdjfhgkjdhfiueyr9348;kdjghkdjfghire
/v1/redirect;ls4V8m6saSm4aLxPzH6LdjjhaoTIfmQFMVEBnTe78k9TUgmGeP3l6Agm2sOH;bMkyiLvLCldTz8aN
/v_Error/redirect;r85GGjr5tzQ0JUesaT9dZcxEluq_WcAJ_fmGfv6FKRvgBF63U1jg_r7Jdptm;1trwz8VjC1Rut7nN
/v1/redirect;sdfsdjhgkdjfhgkjdhfiueyr9348;kdjghkdjfghire
/v1/redirect;LcswjpNl8V-XHz-l_hx6K446l6S7TB42OAXPoMChdsOfAsiX1IhN-rWC7JY9;OzHN2HP4FkyIidPg
/v_Error/redirect;3fNmmkjsINH5nYU91uUZiezkLgzXUJCc68RPMHoneE3Cv01Cl_qn9bC-kHjx;BJX-srmBQJ5gRnN_
/v1/redirect;sdfsdjhgkdjfhgkjdhfiueyr9348;kdjghkdjfghire
/v1/redirect;pRM8Yl4ThS9nO1uWRu_eh8t2BGiI99HJXdqoPvPhyZSoGa0g7D_wo-WUiLa3;AXtdfp18w0SSfkOX
/v_Error/redirect;nO-pEy7eqPoaWR2BjoR5Z8Yu6YgpZLdT2aLco42Pr3Felk5C-RenCowqhrse;Zac4FBQBFn_BpWH-
/v1/redirect;sdfsdjhgkdjfhgkjdhfiueyr9348;kdjghkdjfghire
/v1/redirect;E8XX8Rsik_DfWY4Q3u_UuqN0wN0RxKfFHqoVRgaKRl01HTU2abg0Zy5Jaa76;6Av-4lBp17-F1Z0I
/v_Error/redirect;I7gZgKRmVgMCXl7SS06jBukwdtiH_9vmOUpaT8kTDrgn1ER1zSL4k1k4KIGm;E5gi3PCAUOCmH3rF
/v1/redirect;sdfsdjhgkdjfhgkjdhfiueyr9348;kdjghkdjfghire
/v1/redirect;wxQQyKSoRXg_ySdDNzu57GD3VJH_1Cl-7XR_kWaEOIZU9BMj4e_Dq66Q-Wch;inn2058emwFdRY1Y
/v_Error/redirect;3LSUaobdWrQ-38phbsRIuzeKtEI7reDzB8Ct0LqV8lRNdBWUoadCHRHEHuWp;9_VhkDFmFxk5UhGu
/v1/redirect;sdfsdjhgkdjfhgkjdhfiueyr9348;kdjghkdjfghire
/v1/redirect;wxq_qVFfFg1ApxFarTvswV7jxfz8e4R-6uk9Ozl_nc_51ETMjkq86dJbrVZa;cAj4ASFyI8DHwz9M
/v_Error/redirect;-4VAbyM_-2Y241rZecnzLHmoitsM4e7gnspZ9W_IZxINsu_khazbk3bl-Jne;zceedxViZNLxqu08
/v1/redirect;sdfsdjhgkdjfhgkjdhfiueyr9348;kdjghkdjfghire
/v1/redirect;1rGHAMISeOzgn2wK247RFuY-JnN1KlJmYNpnzAJU5SzgdeM24kKo9GNkJgY7;uBpGaBbMDmw-fqr3
/v_Error/redirect;6fdAmshdTCYAUK_pdhB7DCIujbI-hpN0MvYUHupy8SA7ySCYM5_Kc_BGL1J2;aA_HI342kNQ-EqN8
/v1/redirect;sdfsdjhgkdjfhgkjdhfiueyr9348;kdjghkdjfghire
/v1/redirect;o8j-CfShCBHc5Co89OfN_SB5Nctpm5wCRjrz5neydtB__62dXxsNPqWK9Q9J;y9d3Kw9pCmHLH2I3
/v_Error/redirect;BW2uVwDPRZ7zISnLZJBCeQbURNFvRgfqLOacv2tX8Qx80RDLVVNHIZ96Lk_n;5d-spG7t8su3lSm5
/v1/redirect;sdfsdjhgkdjfhgkjdhfiueyr9348;kdjghkdjfghire
/v1/redirect;Z3_O_6Mg9QTkDAWhHiUzO4Ox3r8JikcuttnLUVyQQqz3CLrfnaVbvD8FuWST;lx0kqPK7y-zGY4ZO
/v_Error/redirect;VA2uSxxM8YNwLuK6AXzr4lWKDoU9Ne2_o0RNDGiMPKUFpcubdSfMPSjAjH0g;yyIZxkTUzd5hOziB
/v1/redirect;sdfsdjhgkdjfhgkjdhfiueyr9348;kdjghkdjfghire
/v1/redirect;hIT5NrolDowDh5fK_ffwT-b03F50nawa5ZYjOMrnxgVYh89VktQtCq71EuKc;C-q-20XjmDMYkGUA
/v_Error/redirect;zJrfoVgSWCva5jDBrpskO56sm4Vq-PMI5R7LCKgRssjGSu8AUkccoSOMnnZ7;8rA-ve6jA_CXD5oW
/v1/redirect;sdfsdjhgkdjfhgkjdhfiueyr9348;kdjghkdjfghire
/v1/redirect;eFMtuzIAVxBDAJjTOiDQ0ahvQiaOQty9ofQHpsqNU7yX1lwynXg0KmFiTZKO;e7cL4EXkvaO0X_dT
/v_Error/redirect;xr10n69tVZE3IcVDdUbuDoxEs5fOzE6Zye1SfhAZMgr4e8kawByzbSkoiANg;TiWfJ5XBvSzHgffY
/v1/redirect;sdfsdjhgkdjfhgkjdhfiueyr9348;kdjghkdjfghire
/v1/redirect;DtbifbL2s5-PPTCXEA1Ej7wyHKv-2wnGhHuoZpyk4IdiHFF2fwvVWcclx9TP;dgjMAedoHs5rHQln
/v_Error/redirect;luO9BTgChkO-J3gXHca0HcJ8TzdeKNCzKy6-8yUe-zYk5p2QHVSADEK0R51x;_figpb7xXGq_Lr9J
/v1/redirect;sdfsdjhgkdjfhgkjdhfiueyr9348;kdjghkdjfghire
/v1/redirect;fIDKw3TZ5hur8ZqKO0NFn3MdHjMqhlUSN2d6ygrG_nZnVH6TWPXSY0vIl3Gj;-b1nV6UvtjjJNSQw
/v_Error/redirect;a5pHWBYnyGUzEiUgrkzYAoJN0RPgmosaljTXXjnfEmm3_BCQiB2TTy1bWtft;Zklhrc6_XljjZHd6
/v1/redirect;sdfsdjhgkdjfhgkjdhfiueyr9348;kdjghkdjfghire
/v1/redirect;WgaUsa5nlNQYw7nmDrUsZBodni01CXyoveXzDDPzpWHNeT4Bz9qFB5Xt017D;4-RAPjvU3zEjJXSA
/v_Error/redirect;jbIunXPugaD7OpLdfGVMXOyPI73WsE-KWAwNKSiTa75epmG8aiF4I98zs1Fc;WO9A6AXDtosq4w6u
/v1/redirect;sdfsdjhgkdjfhgkjdhfiueyr9348;kdjghkdjfghire
/v1/redirect;njMDJJ71IqHLd4e34l059LV8IUbJlQbXm05rp0WGG7tTVzAKl32RVDK8Q_7x;5b7mkG_h2rwy-eLL
/v_Error/redirect;Pace22Pppx7GsGHr87QRRCg9yfKl31eJU_kbPe25G74x74hGl5ItWgy5JnpV;lVzBPUt7-rwnTc4u
/v1/redirect;sdfsdjhgkdjfhgkjdhfiueyr9348;kdjghkdjfghire
/v1/redirect;4OTiIzh_BWSJKA8m1w_C4EAYLbKARr9atmeO1MD_jqw1crv6z9EJPpIOIw7c;OGJHcR0fKPIKnzAs
/v_Error/redirect;j_Kk9sQp4nAM36FEO4Cq499XwyPT7rlj88jWmc8NWD7Zqvsji4pXJpwmIAPW;S1J93WCS_8YHq8_X
/v1/redirect;sdfsdjhgkdjfhgkjdhfiueyr9348;kdjghkdjfghire
/v1/redirect;QLy42LA1tg9yQCpsYf1EKP5s0XnG6J4Ga0kUtdDwrKSPQ1T5ouZBvnhYEnBz;TYMq8snDRLHupnMI
/v_Error/redirect;_f49rBcOL29hhAwUV_U3FdMVjddVaSGPs9VQI2sreM4_MsY0exMlLQyIo3Mu;VRw9-qkDW-2j3Ckt
/v1/redirect;sdfsdjhgkdjfhgkjdhfiueyr9348;kdjghkdjfghire
/v1/redirect;eI70u5RX3VTm3ec-Ohh5Hb6nQXUSHUVpPpFgZ2YLJR7t0DVk0VmKkyo9mpvG;RJrtgT7rAd5HkHGE
/v_Error/redirect;Lbv601jAoFkQh8RQxkBH_0ogaF57Ah543zlf4VhIIpDH9bBbc03fd5uijuOH;wqWcoysgtlFKz4zg
/v1/redirect;sdfsdjhgkdjfhgkjdhfiueyr9348;kdjghkdjfghire
/v1/redirect;YEmlnM1OKYHZm1OMSZNnd3CHtjX5s9MPn8YzmsGmEqmesS0tEgwgpR9GbW0f;nRo9Ctk9-yGSc15I
/v_Error/redirect;CR4JvB-920k5BNWRHXMPYc1iSXIq34rjCqP-4cyk-rfl8ycIeWe4wBU54Ks_;trMCHpMCnn69fMH7
/v1/redirect;sdfsdjhgkdjfhgkjdhfiueyr9348;kdjghkdjfghire
/v1/redirect;2kN57wxsTNl_L2edUTZ7UWOSeTJAZ0R7PYX24WoYBUjEZbBwsrLzEg3Ytbxe;gq7elsukSXqEwtc3
/v_Error/redirect;592ACOswgFOlfCg39UVMutJ9M4Oh1EOVNuKkD261_EOxJmRTfOdtErP4XeEp;kOPxCDw4VJsH8Jom
/v1/redirect;sdfsdjhgkdjfhgkjdhfiueyr9348;kdjghkdjfghire
/v1/redirect;1ChqGfJc_a16fW8sxLpXoI5GoaWnnJiU3Ff5yAINEOLD0VAVE8hf_6J2cgqH;TR2u4gaCWpHoBZkY
/v_Error/redirect;F4Js_0-RBlNSiSq4I7Zun97uSjOuNWq9erwB6QBqXT6PMey1SrGYTLepUmsG;0s5aK0rox3WBR-2c
/v1/redirect;sdfsdjhgkdjfhgkjdhfiueyr9348;kdjghkdjfghire
/v1/redirect;bIfk6eZV1pERWhsVyF592WDuMpOZ29QQhhHn1FkhO8pzoKM8zyLQXLmtZI9y;bicSp0PjDuPsjJKV
/v_Error/redirect;q0I2YiuCVjw5uRe3ldrhOshj4YpbPU7EiCv6sxBz6fi-FbJkSlUvV4wuJyUA;AiVh7cr9B8tiEhVt
/v1/redirect;sdfsdjhgkdjfhgkjdhfiueyr9348;kdjghkdjfghire
/v1/redirect;at7PrNs5avRMUzGclXnugL94DBqjnPDBKIgVDT035CgUmTwbJVnErnmnSezG;s26ArlBhX5oMINXC
/v_Error/redirect;82-Zk1xSylgtyo9S19iA_lddl3iKmWsT4jPE6TZMiALqK8stnGdacaVgzCXC;-z---ZqwPsEz_83x
/v1/redirect;sdfsdjhgkdjfhgkjdhfiueyr9348;kdjghkdjfghire
/v1/redirect;gLydQCzsZ5waRCXxyL9O5KRmEbCiotkxSfcN5BVWlXS11MYY13xfF3cVdrVB;OrBMONlwJcg1gjEk
/v_Error/redirect;AAsmfHBsBsLz3wwDLpReabAZ-BU7iQdfDlP9HgOP3wZ6DOmsThdDof4MYUG-;gigkM8B3EXeCzry9
/v1/redirect;sdfsdjhgkdjfhgkjdhfiueyr9348;kdjghkdjfghire
/v1/redirect;xfjoQBWee7Cmrb-9PjtEFP5up7IUjRH-uvnfwUazY_HiCYdb_Q5VuMQArx58;WcvqIO7jOVLNkzTQ
/v_Error/redirect;-jHIly4lIm2bsi9l-6cSm4zycn1tObkyd-2PIHZsoLTlctG2Yd79QD0c82Lv;KsdI-CP0uLO43cDn
/v1/redirect;sdfsdjhgkdjfhgkjdhfiueyr9348;kdjghkdjfghire
/v1/redirect;_0Ujhr1Bo1tbZOV90yJ3ekKXCFDeqNyd4qKkRs59IXC8veAba8E0JQVqDVZm;-evamT2TdG7rN6Le
/v_Error/redirect;12eyI_24cr4Td1yBFCNGjsYDYri46ihMDT0Mx_zWS2m7qh09iHY2PI2Fe1bE;tG3Rnnyqpt4trJR_
/v1/redirect;sdfsdjhgkdjfhgkjdhfiueyr9348;kdjghkdjfghire
/v1/redirect;-sNBmPBAePkD8ewABVbjIDH6t1dwuI-W4RhwNysAaOlxlf1Pe6nQkKICIxco;kFbHzkHLmnZBIrqW
/v_Error/redirect;YIj2ztiXEJ9GEc6FHkSPIH89hNqJ5TGJ92AL3DWyuTt5RCcciIUHtMz52jns;B6RJuZVZbcULMrYZ
/v1/redirect;sdfsdjhgkdjfhgkjdhfiueyr9348;kdjghkdjfghire
/v1/redirect;YrdqvARU_xgaN1S5ht-uIDzBTh_xLfwJQqxRjnedpIbaJ_HY2VaC8meA6mHq;8B6EsHy5S4ZKRQz3
/v_Error/redirect;Od1aw3WhIRp3lkA9KYtGpCi9vCXb6tDT_XoOsF2KshxWC-yvgcoUwEVO16LC;_q-Onkb7yLiD7hDj
/v1/redirect;sdfsdjhgkdjfhgkjdhfiueyr9348;kdjghkdjfghire
/v1/redirect;RU3Helx4rRyNAFulCd-Pj5ALLi-CqZM-EtSycVMB9iAvGoekADbkycAykUjv;6WLusLL142qCRhnM
/v_Error/redirect;dMX2mUnUnKKp9cI_axStsBiH-UTo9Qq1-TK2GL-mLyqPXuem2_mRjhB5eYCT;_u6ZiWS_34GLa9MV
/v1/redirect;sdfsdjhgkdjfhgkjdhfiueyr9348;kdjghkdjfghire
/v1/redirect;HM3Fo2SiZDlQr2Kj3FxFXWOUBZ4aUCml8v1VlqDn_9NbuunZ6D7DEKmd27VR;wRvSS5ho8aBEaufS
/v_Error/redirect;EsImW1SuC1el1RC1FFjJj3VxLY2apwQ54SlBol5QwFGtaKatnBIOUJuMk4_j;bMZa9ZP24EN3_Ha8
/v1/redirect;sdfsdjhgkdjfhgkjdhfiueyr9348;kdjghkdjfghire
/v1/redirect;ZHKpyeHI5uoUI6yVZkwNUM1EMLRHKGmc5sYwZyp9GY37mzBn4XKb5Q90TlkS;2uPjizOJyqUVlhuo
/v_Error/redirect;z2F-UZIHJt8-8yHR7wE3YzyLcomDsI9hh9Y7YAKni2VteqscQtxIbclAgMzT;MIWdb7JCZTkb88fb
/v1/redirect;sdfsdjhgkdjfhgkjdhfiueyr9348;kdjghkdjfghire
/v1/redirect;BXEY0j6sYzGaolWggQ7pwPo833qPu4oKR0jsf33szQCyzr2zXL_Bnror6Srs;8wLkGKGAmSCd3AFw
/v_Error/redirect;2Zafx5tl-jXv7mdsxzdpDUd0WKMsbNmEQR5vdFKw00B60tUSWvgOST6fu2Zh;fWvshQhsLigf2KO0
/v1/redirect;sdfsdjhgkdjfhgkjdhfiueyr9348;kdjghkdjfghire
/v1/redirect;kt1auLJ_NGMA4wK1L0ou0IEGzlPvox2NYNF9dsrHFPbia4816ZJDWNI3fIXR;kBiyXZxRULhm7jlQ
/v_Error/redirect;Wqmitq872Qt6-tNdRrvfqkAPEO0gzclSSz8Zj6gvv-dAWrZ-RYQrmgpfbTr_;ADURn9PxmLhcJ3Kv
/v1/redirect;sdfsdjhgkdjfhgkjdhfiueyr9348;kdjghkdjfghire
/v1/redirect;95u19PnJUtJ4-CW34HL--inLrKwn4r9s5bOAvkVYSVW_jZ2fWMsIrJ4yth4Q;rA87GRs1YRGcr869
/v_Error/redirect;xhzNv-NBa5FC2U79z3k_YO4tu_c9XnZjEeoNR24RBE0-gDqDMi9c2xCgS2Y0;jWSETKsSeCT79AKp
/v1/redirect;sdfsdjhgkdjfhgkjdhfiueyr9348;kdjghkdjfghire
/v1/redirect;OGjzP1t0Uuchu7Uz3KCPF8Rm_2W0oAprn8SFCpdTY7YPBZ5XAmAJ68lcYVt3;8FOArQ8tMkLpazO0
/v_Error/redirect;DNXasDLAqVdcdHm7whtfMBtnHMWOEl7nmiGRBXm_nsvHMhtrAJhOrbQnF8Oo;BY6Nl97FJYJE_zci
/v1/redirect;sdfsdjhgkdjfhgkjdhfiueyr9348;kdjghkdjfghire
/v1/redirect;8SglcNvCesBFRkKSh2a56yiQt9WfBBpudNBj5JBXJTIwKLarpGezUAWfs4aq;A8wLycAfXmg88T5U
/v_Error/redirect;01tWqq0AWpQgiuSbqnZ3Z6-sYiqlIUphDaNNea9Kn-cRRZ3oNtOEPwRJRtX4;BWk-Ei7YTowATCSO
/v1/redirect;sdfsdjhgkdjfhgkjdhfiueyr9348;kdjghkdjfghire
/v1/redirect;Jrukeu9UmapSJFeZIkKUXiglbF4o3tvE7FD7JgKBikAt4chDXEWcRHfK2Oxf;49UyLiUXqT2OY3AR
/v_Error/redirect;YG8APc9Nrngn-SgFjMyeTaPOlE5exgSKvbcsE7MWzGT21qGygdB2tg9E3EE3;PsqcXRSbsHccgXae
/v1/redirect;sdfsdjhgkdjfhgkjdhfiueyr9348;kdjghkdjfghire
/v1/redirect;q8HVFVdZ0xy4gpzGcAUuo-2FmFRZNfUpbiGYcl9zI0iShFqDoKSA2xvXLUdd;BpRRRlRxC-an1XT2
/v_Error/redirect;YCPYm3WAHNT4LZ4lzpNZt3FWdmVuu4z0Hb9OyhqSBToPgvm-tdIHQk_Akkgl;eb914zHcI7Ff4QZB
/v1/redirect;sdfsdjhgkdjfhgkjdhfiueyr9348;kdjghkdjfghire
/v1/redirect;LSqfBMgIFoiFba5zfdUmT7-2sEAT5bCkUVksIej_Wz_nS86Lbea2Du-7b0ql;t_aZZfvPbDvHHoGP
/v_Error/redirect;PMlOzlNaK5vWmUfHqoZKNSt8x1FkjkOQoajatHipzcXi5md0SH5n0nPbag2Q;dmN_Dj08Q8C9Vare
/v1/redirect;sdfsdjhgkdjfhgkjdhfiueyr9348;kdjghkdjfghire
/v1/redirect;rkDAOteDFZJMUqKn6PZl8doFAVn_vmHYGgoeWezQPKM5NwTAwVnv4PmMKqUk;ukREoj0Rvb3DYwKO
/v_Error/redirect;yQY5dzCnrURCG3Ioo90DexL5DyygVozm1Heupn6HXqvLpTpPI1zsVGhtm6dL;ixt4keN5xLTELpMB
/v1/redirect;sdfsdjhgkdjfhgkjdhfiueyr9348;kdjghkdjfghire
/v1/redirect;sby_X60gXZxKvGQCqpf3xkXDtN9F7zPrp3AuZbkUKkUzDzo5G1gk9wkg-KWr;hv1-9zCJxZpCXS0T
/v_Error/redirect;6ugi6tfb2Jp2V38QGxk4HO1DJ3uI6kvIyYBrReHWWdS7Ymex8Svw24umAbQa;7-UrLyEDIPf8fAWc
/v1/redirect;sdfsdjhgkdjfhgkjdhfiueyr9348;kdjghkdjfghire
/v1/redirect;7IU6lSSky862BBTifgzMZOeP9r_Rc3u93pZG5N2OH_j5Kx9PrZsG2XeGfgnw;34vGWQLmJYR7Wm75
/v_Error/redirect;PIJZwdacXATIAMWArotf2MItkCvfMllDlxhSyyRq_zufjXpZZA7m8kNwry7E;n4eyq7XmZNo255FY
/v1/redirect;sdfsdjhgkdjfhgkjdhfiueyr9348;kdjghkdjfghire
/v1/redirect;B2CTqbNASHYd5W7OYVz9Td0StGrM_JStnP5Trjf_qSAogTwzkPFZWWZyeISD;3IFRt04iYjiLHAvC
/v_Error/redirect;x91ekWrWHjStFihcBs7wouxRV3aJe114dvuD73Q5LUa3-cm2oRNScrRgFuzg;TiiTVMD4qR5QMp2C
/v1/redirect;sdfsdjhgkdjfhgkjdhfiueyr9348;kdjghkdjfghire
/v1/redirect;g99lDSwTOn7uZcUcWATjWBaDfFk3H_oEN_kDwoaWevUzVqhGkzNpK3jG0X04;TxAjWAR1mj4aWSV4
/v_Error/redirect;n5zXu1TfTLcp3GYmHc89tqGCIi4M6yOA6HyFKNOaP3J-OT3hM89N6CCPvz30;jltM6IJjrYRb9RhH
/v1/redirect;sdfsdjhgkdjfhgkjdhfiueyr9348;kdjghkdjfghire
/v1/redirect;m5TybVFKwK90_QT2xCFY9kvV3PKCsP1S7Tqg1Ntkm5Tz6GWkhCBsRy18BAnX;Qv97ectkeoHco1nh
/v_Error/redirect;EXvBp0xmHS1PajOTE9gDhk5DT3cLF72I5L-RbvBkpsdgA77kPDhua1N0-vVK;FRp-hn3Y6XJ4Esw-
/v1/redirect;sdfsdjhgkdjfhgkjdhfiueyr9348;kdjghkdjfghire
/v1/redirect;BgEBRSPXNIQEKFIQvCdF_m_qMw-5ADOHC45QK8bO8Q6_LNfHYN2SRHvK10DS;W5-C6BMQ3Z944etM
/v_Error/redirect;L81i4LuEXRGSBBLiDxv6Yf5EJhMSejo4HS0mITKJQygopxBgBzDutHTEgw86;TGRxw6K7oduwnBxr
/v1/redirect;sdfsdjhgkdjfhgkjdhfiueyr9348;kdjghkdjfghire
/v1/redirect;fPv_ec0_KFpCBN0xYvUYU_SPID9ydNPXF95Sxz5xyuXLc_5GlipgU1exR9IN;hIB6AkFb9Ey7715q
/v_Error/redirect;6cTBfpnzIvJxY_B9l1UBEcXPGxbXle3QKo4Gp0IZrZ6MVqKVr5c4MVaCQ0S3;v-IpSkRhrW8VzpvO
/v1/redirect;sdfsdjhgkdjfhgkjdhfiueyr9348;kdjghkdjfghire
/v1/redirect;VXk0ILT0KMFO3ToXTb4Knl0l2ngq2nl5KoDWyMhH-DrqxxJY7MbK3xJkfIjy;NjXRFM0-D9KGjukx
/v_Error/redirect;fy4J4Jz-5meGr9UDQc9ExRNc0NF5AyFTyCRd4PqS4lJ1_NojrQZefm4DpxQs;LgsYG0mqI1jRQgfH
/v1/redirect;sdfsdjhgkdjfhgkjdhfiueyr9348;kdjghkdjfghire
/v1/redirect;r6dLqQC91O-qmj75Q4LPdDKwUl4IplrLPJB1Eta9799qVQ6Kd_YwoCLd1qfJ;ssQaaQyPUvrrgPhh
/v_Error/redirect;UKQNdBWwh3x0BL4hcjDSiE-DC263WKqs2uvhwPpnGU1TcaFbjJvRmFSnhQjh;zGjNrtaB73GbeIoS
/v1/redirect;sdfsdjhgkdjfhgkjdhfiueyr9348;kdjghkdjfghire
/v1/redirect;o1GLYBkJPXP4_eLm247OFCpajardrA8tVIg8hDLwDrnyE6tYJeU3lOLsGBja;6Yb3S9KZvWOtT6ei
/v_Error/redirect;SlYhvV1B3uuRd8vo7LB0w_W1TkRAbZdFN9gdc8C5wswMwtn8Hqs2Mh3OJP2-;Wj7ttSERsUCkMQVi
/v1/redirect;sdfsdjhgkdjfhgkjdhfiueyr9348;kdjghkdjfghire
/v1/redirect;WMQeeD_Zdg34EB7Ryn7o7Br4f41WGShwEtsTEMgjpJXxKidaC9YqT_yQAtV1;OOZzXIa86X0vxqCD
/v_Error/redirect;rAMZxUZB8l4xGD8hLKadJeQWohUpanCoJtipuERdeDlRJHlqKGbXoNupWEXo;ZdLRwTL0HFoVgMmA
/v1/redirect;sdfsdjhgkdjfhgkjdhfiueyr9348;kdjghkdjfghire
/v1/redirect;P4gEENbLRrXxk2O1SR1Rrsum40sZ0icvePT2vomR1YaBVZd_mAHpgxI4f890;d1TrrfFG3SlrmWuf
/v_Error/redirect;JTwyd4i47-eU1KUYHFXPddKHPAImb_s5T6yvGZGFaQ853hhvxuKgvZF6a8m6;p1K6gGYsjxvxkSo1
/v1/redirect;sdfsdjhgkdjfhgkjdhfiueyr9348;kdjghkdjfghire
/v1/redirect;GAZv5sqqnxD3TciFNeHrfWGkAuFyb-JX8lqFnJK-P3pi4DXgEoDEYt7Tc7UY;0csX-2_F685MlDJX
/v_Error/redirect;5UXtkISGPk8M2tMeDz9A97gumm9TtKU490ENfFmPVar_q0mwbs3Eqj1h9lS5;kxrInmR5hg_47Qz_
/v1/redirect;sdfsdjhgkdjfhgkjdhfiueyr9348;kdjghkdjfghire
/v1/redirect;j3T_N5dJunq0o-CQ-Z5eMf9vBiWLYOHAtNBDFbD9TVwqZKsha3PLV0TVk4AZ;IQ5Hdbor1d2hMT04
/v_Error/redirect;5VkVVmkFxb6tPKUwHQ1kc_x5_60lfDby_rkNCwfmIou_QDPxxXXbOqrXX_UE;VOiCPPYmKDMIpBx9
/v1/redirect;sdfsdjhgkdjfhgkjdhfiueyr9348;kdjghkdjfghire
/v1/redirect;QhqZ8Q02RT73_F5_cOGA-GcQS7K0-XHf21xIXNXNEUbd59G6lq0HpAcIbmtY;fXgOAJ6Ea8gaovRh
/v_Error/redirect;7OAx7E2MPx-4JDQ8To5pvCfH4toIIeAKqKzcRjkKUGuX9mMHsD_KqDRbloE2;ygejGaWK8E8WGkdl
/v1/redirect;sdfsdjhgkdjfhgkjdhfiueyr9348;kdjghkdjfghire
/v1/redirect;JbW4CbKNfCvZT4slBy5Q9zZoBGNInccp4U6h6lZs45rAEy7-_OYkEbTc3mxp;SoSoPxJoWvTU-aK3
/v_Error/redirect;AXCtpt8vTC-eqZKuuxVfxfTolFEg6sdOCFBG3ZXLitOlmExRwqcWpyN9hzcW;sbAajdRNcNG5ec8a
/v1/redirect;sdfsdjhgkdjfhgkjdhfiueyr9348;kdjghkdjfghire
/v1/redirect;6pFbuJTgbubxKWE_98l7z-mA36i8ufzgY1ZL-0qwa7ulFvRwglDZpZoC6es-;6-gRV3awJWgw7Aym
/v_Error/redirect;uIgXj7SUfE5zio8RVKj1RgbrDXdzLEG6M16whYHk5oehIkcIbpIWmPHxw6yy;b4MOBExQM2SAdac5
/v1/redirect;sdfsdjhgkdjfhgkjdhfiueyr9348;kdjghkdjfghire
/v1/redirect;4uXEsohSGKH5ea6BJm9pcRF2163wVk3hSwCgFB24JHeONPiUdtTgScyLHWqU;pi2hOF_JPMlhNVVu
/v_Error/redirect;48S3cqwurOUlQausyWEBeDZS_CrNPM4CQpIz8kKqVQpg1G196gdyjLxt4tPE;FRJqxrLZnW8Xo0_t
/v1/redirect;sdfsdjhgkdjfhgkjdhfiueyr9348;kdjghkdjfghire
/v1/redirect;xGPUbMPAErd0gw2l-diFXWyE7FeePBlmei2QvwnraPe6kZhoZofxeciA95eK;AHLFE38v5xbLmnMS
/v_Error/redirect;qVj-eWVvwRddj5dABfKlDnecvMY9yLL8HlFeIOXjo8zA7Xnv1k8JQAnR3DJh;zsSMShp1d2E0_5qi
/v1/redirect;sdfsdjhgkdjfhgkjdhfiueyr9348;kdjghkdjfghire
/v1/redirect;ccfh1_I6woY7JxCVbOuV5ePpOMS72hpEmN-RJXM7APejuwRpnnefVttkfkSN;pa-wYjaLaOJy9ROZ
/v_Error/redirect;eqrNkT4AcU3s7ht7wE3i08t-DZgNxqybvYyiR39akoxWjzmUNqfNykchyeat;ZnfAc0sprzIPoeQ0
/v1/redirect;sdfsdjhgkdjfhgkjdhfiueyr9348;kdjghkdjfghire
/v1/redirect;WaLhZggFWXTTN1jCxnqk38BSGeqav34AdQFdG12fIy-nd0NQ7-X_SqWPcIUD;Ardq_Rwzlhmfkq72
/v_Error/redirect;7vPJrY9ePjkWPmCCkBd32xMn4lJMh7-GzsgJ89sWwqQPrWMqqXhXqSIX3lds;3rBd7X1ODdIX19iF
/v1/redirect;sdfsdjhgkdjfhgkjdhfiueyr9348;kdjghkdjfghire
/v1/redirect;rcbr0mAAcGRZoYbr7BDgC3KupNNnQ2658YDBm_KbfiIjSZg4triSaiKws4m0;pcKERzj2GA4Fq-7g
/v_Error/redirect;2aqTvq77mkSpq4kBf4rEUazst8agQEk4pNfkR7pev1j48YDd-7kpHSo9eeiU;DfuYbi_3K1umQSM1
/v1/redirect;sdfsdjhgkdjfhgkjdhfiueyr9348;kdjghkdjfghire
/v1/redirect;r72B3shP9FE2-PYyA96OICVY6fsI50Ww9AFGqsD7keGNru_JXSNODMtwyGuJ;E4yeysVg0W4foldr
/v_Error/redirect;vwAUT_p7UI_IxzvzFU7ZJ_vPBlxTCsFjHehYDDYRFKKhoe-LdIPvgCdgJ3b2;GdeAC-umbCw_jFqx
/v1/redirect;sdfsdjhgkdjfhgkjdhfiueyr9348;kdjghkdjfghire
/v1/redirect;LaEcJOoJeCSCTlEoanLIXItYiJPQGm-yr5_t49iP9IFM29OpKGjF_ENhD2HK;ESxTBFY9BBUWrqez
/v_Error/redirect;lTPp8dzW5Wj28ZDoB_2IewKGqBNSMxU46b4tdmaOIh0001eVIsVzmhB5Rg9y;fxYrfpr5u46UPvBm
/v1/redirect;sdfsdjhgkdjfhgkjdhfiueyr9348;kdjghkdjfghire
/v1/redirect;nBC8yq_AumiCjtl6pm7FGrnIc5IeIiviCU73v10VGNZjaI1GSMDbz6ovAZ9_;PdX1ODFIThO6qXoY
/v_Error/redirect;4yyrDgHeBINHEzWqkvKl_mBPv8bmaxlUXFXdPLjcF9AxToAki1RZ6r616ZOx;Oe-839bEJarAlF8f
/v1/redirect;sdfsdjhgkdjfhgkjdhfiueyr9348;kdjghkdjfghire
/v1/redirect;C_m6dm-3f2KHzxwdg0ziLRhio5F0-uBDQTEBb1PBnNFzXOO8IZYiAw3sWsUq;61xIKrL2R7mDkaFd
/v_Error/redirect;p4Fi5vsq2dZ2ReLqhEOoqWP1xxyHb-r7TUrS0sv51GX0BxS43E5wUbPvVABh;eDrCnIQIKkYtoXa4
/v1/redirect;sdfsdjhgkdjfhgkjdhfiueyr9348;kdjghkdjfghire
/v1/redirect;YLXghvjzE-rCTnDHZEC-LWw74wWF8nAUzcELty5SbTreFbHqsTauUoLeSnE9;-56dNX_p61bwCNFe
/v_Error/redirect;Yrwme1H6HD7KbjZWfGysOejYPyaKAe1DIrN5C4h0t3Eq0-lbOhu3Qp9fKzl_;Vn0fhWm8sjk2nLB8
/v1/redirect;sdfsdjhgkdjfhgkjdhfiueyr9348;kdjghkdjfghire
/v1/redirect;s0tbdJRbjqn38qyL3-yHtn2vqozfHVR7jQns8iPqNqJHa1wKQUgGQKzLnhVt;uT4WCBYJn8GyLCJu
/v_Error/redirect;FXLus_WoejW_rEcuWekaWIugDN7iT2SEkfYZ5EPjz_YzsMggzuooVhpHrkES;zwnWIGViK9Lu72ic
/v1/redirect;sdfsdjhgkdjfhgkjdhfiueyr9348;kdjghkdjfghire
/v1/redirect;1Ifz23t8LDxPTTFXVnsbUuCiNnVpUuzaMXEKeWmdZkvfQftbjmqAOMa2iImb;5Vgu8NxmHJadlnbk
/v_Error/redirect;mwt59xkYepgILpaOfv5l4yGkh-WnL1dcQRtqtbWoOXB8ln0QaJjxKFK6L1UM;3D6XMvAlSmAI418u
/v1/redirect;sdfsdjhgkdjfhgkjdhfiueyr9348;kdjghkdjfghire
/v1/redirect;EaetG8fzUmIuYPJX8aR3iUg4vHJzB6tWlUhXxIundvjzpObRl20VfDp4VgUg;K3NPT1HS2mUAiA7l
/v_Error/redirect;3601cwc8VEM-mUfewNuBcWmQA1Oqu7FE81tmDb9kHt49LcOUiP1GnkXfU21z;AqeytUvWY7eoBZnk
/v1/redirect;sdfsdjhgkdjfhgkjdhfiueyr9348;kdjghkdjfghire
/v1/redirect;ubAEu1HMKV6H-Yu9fOUYNSwLRxE3nQbeDklKT00aK3COsVPweC7bjMqT5ZnE;wT3jOxEoYqWQhP01
/v_Error/redirect;ttwtgDJPH_dkgGW7EN1-92rVjDIXKfhuFJPOxTVMnKiv1tcmQRl5RwVBLBRa;EyutA8Y-JYeCYS-p
/v1/redirect;sdfsdjhgkdjfhgkjdhfiueyr9348;kdjghkdjfghire
/v1/redirect;TfwlfGgu_4A12zJ06WsvT-cQeGIli0h5xI_LKiVI4af3H1hykdBW_XovX0KO;26kjx2nCifD62kyG
/v_Error/redirect;h0y_2p0joy9y_o3ZTdPlEYSKTcrhf1FEN_X54VkHFNaXXkF-yMep9CtHg9zM;CA_GOo3DeZImAeXY
/v1/redirect;sdfsdjhgkdjfhgkjdhfiueyr9348;kdjghkdjfghire
/v1/redirect;N6R9WbxxeH81I441q1fwKOykbvXyM_9Qxhzvw90fGEuZFOwHXqWupxCXPjsG;KdjVSegSiwyIjnIp
/v_Error/redirect;3o83PfPcig5fgk3udhtpgxQ0JErHETSMiAJyeh_ruaLbdjVrvqxNzR_Y2b3F;Sp33nMQHMU_HpOKb
/v1/redirect;sdfsdjhgkdjfhgkjdhfiueyr9348;kdjghkdjfghire
/v1/redirect;pESMF6cQczujF-dTkipA0zhpE4D_qwNVjzSKI59Xe5u1P302-hMtblivSSAM;SctyHrRBF0uoJpZF
/v_Error/redirect;NNC_y7d5OzvK6L0ld-QVsad7tL1ZeX_jB0aquHzFAXPM77SwT65SAqv1-iso;wWDMBiqTSLlHQmL7
/v1/redirect;sdfsdjhgkdjfhgkjdhfiueyr9348;kdjghkdjfghire
/v1/redirect;nf16zmH_rhMiTtfwvKTj-BrMlAyXbchlu0us82uU1Kv84vJSAoRPdTTnMdzn;j1pxa_tki_Ba81Z_
/v_Error/redirect;Zc5QWRibMW8C0sCJJn_lyRO3-yMFwKxj8rwwzVj4Ebx3UGamDOcBFZC2O-jb;TYRjknQsXlmawPTo
/v1/redirect;sdfsdjhgkdjfhgkjdhfiueyr9348;kdjghkdjfghire
/v1/redirect;gcYzXunv1oH7BcRNkHR_1d7gwtsifZrPvybbC0XD9YRovUBzPiZ7e-Z474LX;BYGqan-EpjWAFYU8
/v_Error/redirect;vVuKArpePAuJmeaeYftIKhzIVDH6D0DgpzqSQClo5Ur2ws0Q-zxXgxaSl_3T;95C8rpT--QWlCXx1
/v1/redirect;sdfsdjhgkdjfhgkjdhfiueyr9348;kdjghkdjfghire
/v1/redirect;eXLCOo-pIELp0WwIxBPJINlg3Nrn39sPFJJKL7Kgk9oaaZKdqSJrVlmaFIpw;Hq2GKo3t8OWff9Bg
/v_Error/redirect;THlmsazvC2p_0v_IFGHTBfjeyM9teH00JHjKbodYEbBC3ZJDIeAlU0_wkuuO;sOgrnVzuDeJ8l1hw
/v1/redirect;sdfsdjhgkdjfhgkjdhfiueyr9348;kdjghkdjfghire
/v1/redirect;Ag6tipQAmlfH_SE3MO7ztpsZzlzjiZpzcWWpEGYhSt7EioNr8VEywCrivWMd;eSW8lrW46IyGoWR5
/v_Error/redirect;5-61kmxrFVMaEiuYqt6QwFBnSyzKzec9r9Nlbwfylk9QxWBLr5BLCaNh_bAp;zZJ-0Ujw7mjKRc1u
/v1/redirect;sdfsdjhgkdjfhgkjdhfiueyr9348;kdjghkdjfghire
/v1/redirect;3zgggdqGvPvqm4xInfeheEsrNjEs5oo3OqZOkMadHyJZmRr475yJj_qwa5Sk;IWLXfGOH57rDMp9R
/v_Error/redirect;6dfBtrH53nlS3DbMIo793zES8cmF6c__KDjJgSGWcq3qYFHAAeQFMrPd_msl;3lF7BGflWG17NuS1
/v1/redirect;sdfsdjhgkdjfhgkjdhfiueyr9348;kdjghkdjfghire
/v1/redirect;qMJ_-8Zg0GmNHnZrvy-tz-q8g4fCAkbMIw1D0SFlRCs0gZn2gNOBJdY7tLjs;0jq-9jsp3sNRsuaH
/v_Error/redirect;DiWJQGy4kflKQsrvKyyikVLHsahhE1j5murU0rsWvzkVwpiV7F8pF89c4Bl3;xOAhMTLC-Ato8Lrn
/v1/redirect;sdfsdjhgkdjfhgkjdhfiueyr9348;kdjghkdjfghire
/v1/redirect;O6khPm33Ipxtu3MOGQ7tVrSmiWFySMoDO5gcO_0OX0eTgTCVBfKCPJEJIHD2;0-o9JFyBA6zy7THk
/v_Error/redirect;A6qnikAuG_YK_e47BTBSo5gRYs1w3CcZtWVVwfQ_G5iklSDeFxS2YmgJ39M5;mPJoaHYHltFxAsht
/v1/redirect;sdfsdjhgkdjfhgkjdhfiueyr9348;kdjghkdjfghire
/v1/redirect;lYr5i06lD_h6WKUQfSxf7dKFNbNSyWZtAnm3yGQ3AT9OxYxqv4zx8gCyhQlf;2kCiSIvmE8rihSsz
/v_Error/redirect;EZvM25pvrpj8__WIJ3SKoFiciEooysj4-q3E5_iRkeWGFskL9qi4i9mS92zz;nyV11tgC7yKqSnpf
/v1/redirect;sdfsdjhgkdjfhgkjdhfiueyr9348;kdjghkdjfghire
/v1/redirect;h9aHN3ZJ3t1-NlVthexro0uT2BymHoh0t3I_lUESSl834b6R3ACyI3oA9ON1;0but1v3h9baFUvYI
/v_Error/redirect;kmohUbhS_KDUgVuNxDzVPxjgHwxIevbMfbDHuAP-2koLBYmv_TQwTbXvkul2;px2esy5OETK0UHZ_
/v1/redirect;sdfsdjhgkdjfhgkjdhfiueyr9348;kdjghkdjfghire
/v1/redirect;FQyDnc1Prx_4zQqfOVQTM-IYZhEMlzBpydhUTRha2kSSggc5Es2oX-5v5Phu;uck8dz6pd5Ga3QnV
/v_Error/redirect;WZ6NPpjFqUMpY3QXHMpaj_lQJSA8__2A2CAaquW4Y2NOmcZ-MeTP6xSS39b-;1A5Oo32KnoVNMfyg
/v1/redirect;sdfsdjhgkdjfhgkjdhfiueyr9348;kdjghkdjfghire
/v1/redirect;NbgoLVVyqPoi4EXsj5wpzRcUVIHPV41xLlQB9jzYYAho9noK3hD7aKwwjg28;BnJm0chEN2BwTspo
/v_Error/redirect;DfNA2InhueGIvN6qwTKssJzCuRRtmPlcPzIV0CDchsaOFAu71VBoQcXYo4Cw;o3tYAS3F_H6JKR3e
/v1/redirect;sdfsdjhgkdjfhgkjdhfiueyr9348;kdjghkdjfghire
/v1/redirect;aZJmJpNEhVSLZInGsNTQKdrwdG_VtHLTt05cySsnwmfRP01wV7m1VWyVNWQK;YqEnYHU-T1SpyQOa
/v_Error/redirect;CoEVRemtPUVfSz7oSBdH3U3W74vo3H186Pfd4__Mv3Ntw9LzcquBdxAsTJ6p;z4f_u12B_Gl5cqid
/v1/redirect;sdfsdjhgkdjfhgkjdhfiueyr9348;kdjghkdjfghire
/v1/redirect;PZw79_mg-zKTR27JkoM5DRLreHx8hbQ9-m0hglElTQ7Dp6g05mBUdtDcJZbo;f1PXVf2IujaEhmeJ
/v_Error/redirect;r8mpDR3gIZhBJm3qCTq57nyXxYAMnm53qpptTMqiQrk9ekEJ_Jm9Y0HkAHWC;L8cpIrh006k8JS2b
/v1/redirect;sdfsdjhgkdjfhgkjdhfiueyr9348;kdjghkdjfghire
/v1/redirect;O-InZXMKKH9e41xubxMTsT1-f9B5kE_tq5d08-LuQ8Hjz0BvDd-s8oOo7ey3;f-1icoUjBVPgNosP
/v_Error/redirect;9H3nl4-ATzUE69zH_wdTizNcO7F8bUoPi4i7wukw4VuQQtt9BIXQcCQ5bwNr;Wr4yGWDZmUMgOAux
/v1/redirect;sdfsdjhgkdjfhgkjdhfiueyr9348;kdjghkdjfghire
/v1/redirect;OiKbR-GyXcOTlQfBhG97M-zt-_pBDnZxEnLyx0mAqNINZ2ur3T0_Uu4vb75-;To1UDxqIUZmJJ6ZV
/v_Error/redirect;LEAlHo17N5FnU1TJga8pcs0ikNtFdsMOPYSwT9828rCgGdKdOKfrjAZXSYpi;cqH9ZDGlRxRwDR02
/v1/redirect;sdfsdjhgkdjfhgkjdhfiueyr9348;kdjghkdjfghire
/v1/redirect;BOWi7D9IWmEACsKhMw1EhSaTG8dWgZ07Oi3W5PZ33xk2eK3eBlVIY0cKuzrm;sMjNlHE3IpXqzCO9
/v_Error/redirect;Q1EqJts_ixim0bRfCVT7pgeWnEtkEjaPurOMePD29kbvEmXnspLamePlQ32i;YMu1HZJ1YLClEZXS
/v1/redirect;sdfsdjhgkdjfhgkjdhfiueyr9348;kdjghkdjfghire
/v1/redirect;8Ov60S5Bh1laoPyjF9xVhoJ2RvYEOzA8LwX8b6gmnBf-zeA_VMPZzBxbaxlt;_xTY6YIjnjmzQFaz
/v_Error/redirect;LbiC2_setR_eZK36GrRju0C_rvhPdh-j83edwADSf3xCklLiNchjdYYIsvwt;Xw1uEKb9hsKHBJZQ
/v1/redirect;sdfsdjhgkdjfhgkjdhfiueyr9348;kdjghkdjfghire
/v1/redirect;se0hA4NBFnCUbt9LcJvWJzMub5lUtDNlaxNS7R0kfuPgSKfqZucoz0rx8e8U;JTbGfSqT-XXv20mZ
/v_Error/redirect;ilDeDu0Sl7qhcFybeA_MbxrSejbAPMqXKJC1eO6JAoUTGHa132XA4Wd5qSb_;-sJQL98yINiRSm0y
/v1/redirect;sdfsdjhgkdjfhgkjdhfiueyr9348;kdjghkdjfghire
/v1/redirect;D2mHAbAluPIu3SoCRrKOGTN7SokKJFFBmyddK0ftx8SuU0zH-d8hUAR3-Wf-;ulXoVs60Vm4cHDG1
/v_Error/redirect;K2NVcYinCPvKhr7jdK4x2F7S5VotP_TwBQC9UvJSis6D_Nb6sG6TDSYAPdSZ;mMNFKZ_c9-zdlHiv
/v1/redirect;sdfsdjhgkdjfhgkjdhfiueyr9348;kdjghkdjfghire
/v1/redirect;-5dfOwaAmnenFnmAlcSz9L7NpdpQkJaCnQFnmC-oA29SaFEsWib9Qt5iJ0wN;8n4bRuPs0uxwE8v3
/v_Error/redirect;-ZMFu9Gj6nuaTZZTmx5hSDGj_62aM_nc1Cx87re-YnhhmmAxCj224Z17TQHa;YZJgj7fJpnvHDgvR
/v1/redirect;sdfsdjhgkdjfhgkjdhfiueyr9348;kdjghkdjfghire
/v1/redirect;VxzEOwZx9hvIXJtNrC-l6uclBwvL34z82T4qzqxl3YWZvUjnX_EBs16bpP5k;qlROy-aOKbpaCNnP
/v_Error/redirect;SPP5Gx8qodchD978cVUWXjiSucGlMnzeGzM4oyJuo2gLppWx68o9gVbDj5zm;fDqNAkVc8ru24Kl2
/v1/redirect;sdfsdjhgkdjfhgkjdhfiueyr9348;kdjghkdjfghire
/v1/redirect;V4qA0jrRNmnolTOywBd57ZNMhjf_JgmD1sv0Btl1xvTRoNqOfX6xfnMf_BKu;XU1f744MVyZO5wDg
/v_Error/redirect;AIPNvJlnpf7O0zDti7NwwtSgfdaJWuxZOvoAo882F6aH5gLjz2kmFV-MCDH5;KVBQEWqoqv3HivEi
/v1/redirect;sdfsdjhgkdjfhgkjdhfiueyr9348;kdjghkdjfghire
/v1/redirect;vI3ryhEB1TYcQN5cASk-mzetrkA9ng-aKIEV2bkCLFyO_fWvAdCt44vDS8Dy;wbb3fYz9B-wmcr0b
/v_Error/redirect;xcpHtoy94TuY9ab7XKPzDqVYEtQgMlSgTlVpzWD7y9FIH-GxZpssYQiu-Veb;AJFYZt0d7895f7AC
/v1/redirect;sdfsdjhgkdjfhgkjdhfiueyr9348;kdjghkdjfghire
/v1/redirect;mm0SkitoYrTlKoa5TNY3lPX-n9lpXRJRaavbsy0_bu1AYFn_a1jS83nEUFFn;2Arg21N-52FxLOl_
/v_Error/redirect;NTbw-QP_7PjZRhQHCZl2rmR1_xc9hF-h62CPnbilmPwR-I-n85Lz87Yb1KEZ;UfwKb_yuOiB8XmT3
/v1/redirect;sdfsdjhgkdjfhgkjdhfiueyr9348;kdjghkdjfghire
/v1/redirect;_FiF_eiZDVcYwEx7C9b_9LK4Mv7DOOjTjYfGC45hherhDwwO4RELrTF2OLwz;x93UyrYlvzYR4LjJ
/v_Error/redirect;2xyTe4X563vCiMaacuRDkp5Nqgx7CqA0tG2XOkbYEjPRZVqBt_ctCkG-0bJC;DkaMCRlwRThDxobX
/v1/redirect;sdfsdjhgkdjfhgkjdhfiueyr9348;kdjghkdjfghire
/v1/redirect;5CVj4HX8hrbu4QkJDC60EakLhnGxcJutdSQytjhU9yUtqIfwY8u9hDp2NDYt;fuDw0DmmWS3fi1SC
/v_Error/redirect;AcpPmp3q7okE_raw91WZzCn6xdzHPyySs-aDax-UoH4dn6VpNO_vLcvejHTj;4l4-o-Zs-ZzEo_vc
/v1/redirect;sdfsdjhgkdjfhgkjdhfiueyr9348;kdjghkdjfghire
/v1/redirect;aa_OCwCAF58aZVJFLdLEh5IHhx5vovwTw4qVBWa4JNgEJa8433kYORplUt6a;Mgw0K2cWahvzXsBb
/v_Error/redirect;XriPH7LTK0YB_xNiGMyTpyFzzTXqEcbbn9CSVeBVxo3reHXakgj-xKp-ygzy;UPNs4Q96kXe8zcxj
/v1/redirect;sdfsdjhgkdjfhgkjdhfiueyr9348;kdjghkdjfghire
/v1/redirect;sQFvuGAgUqkB4a9Th82nSPBk1lxFWs5O9h2hlym1GjIftPWlk79Fc64TYtE8;O-0sWF8JHoS1bQwv
/v_Error/redirect;rLCMG8F-dnzxRqhOtAJ9XZEH_RGdXqjYktgCVrSNRohMFkB6M2PtjizVL59y;bPVtDoo6MIYKeh35
/v1/redirect;sdfsdjhgkdjfhgkjdhfiueyr9348;kdjghkdjfghire
/v1/redirect;o09eetmGkd58O5J5Ii21Eq_jDH1ozK6AwJBcouK7N4oSvl5dBJQnYY0UY37J;daustBgZ1gDuBeZL
/v_Error/redirect;3rHqha-KNcvvVoJuvMgnRgYWSKx8-h3IAd1DOGrb7a7J30nTHdOtMSIdcNvI;CCed-wdirizrZrac
/v1/redirect;sdfsdjhgkdjfhgkjdhfiueyr9348;kdjghkdjfghire
/v1/redirect;Dga7-nEnURWVJmUU7hTH2Ci_DAT5CP4Yvdku-CF7l951Ufy7zcFNLkPmgjev;BsDKuicasMhYf_qp
/v_Error/redirect;038nd14vHyNwmWo6_uXPYfisVe663pYznIsgojDaUabnt54omjLYGbM3-gZ5;QFgfJIvir9HE-bHW
/v1/redirect;sdfsdjhgkdjfhgkjdhfiueyr9348;kdjghkdjfghire
/v1/redirect;WNLkC8vdoEOJSDk7PlzSt4yb14yd8ow2mnpSdTsJZGoWqmsg9wFxq5zFXBhr;edCCFR99cp9l5v1B
/v_Error/redirect;yFdA6Vor3yUauT5JObNSFrhjoOpSG07ltWpP2zTFZei1-24ATCUwCZeHXMaB;YIWbkZZspeCDn7rV
/v1/redirect;sdfsdjhgkdjfhgkjdhfiueyr9348;kdjghkdjfghire
/v1/redirect;VJDPDF856CTeC4va_TjWjP_uxHEreQ6ohl170cE2CDW5srlRlO2ywopCzw1S;4-kkXCgJ3mLgZr52
/v_Error/redirect;SUbfJpe1GrZqEzrNxW8Hsb13jAxasmHvzkKo2iI0hnu2uFJVWX-xvtYK8tgv;L9H4Wa_08aOqyadS
/v1/redirect;sdfsdjhgkdjfhgkjdhfiueyr9348;kdjghkdjfghire
/v1/redirect;x1nElPMWzW9ba2fiNW4ijiiiHfAv3SwZ9ZPkeF6VNK7VwmzwoymBLm2joOIs;N9ogQG2MSLHFhEIe
/v_Error/redirect;CzEP7wAAxNUg6vruSEzoCw11C6swu237PGprArRZTp_HUDzZjmq6Y6UsnhXS;za2byy5yXATCXEEW
/v1/redirect;sdfsdjhgkdjfhgkjdhfiueyr9348;kdjghkdjfghire
/v1/redirect;MXuToVDjYkX3fA3YNxW88HShEUsFpNC0jU1k6nNR0W7n7P98ZW-cW8G4qPvl;E2PFAmOcEQ5UPLYI
/v_Error/redirect;rNJkBZulHwPc3foHJ9n2rRTDgYGVlqECXgLpJxdnnHLqpc2IArpuhxmCMg_z;eJiTe88kuUTfCJwU
/v1/redirect;sdfsdjhgkdjfhgkjdhfiueyr9348;kdjghkdjfghire
/v1/redirect;tQbWlji7-Zf6x2hhwCiomlFVPUx3xPaIFGYQwC7MPffyVuSDZ5__1_bAJz7b;uvBodckv-kRWVdxr
/v_Error/redirect;MFqMxmh14dZLvcEG6ebTAxxajUC2qF2x2MbM0EIhj0I6RtX0CtZULyFTWbP3;Ykt0x55Dq8bt--qo
/v1/redirect;sdfsdjhgkdjfhgkjdhfiueyr9348;kdjghkdjfghire
/v1/redirect;ZtVpuRmOe-0p0o9GEGFPMhDq0zAXXWQijKpN2k_gw4vDKg3ytz3_6nHfv_CZ;TnBIulEchrE9KUM3
/v_Error/redirect;keldWFcuE_pYhyHfuyUiwND6oEt5feKcSXqxESphbYJz50_XhtIZzicwtKB0;DroLUD64ANNoPueE
/v1/redirect;sdfsdjhgkdjfhgkjdhfiueyr9348;kdjghkdjfghire
/v1/redirect;8LQ6PhydC4YGJsR2fvVuO-w34nQ5WXMA03DHWC3XRTZ2jh9p3OmbnV3-_YMj;zVlNFnrZySxz97AP
/v_Error/redirect;WJgBy3p9XohurC41om8DmFDmmEfcnc2Mjm_ZZhcSx2mT_dKVBtb4xo-2Cyu6;-6Hx_fWnTX8_p0BR
/v1/redirect;sdfsdjhgkdjfhgkjdhfiueyr9348;kdjghkdjfghire
/v1/redirect;GWk5PmGOg9pwvhVVfAQ_U2oHmbOWlTCzjwKPUj2F6upMEK1BJj7sJ0ZFU-0d;wYJk0ZNZinjbVWdd
/v_Error/redirect;E15mnIqvHFn1ha1saMSZZjeQySxAWZN6zGOinmNgS8WFIruIkmpDGIKm6ntL;pvmDBCZdmPSefS16
/v1/redirect;sdfsdjhgkdjfhgkjdhfiueyr9348;kdjghkdjfghire
/v1/redirect;OxGFwybzo_x19DSGhnxpm0NT5g6v9_qGfJMiO97ulOhmz038GZADxV5T1pF-;n07SDcUkx9RTrEpK
/v_Error/redirect;SuD92f0Z4VqrGNXBWOW1LZGASVDffjD7SoYsMEqUB8V4IdrTTyhAmPXJjAo2;JwvHMBw_qJp1wS8w
/v1/redirect;sdfsdjhgkdjfhgkjdhfiueyr9348;kdjghkdjfghire
/v1/redirect;6-RUaIS2seqqXeqD-P4xh2xAUL6fzHiLcycdjItwucYIXUQxdH77xHWkM-jV;Zmpt3XEAi0mIOjo1
/v_Error/redirect;TxA7DAhHGDKH0tGvx5CrZdgjeeDWJLZ1R_RywITclC4iFFWWbgJOgzLx3p3R;SRDuXsOkuaNL-1yp
/v1/redirect;sdfsdjhgkdjfhgkjdhfiueyr9348;kdjghkdjfghire
/v1/redirect;Zgr5uCO3eoyuox_0q7IxBkolx2LGRzh14JGxpzHrHGUWK9uA5TlI9iBDAhP7;gJaSo3hKmhQafOWu
/v_Error/redirect;5VDfS6gKvOh_-_p9cU5D1E9o541hwmiaaKf79qDNuZALWrBBSaGnKlzibahE;DssIvMNSe7rl-QDy
/v1/redirect;sdfsdjhgkdjfhgkjdhfiueyr9348;kdjghkdjfghire
/v1/redirect;HeMyMc8hhu4cPvK55uRV7bg3Mx3FyJg7NSs0FzTCWyATYIeHU3wgVa3R6gk6;kbICvIeFptZhY1hI
/v_Error/redirect;uMEOLyBYHHu-LhIegbrzXFVGVYLzSdGgD2idxzPBbGk6KlLOAhhjDt0a2lUg;jM-hgekqOUz4B9SX
/v1/redirect;sdfsdjhgkdjfhgkjdhfiueyr9348;kdjghkdjfghire
/v1/redirect;p0vyVDPQG9ylpImoGqj3o1B8RGE8-onmv0r8kkAnqwtuCGN7a-6k6CjcRg2W;wDmpIJd_rxuYkn_V
/v_Error/redirect;KVz1yCFo1KQ8nF3mxH1PDO8W-deszKINGfSTXwoZwT8X2ZaMy1qiM7XQSPin;-hFt2W2LDqrjruzv
/v1/redirect;sdfsdjhgkdjfhgkjdhfiueyr9348;kdjghkdjfghire
/v1/redirect;Qj5-BM5Yd91Q1n-77rSjULj50sRDnF8O5E8H5q1quFhMXcQ-TdfKOtFdX3mA;p0RQSOGSkY8-Ddyc
/v_Error/redirect;m_We9QFD1cXE0CUXf0AiUm2__wcNmQjp6XeKduNxn-3nommz0Dyl9ggMkDY7;soSOntECHZAMR5KU
/v1/redirect;sdfsdjhgkdjfhgkjdhfiueyr9348;kdjghkdjfghire
/v1/redirect;cBkC2DkBEiOZl4SE7evfiwiAq-zRdiDrhZqNuUIIy00zLmqRx4v1OsYyG-pU;wXIPGboQ49mcgbAF
/v_Error/redirect;CDDxUkPOZ9dVpZmRvT8PUb-q3mpYvjaL2DvvhT2zyvMvCOw8T2_b9NAgoHAB;UmLX_eaniLdgvPj4
/v1/redirect;sdfsdjhgkdjfhgkjdhfiueyr9348;kdjghkdjfghire
/v1/redirect;lcUf_t3GEFrgHi4D-y2PT6LBB1Wz8fCV8Kk0hKoneD3DvdSBGWqmNpmIuVTX;a3HatfwPY5iE1Q0I
/v_Error/redirect;dlLCB_0Y5Sg9MUcuvRcpMT84q92uiD0OSuAvmkD1hTZnmmJr8smPNFXJOQ6B;CdiIZswfY47jb-Az
/v1/redirect;sdfsdjhgkdjfhgkjdhfiueyr9348;kdjghkdjfghire
/v1/redirect;yFqiHk0_XjPtjhiULBGa_UKMII9HzYidTC7JBT7SLR_i8W7agb7_3ZpyfBaY;cwzAGxTrO8LLy_p3
/v_Error/redirect;OTuyrueDro-H4PQ60J7qqWqFgT_s7-XnUAo64ijtKCuGz2-QOIUoVcmj0Coq;m2TuwuDVKPvpTnZW
/v1/redirect;sdfsdjhgkdjfhgkjdhfiueyr9348;kdjghkdjfghire
/v1/redirect;SJbX_EKztiUICvRMj9EbdoRPxo6RWZ0Te8kmqw86onQLe2PM_NcJ2bXyORRI;0Q0MGtspCKad5Xqz
/v_Error/redirect;hVKVe6hasmav4Up5sgXK5i2BhJtqEL8TzIXW8kExzcBjll4Q4dYnbanWeHid;YfOkWCcLaU5dc3Nx
/v1/redirect;sdfsdjhgkdjfhgkjdhfiueyr9348;kdjghkdjfghire
/v1/redirect;95ZIbDLeTlTdlFG_5AWF-_RFk8Trb724haXJOxYx8LtjL9qsh16W3SJmGvPF;ZsNKI83T_aJNrsj_
/v_Error/redirect;cunOumuW4pDH6ClwKQrh329c5nJCZILTmMc48eTufXu4XLNSL07cS0ypE1iN;ObgrpSbhS4cn5LMh
/v1/redirect;sdfsdjhgkdjfhgkjdhfiueyr9348;kdjghkdjfghire
/v1/redirect;i-E8Vqtw1hPaUx3p9wCobPlJ9wgN0s8dS4v8vtoYkpOSzNy3ZgkCIsEzb8sn;jaxt1fgVvcXtO0VT
/v_Error/redirect;BKCawfxUQX1uBOehvKDvcQNy7RzRA1NFyyccfvB9J7qYM1qXpB52QOXY9KLE;WDr8XwpGs58zQFwM
/v1/redirect;sdfsdjhgkdjfhgkjdhfiueyr9348;kdjghkdjfghire
/v1/redirect;_nNyMzL8FtX09rRi1s8AcbAvu_OK2ESCZQH9uM6KsyASn082WPr5OEgrEGpf;g77aQFTiOpPlMt8g
/v_Error/redirect;OvJzBcfrPXPUSdh3C-LSw0lyfrihVMJJKrub9gQw30uAVodUxNfkkATNDFW4;9wcUb_brsrW7Ws2H
/v1/redirect;sdfsdjhgkdjfhgkjdhfiueyr9348;kdjghkdjfghire
/v1/redirect;c7dBtvRERgY0szpm778nMJJBH985kP01ZUEVIWCW5jH2dWXg8WK0TSkAZs3y;JNAD1FdNdE_bK0if
/v_Error/redirect;wSuXwgn6l0nPJKY_AEXxi86c3-9ZztXW5WIMYh3dNpq256NVbArVcMyy4weJ;D8EEb8mZAbKcdUdo
/v1/redirect;sdfsdjhgkdjfhgkjdhfiueyr9348;kdjghkdjfghire
/v1/redirect;Gx_07iN4Z1fCxn-CGanTK2kkSQWKfX4ri1XSF52D1roJJ2XDX8dlIfaV77p4;7QSk1lhkcv0oZSIt
/v_Error/redirect;GYfyuILTKJHKd9tqklG86vdBFVSkJBHMtx6A9GNyswTOFO291hEdg_fz1ort;kA6Ysm0TLXw-SLC9
/v1/redirect;sdfsdjhgkdjfhgkjdhfiueyr9348;kdjghkdjfghire
/v1/redirect;W8sOcs4Vr66Kov7UKBvKBGwBsqgWw5MBVCZSGOh4w-eFboB5leEcV9oVWvjL;j2oiJpz70g2_CijF
/v_Error/redirect;BKtNBLQzqXlSJfzHSRbw3-sfjvGg2o9IYpQOXUgPPlA82mgQi6ohd0vydMsK;koKMgOmmxj5m2y3n
/v1/redirect;sdfsdjhgkdjfhgkjdhfiueyr9348;kdjghkdjfghire
/v1/redirect;VgPBUwG775757BG9ZMZkJKVbYGRzSQmnp0SoLeltmIOet37q_cfrpyc6HB0J;r_d5LWaUYmvYrNfp
/v_Error/redirect;rIdjepEuiTkIWUC_5ZIlxbq33fLBqGQpX-q0sUoeLrVrdigTa-xeuouXyBwO;DLYlXaIeTEie-Yjr
/v1/redirect;sdfsdjhgkdjfhgkjdhfiueyr9348;kdjghkdjfghire
/v1/redirect;kFa14AizFCBO7MbWDX-sxmiqKTYKmA2WD5kvGb3fM9kj-UzXPNyRztsBupMT;XdyfBiSxCAUHf2nM
/v_Error/redirect;udXESkd3zWHg5xXeMIaA_fESZS7Q-Z0bey8164Eyh56G9aCHc2uoerCUcWnI;ipbBjidv72NXvBc_
/v1/redirect;sdfsdjhgkdjfhgkjdhfiueyr9348;kdjghkdjfghire
/v1/redirect;E9aR_CqO7JtMCV4U5tokNIZ_TmMl6M1mt1Qi7ko8NGTuysjOki98TaSzhH10;XvoOcusnpXRbYuDr
/v_Error/redirect;9MniBJifEIueaxFqEuFjj1cq5kfGiZReW88dT2m37xpQcRLlkOX3Tl9Gl3WT;MDHfiJPRXejuR2Z4
/v1/redirect;sdfsdjhgkdjfhgkjdhfiueyr9348;kdjghkdjfghire
/v1/redirect;_1dfP6wLYgeSRpKgnwT-f7V07BLyTtuWqtv7uj2lAHHGZP2fj5Egnpx10UOP;UTLNzoeVlSAE23uJ
/v_Error/redirect;dI2NbHPNvek5a6EHkEluH0oDsuUHVQQHFIYXbe_EOdgwxr0ZYGYrxoIjt36i;IE0l3rkJocKPT3e3
/v1/redirect;sdfsdjhgkdjfhgkjdhfiueyr9348;kdjghkdjfghire
/v1/redirect;Puj47aPKvUbDL7QxsoC0Bp9Hs8LrxpHCzxi8P9rtc6u3PrVk7e0xqAmr4UnH;pEZeVcvcUtDXr1Wp
/v_Error/redirect;N8gAGoxzQ6jIrUqlG-UzsKXFkv8YpnTKjkmGQK0nqCqoR-jlpPX53QBLFJfy;seQmhEM0hNhMy41K
/v1/redirect;sdfsdjhgkdjfhgkjdhfiueyr9348;kdjghkdjfghire
/v1/redirect;UTOEsJSBeXKf23VKNvMDvw3v8oxomDHctStF9fasnSC18RLuQm5iFYvr9UrD;az9hkmLet8WCKsGH
/v_Error/redirect;N0Seb7ye3qcDJ17rpVvuLYykxwi0ough6XFAibr7_P2NiXlHwR_r4NBrsJyC;w4ldmYeR-YJrfjZY
/v1/redirect;sdfsdjhgkdjfhgkjdhfiueyr9348;kdjghkdjfghire
/v1/redirect;KVEnSZZ_e0jFlSTO0Nvp-6-UrzLFvBV-xs_oeQrYdTxAaoyDCBOYGoJe7B7-;WwRdpMn2jTt_-_mt
/v_Error/redirect;oWtspJwGu0E8FlDkXN2zBf_-C6k_vvrfbBFU2Ve0DP8ddUpKF_sXFZHhG6Pi;HfsliqjOvi5xu8xL
/v1/redirect;sdfsdjhgkdjfhgkjdhfiueyr9348;kdjghkdjfghire
/v1/redirect;kRXsnY_V2DMUG3rJ4o-7uiBjLEWTC43u2MC2HvnkUJjvHIO3SlTSavo9xsSR;D2rW0F9d0L0O9dpR
/v_Error/redirect;y9Bowf3OdyViF-a-AzxE7PUUwKNznWiiy9fIngJXddnyGtt-fL8BLtFHJzs1;GzW7E25E-dZZaZj5
/v1/redirect;sdfsdjhgkdjfhgkjdhfiueyr9348;kdjghkdjfghire
/v1/redirect;iPGGKBXoJ41abu929T9nWvznbJte0AH2pFDLQc9FyZauyVPh3A7zUvoBpXTS;-VuZgUXAsyIPA4UT
/v_Error/redirect;EyWbAqZEfMp3XC39MyLqFxhKjwqF9bkBLkr36W8cezuuD-V1Apwbmg7Ixhel;TFHvCHGFW9icprVj
/v1/redirect;sdfsdjhgkdjfhgkjdhfiueyr9348;kdjghkdjfghire
/v1/redirect;NVLpWd5Ng4CYgr0LVDsfmlYrohHdHswn95k6wAtY6KUho1mnKN2NxwOq6j5p;WQaL8vB0JShAa4K3
/v_Error/redirect;AswppkqXPYc30_IIJOIlATVkZVK2C4qlk-7bMOuzROPKLs8--it5MLUBhjmI;E4q7m7UHsxFxrQBR
/v1/redirect;sdfsdjhgkdjfhgkjdhfiueyr9348;kdjghkdjfghire
/v1/redirect;fpRuyBVS3sSBOoitXiS9sCCyLzXeOe4dhuaiZfA8LyAma-zn7vnxl4OR1lr6;U0a4Wed39mswNsT9
/v_Error/redirect;5sKX6uUpjvllzc4tL4a_17gln7hw1wnOf6d5QwsINm__Sh7wDODFhNFDa7YV;9XJ6GIt1MGS_CG51
/v1/redirect;sdfsdjhgkdjfhgkjdhfiueyr9348;kdjghkdjfghire
/v1/redirect;uQb5y6uQoMdcU8MAaSYd94T_T-V2Qhaa7QEHHKnduCVMbVTGYNfrNh7yWVkx;xfL5DlFvqyVsXPPD
/v_Error/redirect;UlNevzFytaCtNz70E5oE9F9iXQKrmxmzHaYaPbcYcp-o5onA9hXn1mOCYxu3;fr1R2BSFIgu1vZ7E
/v1/redirect;sdfsdjhgkdjfhgkjdhfiueyr9348;kdjghkdjfghire
/v1/redirect;Z465EXivCjlgMYnxoiEIVUd2tVvaM7xnemsJagijJ9EYlY6huKN-9HrYtN-w;GYbq9gVrnkS_NQuL
/v_Error/redirect;n7Uy5mpSuna3pmyd7DGCVCFBjl1cRGu3DkYlyFgBm3xzrThYFtp25AgQGOWy;-keqD7zZVV6mJH1i
/v1/redirect;sdfsdjhgkdjfhgkjdhfiueyr9348;kdjghkdjfghire
/v1/redirect;ncqvy3Q0Pj4nzXkcRrYovFC6CtorGWLsPBpOGNpCP-eNmWjVmZ7TC2VuTzsq;Qk-SLOmvp8y9qYtE
/v_Error/redirect;W5C4rNGeoIG2amoMyEa0uCP1HUvQCUIiQrloGXdv534THpuTsQZrNVaRhb9Y;JYPs7csXSua5LIt7
/v1/redirect;sdfsdjhgkdjfhgkjdhfiueyr9348;kdjghkdjfghire
/v1/redirect;XwulT5ldHtj7VldwYFEEGffS-zaJLT3gsXCQ3effiT3DY7TmGl43g0zIA6X_;cY9IurXYSJNcTqQU
/v_Error/redirect;GsUNuJ1lMX_bnMjZw8FyRAcTcM1TYty75I-F_FoSUAUzNaXc4W6QJHsft959;cBpmens1KYYeEQJ5
/v1/redirect;sdfsdjhgkdjfhgkjdhfiueyr9348;kdjghkdjfghire
/v1/redirect;IbwQopXj2PGd97quqqMrdDqyzOEX_4aHbO_77hynKc0jpE-1TvZi-4jB8lod;3uJOYjsV8YpHQTsu
/v_Error/redirect;tX6-qqYsqoTjtTkz-P4Deuj-s7YEicbfASDqKJ8yVjf5LkBXstbHbfL2Aa_t;rYj-m7mK5U-90VI_
/v1/redirect;sdfsdjhgkdjfhgkjdhfiueyr9348;kdjghkdjfghire
/v1/redirect;nBg9tz2wsWFl0Sdb2pQ8perJHYVXVUZ0xDFZ85o98YBBCvDGICfMaYoi7ufP;8ZXxhC6C-Zx-uPPN
/v_Error/redirect;2-7DwXau4wy8dkg-ZdPvIv6bILzkwA6ctSKkCAazw0-vY9ddO7pyk-FxaKa9;1GKV8MbmWwW6rv0H
/v1/redirect;sdfsdjhgkdjfhgkjdhfiueyr9348;kdjghkdjfghire
/v1/redirect;O9mFKy-6KHNsP0LRX5AvNlUuFswDnKtopX72HpayulI3KXFNrBUO7NTNN1z5;U0lCM-3IWH3hVlt4
/v_Error/redirect;U8CPwqHgTUnpKwRNz847uwjAYOXOxj3N3ZPaHtvNxJ63d9olNAMIstDnLe4z;-hdL888YVM_hFZx5
/v1/redirect;sdfsdjhgkdjfhgkjdhfiueyr9348;kdjghkdjfghire
/v1/redirect;06IKlCCaBXnPP1j8-MO5pkNBVnNydZEI4TGhetN86kIkEQL7pIuMSi98dALY;dyE6JiCLHD5Jppvh
/v_Error/redirect;m11zlZfcZNPAYaWDSmZhwZ2QZGaLlUJgiXM4JuUUbzpgRnXMSs9VCVDupnD8;7W6FH51Kzg1PZ9Bl
/v1/redirect;sdfsdjhgkdjfhgkjdhfiueyr9348;kdjghkdjfghire
/v1/redirect;pdRi38m2Joi8mqwIPYioZl7pROBmvv27at8afkyMH0VbcyM3XMJJ7UXbDk2o;UMYIpGzj2k-DpUY6
/v_Error/redirect;dpD5r0tHl22F_du3O9gNEdjbJ3k11-OhVjYUYtCestcLxuKBqb-OATSe4rJn;7FTeYE6rak3AqXg2
/v1/redirect;sdfsdjhgkdjfhgkjdhfiueyr9348;kdjghkdjfghire
/v1/redirect;np8POzdLjgpjHB2mxlJJMw36nKW-pv64MhVeQyM9v8jCCltIPlDNQKvr4DOR;5BH7VhMbTmVH4tTp
/v_Error/redirect;W5ytQbrZes9BFXMGRzkya4eLIbdUZCNY5fNkYGWOcwPT0gcfoEcKsZotrADm;h6YP9m7KW1aPZAD3
/v1/redirect;sdfsdjhgkdjfhgkjdhfiueyr9348;kdjghkdjfghire
/v1/redirect;6RvuvVvn5MCUlnEg-YEdUcaU5-GXvFfO53h6rbVL_weLROUSQ-LA82I-5f7O;Y0c1rr1iECmQoYtE
/v_Error/redirect;PgDXhs3xPO8pYYX7coREMLucH4AfkTkfLZb_pSm3zeR0X-RY2NZkxMFwlxRr;v19gnGfNuputIn74
/v1/redirect;sdfsdjhgkdjfhgkjdhfiueyr9348;kdjghkdjfghire
/v1/redirect;-Q_cftiBxOD-oBd1_aSiCw2iuGPWOZBQClMTRADSsYRFbHAQsH93DkotOAAG;LuP25YitUJB0scgS
/v_Error/redirect;sCwHrGw67qWxoOjOXzs5H3i5BnoMSCOqJmZBNvGfik7pc0idMRBzyPjW2v9_;YB3LqtRC2keIEjkc
/v1/redirect;sdfsdjhgkdjfhgkjdhfiueyr9348;kdjghkdjfghire
/v1/redirect;xgLGrHblZyE9T-cVeLkX9ZJPJbLUCCN4dD7SpDYRWVv8_l0suiBBHqdjn2ka;zkMgFJHqnB1ovCUx
/v_Error/redirect;ursD-k85cbPuN0ZQUTIZgcdP6YyLA9qsH3TkbT0-mSaR0t_NtyzfvcM1kNAn;gjxi3MMTOfRbV6c8
/v1/redirect;sdfsdjhgkdjfhgkjdhfiueyr9348;kdjghkdjfghire
/v1/redirect;7CptUsoBSk8ZZMchmQAK4NiVqmLQ6Eb3GybY8EQhTeXBlBDG_p7pxVuMuUh-;ocpcXnEbVXwqF8vg
/v_Error/redirect;wvKm7Aj3kCOPgcEBKfmDvP9wyZYy5sQLLTsQwcvhiSE_FQVa_sfuQF-nflqN;XtWGgMGFcWXlXsuc
/v1/redirect;sdfsdjhgkdjfhgkjdhfiueyr9348;kdjghkdjfghire
/v1/redirect;g3lH2tAhFhO_qZMV7Ws4sGw50H7mFS35mcmjmRVhsSVGAgEaqd2V_fQxDCTB;3DTe61iUvGBIYnoa
/v_Error/redirect;I094wSMAr-TdqVql-AEfMME8SO8aHC_KxiLZLFiWh47TdNFzQAoMViq-ZKUx;F1C1lQOqq0_jncDY
/v1/redirect;sdfsdjhgkdjfhgkjdhfiueyr9348;kdjghkdjfghire
/v1/redirect;sJPvjaOk7OhGi5NV9GxenvFwCOkSUUoIXsyOm_6AbHKF-2FRhxemt8t7daLV;shIbfgD0TaUvk_oN
/v_Error/redirect;HM7HbhPvMguvzvgyJ_jtFOtnn_1AWAw20ZvGjLGd3aGFy1VUoRJsc9NqPL9u;T7qPAINWX6Ix7PCe
/v1/redirect;sdfsdjhgkdjfhgkjdhfiueyr9348;kdjghkdjfghire
/v1/redirect;T3IMtBsFLVM1I5X2TCZ2e0ousxTbL-9PSe_bAUG60YAcP0ete_G6PWw9Qrjs;yuZAPado3hKY_h5-
/v_Error/redirect;lC-226XQMIaCykFzohAXYai3OHX4NHzaHf5MzkwFO3jEIWjbhNXH4J3UBWga;R47FYOJoTtzzk2w-
/v1/redirect;sdfsdjhgkdjfhgkjdhfiueyr9348;kdjghkdjfghire
/v1/redirect;vVYgh7JZd9AoSUUW_Sqc8uE_G2Ymmluu5iaFBDKWU4-1ULSFCXEv2gvg_-4L;XWo7bY0CMq3H86UO
/v_Error/redirect;Qv8A-5EBvQv4IyM_eI9Gwh3dJbadXDQCnGHVGYzTLtqKbRmj-ZZaAVPw2fOc;_sy8GmBMUspJA6su
/v1/redirect;sdfsdjhgkdjfhgkjdhfiueyr9348;kdjghkdjfghire
/v1/redirect;C9D-U_Ic3FO2PUmKlhTYB3wMZVQM4VgHVVhwTfWOyn2C6eE6YRmiX0wvFk19;jo22gm-HHRzXNFwM
/v_Error/redirect;YrehDs8Qk7udzZEO9z0DbHar96UO0H1LjHFRxuokGTf-8WBxSBHuAhjU7SId;5efeq6OHi6uhpKd1
/v1/redirect;sdfsdjhgkdjfhgkjdhfiueyr9348;kdjghkdjfghire
/v1/redirect;L1QVar4Rd5zqO0oOYc9ZhnGSWKB1me3os90g7l8DQaBGltKb-w3Y67E0cDgB;pG_niqnnOiS3QzxK
/v_Error/redirect;ybiuppCj18neyc1Ec-fQ_jagvjN2bR7Uu1lErbmoZXFcvjiOv1g7FwumycAm;zOsyH1q0mfMvXT-s
/v1/redirect;sdfsdjhgkdjfhgkjdhfiueyr9348;kdjghkdjfghire
/v1/redirect;wGdGHDeLOeizxptFxidb_GodyDiD9d9R8tQDXkTo8ESOCoMqUI-bJqjaE9l-;a_2pAJKn5ZH1ImRy
/v_Error/redirect;eAzf1IwV42hDlCG3Egj62_hMWP2SBdnsg3HyxZxf5DcpKqmPBJs2se4h4ESH;jXeOQgq8tSk2wu4O
/v1/redirect;sdfsdjhgkdjfhgkjdhfiueyr9348;kdjghkdjfghire
/v1/redirect;vYMlt1FE9zBaHPY9ZSQSfS4rCcxB_Qkoylo5Jldskat-4aRAXnn2KYKrwaSf;zMJD_dp5m8GTVT_b
/v_Error/redirect;IVGxA-gq0iHIkP8A7OHZwRzpkYbIZTEsXDG639WeziEjR8vYYKi5RvUU880i;YccQP3DcpLkFmAb_
/v1/redirect;sdfsdjhgkdjfhgkjdhfiueyr9348;kdjghkdjfghire
/v1/redirect;zDhSJHFF0euWcmc8FYLZ2cqCdkk7j9US-m5SUhEBNjra0OGQMU5J1i655Aik;xvBE7Sutyq9JROnX
/v_Error/redirect;B5GTxIO9ZX8MaeiPUsn7kb2HtDDvK4QvEibwgn9gErnzUmUimUGPVxJWw415;l8ISdlUlutTzCY1-
/v1/redirect;sdfsdjhgkdjfhgkjdhfiueyr9348;kdjghkdjfghire
/v1/redirect;Zu8XXJPaSJs2Y1Y43leHjO6udXARmmU3Mb6mWxxGoK4Hg5nVFZNrvqXxNfKy;b5R7Ztu79AQDqfzV
/v_Error/redirect;bKDcJk_-m2VU0ugB-mSUWOHYYCluuGaoKvWCVLzC2PYGyvjprIDWqQYTAh_4;bEa1TAMOMg_beAgx
/v1/redirect;sdfsdjhgkdjfhgkjdhfiueyr9348;kdjghkdjfghire
/v1/redirect;oGxf9kQiMRlTcOH16tQqivDpb1tSW75r9sht9JcBEg7xjHchGRCEDvDJL82m;baXGs_HnSgemjnMo
/v_Error/redirect;7JsPggDbE1gP95MDCQ6TBHK5fj4iiLhMI_NYG0JaELFh34RkIUPnUfUsGfm4;_BoMEinvPM3LSTco
/v1/redirect;sdfsdjhgkdjfhgkjdhfiueyr9348;kdjghkdjfghire
/v1/redirect;33t-giKOm-E6u7JG-W3eD89ZzTtbxH_7un6SiJnEitsO_7zTnc-KullqV3x2;dO6JTGLf9hInn0Jc
/v_Error/redirect;109hCryzr_S0E1eLRJNve6bEHHKONlWBRP4L2gXZ9953rIXGAJQVDDkOuL5f;TdcKZc9iSsqt6Fyl
/v1/redirect;sdfsdjhgkdjfhgkjdhfiueyr9348;kdjghkdjfghire
/v1/redirect;zgpoLuo82El_BNWkPRzgZ2LQJZL3lqFSagAaQbPx6cl7YrZdLeu1s6gzzSYc;6AYw87vcn19yeXEq
/v_Error/redirect;ZdeRdK4PGQf03tJ_mH5jVsbRZTNiats7QUMDoOT6gNcmNZQX15Ka932GpuAS;rkGjswCSFoLo7mRm
/v1/redirect;sdfsdjhgkdjfhgkjdhfiueyr9348;kdjghkdjfghire
/v1/redirect;XBOmH8wKmFdjXCFFGOZrozsmSnK3t6xXsWNIs_lzxonnypLwst0_xQHIxN_o;mSTW10ATukB7LgTp
/v_Error/redirect;K2kyH91z6YozJdwNW0HuJytm-BZNTiibGfK0e3XyX1pWKDLIj7M9_qcBm5mY;zjz-mqpb0cCRHwdc
/v1/redirect;sdfsdjhgkdjfhgkjdhfiueyr9348;kdjghkdjfghire
/v1/redirect;3K1Dctfg9Xv_KCDhNktSjPhQrXTOSYYFEr1Hg03BGNZRorNTFDHYumneJ2ET;2E8wuC33NiWvYoBc
/v_Error/redirect;9W0iMPE9BHnhNyRQUCZ7s6UPJG1jqQQt0fiZE1foavFUMgdmut3Xobs1GubM;ggo6GwAmFtae6stP
/v1/redirect;sdfsdjhgkdjfhgkjdhfiueyr9348;kdjghkdjfghire
/v1/redirect;q6QGQ20FbGpu0vOziWn5WLqsq16uH86jYqakEk3eadL7dNhoRR50djI1xyHT;oTaBjanRPblgJk6k
/v_Error/redirect;1RF6oTIyMu84eeduKsrib4h2z5Zrc0bZgC7XD-qEnSH00IMLXBhFAiHDaeaK;CGfssrQpmh7Xc_Wt
/v1/redirect;sdfsdjhgkdjfhgkjdhfiueyr9348;kdjghkdjfghire
/v1/redirect;hoMmcpKfpOlIUCeMppRAx8Fi0DvM6GddHtYmOEHyojCoqpkRA6470nGR4pVQ;30F4kUlIOfxMZq6_
/v_Error/redirect;6PYcPn8vGGqoa6B7-fiXXlV_xNKNuKUVtQ6aLRCScZlRQxUIDBQvuAII7Crw;ZHeymnCx5vZY2FY2
/v1/redirect;sdfsdjhgkdjfhgkjdhfiueyr9348;kdjghkdjfghire
/v1/redirect;SueIH6GQp1eMKl_Xl7Ff36ZJKJD6K_ikJiQAJJ6iVcr8R4z-nKUqKDgeZgPs;oFqWjzhAQmB1Xq0T
/v_Error/redirect;oWdfMwMKzUGKdPMD3Xk6dKy6XsyRAck57DORUeIVnfCsgnzT-ckg6Q8gBm57;EYt5aAguyJy2nvYd
/v1/redirect;sdfsdjhgkdjfhgkjdhfiueyr9348;kdjghkdjfghire
/v1/redirect;s_CE08oJQUAt-Jd9Z0SDct5zFu3ShyKshUlohNoGIYA13JN6loekj6W_FWGY;pXhmw32okZ2Ujoq5
/v_Error/redirect;KmTH-ZjZUxbSZHYLlaNM-cEc_ODzuyBBViK_WaKMOjFrXb8Nm5ZNpQAT2iUu;0Ebm12eVnCA4Gjch
/v1/redirect;sdfsdjhgkdjfhgkjdhfiueyr9348;kdjghkdjfghire
/v1/redirect;yQSN_Jg2OTleOCMx85wBA3a7akhb88xI_bGWCGgtrkBVx95F1FZbRYviOXwg;NkcvjN_XiDKfGrFt
/v_Error/redirect;QVvBFqepQ8B0TdiYlu2zhaqJJO3kxHwkHmmNk1EyA4neSgpbFQteQqeH7IYH;F98O3P06vEqrayPa
/v1/redirect;sdfsdjhgkdjfhgkjdhfiueyr9348;kdjghkdjfghire
/v1/redirect;8lfLZt7QIcII385SXaxtzGa-2a5X7-E9MGYQcDVR__Vjk0-hiFXSohzdvQxX;tGU_JBlMihrkit7f
/v_Error/redirect;vmpaRy0fKL6cc-9UhgCchS5gXyPjC7qaNRWIygziGqIeEbZM85czbH1zpAO5;_MdUTTESZ7pZxHgl
/v1/redirect;sdfsdjhgkdjfhgkjdhfiueyr9348;kdjghkdjfghire
/v1/redirect;puM6y1SpOjjHxNnSTcpChHoKyc9FpySnBeVw027NBUC_b8pTsNMsL-5Woijo;91ZifwpwLX9Eoceh
/v_Error/redirect;TXOE9_9lX-FlWYcw4IPpIj7fCZJ9zRRW0bE6IRM_rQVf1XMWDkPjBBJfvdTP;vFdIV10S9BTJqU7I
/v1/redirect;sdfsdjhgkdjfhgkjdhfiueyr9348;kdjghkdjfghire
/v1/redirect;CQjmMJA8HBF26gqy4YthneWKFq1iQ4OJdJt_QLqspyPECFktGiNpnpgcVQf5;iiFhcMzwuHrnp4Pv
/v_Error/redirect;VGz3zesZIP0yYcRkwOGf6Vp8hgBBW7c6wJrV3wnXK2EUAyHw187jUVYW9b5a;e7i1FuLG3DnateeN
/v1/redirect;sdfsdjhgkdjfhgkjdhfiueyr9348;kdjghkdjfghire
/v1/redirect;MJrE_V926dJLtd2ef5hQMXghXtkZkww6mfY8Qf3-pvfbDt-RYhRhlUVXLhWO;9szYb7jJBFU8TC5J
/v_Error/redirect;eFwRWAQtpT1ktBScrKVn4gQC8OC2iOvENvqFh3oZptLTxHFoxFhs4TN92DoZ;xhvliZ_Y4d71QYjL
/v1/redirect;sdfsdjhgkdjfhgkjdhfiueyr9348;kdjghkdjfghire
/v1/redirect;cU5HOyNDGdi2NP_xH0oj9SApilnZqVLcI35vBR4EXEjKXuDywi_UJWlah2SD;aV0fQUzT220JA7gE
/v_Error/redirect;KvOf3-ZIhFAYXHQYdsqGjqjNy56go31j-wz7ZSSQvCHZfnZ8x9EBUZhMT7We;xJHZ2s26RREICJtr
/v1/redirect;sdfsdjhgkdjfhgkjdhfiueyr9348;kdjghkdjfghire
/v1/redirect;hKp8uZ79PcZN4hJM_XI2VDLu6_3lTp9n6m4BXhhZUr-tw0s6ISIYBwRUeFSg;dbnfOjJSaU32ch5q
/v_Error/redirect;zQ7Qb0e3_o8rQyiXhrqu8CG9DcqhrT5r71TFSXkw2nlTaXjk19mawK_3TirW;zpVzWdvHtJgKjHbX
/v1/redirect;sdfsdjhgkdjfhgkjdhfiueyr9348;kdjghkdjfghire
/v1/redirect;FgHNjzDKOihABxfAgpnw1F-1pcvuAyhpb-hPXTM5UCJ7aLJvC6aGH-800n6x;LpMi4hOHZsbmh4kt
/v_Error/redirect;aH9eSilzsY89AIFqLw2k3U5Loag7WVV-eR-bgWAbA8H7BNApstJZYtfLzJjk;lUhGwz1rEBlJYpI4
/v1/redirect;sdfsdjhgkdjfhgkjdhfiueyr9348;kdjghkdjfghire
/v1/redirect;NEheqLY8hcw6lubFBcB9o4jGTABp3d9ilc9UmUUk-0QP1RCqJ9jcbshEtcNN;s2GMNYI2WZwavIKL
/v_Error/redirect;n3mfoVW-z4DRau7xXvwpdyRE9X84XeifTCgwKk3xPBVwlCeJI4z-nIy1ncM_;MeMMiSyBETy6qlrc
/v1/redirect;sdfsdjhgkdjfhgkjdhfiueyr9348;kdjghkdjfghire
/v1/redirect;_kIFycbYPgNBS1pLVRyIrg9ms01dees970eNvUMnzy67UmuIbRvITzP_OepB;jn3Vnvw0o97QxFMa
/v_Error/redirect;LbIGUiahwQLsZMaMUhid4s7QhIw54cobeH2dwL2wlQ3hKZgkoJP7q29nOMdn;JzJSq9PAMpXreh5i
/v1/redirect;sdfsdjhgkdjfhgkjdhfiueyr9348;kdjghkdjfghire
/v1/redirect;Twfgw86vokX2-NcXRuvGQgqRXPwtD2Bhdk5O-CJLvkiIex5KgvhgG--Fc8ex;MgWXV8baax7cGiUz
/v_Error/redirect;_oU7pUEPGCN1_6HUjtCEU7GE4kQeRLdIadK1hALLng-y_1e5nOkRR8KUkTeU;ti7UpxXs3q4WbmUl
/v1/redirect;sdfsdjhgkdjfhgkjdhfiueyr9348;kdjghkdjfghire
/v1/redirect;LRpxYnqk-EKr4rE5zG9u1TwOZDTF0m62NDsdkNqpsWmuwPeIMCVQlzUXh8qr;rqbYiDnAiAoz0VO4
/v_Error/redirect;X5Ag79541osB1NrN_dXlT0CKxtyG7dUjcU62rLDJ9K6thbsi_UK_AUaHLFGf;jUWl2zfxExvAQ4tX
/v1/redirect;sdfsdjhgkdjfhgkjdhfiueyr9348;kdjghkdjfghire
/v1/redirect;FBJfVt7ZmaIo7JeWmDGzdj6KGAt8WN3QNFV5vsvRKy6Ah-HA76cxntkXAcRg;hKgy9j8P2vLpSHku
/v_Error/redirect;i1OQoVtbMyJCBpFy-VkbFeGGVbuqaIMekOuphMeev8eR4XEgkhXzFTGtyfQk;9mpRhf-olIM0R2Yl
/v1/redirect;sdfsdjhgkdjfhgkjdhfiueyr9348;kdjghkdjfghire
/v1/redirect;JKQZuzy0Zg1Lw4OLIn4DPrCkW6tYIdqphAXy9ac_jVLHemzQbWjvskQPqpA3;PnyTDP82qsZIZftX
/v_Error/redirect;JpwMuEmB-eP832_evBJz0djp7ksfNrSmotAiyM5jBhFcfrbzSNpPfvF9OmoR;50xnlEDaGO8-1CrD
/v1/redirect;sdfsdjhgkdjfhgkjdhfiueyr9348;kdjghkdjfghire
/v1/redirect;VJzMxTpkL3ok7HoyKjf0EPvDAvKqb-VUrgA081iHU4ilMobXVK1lzHvCqlj6;e8NbtbyUw1w0_gyw
/v_Error/redirect;KUNyWj9vc53tBYbks5sKowePtmaMl8cFyJfkbU5_FXszfiflRvPX3idSE09F;0571SU6r-n3ILNWo
/v1/redirect;sdfsdjhgkdjfhgkjdhfiueyr9348;kdjghkdjfghire
/v1/redirect;yLONmaDQuqUJ-D_Fq6hL8EU03EG0tbIYD57DfB86_C38jnnOln0hoabL3Kz2;nQUZY6VPB5Zzkt_x
/v_Error/redirect;CuF_d3zZTrzG6ps-HUUNysHWyYBLCZ37l_JGI0qtu0WVOc9WdryqL5ra8wrn;qD8WEOzKLJI7HngO
/v1/redirect;sdfsdjhgkdjfhgkjdhfiueyr9348;kdjghkdjfghire
/v1/redirect;4Gy1fK9-MBpCTPM5Dr6SwbW5RTM1UA2SxGphizoXCFZQQfoQy8D-X7HgJuhT;l1AS3HIrQK7wv7ti
/v_Error/redirect;BPG1m-Z9zSsnUaPLhk-aJBKAV7SVC2c2vZVqWsx5zoeYKTYtGI4aIfMxHbbr;Fd15cjnd0PITTqIj
/v1/redirect;sdfsdjhgkdjfhgkjdhfiueyr9348;kdjghkdjfghire
/v1/redirect;onrtAsJJNx5UtH09KtNUW12l3NxAaE9Qg-4EY6gqErSkN6SZweAds9JwYVRk;TGK4CsiJ6cBK1C26
/v_Error/redirect;onCWUVEc3QiSumJ3GLeDwtXMnTgd4_fdJZdg3cXQtHMnCDBtNUuiTVy9O1Jy;RoSmI7jz5A-SANvH
/v1/redirect;sdfsdjhgkdjfhgkjdhfiueyr9348;kdjghkdjfghire
/v1/redirect;iSiTv8O0Y1cO8ruXhl5yg7C39buvNIlOa3UTK15Woy_imQHHNBu6M0L7PusW;aq9Y4IsJ7ZIavc1Y
/v_Error/redirect;z6fL3QTSsr9OQjmoNe9vyvd-_Suju9q6waKyx2Rbi94Uq99tLnAiEt2mAS6g;r3PuFCVrp3zrZhUy
/v1/redirect;sdfsdjhgkdjfhgkjdhfiueyr9348;kdjghkdjfghire
/v1/redirect;Ud_2PrfRUxhjJBY61W8cWa92LiuQJoqPXW8f0H-7j08nOA0iHf2UjC7o9tTe;M5VpCXKKEY6eE9jf
/v_Error/redirect;qfn3D_ynwkh82YDsYElV-3XUxYnc9lF9jgVR9cB9EdXnVS1t3-CaNe1Bt0kr;5NkczeIGIv7n0LEW
/v1/redirect;sdfsdjhgkdjfhgkjdhfiueyr9348;kdjghkdjfghire
/v1/redirect;wZ2x4qOMUh7ih5RUp-GwviQF3Dw_sHhy-jx5vU6XqfFhGUAQLu5gxehmAofY;nKOXZXCm65jZZCw3
/v_Error/redirect;OC1fIkDCkCKglE3lpg3txnisxZJxt8xDOwqbN9YR7Nj6_r_Y8tQm_wD9C6ua;hPitU4wPS-xzQBJ5
/v1/redirect;sdfsdjhgkdjfhgkjdhfiueyr9348;kdjghkdjfghire
/v1/redirect;d8CTQpAqZz9FvGjvyWVUv2EuS6GpSqXtdfpqJATJ40Ox6Zwe6o0E1hqdBwZv;hH_xrYues4S2NH7V
/v_Error/redirect;4D-eunn31DgDnkvBpxIVFCbE7UYy8aN6MDYF65sCPFpH0FBoM_HSmK1FqxID;71EZMiCMuEnKZbKj
/v1/redirect;sdfsdjhgkdjfhgkjdhfiueyr9348;kdjghkdjfghire
/v1/redirect;Ac2z5gJtbDBDjEGclIbOY426sVREVHYb7rhs3S-WU1Vm1j41nXXXwdHhLiwt;GB53KYs8S52Pazpa
/v_Error/redirect;v5HmEIg-31zqQqvyG9gEm4JibK0ob-kQ7D3cjWj40pvuYAEHRQoChBmBF9eq;HbCvcz6Jj-Jq7Qto
/v1/redirect;sdfsdjhgkdjfhgkjdhfiueyr9348;kdjghkdjfghire
/v1/redirect;sDNQNWofoRKwW-9nTBUSjm58caiHcAXSTebhXyrPyklMed_r0bBmwoLi_Uig;fIOxlFZrxX1yTWIb
/v_Error/redirect;STV4fKMe0FSTW9uKkSQCLQ14gObFlvX7hJGLKYQnnZA6ctEhabxbuK5AAkDd;gShT5NTLEtlTKzT2
/v1/redirect;sdfsdjhgkdjfhgkjdhfiueyr9348;kdjghkdjfghire
/v1/redirect;vUXtvPePpHkpbX5Ax_YWwXX-8E0Fymreu_UrRe2POW0_blWBht1YktLsgo_u;0nC_3J81CkLVwG2n
/v_Error/redirect;Fh31_MOXCLv9061zWhahUDFcdR7pEnx7pBt0_aWsyh7r5rBzFHp7nJ-Ea9jm;Q5G-uass1-es9IRl
/v1/redirect;sdfsdjhgkdjfhgkjdhfiueyr9348;kdjghkdjfghire
/v1/redirect;9_lVNJHRsNOsUB7n4JC_QjzAv3yYdOAiK6JxnT57rGk-0yVXSQI5lxknSC9H;1IHRsDiEyHqT7cQg
/v_Error/redirect;i1i_-GyaOd7tEuEWH65yVWZGFwawz--YiK3-zV_is6x9uFaEWLkgc5BbCPHc;JZkKtdOuflYlOIB9
/v1/redirect;sdfsdjhgkdjfhgkjdhfiueyr9348;kdjghkdjfghire
/v1/redirect;Hxj2Onh0UuGty7ihfV97KH9RgzR4KpQ4IwCxu5JCrotOuyNUV-BoheVHtgYJ;5jf_0V_3eas-xxhP
/v_Error/redirect;aWU1DYJJYiGKPMLlcNT30N3JjgS9HaGxTWSHAqsalo7FLs34WfVuNix9oduk;fhl0hQCMRaP12pDi
/v1/redirect;sdfsdjhgkdjfhgkjdhfiueyr9348;kdjghkdjfghire
/v1/redirect;pPmkEA39vxbm1OxxtcTuSZlpwBcP_SJ7r42uMezxqCNfTDA4IFgDw2N6oV7z;porUWkPIfga4fzuF
/v_Error/redirect;AqeNxRp3ILnjECzKJQdtxgROCd_e6ejHECJOslQlq0BkQ7nvMzhW0VdCbx4v;wLb1EFTRFhJr14Iz
/v1/redirect;sdfsdjhgkdjfhgkjdhfiueyr9348;kdjghkdjfghire
/v1/redirect;_QWKhx2CaimxpMkAhM1WFe8m66fTzzeH5j2tT6BnvZ6dRdm8Upsr-OhsDfol;_DuEi4hT1hIOfJkc
/v_Error/redirect;dz9Rw47kxR6n3aLz5yHuxGDmPMoOTtArncqp6Kt8Tjx6is4OcvGf-gDpHTqB;fIhautDDUsetjFcu
/v1/redirect;sdfsdjhgkdjfhgkjdhfiueyr9348;kdjghkdjfghire
/v1/redirect;llYQEhF6e-wbHzdvEUpiFaEfYQlYzyAdUMeVSRHb89LhnmIK6QYFTgmuG5nL;luSgyvaSliQjrFwF
/v_Error/redirect;_XZAvpMtbqsmaro1mF5kQLMW_sshLUqoto4V4iQ3HK_hZsuNmZUCSp_xhyas;gZQWIB3ynlbTA5hS
/v1/redirect;sdfsdjhgkdjfhgkjdhfiueyr9348;kdjghkdjfghire
/v1/redirect;hGubdNp_jRZlyXQelixcfz3WapzOivTzOLSypZXev16H7xzGj5L46LtGN9e7;TjcP9Jyb7t6PKrpY
/v_Error/redirect;3tJc8K2kPB8VVPVbU-X7UtJIL1xULU-Udq6pVnlBoJJfPuRSKnTcVHUIN5tt;H2HkZ7JF5k-iT66k
/v1/redirect;sdfsdjhgkdjfhgkjdhfiueyr9348;kdjghkdjfghire
/v1/redirect;gFVtBDBVXeHESa6GvCBzJy7VpUrX8jSnCKE7cviIHH4Ac4Lgqj3h9t9ZUwTM;3Q1gCEb5D5K_SQlw
/v_Error/redirect;VHL5APQwdJsq4jD0TZKqVOOl1NF05Z7bs_3mJ1BH7SaAKvBfwPReDxE6XTsJ;M-QJ_0TC2-HmrH0B
/v1/redirect;sdfsdjhgkdjfhgkjdhfiueyr9348;kdjghkdjfghire
/v1/redirect;BmZQcRBntAvgzD4yEuwDPS6tqUNU2Xa92U3Y40_sdvJ_ilZPfvZ9m81Rgp0u;_rMsrepNONYtjc-k
/v_Error/redirect;mpk-L8lJwjdpYf_OZYHdzSvcLLEQhGdOWsTZglwmfZlgXUX4AN8faTG22M2m;44-OiVTKSbjefvmy
/v1/redirect;sdfsdjhgkdjfhgkjdhfiueyr9348;kdjghkdjfghire
/v1/redirect;7Z9J5nL6fAKpQyknA5jnDv0rPTeGTMI5lBdbryERzF3cM4LRCWXOJZF2NHUr;E3luspRj3b86m6KI
/v_Error/redirect;LjQoJZGtAk5q7W7N3IdZCifY2qNoua79YmTXBgW9ppCDL3PAv-DFUONF-qXW;A77D97XD3hm-jIWA
/v1/redirect;sdfsdjhgkdjfhgkjdhfiueyr9348;kdjghkdjfghire
/v1/redirect;MxV_8UjdYGF4FyjqxBte1b0MBT9_VUtJCtCS3-bMZNZPNo6PVaDwReYhsntk;BF9SeL-8xgoJuuVH
/v_Error/redirect;qhYcQOalJZhF0jARbKv9lSSEBcuUg_0ed7yjnSU9GzL6QIuijzTmjy8Lr15E;lgzy_MBc86-yFQQn
/v1/redirect;sdfsdjhgkdjfhgkjdhfiueyr9348;kdjghkdjfghire
/v1/redirect;ToOJc_Mq5hjO74F_9bHs3svsquKUocNd-4xNbnqseIux49x9MwVdTiCUPBZJ;4lYPClP_BDxWoyq5
/v_Error/redirect;3a34vpzmPIN1IEdSxxctcySA_p9teuXCYZiBbXmizkk4tYQP86a8xTcWljFP;ADjQqZIRBhsWFgKm
/v1/redirect;sdfsdjhgkdjfhgkjdhfiueyr9348;kdjghkdjfghire
/v1/redirect;OaH8CLFD3wuiEZy8QNEaSJtGOdt010y23BPUdGVPtLGYPys8o6bm0CHZ3H2_;_84S1Hs8ldNVTkjh
/v_Error/redirect;4BFMIQ6PZGGoTsx07nK0cv6sSk2YU7YtQ_rDYVSnqyucbEXI3wxdC2IicYYx;SeLxq3uSXsN7tp3Q
/v1/redirect;sdfsdjhgkdjfhgkjdhfiueyr9348;kdjghkdjfghire
/v1/redirect;KQvwtK_5MIUFpTVBfCtP5yMi1mEl0atoWQyvI4aDICrTHNUZ0WjV1Wrw4z7o;i4dLwkUB6s8Pamo2
/v_Error/redirect;Htx5ZuW5nK8Q2rQHZ30jae-cZDuPBRcEVlMPEjzLvkUo4dxFZS9FnRXE49uc;aN0tSi6km_AnarLt
/v1/redirect;sdfsdjhgkdjfhgkjdhfiueyr9348;kdjghkdjfghire
/v1/redirect;IGFe_-_RE4eIPQm6zylSIbBgZq8Hp5t48LKHE5Rlpbq9rC_R1TXmZAYMgfXz;X4td9w3Pwkterjrt
/v_Error/redirect;Wtv73MkosV5hxDldQIzCztKd0rSi_vGAwEuKbcMd5LMilTPjR63QLF-HIDug;HaMtqccHZQhUe3sp
/v1/redirect;sdfsdjhgkdjfhgkjdhfiueyr9348;kdjghkdjfghire
/v1/redirect;5UOZvUicx6ZUrevWC6pdhpw3K2Lpey3JClfy9AA6WxlJ5NcdUgDUIL1mp7Uz;fMI4Ve21GT3dSwpN
/v_Error/redirect;JlFmsNLeIzcHuANwyTgdR-I9ZoBEt_7twXY-oPEXbFoPFfpEzASyFlI3D8U7;MgqeSdWrAqDvWZL-
/v1/redirect;sdfsdjhgkdjfhgkjdhfiueyr9348;kdjghkdjfghire
/v1/redirect;rf6V4h-ygjtDabFZ8BIRw8e8nHdzf7H2VHdXJ_bWOUeqkHPl5D4SAVeWrBj6;vENgWrssOY_aqwBl
/v_Error/redirect;CRiaOGJCJpJzIMYBQkskpdna5EUmgFsZgv1dFBoQZ6xgo-W4Hxxmfg0PSJ8y;iBjS0FRFvbAX5TAV
/v1/redirect;sdfsdjhgkdjfhgkjdhfiueyr9348;kdjghkdjfghire
/v1/redirect;vjSyDC58txWBDIeayV7eCnxFQrD9XzKeFlsVh22Ij9aDLQnbr_8Y43kxWf39;tmuORi9IsqYXPdYG
/v_Error/redirect;QtT1kLE042lc43Iw66V0XRC15Y0hSfcbjI_qws-RJ9DeZnfhCSB9sWZPnzPX;L5goWLtKQstad5Q4
/v1/redirect;sdfsdjhgkdjfhgkjdhfiueyr9348;kdjghkdjfghire
/v1/redirect;mJb7byGQVRMeCvboF08QCeUU52kztJ5EBQrroQN1wIX1p-ArebOgs1F1J7H0;mZZmTgH8HSGqCYIn
/v_Error/redirect;8GJb5ed2ffxf6RhvvQmz3ZVsEimQIKD7i6m-2V_8uCyLAZUmPeYBbUIvNG8T;QY0G36Vl03ojCRvf
/v1/redirect;sdfsdjhgkdjfhgkjdhfiueyr9348;kdjghkdjfghire
/v1/redirect;yt_1K9pIsby-J1c5Dhk8SDNAOH8jEMiWtN_w3PHgok_VmfwDmwg7Nm9h9HwH;yqUdaBZOkEJbZ4bz
/v_Error/redirect;HTdb8w6DYFGe_adi82XQ-uoCbr8gEZ4JX7FAaoHX0-qj4GP3Rf3uwSVic1oW;ldI4pCVO-ckAs_Ab
/v1/redirect;sdfsdjhgkdjfhgkjdhfiueyr9348;kdjghkdjfghire
/v1/redirect;U94EcAOrS1CsmWLSY6TqAvnaNPcscNR3g_1pMcvGDGYeNXN3NHjS0r8Rub1C;xw-2WAiwuKmhcgBH
/v_Error/redirect;6kXJvlSkAesLmO6KAQBhXkOvI25UiozKVONfxS_O7csm7M7SuiAmIAFlDHA-;QsXYiK138k7LBUko
/v1/redirect;sdfsdjhgkdjfhgkjdhfiueyr9348;kdjghkdjfghire
/v1/redirect;AxAv_BHR-u62QlAf0xLFtlpWZWV01lyXtMV7c7jIDQeLznHD_RnG_w5nT6TY;ufmsDBiw1lT7gVlf
/v_Error/redirect;fLXCfN9Vq119QWR0O6KdLbnD3Kakel1OO2zs9uBqBe3UVvLDhJaXVtLKjifn;GuKIgNrKfKUiczMs
/v1/redirect;sdfsdjhgkdjfhgkjdhfiueyr9348;kdjghkdjfghire
/v1/redirect;kXseWmFTd24ufHQdX7RN3fR_g96OBKDPGfw-t-lEmJrhdl57aWZ0iCHkyLZT;qAoESlkS1aJOkjh8
/v_Error/redirect;_GZBDfHcyVxPu3e191fKY2KVV4WD4B6lH32nfyLbDedcrQwtXEPX--K7xH2g;Tp9MnsLiJG8gqWtA
/v1/redirect;sdfsdjhgkdjfhgkjdhfiueyr9348;kdjghkdjfghire
/v1/redirect;P67xl5p_5KKuAulk-4n7Cf1qvn3OrwDJBXSbSmzRSRvETZ817gWbdIVwMmwb;WeC09AzsuePGnxHA
/v_Error/redirect;YwhXrZLVSiaSJEPcLEQpnWM3sKXz_yqboYCMlek5Q8W1BCEdi1prBYU52rNw;_QhhW6QJA9H1nhEm
/v1/redirect;sdfsdjhgkdjfhgkjdhfiueyr9348;kdjghkdjfghire
/v1/redirect;FTpEl_yE-jvuJJR5PZkx7jTegWGOARBuiaiANMVow9pCCdpbyCvxHT8rWiUF;ZzVoXnqT3LVFXyP7
/v_Error/redirect;rLCOs1XWRAqg-dkIbAgl5BlAmcHuQVhkyNcAUT_AE56CbkSdn3ebaAQm8QZT;UW5OL8wdawBZq2mt
/v1/redirect;sdfsdjhgkdjfhgkjdhfiueyr9348;kdjghkdjfghire
/v1/redirect;-PhsMieBcplWSU29YhRPwKAGXEUNxlaKAovdi3aGQVoMUGz-AvKQv1qFzG_b;5covCUuqTS2TMkSG
/v_Error/redirect;no23HqhVvITKCs6RS2YkfsG7LgR_fG-f1ik9bbbCiA6c2S775PbRNTEgQA_H;bVnuaCQQEA_cXnrF
/v1/redirect;sdfsdjhgkdjfhgkjdhfiueyr9348;kdjghkdjfghire
/v1/redirect;bBhtfCrpwbTCUfql7HEE8QjNd-O6L71tMxcxjXNGlOE07Flaih_uD1A1pl1Y;isT1ukFAaqjmp-ww
/v_Error/redirect;9EcUGLQrzNejPcxjZhvYhNWNtIHx90zX8I_O07Kh0qdjSrsNNnZjRN3qrx4y;cCt3vSoSVLD9CZIi
/v1/redirect;sdfsdjhgkdjfhgkjdhfiueyr9348;kdjghkdjfghire
/v1/redirect;mM2vo2b4dUGY6rJ5ADzXitmOZCB_G14PqY6CHFw0HZZ0vubUgBPlkzkZcnHv;HbzXj_q5Mza11rN-
/v_Error/redirect;WCBI91hXdjrTlo691LC_QF9L-6Yv_eHS73ZzI_Na1iLMZuVWxE-93JpW1gbb;vcH2icNQc0grj8gz
/v1/redirect;sdfsdjhgkdjfhgkjdhfiueyr9348;kdjghkdjfghire
/v1/redirect;jyGfo962QGBqGmkLg0r3m-9a_zAJaiqLD_61aalxDyfTDSBxQbTzZJLGmZeL;guqLe3FQOIar9hwv
/v_Error/redirect;2qLItNTICgfWPnXy4baj04wnx73Qp_xAOpfURbaDlx28bI6A8s525a75efOZ;JI0sAWVYTeKmL15R
/v1/redirect;sdfsdjhgkdjfhgkjdhfiueyr9348;kdjghkdjfghire
/v1/redirect;Fz5ZMd1ubtwqKWlPCiQ_vxRFTYr6077vewF2E2EwO7Od_ucZtHVOi3QjQ2qf;cZE8MHw5rakm55RP
/v_Error/redirect;xeUw0bKWEGB72V4M1gY3_uw95H6fm6-FYqXXXbLa_dFpERMwAneNwRGlD8Se;kRen3L5OeyYu0O9Q
/v1/redirect;sdfsdjhgkdjfhgkjdhfiueyr9348;kdjghkdjfghire
/v1/redirect;-zpzxYHaJcIe62NqXQky0VWIAkK_MOWIpm0VimYvnzEoe_XGAPeYghnwm-pO;yQE3GpO4hyFKmif3
/v_Error/redirect;ZTBcaJgiDdnKGdMlSjWS8nKI8XzprnbJ8znlZ99-jfmn8WoejnsPZg2RInKn;gxJiw3AWyhUpILmX
/v1/redirect;sdfsdjhgkdjfhgkjdhfiueyr9348;kdjghkdjfghire
/v1/redirect;AOCoRtJS1u4JYFAOOcDam-P0EKkwUO8aBjQqvHPJuHLFCYNa1SR7NN-DjYEP;yvpHzX9_sOlzy2RX
/v_Error/redirect;eGSqw0n920jIK086fPyYKCHb3b8YEPg53UzLepQ-ZxE-7vxzN_v00M5XMCCA;fPKouH_4zuKdV49s
/v1/redirect;sdfsdjhgkdjfhgkjdhfiueyr9348;kdjghkdjfghire
/v1/redirect;Qy8CXx9VC8lyjIXF04Bb5J7WC9Sa3N_rglb5NbS6jS4GrWAbixKEXmRBfzZA;9qOrL7f-xRivW7iP
/v_Error/redirect;tPFLZWcpSjwsVG0iVsqr0_RPjaG8jQCzqQSfdZG2cpNz0bP2LpgjXVIy3mUg;wjusv21fGU5Qz4yv
/v1/redirect;sdfsdjhgkdjfhgkjdhfiueyr9348;kdjghkdjfghire
/v1/redirect;Eoyl7XTDtdAHHg_0eixtLLV6ndXiMx_GpsLL4LQno-8mCyDCrweSky9Bijj9;iL4xQY6eObpctJoY
/v_Error/redirect;JxFjYZ8l6PpI6v-zoLvUw53UkOgWi5Gwqi6DnmXMpGkIvPp_x-R7YvHY27WH;AhetOkwgsA_IgyzW
/v1/redirect;sdfsdjhgkdjfhgkjdhfiueyr9348;kdjghkdjfghire
/v1/redirect;aV2JgfWY3obrcxUbjypkaC8TKNjRpdYSPd6r1AyVp_qHBlR0a__DOuw7djxZ;gpIQ_Zh17lXKxs0H
/v_Error/redirect;Sgv-BUpoUaw8oaqtd6qqRDipiSeXZbdabVRBP1M9EF92CaJtY4ahLavOlSgv;NhM3b_COYgp78vZI
/v1/redirect;sdfsdjhgkdjfhgkjdhfiueyr9348;kdjghkdjfghire
/v1/redirect;GrMLwFDVrWbFFU8Ec2Nr2zyNs4AOpWG_1DSofYmGh5BpsYYkclHT8VuUFqu6;1XVwarPzicudhFR6
/v_Error/redirect;N7Ba-dxQGnTwvMckFx6n3QbcPrLhxWP9vsMYp9MVHN-vEoR8jGeI7zLgkzmq;x2MeDXb4CSK0ofas
/v1/redirect;sdfsdjhgkdjfhgkjdhfiueyr9348;kdjghkdjfghire
/v1/redirect;9hZ_ceu7Z_vBlokxj1ozBcp0yqmriP42zX6qT0a2SmqTGt1WGLVBaivpbABI;0J6HOoDFKPv4dOYt
/v_Error/redirect;lbA8AVVL8Ymxxgb81FwnuLz-52Ql2IbtTcZydBek5XGUtgEaR-3Vm67CzKJ1;kinFRwgxyYdpGHuz
/v1/redirect;sdfsdjhgkdjfhgkjdhfiueyr9348;kdjghkdjfghire
/v1/redirect;t-JBTrHwGBrxh1o08eSWrmEUavpDL0o9m_sLG6PYRRKqwy01MnTV1Ckm_-Db;bAxQHfiQ9hCsAuWS
/v_Error/redirect;mx_UjptfpWsvkJpPhSrRrv_VF0aAmYKQsGJOl2NGYv0KOCndIrV6P3AFNmZB;K4WbnqXgCpXEoILO
/v1/redirect;sdfsdjhgkdjfhgkjdhfiueyr9348;kdjghkdjfghire
/v1/redirect;-lBdSQqENVkjSImV6KK-ncsnHnQ8T0GYIAAu3Kuy0qFLWYLHpzRamlTqZej5;1KwJ7M39Vn7JC1cX
/v_Error/redirect;TljBBnhw9Op_6i-frcRSK4h1txDLLxtvEt5qyLh2-d6B8RaQzrEp0nWhb0Xe;qietI9jus-RD9pX6
/v1/redirect;sdfsdjhgkdjfhgkjdhfiueyr9348;kdjghkdjfghire
/v1/redirect;FyQCNq5FgIp3akPOd2X1SOgoGX5Fy8IWDe32ArtWg0ILnA6PR6ZB60uhua80;sK-TkFlQHhQ4wp9T
/v_Error/redirect;-9DwyoPOMvgjipe5XyxkgRSNibpMlOIPLUifuTejyRoEvCcAvh2ebZZUGadP;9l4VOEeAdlVUSLCu
/v1/redirect;sdfsdjhgkdjfhgkjdhfiueyr9348;kdjghkdjfghire
/v1/redirect;8_GG1B15dSIlBl4wgFCDI280VCoN2eTCVPRbpgFy9drYwEVviho9F47Xv26Z;AF0UuOdPmbH6vqJD
/v_Error/redirect;Pwz8pWendYi8ec0Iw6Arl-FPJ_5lwLqXRCSKiBIIeFhuhtdaKdB8_eV4-rQc;-8KXM58c0uKvYsAU
/v1/redirect;sdfsdjhgkdjfhgkjdhfiueyr9348;kdjghkdjfghire
/v1/redirect;sgkcGobshh-1prtPKklsdKmO_MnKBmToKGGh-c6YXUmPyaQ0koOf9VfskJfB;pHbKr-Wb35_8UBKb
/v_Error/redirect;vl4S6f41qdUouTcBL2SslQEloPcplqWArUA_huF_CQ86ytEEXMmV2XNntHnd;qXxMihMLfpBZk3fD
/v1/redirect;sdfsdjhgkdjfhgkjdhfiueyr9348;kdjghkdjfghire
/v1/redirect;VnD-2EJxdfV7l_PEqOD2gao-zirgjBUjlNbc5wkqC1VpSvarZ22tAWreSx69;E5u6vwbQW08xHDwx
/v_Error/redirect;Evz1ue8D4FM9jsU5Ce-bMhIeMZpVr_bpVLIhreKEXUb5Dr3WAoWJdItw0hu_;eXXmnQ1kYEbCJLYX
/v1/redirect;sdfsdjhgkdjfhgkjdhfiueyr9348;kdjghkdjfghire
/v1/redirect;LWMOWxHgiLCscqKJesvuMZZREr-6aT8QmiOJBabYsD0gbFXI1FQf39h-xFAU;YVyVRxAj0epUatTY
/v_Error/redirect;Yn3JCMuX-xNEReNepnU2Rq82Z5tOaxOY4gBJ5FV7B8DVyIMd0kIsTth2GiAs;LBy4fSbJ9vOKDnyA
/v1/redirect;sdfsdjhgkdjfhgkjdhfiueyr9348;kdjghkdjfghire
/v1/redirect;hoUz-tJ3h1eCEw96DIG4zN0XjeVX0QZZh3Ta026tTszlnbV5H2n1K3UcVTii;QbgC2DdwQlCaaF6f
/v_Error/redirect;Qbg9LYP8F2Rgm-L4yVvDrvJtYNe1DGtPfoq2B5dDeQcRg_qiK50uKT1oLBki;3gY5cquPPv2ypmFA
/v1/redirect;sdfsdjhgkdjfhgkjdhfiueyr9348;kdjghkdjfghire
/v1/redirect;mHqGQMSptGlHEepHAdRIqicGPUsTrXpd2UlXG3FwEZZ8dl0QP6h8RgHfrwkK;h12b5DDnafl0PHBA
/v_Error/redirect;eJagoT25ExaHWsPBR_c_YtuuJbHNg8xzUSa8dtcow7TXben7R-dI2_cMIoxo;j3-nnhw5_ToUe_kK
/v1/redirect;sdfsdjhgkdjfhgkjdhfiueyr9348;kdjghkdjfghire
/v1/redirect;Z760OQRxzYqwuu8a1CSyMFrAXCe2tfK-ovZQq2Tibv7lbxmfnF7e0sp9cJ3L;sV_qv63oXR-emTZl
/v_Error/redirect;HXV2izPWQSPO3GWr1OnbUn4mdEyVFD370A-oMFMhvdurFpzaM-R0S-y29Ng-;sFkTdatgvaBm11TJ
/v1/redirect;sdfsdjhgkdjfhgkjdhfiueyr9348;kdjghkdjfghire
/v1/redirect;dpQVaOM53M7x8KJMkFe96c0fxjDczoIfNzYPeeHOZSwGbnr7Qll7nvauh0N3;z2Q87oDYDjI9dB-w
/v_Error/redirect;b1nz7AhRDsAEiuZkMAC5ulxilcRQ3s1bC0cI6_NkorZ_5nPKqBArdHQVh7Ze;85RyYsbqz2PNA7xj
/v1/redirect;sdfsdjhgkdjfhgkjdhfiueyr9348;kdjghkdjfghire
/v1/redirect;7WQdhEX2rKux4tQc4_pyfTUXSoJUlsmq3YVLIq-5Sz0HtYFJyXcoj9fW7Vos;3w6bqSYR2Eii0q1h
/v_Error/redirect;mfvUOMsDvW0EnX_z22tEDpYWHS0v1sEzBRL2AV37jcRFqYTZ-6DGM0psGADp;8zMjxfwgAcSQZYwj
/v1/redirect;sdfsdjhgkdjfhgkjdhfiueyr9348;kdjghkdjfghire
/v1/redirect;GNWf0NLh4yOBCtWTq1mutIpaJqCo5ZrfyAUEV39-ol4T8RVrGNAni6-XtB1Z;uYgS3ZEcY_Ysnzpw
/v_Error/redirect;uGL8FtTPGF-MWOKEc0q7GGFOEokllSeowws1RS-_846nVxE_4iIKibHJ04u_;214ZoRjS_tUNQbAe
/v1/redirect;sdfsdjhgkdjfhgkjdhfiueyr9348;kdjghkdjfghire
/v1/redirect;2pJqChLk0xp6Z6geuqpj-EYbZvZiePIO0RIzt27yELXBwsjUg-FvZ43shtMj;CmOhi_gDPSuCGUuY
/v_Error/redirect;JhzLLIsHFrEb-cqTp0UpyI9qNNgvWYTrJaRPPcK0ktabP84Z5lhDaU8Cpfc2;Lhq07tLxWiGbUOod
/v1/redirect;sdfsdjhgkdjfhgkjdhfiueyr9348;kdjghkdjfghire
/v1/redirect;eu6wlV8m_7NV8kqDyvVBho9RERnPb0NML13X29FHqykxFLM-SwjeYq6ycQq3;RDflkBW4d75ZoWA8
/v_Error/redirect;E3DFCrasETx5JHNTdScs6dq--xIjCK-wzPvZshUeApUzlCNKRSWKVA-L-euX;-13asCvsj1jITmoW
/v1/redirect;sdfsdjhgkdjfhgkjdhfiueyr9348;kdjghkdjfghire
/v1/redirect;G52rd7WLiZ7pfs7Acm5Iyy-RInjTtrd3dep61J1K2hzA8QSwK0ZgfoPPv4ji;ON8ZUhP_-WDzuTB2
/v_Error/redirect;6Wmwalfm-eFFPrBh3bDbO8xvSdky5WseTV-qjyzJuylgLXbrKoDDASGzwIGe;ypDdIEUT6Y2TwPSP
/v1/redirect;sdfsdjhgkdjfhgkjdhfiueyr9348;kdjghkdjfghire
/v1/redirect;M41meLm_OH-WMWPRtjnq7nYtcAvDQqfIpTo0YsSoweaEY0xXUiL0cVgtzUln;30kCE1VLnKfHUAvE
/v_Error/redirect;x1cgof0XYNdZHDGGwoMvYrM33z3DNnhugidWFwBp9RaFl5UwYZla_5xn39Fa;lLH41Byt1l84LgWq
/v1/redirect;sdfsdjhgkdjfhgkjdhfiueyr9348;kdjghkdjfghire
/v1/redirect;gslbf460v731u-0R97L1ehGoDi5lVQfhPN0o0WifnG_AqbCVsezmpBVH946D;ej1LVXY8XvMvU3xd
/v_Error/redirect;vnle_ey9J3f67wwF4UctIifcxv_rR_QqDr5MLmLuwC2HBg9D_UNHTdSocdKJ;6Zx5xCgjy9XFKE00
/v1/redirect;sdfsdjhgkdjfhgkjdhfiueyr9348;kdjghkdjfghire
/v1/redirect;pl-ohi4hgfWfhYNNrjpuowfYdQwIRbDG-vTJ6hc89hMtdCWAXy1W-MT1wO_0;QwY0B34FrUN2IIAY
/v_Error/redirect;znRwO9rqCoqniSNEgv4GUiLM2hjOb-ocfyyaXB1O_n-jXagV5VZor_29-AeE;cdISCCcVqm64ZjKw
/v1/redirect;sdfsdjhgkdjfhgkjdhfiueyr9348;kdjghkdjfghire
/v1/redirect;NqXVCy-g-s4_HaRNyVW-lu6Zxqxq4ZiM__nhLQWYrix8ZNdnEWweu8ckTiQW;Sj-44Y-3gjKG_ecd
/v_Error/redirect;CQ_7wQWgfQ7YHR0MbfZAfiysCeHglQYbj-cIGi_Couh4TSi0hKLv5hi4nHbi;RD9ILlixnKDxE-gi
/v1/redirect;sdfsdjhgkdjfhgkjdhfiueyr9348;kdjghkdjfghire
/v1/redirect;VqHsNWCAR9GSa6_PdANsR0rfEl-6nv7Gj-AptOxXaNvhcXtN5xYFIaDB8ZYO;HoJYOZ2svJ18QB9V
/v_Error/redirect;bpkiQfEIOPCcIddGy7soswFvQTkekVO53Aa1COeOiaaqo1EgGojOrTK1z-z5;lSKeuFu7QCleJkFv
/v1/redirect;sdfsdjhgkdjfhgkjdhfiueyr9348;kdjghkdjfghire
/v1/redirect;k0frIB4JCkktKh-Jfa1mHfNctDwV1NoiLSKbSvXPrfRglB9vsmS1pwc4BRGM;RCc9b8vd280-ZKO2
/v_Error/redirect;zOAGAGEmHp8gcIg34jvc6bwIZzQwGeRl8WGfa9u1XPHEvxSmq1vwn3D76yPK;Sdbm7tIMTVZJy7GG
/v1/redirect;sdfsdjhgkdjfhgkjdhfiueyr9348;kdjghkdjfghire
/v1/redirect;14Dc0wDksJDj9Pe83RM3It1xLpIkRy-0Lwj3wtIAdsyFjYJEce-k2vS19eYu;tCNC6reQJ7WidIP8
/v_Error/redirect;NMPh-3pxk8VEKuyUwN_UfkUzwO-9TEhwOfGa8TxjOKQCtOIS0mhhLnYPyr1r;rHWb7zUi9J8SLs0i
/v1/redirect;sdfsdjhgkdjfhgkjdhfiueyr9348;kdjghkdjfghire
/v1/redirect;7ezrOuBteJjrq8fcdzDklsY9UX-rIpjmgBj4EqYjCCY7sGUJsGcfmXGk9mnH;-sEjAExi7SSBwRzG
/v_Error/redirect;IOwf8D771OL7Lnccd6jte7M2XnzXTkaOcnAsD--ezgLa-3YO7QrDniK8f83a;r1WGmLkP8VpA-aI6
/v1/redirect;sdfsdjhgkdjfhgkjdhfiueyr9348;kdjghkdjfghire
/v1/redirect;n4GqQxa-QMMIeqb7nrJ4t-K_vWA0qQO6HGr_K70yl7vip8_wWphpGfmqluMC;CquI8kFGDY0Cz8HZ
/v_Error/redirect;djg7CvgrcVKxQbv6zvPWHZdehD7eWgp0wGNQPpp4yVccLYib3ZG8XNXhZ-8Q;xOjb3-b2LyXGFzfx
/v1/redirect;sdfsdjhgkdjfhgkjdhfiueyr9348;kdjghkdjfghire
/v1/redirect;z5wixACSui1C2bLa8UM2yTQCpKhH1-1v_Yn9jg4Xx0ovZpQH4vKWb4wo_xCt;eGpxMQYRHtmRDP9F
/v_Error/redirect;SRgruOXWyoxe884jGUdRuYiHbI34-R4PXZOH3UwyxezkzcqkuLOI5bjEcitn;6CkXMVLy9_ZpTWDU
/v1/redirect;sdfsdjhgkdjfhgkjdhfiueyr9348;kdjghkdjfghire
/v1/redirect;6EJQLuaKFp6rQjz7ERaUErc5Nmrt6_J6h52yWk_s7don0Yu38fc7heGZIw9-;0mtT_Lgmy_NIK5Wd
/v_Error/redirect;PkmiEsrrQ1QiirK_fcUCX958IHiQe-BMHCLGjh1gzMQLte6Y08WBmUr1wNVh;7_iyH91ip3JS2SSJ
/v1/redirect;sdfsdjhgkdjfhgkjdhfiueyr9348;kdjghkdjfghire
/v1/redirect;bp96C3mnKubJBuP5KFOi5Dwei8lryYeM2bj1uvnWfGIKKL3Ha78VzG_4hRs5;HDu1QKqVoFEQ8cCz
/v_Error/redirect;YD21SPgCgsoOoseeM1xMc7np_eKH7G6X04jLtxMuREu7DtlSQKwtGuX4Zqh3;wZ3ZCMuSCyxk6Wlk
/v1/redirect;sdfsdjhgkdjfhgkjdhfiueyr9348;kdjghkdjfghire
/v1/redirect;PbZDXmYWgN5PBQNsYe7wv2J2QoejYl-MtcbFNgiL2xRdUxUSiw29p_1WTYiZ;c3z7IQHLRTKj1FNe
/v_Error/redirect;DKmKoMvvjBmG48o-1ObZAAEg-cAHQ_crZL-Q28QdgODe4SIWjGPSy5xmwckN;s6_DR-aUAjiK77Es
/v1/redirect;sdfsdjhgkdjfhgkjdhfiueyr9348;kdjghkdjfghire
/v1/redirect;5oDltLnscOFwz-s2snglofFVxJIj2VEvlB3gx2PCCLXoWPFteT_tIzpilFZ5;XE3CWnl_ZfZYoxp2
/v_Error/redirect;wrXxMWbYtIkDgULHd6MsUSz-TLH4RvyZQc1xJtS8JJSkit_SP07JCH5V8iNh;t1p-7ormzX7nVWpP
/v1/redirect;sdfsdjhgkdjfhgkjdhfiueyr9348;kdjghkdjfghire
/v1/redirect;Y9OuIwe6XqRKSc9wxd-hJbN-EsN0vJCvpy3hHveLr4ipY968pIRELBS2ealj;BCmCG8i6lDsZoFVU
/v_Error/redirect;yzv61uVQXNcfupnrDVnnILlDJ3R2zmCTyLVCDMztopHMDVSCs2KGTL9EAXSm;vroflrC3OTZRXB0m
/v1/redirect;sdfsdjhgkdjfhgkjdhfiueyr9348;kdjghkdjfghire
/v1/redirect;--HtTL2s-CmxEdeoIwUyUQWiph1PRtCo1qXMihvVMoBzwiFRawuwsGBCc4y_;GjRh_GYMq08r2tId
/v_Error/redirect;HR4JlFLCOETMgi8SeFDUitzXQMO-xOx2dhKsW5cQ4wJy_Fi5S7lQV8if9uN8;6q5iEhMD7lxHJu1I
/v1/redirect;sdfsdjhgkdjfhgkjdhfiueyr9348;kdjghkdjfghire
/v1/redirect;LMmXDFt_n36ygIwuXuPffOiZqrZUdnyJZZx3d9qiY5lyMwqstHz9SfMsOdtS;lwsAL_nS6YhEzHkl
/v_Error/redirect;pnxRTVH7NCYuyLaxWbI1HyNPxrj7l0ClbBP9Hr1eK-Zwbn-r-CvkuQOoWDaJ;tSVE56Y43m1CTo-0
/v1/redirect;sdfsdjhgkdjfhgkjdhfiueyr9348;kdjghkdjfghire
/v1/redirect;zJcO9iUbH0c3qwQGfifpLLLQeSLge3WttRuUTGWEdYlQ1aIYAiQ15OdR7flM;nKgna8lJ-vmL1a-2
/v_Error/redirect;ZlTYuIiUQv3L3lQIlHRc5CnfecBnq0Z69AkzJKw_N5prJD1QkKsOdhUTEsQq;0HZ1uYyupgmmOGWx
/v1/redirect;sdfsdjhgkdjfhgkjdhfiueyr9348;kdjghkdjfghire
/v1/redirect;U6y889sblws_H7fea9Mn4FjYqNXCHeuTLi05pc6GPt1uQ6vXkYiPCbQmPcIu;z5oWCpZERLG1dr3u
/v_Error/redirect;FNQrwXxktNAhX3fRRyzPdyVe6ai2oJ8afa9qnzxv01FidsZ9tDbAbSPASmkl;kmRr1lvoSrbP0-pG
/v1/redirect;sdfsdjhgkdjfhgkjdhfiueyr9348;kdjghkdjfghire
/v1/redirect;H_E6x6GdHNmHwJkXdnTqqx4qlmiELUTSNHtpPrAdfwtvKtH2AfFNjEQkHlSt;uhTNm-ot-PNYhqhn
/v_Error/redirect;2qN3weHjPZaxZlQ9lnxCFL_Uj-6WaQkICChv8KXD0B1Q2GoQ1GDozWbw-C_y;yn9WwZaH6Ei31evK
/v1/redirect;sdfsdjhgkdjfhgkjdhfiueyr9348;kdjghkdjfghire
/v1/redirect;jWJTRYkXuI9VqwZm99N7Ac_oYElakMrZFo5fPcgpdXlmkzovZ6mWoH8MjCaD;y5zFIs4_CiA7v0jo
/v_Error/redirect;yPfEKTlH0hoXSAcXY96AdjwQBNuXstZJQ2x8UaecA-DH2doo_pjiBQYVuGPl;0odSGfM7TtxKZZIs
/v1/redirect;sdfsdjhgkdjfhgkjdhfiueyr9348;kdjghkdjfghire
/v1/redirect;M1tIY0riEcdX74ts1m95kK206Y76TtJ7DEjrN57Jz5KB1-E9STYikc75b_k5;X25g_t6SZFQ17s4z
/v_Error/redirect;yRWaVg2smy4T5jcELX69mtKI4I_nl1jrcPjkOuia1cvs4C6dAG5b3mlLaFsn;Qqb85NAnmaE9YuHG
/v1/redirect;sdfsdjhgkdjfhgkjdhfiueyr9348;kdjghkdjfghire
/v1/redirect;uORdp3kBiOF466O-yA94bl7WChjpQh7DUYuWYT-ppysAJyaEp11sCY-c1ALZ;CaxMBClnQqsB2zDa
/v_Error/redirect;0V1uuuHZuGkOkBaUDs6LeD83R_3gWXLlxLm472LUOaMQ4wcAbeE80u14sI7x;MFoUwWk-9NgaItu_
/v1/redirect;sdfsdjhgkdjfhgkjdhfiueyr9348;kdjghkdjfghire
/v1/redirect;p_TtbuDx3Rtjwg0Y9WWrHWyRAAgEceD7cKxdOXhCnOxfMsf3eS7Yg11jDHTR;pOm-6xH_ksdEzI0r
/v_Error/redirect;IvoqT0W5ZfQEXT3ZKWm0m6bQatz4YJcZjiNfXV1uNU8Zt-bKibKtJcxDdHYG;af9puNZvpX_DLvkL
/v1/redirect;sdfsdjhgkdjfhgkjdhfiueyr9348;kdjghkdjfghire
/v1/redirect;9L0Y3QK31OEpwW-5-3uU8lyd5xKq0Ey6QIDvdpLLYjX05VOKnCOvSL6elPaM;svgzOZ8RoLrWvQX3
/v_Error/redirect;iUVmtWsgnNpIu7GSNECg6LHdueyJSF0kYD_847gaxH_6R_QapcfTuYgud2-Y;OHrfSoa6q6UU_bwa
/v1/redirect;sdfsdjhgkdjfhgkjdhfiueyr9348;kdjghkdjfghire
/v1/redirect;0pvfZR7kYmZBcvazQj2IPFxqN1UaCWBTOXoILVwmZwygNMTfdvZtGsp0k0aj;3fCQaoE9kPodHoD3
/v_Error/redirect;8jldD4UpWayWB4tnfxRUhpoKUKrRFbI4-zrzZvUEBMoupv4ljWr9vkRdaEqZ;cLSiU9O8HiNHm7Lz
/v1/redirect;sdfsdjhgkdjfhgkjdhfiueyr9348;kdjghkdjfghire
/v1/redirect;OwMG0mj7yYmRP2eZTAa4frLTDoaFwF_Bf_9RLLmP2wOKMP6RFxuOeiehASoK;D6SWssi-luTZxcD5
/v_Error/redirect;Ff-Wbf6IyilvNCM8ph_mYJfa03igsdHBguhbgezrYGp25y3iUQ8abiVeLuaU;7i9fkwH1VktLx5Df
/v1/redirect;sdfsdjhgkdjfhgkjdhfiueyr9348;kdjghkdjfghire
/v1/redirect;3CyaVLgzzUZg3QVeStaXOL_Ei1V20kmp6Gj2xUdu3vUkjK9z0MNOw5Gir2Wy;vMt3IiyLslK8FV4o
/v_Error/redirect;1DIT75OVx9NQqV6JIbm_1iXR5rU-k1Vqljz12V32dW0G_04U92PJmHkcrtuX;u60gyy6ESnVByQE-
/v1/redirect;sdfsdjhgkdjfhgkjdhfiueyr9348;kdjghkdjfghire
/v1/redirect;fkScyv379IQTYomUjlGG11QdMzAqukneyr0-uDekg3OVbkTs_6rBiGV9dOWw;tFPWjwX4my5v7yqk
/v_Error/redirect;FsEpOobmZsoNjTQCIICxk6LYb-SLMDg0zXDYi7-w-U2eHQPmHE6eggvOhWVk;c4slEoSDMApdzTHp
/v1/redirect;sdfsdjhgkdjfhgkjdhfiueyr9348;kdjghkdjfghire
/v1/redirect;e8M8i1pnMEe1Zc8Ec1tbKB29DwM_0uqVQLs86HOD7MJdt9OKChtY2YJuUMzj;T7zOUJzGdgEDRf_1
/v_Error/redirect;3GAsUysm_svky50KLaGiO8xTV0GfRIkbyhwSlGXvl7Hyso-Ugh8FDzYu0tEn;FbklUvWvmO3tEvlB
/v1/redirect;sdfsdjhgkdjfhgkjdhfiueyr9348;kdjghkdjfghire
/v1/redirect;XKw_8kfaTOx21ESX2SFqty_Css70GaC2-RfhqIjhLPu-9ztWEX1BSG9CKNik;558BbDZXCXYoA_oT
/v_Error/redirect;Ob8OUyjPIWQnMa1Iqr3EZ5S3Y9xuC6XjIe0PpQ-Hi2sPkYqutV9V2DQB9XpP;71p2FrL5-NNo8xEC
/v1/redirect;sdfsdjhgkdjfhgkjdhfiueyr9348;kdjghkdjfghire
/v1/redirect;Pve4rkHWCRGK8fJy3KlWFmjEy7NE6LSA6pqWi19w6_NpOYLJI8SQfSlZFrcA;Ow26Zg51Dd769mQa
/v_Error/redirect;VuyZ7bNx_7sKk4mHFkvPyjARyr0FzQnIP7Di93xXlf8x95xa07HpH1bFXGY7;vc5aLut1NLj3cpRC
/v1/redirect;sdfsdjhgkdjfhgkjdhfiueyr9348;kdjghkdjfghire
/v1/redirect;WQ3xZZ8kuHVVo9ZKDAsMl41q4UwN-BMWKoGFDlwdNhGVxtn2v5t1LDXm5c9j;NIBO8pd17cr4phy1
/v_Error/redirect;4d6SEfkkfj3i_dK3MWK4TfHI-ra8gV0aGJlGF4MI9vTJJWJ3DsEGPAIL-K7S;heprf9_M7-SyOa_H
/v1/redirect;sdfsdjhgkdjfhgkjdhfiueyr9348;kdjghkdjfghire
/v1/redirect;DIOI36OqDoWF-rIjERnHF8nh3m413CHls1-RBAt1xI13hQXycOKSuhVyi6JR;2RGS7vafh9x4G_Lk
/v_Error/redirect;HzDd6EOrD0oujNhsfFTnF7kJw6KuZItNnxetjGjCRUSplrpqNAuCQ5pILw6y;oGXHGfrKusk8A9Te
/v1/redirect;sdfsdjhgkdjfhgkjdhfiueyr9348;kdjghkdjfghire
/v1/redirect;NnV-UbSA8c2IkfHm4GPPHsThvdltI57ubxvNzCAZ46y05nxQk_oeOeq-NGQo;D_LNO7rsOQsYkrRu
/v_Error/redirect;4A3KrzEC4uxgOBQ-fHr8_74aAUCKyXSk0DHCzeBjTIZR-DXIBBaGEVSdI2iU;jqts8Wpw2lpQoz54
/v1/redirect;sdfsdjhgkdjfhgkjdhfiueyr9348;kdjghkdjfghire
/v1/redirect;ZZtouRIsgkcruUges6KqJGEIM0ovYTNEuSoxK0M0QL1_QB6gviKU5MrWWLca;KYVtS0ZAYreGreNL
/v_Error/redirect;9rxUgB7J_zfK7MM1kxat8BIsKvGHMR_rs9Gf-LIryOHB9AmHjviCfOnrlCr8;vfl4C5K5DzJbY0dk
/v1/redirect;sdfsdjhgkdjfhgkjdhfiueyr9348;kdjghkdjfghire
/v1/redirect;dbJJ0I-wAbCZudNRv5dw4x8T8vXQzdVmB1sUDvPBZjCUrzlh0O8I633auVv3;AIRoalh7OndNtA9R
/v_Error/redirect;BfR5JgN44iJg3M90B9YlUiwj-PrF8JxSJHrDHmAWtuY8Df6CQTw6yHmoJS6v;8xcnJkxgJElggV9E
/v1/redirect;sdfsdjhgkdjfhgkjdhfiueyr9348;kdjghkdjfghire
/v1/redirect;gQ9hTyFZ45mjoU0W8CIL01_zdkDXT5WsKJrjf97mWf71L0JJx3-FVYr72f41;3WxnlT_uCfOlw6qs
/v_Error/redirect;PqtlESkspxkTntPsxw8apNg25xpiCMNl9Dxj-z5F0QgygRivfyR3ds3MSe5x;RIWDHXqYJRjlDTD1
/v1/redirect;sdfsdjhgkdjfhgkjdhfiueyr9348;kdjghkdjfghire
/v1/redirect;WTUSD7RgQl4eSFQG3v-hb_VyZI4i8S-yllKJddwqj9nRmlH-1N4AGTJuKupj;F5FcEay6OywtXRi3
/v_Error/redirect;cWHERjFguseNGcQzD_FvNxlPEgUZsTkNqzxoO7hUUJkHye_RIjlbw7fFy6sE;bX_buMK_MtlJ-LGf
/v1/redirect;sdfsdjhgkdjfhgkjdhfiueyr9348;kdjghkdjfghire
/v1/redirect;ggPlvUfGfLXGAG6ofADA2JYGkslS_tCHYcgIW7xXXuqFdNDQBQ-oiPKEYFMh;vJr1SrXisvJqh6CN
/v_Error/redirect;Zw7idw9dLInb0JIbg8yIPOilEiW7etqSCdCzwE-B4g2A2khvrqjD3HA8uDe0;0CZxg-mF6c-hhuaU
/v1/redirect;sdfsdjhgkdjfhgkjdhfiueyr9348;kdjghkdjfghire
/v1/redirect;xraS5UjSTNA_OkcFpID5zujt49Qg5W01jApnBiBfE69LauRlx8CsimCfBr-A;QOxw61SArsbgUc4I
/v_Error/redirect;Iak0rU3rmEIoSVDlYn1VspSrocQ_wS_8Ea4cA5ViizUPII9pqT5-E3TjpkYK;jQLmtNGR7iis2vm1
/v1/redirect;sdfsdjhgkdjfhgkjdhfiueyr9348;kdjghkdjfghire
/v1/redirect;8W14EwIRGKq1_ylOsAuE1_7iKToGA3DL434UU9jopaegti8_relCzlLs5RHo;vas2RKkyP4r_quVo
/v_Error/redirect;0c42Gvd6MkcKVkmXED24RN2QDkgKczpTaWAclQ3RGt_7s2J1MWtZtnSDVCfI;lUuSaD86BD8_0rHL
/v1/redirect;sdfsdjhgkdjfhgkjdhfiueyr9348;kdjghkdjfghire
/v1/redirect;lpxaOyEThuM4Y3OeMG-wE8vROnIqvBLo8xf9TGYnbiAK4-B_5M2E7ik7EpiQ;tqbY3IUjmLkkYDAN
/v_Error/redirect;GU9tBQboalBL32qtaGGwg3mtrOQsagD8L7jnvR9hTe1BfxhwNwIJ8Gd9jxR4;AHQTSawSWytKX2IW
/v1/redirect;sdfsdjhgkdjfhgkjdhfiueyr9348;kdjghkdjfghire
/v1/redirect;x3LqAF-vECXr25l4SIPzYmeLTKkzdp3tSahzUOuj6mfB8xGWp_I1U_s6p1lU;4-vhfbN42wuq9cs1
/v_Error/redirect;u7HZYbFxdJ6OFYtEU4T3JTsf8Z7mnVnhsWf1YxnFJpfybaJFu-GZ9g0c6cg7;zQgFIVnse5rNqX37
/v1/redirect;sdfsdjhgkdjfhgkjdhfiueyr9348;kdjghkdjfghire
/v1/redirect;WAlPX6h0Hlw69QftKehuffdbIoIi9ptWJOl_Uz0ebytvtnHKD-QCLAm5uzkC;rJzVU4DNntnU7uw9
/v_Error/redirect;bPVpQjOTeYvsGVSfPhPgHtqEn-EeeD8McTRtpR7aoCdYzQPGQ8iAa0UIS6HO;OQh7mwSi1asU2MW9
/v1/redirect;sdfsdjhgkdjfhgkjdhfiueyr9348;kdjghkdjfghire
/v1/redirect;Xh9B4_aVQUGpkbGV9wkc5MZqUqdh-YnR7kLASedvAgAXWa_1y1vhwr5Y2uf8;51qi8rzgsaVWFMd1
/v_Error/redirect;4WHIIJ8iKKEl514x1FBXy1-QyyDF7PXnOTlmMbh7xOesoSuvrmNbutFZko-B;sgKCHFJd6-3WM4-v
/v1/redirect;sdfsdjhgkdjfhgkjdhfiueyr9348;kdjghkdjfghire
/v1/redirect;rrVM3Y-qcfGyaOgjHotp_nTgw5DKLEAgSqgkhctyiUol5KIR5s0nAFfhuEf6;bLTby_OyprQqLwl0
/v_Error/redirect;xCuZdUswkL97EAQOsu5k0qqnkTo2GnC5dFzybDLoY9RBt4GID7enNGDBymr8;enb4okd1Gn0wgBCG
/v1/redirect;sdfsdjhgkdjfhgkjdhfiueyr9348;kdjghkdjfghire
/v1/redirect;oXjZRtqj6KQLgIipMiolcVbwH78LE_0p4gKtYPnAScejKjC-kBwrK7f5ATG_;uQ03j00jN4uLl1ar
/v_Error/redirect;SkiLgkV04NlsBySKTM8LDO9ORB2O2nLyGiepFX-IEboxmfPcnGoSeY8Recl-;tzUb7R6-b5t-FLWz
/v1/redirect;sdfsdjhgkdjfhgkjdhfiueyr9348;kdjghkdjfghire
/v1/redirect;kixJqojHxtmW7jbay94IleYN4AmtDAufPK_dkySErsKTozsqfuP2LdQxJ6FB;K11yugTiVTqibA-Y
/v_Error/redirect;b-hi8TrG10k9MuuAume9GoFDl26Mw-trE6GrFDoYQHujlQlCqVrSGNU3Ph61;jmCqqA2KSFTTsSIf
/v1/redirect;sdfsdjhgkdjfhgkjdhfiueyr9348;kdjghkdjfghire
/v1/redirect;YFTFVKWSklsgpHWkkwnrq4Gb7VAXJWrx0INLklmounkHWfT2zCg9dTx4pSbL;Mf9a9dq3HJONdDRq
/v_Error/redirect;hX55dUJx2mI4XIyh7NNn2czh1sJCzAiQL-dAJfGS6XgHTcUR4HXeY0TqkptB;e5w0wmIGc1m1zvrM
/v1/redirect;sdfsdjhgkdjfhgkjdhfiueyr9348;kdjghkdjfghire
/v1/redirect;YRuEGvbc_9jsf9uur-ZA80Mbs0SZr6sjJzj4K-mrLGn2_G27eIny9sHCd5zX;bVvaNrt4CXl2JqWQ
/v_Error/redirect;C5zrnUpUA4iUUpL4YyRmFVRiDAi7u4uoveXuoXSZ-696yrd2aKoCsKwl790K;MLp4E1m7dC36SwNA
/v1/redirect;sdfsdjhgkdjfhgkjdhfiueyr9348;kdjghkdjfghire
/v1/redirect;VMUiiQcjHkaWoLlnGHuK8Q-eT-KbG8eQaLJML_SD1MiavQLEG8jXvGeyMr_K;Vtk_UFrQOwc9n-oM
/v_Error/redirect;IIO_AriNKoZ0-0Rit4ty3s6XthoQkJIFSBSZqUoAOF0gJXkgH3b1UAZGPCI2;xoCqNxbkmyFCIt8H
/v1/redirect;sdfsdjhgkdjfhgkjdhfiueyr9348;kdjghkdjfghire
/v1/redirect;YYR3N-PVDwJSyBaFbbMoQ6pg_iCuOYOlQ9BdPxTSZYFH--rfOGlto2sFdmgX;FoTjh9TAUjId_0bs
/v_Error/redirect;kCelIA33wiwrFcEsIkoHMKpY5nOUgxgZ9skr9rVRWLp2_SPeOPVA7xCD4QZi;UusStPohy93zf2FP
/v1/redirect;sdfsdjhgkdjfhgkjdhfiueyr9348;kdjghkdjfghire
/v1/redirect;TM2BV4oosxFchCJajOEeR3A4_e00go_k9DYBTfDpWLnIIOp70ZKUS4QZxFqV;WSCMMZU_c6hntgEC
/v_Error/redirect;l8hxjdWkAPMgE9DUYOfv2rG24F2n1ERpFwJIjfbs80WzluYRwe241yPDQS5-;7BwcEgNJ9ZBNYIYC
/v1/redirect;sdfsdjhgkdjfhgkjdhfiueyr9348;kdjghkdjfghire
/v1/redirect;k1_5Nu6rxO2FHJzINtM2ZFbvxUpnUycupwVZHgb3a6_C2Fn2FLY3MZ1KXepr;aordu_H9XgnCrdvf
/v_Error/redirect;ZUDT-5BsQjWvEmnJSAgxMykjAB7o16ywjZr1vcdxl4MPU_uC03HUnRwA4Lrr;s_ar-M948BJQmA2x
/v1/redirect;sdfsdjhgkdjfhgkjdhfiueyr9348;kdjghkdjfghire
/v1/redirect;M0595QMhEyFn7mboxks0NLP7L_306voQbWyca-VfR7DkarNvgW2yh1ntNsED;xZXmAQPBRBy8Dc3V
/v_Error/redirect;bun_8PFCOfARB9dln7edelcixBVRNDjliGKJoirV4-ypGon-t6qywa1W6Hi_;GyPhJM148RaTYgYQ
/v1/redirect;sdfsdjhgkdjfhgkjdhfiueyr9348;kdjghkdjfghire
/v1/redirect;bSvoGhOnMYPrBZHxbOe_wil1Kzsy7L0Z6mmUPp3EmMNVX3LEiyAxqWrOTrKx;NcZJov8rd6zm_USh
/v_Error/redirect;D8TDvBes62a19a7YOBLRlhcudgcnlU3drSPeinKAcWa1vi3AWUB4ZB5hxy-i;BtJTkdqivyAgyg_8
/v1/redirect;sdfsdjhgkdjfhgkjdhfiueyr9348;kdjghkdjfghire
/v1/redirect;leSxt3PxAc-aanovvUzvoXlK-OBV5V6eQSxudGxTAxfOiukgncL21Z1BIdxB;om_lViAZ2TMIfGko
/v_Error/redirect;bkkgpmov2hQ5XTBX4_LeFmvRe4mjMMVffWjqIswJjlbb1TIhIz_nNiUtcIdV;xud1dDItXXzjUVnt
/v1/redirect;sdfsdjhgkdjfhgkjdhfiueyr9348;kdjghkdjfghire
/v1/redirect;7Mzi9vrSbcg9Fnm1emF5FlYJyPKVf9aSDNMiPwuFmZ8yKJLKQ4O6R9rTD-d3;Ovfa4Q6iDKkzIEFb
/v_Error/redirect;L0rEjISjXaSLRg1708tmngz842e14ZLPIdB1BmMoosYvNZZUpgaQkQCpET0g;u0xS6BCSnlmNUtTu
/v1/redirect;sdfsdjhgkdjfhgkjdhfiueyr9348;kdjghkdjfghire
/v1/redirect;YPQDe3JqKNAXpqeCUXcZNZaiQUmI9NMElcgihwci_UxmzFlVszcQ1479s8hh;CaOvHUjXEUU5r4cp
/v_Error/redirect;nVpsa4ebMcijYmLbb_Mi0HFTzj4Xn3y9y8SCXcwUo3wKgMqj4QBqL1RnSRu6;pg3GZ7JAUzD7fnvu
/v1/redirect;sdfsdjhgkdjfhgkjdhfiueyr9348;kdjghkdjfghire
/v1/redirect;uiNSgaz3fM3X0pxM75QvqFYsHP-9_5CXh-sIMH6bF7MYiYrkK8FcNvtRUbgv;BimE1aRQpU051wxn
/v_Error/redirect;GrzLXwaBZdVE38wDWroIqlIClofzTUbGsDzFKVxGRne_ekBK0biuwX2tnkri;tm6AMqMSubFpgo8V
/v1/redirect;sdfsdjhgkdjfhgkjdhfiueyr9348;kdjghkdjfghire
/v1/redirect;zCDqlupUGsbGt2ipW-fGavTp6jg3JTyPux9GOxXshoC2XWj6eAJfQbOTF9Ul;fSOAllD_NqPBCY3R
/v_Error/redirect;2o4wAv2YKWXtpsyrjrdG-TOW0CjT5sAjHcRF-g9MDh4Vp8fz6NPGc4wiX0AX;6WABHGul_Ms-6jYi
/v1/redirect;sdfsdjhgkdjfhgkjdhfiueyr9348;kdjghkdjfghire
/v1/redirect;nNwB4d535mVniP_g_jjXPOPAXdAOfmfcfpS0RkS3QDcT8rFSjrKo6dqH5zmk;iatxQB07E-Tqes60
/v_Error/redirect;uuApr567SP00so7qz8CyHRZox5kBJaxww_vGJdI7cwiYIilqU2vtLOIJ5e_X;F6wI5W0kbRNYNHym
/v1/redirect;sdfsdjhgkdjfhgkjdhfiueyr9348;kdjghkdjfghire
/v1/redirect;65lUlYFpU5srr0w8aM7NKlbJ2M1Tge6nl2qHDkOn6JtrP5XsBnzi9CJHWkmL;20gOCeQSWxg6A3FI
/v_Error/redirect;14qSqXh9KtKWhqEP9QQDPrhm9PjOshgNL3WIK0NNUg4pwZS1VYj2RebGjcUJ;fNkwVAMoKg3Tbw1K
/v1/redirect;sdfsdjhgkdjfhgkjdhfiueyr9348;kdjghkdjfghire
/v1/redirect;I_CM6jeAuKrghTQJXB_x26LYTPe8z3xLhuy33CzrSVbMQk8cCJUD_jGx1EKk;fzd-R_-IXgggBHlZ
/v_Error/redirect;2pDpt2U9KVQeEv4IWWJkR8xbKZL9AlgVOzLOHHX0KVJnwMMpf80qgp02VjNr;en6guXVk6IadHNut
/v1/redirect;sdfsdjhgkdjfhgkjdhfiueyr9348;kdjghkdjfghire
/v1/redirect;1_dXLlbKPRpMPy-T2tkUYsb8LtJbLJpSfrGyfh0xoMlVcHbGqqkNdMNkvG8U;hPmPg19i9IFd3HPr
/v_Error/redirect;HW888PWG1MTBkNhmVNKvqqvlYUGsGXVk0yhDAnYIjgnlcSN1v6FxQTRVeyqE;uxW_Bn7ATGD2-R3O
/v1/redirect;sdfsdjhgkdjfhgkjdhfiueyr9348;kdjghkdjfghire
/v1/redirect;9ivU-UUKK8y_dFQptG-JI0yL5GctHXSK6k6VhxC1FFckeWW6JcpeuYn4ZkLn;zDjjL6BWQS4RlU4H
/v_Error/redirect;AIUJh51PoytzieimERtAClDz6bK-d8whKrSsGP15w4DpjVOZDTfBGMfUFMcw;7l3tDlsIyap_rpJi
/v1/redirect;sdfsdjhgkdjfhgkjdhfiueyr9348;kdjghkdjfghire
/v1/redirect;bU5RNXwG4jiMd92c2ZsVGNGKxs3shysaTmvdRqQoL54CFKxHsW9nVJNLYUV6;8UEf3i0qMPfCXjh8
/v_Error/redirect;U4vL_nHcw_o9nuDGsJ470JWLxi-7KL25WItGKkhLi1Xlc02vD6sl8OUNGAy_;UCgDKS4fIw6sE54_
/v1/redirect;sdfsdjhgkdjfhgkjdhfiueyr9348;kdjghkdjfghire
/v1/redirect;35JxkM8KqkmZKQ05SF-HUDQgl8ZMukZmJld5Fqn605MtKqXN-X7xFgYeUnnz;pwR6-eVhaV71B8-q
/v_Error/redirect;FZ_oZPrR81WcKO6gL-9RNjZtkkHCLP68ztV3pYpbcTK4ub-RFHq68Aq2q-tS;425OJC5rC1z6jSQW
/v1/redirect;sdfsdjhgkdjfhgkjdhfiueyr9348;kdjghkdjfghire
/v1/redirect;X1VpSC8495e27MlZnvdw3PipqHYh_IOhKFXEB1k7sefqarKRXkI9b4KfrM10;ig-PhoiEPyaw0GSx
/v_Error/redirect;JODwc7qmRvnh2FeUaVhPHEUnyXxOFQ6zQZVgeRhx15H3BuyqsBjNcHMJ7h0F;9rsOL05lFm2Y7qaF
/v1/redirect;sdfsdjhgkdjfhgkjdhfiueyr9348;kdjghkdjfghire
/v1/redirect;o5Xpr3IX_sagBJfTlbf38OjA7DF4N19fkRiatlseDKKrZCWvzRaDAoa8eWl2;JmEnMVFl9ME6eBJ2
/v_Error/redirect;nutle-JIU43V7lH8kqkhzC6gw9uDxVyrfGljesO3CwQUO1cdCJp0mJQpBF9T;MfktMuL6s8FZqoqN
/v1/redirect;sdfsdjhgkdjfhgkjdhfiueyr9348;kdjghkdjfghire
/v1/redirect;clmSZ0QwHh13et9_UkDOaq0auetYoU9znQcJMp9pSE45ghi1olp-guLgqrbf;zea2JzSpUWk0nCtw
/v_Error/redirect;w0WG6jASCskJXFqYKnPyoO8ahf5EUUp26pH5OpYaie9Qt9AAmImMm230Qbjc;AnMbFf6mHKiWCo_o
/v1/redirect;sdfsdjhgkdjfhgkjdhfiueyr9348;kdjghkdjfghire
/v1/redirect;wXg1ZIxysm38uaJ2VbktT6AjmRzi7DZ06252W9KlupQcsITuwWcw2Lwr16Yw;8QxrwmTE2XNFLDld
/v_Error/redirect;sr7JrCpJ-dU3Nd7EGEc4VvPzyCQzCjd0axpdXnT27x9PGIelFKh13dgU89O7;jE_3ikHWwsWJuJXn
/v1/redirect;sdfsdjhgkdjfhgkjdhfiueyr9348;kdjghkdjfghire
/v1/redirect;BLFrfbV8bUBTwk6mPeU062cMmecxAerQbp1nFGeJ9PyvB2k0qktm0xEM7cYs;j0mTn5O_Dw5xY_C6
/v_Error/redirect;kywlnBnlCxvo4wqMnt4zIXi1SQTQ7pEyJXwnZvgvqwBAvfkjWdj2vLnCqMkg;B-MJxEk8nvuramNp
/v1/redirect;sdfsdjhgkdjfhgkjdhfiueyr9348;kdjghkdjfghire
/v1/redirect;GdUCzBgwk947v4qJzlO85eXK6fsuOj0NyIkSfd5WHTBjUDBxzxDF0kZ_8bbm;Gy9vbsxSYI22v9K1
/v_Error/redirect;ltPJlDGtt8T84F5o9AN4C47mi_4OMt83tnUvBBzHrdxOsyQxZGOTqSF8RFd1;HbxG8X2sXEEcgju4
/v1/redirect;sdfsdjhgkdjfhgkjdhfiueyr9348;kdjghkdjfghire
/v1/redirect;IHwSdVOl3oVkP27Qb2gjoEsMIjLHCswjoxiclrcvTT_jnvig6n62aJrcQ16P;jUjn7CVPWI83t7Mx
/v_Error/redirect;GXjAyQFTnRKwfrKDe8bfZSfiGdOt4E8LMxNCEkEOn22y57aBAICTlJdq3r8v;zu76ydhiWxfyAGFb
/v1/redirect;sdfsdjhgkdjfhgkjdhfiueyr9348;kdjghkdjfghire
/v1/redirect;EmIpqgQdwB42FVy3iP3Nv-y6QpEcvJZouYOrZJ3AV-GMQCjTAXqMhfO3gRva;z0935PnHhhOeb3gE
/v_Error/redirect;McBuBPWapW4tDq_Bkjko2eZH8gCDzeLkZqVJZQCepGh_6NsI_JeGFLvijbQ5;n48miKXPUmm9QtaG
/v1/redirect;sdfsdjhgkdjfhgkjdhfiueyr9348;kdjghkdjfghire
/v1/redirect;4CUMA6AcjjJ3vlO5XYLccKietUBSAVmWa-re6ChVB4qqM4O3bGmM84ZKCPGI;oYSudqaqHrVI8pay
/v_Error/redirect;Z-L-gM2pkMI_kJwDkIkvqBv4lVbs4Sz3beg6AUDLO2nJW6SIZl6EXel80taY;YHs5SHixxEsYXz_-
/v1/redirect;sdfsdjhgkdjfhgkjdhfiueyr9348;kdjghkdjfghire
/v1/redirect;-R6f4COc0CstY90MJGOse1jdlsktj6xoUjUEWUGBaB4hTnnYZu9uyzwQIXH6;cwjLCLf4oDkuuNpj
/v_Error/redirect;bFYvS38ESexadgDMcGssLr-eyX8XWe6HAjHzl7V2Fti3zP1LDyxPSTSApVgd;Y6KBZkGEl1e1MOxa
/v1/redirect;sdfsdjhgkdjfhgkjdhfiueyr9348;kdjghkdjfghire
/v1/redirect;2vIhv71OzD3I2Y21wKdQniitsY8SsVKIENemhQq7cLUNLb0DkWCgd-DIXlSM;nSAykpeJ1dcOwQou
/v_Error/redirect;UxHy49e_BNcAVhKBPkk5udKb8gGsaskFWbDYNFhzf64tuZhvHzI4kApuZNjy;IDN2wgHuhagwEEGG
/v1/redirect;sdfsdjhgkdjfhgkjdhfiueyr9348;kdjghkdjfghire
/v1/redirect;Hm0OaPOAVbosuWVvEBl31LnxqkhU10v10xJp_46VhMRqbQeaF9NBFcQ1jQN1;VAmCGaiV4QXrS3Wd
/v_Error/redirect;tdgNfbiqdTsA4wlzYeyNcCIBaaOsWXWusWpLyt34KT-W-5ztUMoJdz__llA5;Ejeen0BUQSzfFovd
/v1/redirect;sdfsdjhgkdjfhgkjdhfiueyr9348;kdjghkdjfghire
/v1/redirect;NQfaeO2wqTFPgVd3dFJx6uewwZ04-wpyMpnKizzihoD2G9Lz96HnDDbELBma;fy4wKrHcFnRmnjGn
/v_Error/redirect;G3_lpD8SeT64N0XWrSE6SQIo8n_GZL-vtlPjbfLkXa3vVxo3dHdMuY5Pzcm4;Zivs8Q0zTkkqxRJJ
/v1/redirect;sdfsdjhgkdjfhgkjdhfiueyr9348;kdjghkdjfghire
/v1/redirect;u1qR0gagU5YXOwGnu4Z8ctqZEN9EIuuzZLKBnQTxjMEUpDLzmeNc2FHtQiHB;FCYlEZvu1DXc1RyO
/v_Error/redirect;_LHlr9OQXxCbSX_UlelWJpfzacQJJfr67xsxIlzNIDKCXb_IqvUj-NNzTpUE;YmVZIkn3HHltkr5_
/v1/redirect;sdfsdjhgkdjfhgkjdhfiueyr9348;kdjghkdjfghire
/v1/redirect;iDVlkP4wCA-207BNGSQncUCKBwadFiGzjucwMy_4XXrUu-4Ra0nCYYk5fjH_;kM-m9dNjbLnR6x0d
/v_Error/redirect;p4bbezjLxzTjy05xk4ZiSg379UCJ72LdoXPohezzmJ0tLBQCyvFbjyj52EF6;8SRiw1CgA2Q-ofmm
/v1/redirect;sdfsdjhgkdjfhgkjdhfiueyr9348;kdjghkdjfghire
/v1/redirect;8S0nFpXL86dxQgdoFI-XPk4VXQ1t3-ffFs1uM_f3BVM1xmVz-mms7ST0EfbX;LWObzG5ZpFDRdHWW
/v_Error/redirect;2iX-O0R7Ue8OafRmF76D3D8rWJNphUoHl8Lg9dWpeFAzI1bK6s0817I86x8E;WONKv_EvaYdrcELx
/v1/redirect;sdfsdjhgkdjfhgkjdhfiueyr9348;kdjghkdjfghire
/v1/redirect;Ph2fdPallXAuejOm5JnoKTMNi8kw8f2gNvxmd8xyfPjj3Lj-NbIIaoC9ErA-;p0RGCEoClMRw6ntD
/v_Error/redirect;gUwgoDgiTt-6o1QJp94RhBRYjLtnL01L0FkSlz1Wl__LEcEnOY5sWUAh8Va5;LlxgP_DUsn869UMx
/v1/redirect;sdfsdjhgkdjfhgkjdhfiueyr9348;kdjghkdjfghire
/v1/redirect;JlwlfZPvcvPictAkNzGhUX1tnbj9_L9gwPBHlbWlACW54gAQIvkul6yKCJwb;n3Ca3jHV8J_E9Gng
/v_Error/redirect;cBGm1v1dUcq4_KGuF09VUQ70xUa3zqYDQRVZ03Qbu9H_mBZlY8IK1ZvkQ790;KsdFCK7TpQgOuvCB
/v1/redirect;sdfsdjhgkdjfhgkjdhfiueyr9348;kdjghkdjfghire
/v1/redirect;c878IUl6BLz1170yFOqwcCg0ki0r-NmzBTm-bSlXrCnCZnB5HS8yu0z0JhHY;LhRHgj7K8XNzrtvM
/v_Error/redirect;UH6h5xNuS4gpx3uf8In4v_MLCzI-ACk8YA2APci2cVr4docmeDsxi73pLank;Xe7A0AdJ8GQsuLN-
/v1/redirect;sdfsdjhgkdjfhgkjdhfiueyr9348;kdjghkdjfghire
/v1/redirect;5UrbMIdjYsRqsuQIcVFRXJdkemM80IF3QqqBTRcO5E4ImUHd-bsZ24P2iP2c;kpFO-OXJR_swH774
/v_Error/redirect;-GqkCnOkb6_cDWW5vcfX-lFbQjCZvfoKfEyy78bMMl5MrS1oVW04g2gWthIA;XB-gH8-qVy5pil9Z
/v1/redirect;sdfsdjhgkdjfhgkjdhfiueyr9348;kdjghkdjfghire
/v1/redirect;rfDCkJeUn20Q8pjfSkQnPnw80h3Lm9wsKq_T7HfH1h_6Y6w0PAgE2TKd8NiU;Emu3QHeMJfTK3mOH
/v_Error/redirect;lPrBFDfxioJ5tIatqB2XC4RWO_PwP3DTkcsyH68WcyGnlfzkGJjXIBENGbcT;63gZxK9l8Lzhr5HL
/v1/redirect;sdfsdjhgkdjfhgkjdhfiueyr9348;kdjghkdjfghire
/v1/redirect;D64Is7vXFFFzdwOiei_p7RYNvfpsIgjoUpmCLpjr4RrZiXrJIGv5eSYD1wWE;GZG2spmEkyyhl4hz
/v_Error/redirect;i47G52xwm6TwLTeB_Y69DOK6C2541fUWjact4ZJPDkmCyr1pY7E-lBBOP87-;4wP2-uEGNGL3qsjJ
/v1/redirect;sdfsdjhgkdjfhgkjdhfiueyr9348;kdjghkdjfghire
/v1/redirect;G3R0yvR58Rfw7YROJP9OFCsLzRVhgt3qG1RglMLemQcB-htWCuZiC9B9P7w9;m0q0i3OI2wQWm59k
/v_Error/redirect;xVR4jy5it18FAoePVrMaH0z3Y49UqmYaCe3ryWQ2kZmIeBkHHFaeiSbZ21Od;Eetbj1KaqazSXzSC
/v1/redirect;sdfsdjhgkdjfhgkjdhfiueyr9348;kdjghkdjfghire
/v1/redirect;5KHjq3caKaOSR1mz7QTPNCWpy39wk6RCyblBI49ZLtABdK5wdXC0a2uZIUzq;z_ltKGOdvsL2v8VW
/v_Error/redirect;LWnEJlgJFFvLgO7ilyyyFJUxkUB9PG-idrEB65EfMaVt9Kk-i4zu7fld_L1c;s6ul_vRu8LtJ0NLK
/v1/redirect;sdfsdjhgkdjfhgkjdhfiueyr9348;kdjghkdjfghire
/v1/redirect;SdVAYG1QlfLfIu743VOaVysUEC-tCh8WImHYWJxcssoTYKhMmXWpKVSSOpNC;Klmf0VgDSfwHH_Az
/v_Error/redirect;ojRUCeOYLaL2n2KPsIaejqSsOSkJ5Kl-TN61KtInIot7hkEn4h5XqPxVzDHr;keJLk20eekNbZL2A
/v1/redirect;sdfsdjhgkdjfhgkjdhfiueyr9348;kdjghkdjfghire
/v1/redirect;na43ehCXYMNerfobWUU1VQ-vmH_oJC_sw2Hym5CpWg43rAAIKEAn6SHxcuum;Gun_yA8sEfS4_Gc6
/v_Error/redirect;CLU-HPurGJSgcxzWCPiGu6ToizDqc_D53jvvrBCVYKx-p8x_U70gQsp9M9wo;rTL-4azScv3149yz
/v1/redirect;sdfsdjhgkdjfhgkjdhfiueyr9348;kdjghkdjfghire
/v1/redirect;00iVLovnt__OnkDMuu1HVcuQ-y6cAEAtBoirMXIjn0l9JXoqvoOUQE6pd9Nl;RZvU9sEDNmquSGed
/v_Error/redirect;3UixViyLAM-hcvm9q5ywzQP3IOtdZTHlRc5YACYZ731m9D_HC2Xst1H7GTZn;kKbaaK4ReRArrJe3
/v1/redirect;sdfsdjhgkdjfhgkjdhfiueyr9348;kdjghkdjfghire
/v1/redirect;Btm4JKyhgOBOgKMSx0OxCMm-_RU9AazBDXlSKuPtavz7PgF15P_aWq2qP1Pi;3QpSTc8YLeTGaX5N
/v_Error/redirect;TJboN5qZD9Oha5lEfa5HWrCFUBVvKpMGizCp0upUZbFySwsDOtspUJi8_SDi;4ryIpC4V8ba7av-7
/v1/redirect;sdfsdjhgkdjfhgkjdhfiueyr9348;kdjghkdjfghire
/v1/redirect;-aSJCBRhbnx9_E2qeKqMsJC3x2tBydllN1w3SCNdYBUcTwdp_RZk6DhDnJku;8o4JsxR6TqtfgDWx
/v_Error/redirect;aMTHJDHCudOsZxvH24-MI0he4xJukBxg_8uSjDrVtURaWmTr1Zx847mH5VIk;rC_9Zl2Olvp25K2-
/v1/redirect;sdfsdjhgkdjfhgkjdhfiueyr9348;kdjghkdjfghire
/v1/redirect;0VJqMkoDrkjjAy6PO3ETPT_9Xg-eBXzcnervYbZxZZWuH5fZWAmCB1lbNhld;XhIeYh2wFYYUP4f2
/v_Error/redirect;oUq0QZKf6m9_6RSMfm4HPo9OwlJQfLmC0od-GwVszX4n8WwmrKPE3EtuV-rX;HEFdlQnkn7My5ykP
/v1/redirect;sdfsdjhgkdjfhgkjdhfiueyr9348;kdjghkdjfghire
/v1/redirect;1agihDCGWtow8SLqTkmOKhyvUdu38p9Gggz5xFEuCawSRT9Sys07snsXvgG-;AZ8hZ2bEL9iX5jgG
/v_Error/redirect;IiiDks2sqyGkUMMs5cKpBO3u9tTFDY1qmLn_R8AoFYZ14Saun1zlTzPy4UQ4;n9-O-xvTw3JdM_Du
/v1/redirect;sdfsdjhgkdjfhgkjdhfiueyr9348;kdjghkdjfghire
/v1/redirect;4BqoPsi50bL0BnMVvk8iuI-rpw3jWxpbTGe-0ssUoIqgkotLEJnX4S2w6ScL;sCpYFs666xmNh1wL
/v_Error/redirect;DzFP0bZMb3EctIETELhtwzw76w71cJYgVMfxyjhecVBHvQqIilVvsfcth_Qi;BrORLdOlCbZTXVOX
/v1/redirect;sdfsdjhgkdjfhgkjdhfiueyr9348;kdjghkdjfghire
/v1/redirect;8UmklRbF1QDsEhKh9NLKWLdSF3g8kzv8rzSu6f6Z3f7cmC5N_Q-7fLe6UP8A;TZC991T3msTQNsm4
/v_Error/redirect;bY4_8HerA6U7sH94pL7bWc85zw0dofrOMIjzCkZv72n0QWKNhtLH3kvEGyyX;vZ2SFjhA3fYuTVvB
/v1/redirect;sdfsdjhgkdjfhgkjdhfiueyr9348;kdjghkdjfghire
/v1/redirect;szuuJ1DIHuEWWtg-2JxIR8sxHX3XNaN7_nfCQrtmjZYXc27BzvG0qDfUmhMC;daPHFZJQjHwKvJo9
/v_Error/redirect;I7V3KQx9nLnS76iugmc5MxJBmGCp5W2Q3dIs1yFeW3tlCiOpwxsd4GTOIKW4;jKUAarlm0Mk_NLDl
/v1/redirect;sdfsdjhgkdjfhgkjdhfiueyr9348;kdjghkdjfghire
/v1/redirect;OFRBPhY1LPSCQuSqWu8KsK_pb7PRlU_8T_OvAO0U-mps5hzQ7FS_srVSkRiT;6Of6b34EuNrrtbcI
/v_Error/redirect;GnNY6NB82lOb4qDnXyk4OCkai1M2DnWaoTJuJKayKWJ6I0LFLDW6wb75280o;nzv-4Brnd7y2y6GP
/v1/redirect;sdfsdjhgkdjfhgkjdhfiueyr9348;kdjghkdjfghire
/v1/redirect;r2Se-WAFgEp1ijj35cw4szF9__Y2cgaeo9FAcsEOG7kIkN_VojMwir4hOa0C;odr16MEbTmK1TBHM
/v_Error/redirect;8jopruJP-037nB5E-jNuf-5QMG3c1EsxyhIVt7xyvUal6Y9K7s5R6eubx-uJ;qSRs01i-uw1UqC-t
/v1/redirect;sdfsdjhgkdjfhgkjdhfiueyr9348;kdjghkdjfghire
/v1/redirect;D3eSOtBm_keMrveDcY-JtNV9HAGXJm-XN7ZSMFwFxbdbPp9PvB5anur1VKRB;b3SrmCYR8Tz-OVEY
/v_Error/redirect;MDdxKptp9rJCxASD19D1PKxLuo27B9i5-GTQ6XXrtADfPmqVgor2tSOf5yGg;_UOjl4ufYT9aBK4t
/v1/redirect;sdfsdjhgkdjfhgkjdhfiueyr9348;kdjghkdjfghire
/v1/redirect;GavxbsgyImPbFegcCKgOTfzuWElOKBUf5cGWtlkxSqpW3Z32dqVGrP3v1m00;QE1vmAlstM_LHaf7
/v_Error/redirect;QVy2d6THC4OAirgsLICHsL7-3pNSJwDt14-vLSum4PePjuwyziAZP3F5MmhO;9kQZiplXdiI6Sqym
/v1/redirect;sdfsdjhgkdjfhgkjdhfiueyr9348;kdjghkdjfghire
/v1/redirect;fenjyRUDSZLaN3U2psaLom-GIZ4WLpHNS6aLF86Nb-ODtpGE7wnBwrZd6et4;rxScFxifv4skQuu6
/v_Error/redirect;_eNfKYlPeUq7EFcZ0q7-Rf7NpF3sn0lSUjqsUhbqGgcwyVQkKKTKn_kChVhp;ZN2EYhWTM3PrERoM
/v1/redirect;sdfsdjhgkdjfhgkjdhfiueyr9348;kdjghkdjfghire
/v1/redirect;yWDJNxCNmEK9eqRg9SJye9OCklCE-MDqBC5wA5ZS8lkVHFfVHe74lihBKVLo;IM3wLAJ42dEQ1E6x
/v_Error/redirect;K-0WILPTajIG_BphDo7CR8Jl9rCuA4JmG595YhRosCOSrJCoDGSaTnJdYuN9;AfXqQvsReZv3zc4U
/v1/redirect;sdfsdjhgkdjfhgkjdhfiueyr9348;kdjghkdjfghire
/v1/redirect;4vHjPkpBPCzLHSQ05cSAMsBZLswZ029isWLa26M9iKwWfALzRlzd7qV-8uXc;XdUHnF_hNM8ugKrv
/v_Error/redirect;06bE4HuLGiUnDg2m_sQga-SpSHWJOu5f2zORXEMCDNv-kJ-x1iPf7t6BWy_6;0tPL4H3Gv7z4rexZ
/v1/redirect;sdfsdjhgkdjfhgkjdhfiueyr9348;kdjghkdjfghire
/v1/redirect;SjYMbjDqSSCX3pt0eoZJim1WqLovprNSKHSKwTiqGgN9Fn098XbVE698wj65;-nNUHlO7QNo6eH7L
/v_Error/redirect;5nkTQ1q1dqY2kJ0XAO0gJ5nQEC63jRn5U_8sTwlwZt2Ezs3XKZnMFSkcT1Aj;mbapmnUOeIsP4-JL
/v1/redirect;sdfsdjhgkdjfhgkjdhfiueyr9348;kdjghkdjfghire
/v1/redirect;UzD7vWvl-_-Gll86fZo-0svliMTeqs-STIY-oWWXmPk63Yjzb41GorJE7YqR;wDksBwmOPITMml36
/v_Error/redirect;XFPIuN40DlKiNccypNYxXW3e2NZppU7qPkhGPSINUoY6OmQ2KOq6Nkn7Hped;H8XlN_hyXV1AzHsn
/v1/redirect;sdfsdjhgkdjfhgkjdhfiueyr9348;kdjghkdjfghire
/v1/redirect;qx_4ZUPDI25CdrmdOo72lXBYX8ojFiAPJ8tGXpXUDZzGccDDCAz1eWSPg74T;rQzhh9pJ7_98Ytbl
/v_Error/redirect;8kXKuZ9ZaK7XIVMgZRzkjCnPjwaIPA_OG9nJYY-J6Dxn93DyUsNbQguDa5EJ;FOYYsxWmkl5ypG7L
/v1/redirect;sdfsdjhgkdjfhgkjdhfiueyr9348;kdjghkdjfghire
/v1/redirect;2-867zu69XahumRUNB668XyFCbO3cMnX5Ki1Jj9DSF8sbfz80mjwRsIBPgcs;avfnn6oDRyHyWVm8
/v_Error/redirect;8sRFdJC20f_NIEjvt3RLmGEdE_BadxCjU-8V1RkdRi5czuaPsrJtCUP78Ovt;x3qvGP7Oe2I26ASu
/v1/redirect;sdfsdjhgkdjfhgkjdhfiueyr9348;kdjghkdjfghire
/v1/redirect;84bLHKzda6WtAf1PhDxETt0zBjVrI_a4ZUmY29JxAHRyGiRIMA_1kDscQPNN;u_A4MMInfclbiU7s
/v_Error/redirect;HEVfjBfKl4jABjqHdLOG2WkZfcdTY9mJr9H8_jYNM81Rp0tIYPBs1zG2lRmX;kvXAlAX1WdB-qeMS
/v1/redirect;sdfsdjhgkdjfhgkjdhfiueyr9348;kdjghkdjfghire
/v1/redirect;EjJh3RsBaw4ehbf_Uy0reph_6tfM-SVae1nXwcfDtV0LbFMhN94IsFFWthAs;rCIHXYk79yWUVKqB
/v_Error/redirect;n96GosQNUvXmRtro4aiChk2pdswosdyS58eyBq_kdZKSWz8JiUXYot9rXvRq;MTBSqGnvLimDfm4G
/v1/redirect;sdfsdjhgkdjfhgkjdhfiueyr9348;kdjghkdjfghire
/v1/redirect;TOn_FESIhJnEGtW4QCcZUwKOXlolecxllDEzOLUWLC1DtmUA_Di2qN8Jmo3k;bGxB4W5uiGBg6RIK
/v_Error/redirect;4wAzQJOFDVQZpP9S3zTzx7TbpvFcCD4qRV0R86Vh0z40EPgsqrzBctro1ICx;7O4WVTuTyni3Hu7N
/v1/redirect;sdfsdjhgkdjfhgkjdhfiueyr9348;kdjghkdjfghire
/v1/redirect;aMypvGuOQ-9m85RxwcqyVwhGyFDd4_sYnZ_wxoCoA9tR7Jok3VFnLRGV-oSL;PKUnqzZUXmrl1yzj
/v_Error/redirect;2Pd7caxSlFukpL4RTOyPEBtkYjFOErTqKLEMWKged2ENPQwHNj0-JZs7XGKe;MEomxASuzxohQa-z
/v1/redirect;sdfsdjhgkdjfhgkjdhfiueyr9348;kdjghkdjfghire
/v1/redirect;nOOcHoZ-JleFfZVt0fcYVj55kY_leVTqaJR3ArIvaiJnBZvksFecjbO-eXMv;tDfFesx2w3PU6K_V
/v_Error/redirect;W_H5cqEyi0W4jiUT0k5c2cESgjGHGH-uzU_oBEL4s7Z0W97MCdnDlt_zga42;xuZPC7A71tJ1-0oy
/v1/redirect;sdfsdjhgkdjfhgkjdhfiueyr9348;kdjghkdjfghire
/v1/redirect;yb67i9IvPKVIZodn0kS_kY8pFRUcvXPqyKmOXIi3dLLRNyda-nxAT1Yz4TKh;zmf_gIOzQBHipDYc
/v_Error/redirect;5sRBWC9jx_WCI8_Rq9NhRbbubPnnExa9m1UrgIfTLmFPya_ol-w3KFVSh3GQ;I7tTCTcPVaT2eZCI
/v1/redirect;sdfsdjhgkdjfhgkjdhfiueyr9348;kdjghkdjfghire
/v1/redirect;dz59fzIVE8eXGGS9H03qsbn-nDydzo6utYKN3w41qrXR9bU2HOX-5JYsIS5S;8yUey_G5n_MiDPRY
/v_Error/redirect;QqQdE4BSqgdqpzYC4cZ4M0dinDqzrtY_tvMyDO3WYVD6GwtrzfwMx92IwqWR;vZ3Ukt_JdFgPB7s0
/v1/redirect;sdfsdjhgkdjfhgkjdhfiueyr9348;kdjghkdjfghire
/v1/redirect;PmInLTzt0_G15GgqMH-_3YHaUsm5h_1ftHirJ45q-68uH3x5zSQ5HDnTyUxT;jKn1EV38LbgRpGqi
/v_Error/redirect;tsBVSUUuwGQ_oU2CWNSPmTSiZR0NzHa1-SS3IRsrzDTXWxaYbL40wsBfGBdq;pPx6xzRS5p40u_3-
/v1/redirect;sdfsdjhgkdjfhgkjdhfiueyr9348;kdjghkdjfghire
/v1/redirect;heFR5s3GM-i2xbqG7_oefB4Ck-dCdjUZjwHktK-EwAV10r6773Tp1bi98F4M;Yprmt3plDvRBW2HQ
/v_Error/redirect;uNLU3OHIZEgmbxkF3egtcB7lYPTzMX9Q8VhJnVPBHCb4Xime0lwqwLKFKzvN;yIP9WdFA2Vp9_dyT
/v1/redirect;sdfsdjhgkdjfhgkjdhfiueyr9348;kdjghkdjfghire
/v1/redirect;wbj_DNoUgWEn9Gaa9qFSQwekohn7IiuLay9YQTyX9dqmMDJE4glw0G607VMJ;npebcYIBwM6xlmWF
/v_Error/redirect;h9oxzhifJUAUdUwPEWGjsFqw64MsAuhRj2_hB9_adoHq0Z3GpQKlnCodh8P9;B5cGFpht1YfHASD_
/v1/redirect;sdfsdjhgkdjfhgkjdhfiueyr9348;kdjghkdjfghire
/v1/redirect;OMRjG8iBzB1cm4ncuVLHf9wqk2XSt07g_RSiJT36j5yTJ2tKpqP3vEybj7qk;g9nLmEz1cqmSod7X
/v_Error/redirect;jbmfSsQDNMU11gU70gqlzjijm27b86JszkskVw6YCP5OxxZ81Vkm-C1CeTay;_7F7dHe10uU8Hefl
/v1/redirect;sdfsdjhgkdjfhgkjdhfiueyr9348;kdjghkdjfghire
/v1/redirect;DzAPofyxBmCFro40lV-wEL9QLkx3vLzQfaK2n7RFKqZ6bgM-Z0qiknZdjQiP;v0lD7Fx3Cf66pls3
/v_Error/redirect;duQmbhFlOC86vIYzp_0S4JrfTN_OZkV4yFUBMMrXB5RDL_SMyReWx0JZ_ZXZ;sQcF7l5U-f8VS1uC
/v1/redirect;sdfsdjhgkdjfhgkjdhfiueyr9348;kdjghkdjfghire
/v1/redirect;p3LR8EbkTgvLA0Y6y23c2a0wWm1_96_8DbEhsUeeIsj10hv2aQNGuoTRQoC_;xurfmgsdAY3m2a6A
/v_Error/redirect;r9PkNiw-mhBaaFZ5DOfhLY3kC2yBRpiIMM7yL9G7jdHPqJ0o5nw2hvfSeXYe;0AyE_slthEHGBxJs
/v1/redirect;sdfsdjhgkdjfhgkjdhfiueyr9348;kdjghkdjfghire
/v1/redirect;eIw8K2Yim5Kub6XnvWvQZ96FXSQ8ClXrv5T6EkI21Gpgc9W2uSzKcGi_7LCv;vdkRPrCQ8SsOQcYt
/v_Error/redirect;X83ztq9zBylASi0Gp8wMWown1pSu_qMlS8K2hu7JkGBsqsHokeES8UHtUlxo;jqFbbGLsYygcM7m3
/v1/redirect;sdfsdjhgkdjfhgkjdhfiueyr9348;kdjghkdjfghire
/v1/redirect;2B0Ym_lxxDQmTz4ayzKhFVMDwOlTcejZmmEHbI77sR9T-YPL1b08mu0ubGjm;7nijFVWy2q8SYTcT
/v_Error/redirect;Mtpd2IRcJZF7c4-RZarXtO07pWT_uC6Agog0MWSyEPDvY3vls4Lce21H0GNq;8lhARjD_1ZGmh7Pi
/v1/redirect;sdfsdjhgkdjfhgkjdhfiueyr9348;kdjghkdjfghire
/v1/redirect;4tgmYmbjj2Yd7Yl2YZC-sN3rV4-tXvCGNMzVZVc9fU_684D5ngMvWYTTx0TO;ZYU_aL2gTWy12NZU
/v_Error/redirect;pUEKp18r5gqtSoB46LzdVEGEzjSpjQdqVyHhPdv4uTGPm85_ErU_i_AVCuUq;6lMoXJ__bNjHtAXF
/v1/redirect;sdfsdjhgkdjfhgkjdhfiueyr9348;kdjghkdjfghire
/v1/redirect;Cq9MpsYMo4MMUQD-0kfRi1wBzk8vz_5IFRm-EP6lYV3QgQwm59xdgDinFCzR;BLZTc2m9i34RWMYb
/v_Error/redirect;4DgozjIRN0nkQ-jmKFc4nUiBYnF3PIjQphwAbYJUHWDW5B9FqOKafxam1SQ6;TYyYu3omw7vnKnJo
/v1/redirect;sdfsdjhgkdjfhgkjdhfiueyr9348;kdjghkdjfghire
/v1/redirect;pcUc3hIsn1UUJgDT5YB1Up8mSiUG6YeQjQHEY2vLyV361Y1XMDGmzY1IeIbb;_hujcLc14N9BmmyH
/v_Error/redirect;7NLfxjcvHsw_MmhmqVXAjMN7eVXcqmdm-J4GRjb4TQcicBmbvec1kBGKw-jY;JJ_9yXrsTKxkZoSt
/v1/redirect;sdfsdjhgkdjfhgkjdhfiueyr9348;kdjghkdjfghire
/v1/redirect;z5UtOaHpqroTpQNRCbO-F3-TzKzR01GS807TrUFC-WhNxw50zuBYMjQsXHQg;jrC_QzwO-sRUA6dh
/v_Error/redirect;sR_YJlMjus_e_I5QoEaYq8v12Vly4R15_K8GrPXgnjkD3F1JR6xSaA3Lsv_S;6fNsk3CQmgBCQdyn
/v1/redirect;sdfsdjhgkdjfhgkjdhfiueyr9348;kdjghkdjfghire
/v1/redirect;NmBKMWLEsQKytgSXrCKDW6EpUmKrI61XXnuxLadmnJdmj9W6DPb3jUZ4ltl4;8fDy4Oj2VyDsUhKc
/v_Error/redirect;u28kzFq1Ro0Np0RzQ9lFoKuWxOzG5cSXZ1ltkxqbm-uAynoP9S-PRc0No47M;ab0vvKWdxPxOR2pc
/v1/redirect;sdfsdjhgkdjfhgkjdhfiueyr9348;kdjghkdjfghire
/v1/redirect;9wjx1mMDMMZY1Bvtvz9FXV3Zus_SE9Oif5aSq5csJQmkNb_uZP7DL1ANOyBA;XaA1_qHj3q4jIgeH
/v_Error/redirect;ls5nFXZqxMRe5NCD_V_2mPCFcjpRPRJP7TsVYbefS6DaGk1UeFGhEoWdHv9i;kxpCozdh6-d5fLxD
/v1/redirect;sdfsdjhgkdjfhgkjdhfiueyr9348;kdjghkdjfghire
/v1/redirect;s8fyT9SEzXjJH811fC4HW4xVxUP4lmkSR2d7HNOU65u0cZv8VuNA4CieYzHY;WyaUH9ApKtGIMjw5
/v_Error/redirect;BSN1oPviXm5fEDUKQnUGver-skWIXhX-GO0Y7dZwoRWCH3cecnsIOEQYIw2b;MqcqlaXsNubDvoU2
/v1/redirect;sdfsdjhgkdjfhgkjdhfiueyr9348;kdjghkdjfghire
/v1/redirect;qjoDbZwLA0KX9BYFsR1ol-s2EL0m9BBYbCtYVXDozG2cqBK_YckzsgLR6NdR;DzwC7FvzzD7lGrZ9
/v_Error/redirect;ekUobBKwKVtX8LP7l3ybF_K0XrnR8txd5k3LHM_sjvvI0NjdZEYCkd2GWhXz;pEf_N0PSXvuqrDhA
/v1/redirect;sdfsdjhgkdjfhgkjdhfiueyr9348;kdjghkdjfghire
/v1/redirect;xjdlIoDNmYHWPpEBbap7yntqi_JXUssZ3jdtlkoWNOSzsJLv2dJoKTqVjXMl;TRgUA4bXJ2ih8Sqc
/v_Error/redirect;7-ea9-c-ydDTYE2niPXPsRM_r1Ly-xfX_YCNeuOh8QloDKCw29nIM96JLGPt;27SyeNv6qzyx0hQa
/v1/redirect;sdfsdjhgkdjfhgkjdhfiueyr9348;kdjghkdjfghire
/v1/redirect;v9QXSSChwaux7xCUyhbZ5hISsk0HXQFJXTU8lXNm2v2cdszEAN3zVaJVJSBs;74tjzOVS4kIPTP_C
/v_Error/redirect;X15sS1O6Cvr8AtmuS2OFj89FGeWuoQIORF10C8-QRNEH5wWLQaHMER7dAPBi;oV0s8dspabwmr85K
/v1/redirect;sdfsdjhgkdjfhgkjdhfiueyr9348;kdjghkdjfghire
/v1/redirect;hydWzbQYWnn96gLOCHRN0A01HeLFTbljms51yAyGWmDc56UgFEvC_DtcWn97;z9PrSr0aykO5l27c
/v_Error/redirect;MAx_RdPz2zpXg5tHVEOTFwTy1oFoPrqyAnQTshtd6mMuerGRnQUui1Ta2M06;ieLImiPkKck3yM-g
/v1/redirect;sdfsdjhgkdjfhgkjdhfiueyr9348;kdjghkdjfghire
/v1/redirect;6ws9jK_GcvZ7gqxv_3jH8zlr8A-0A55XZepzxL7fzZwG1SQqyAHPySDzfTIM;ysQ-qVkFLnwdBmTr
/v_Error/redirect;xlxrTBYfPO42xY8NxbU9UcPcB51CW8_W-_mAdfrP0jREqkFG8NaAkzgRALM1;rdheNuHGjAHCU7cT
/v1/redirect;sdfsdjhgkdjfhgkjdhfiueyr9348;kdjghkdjfghire
/v1/redirect;PeoOntEnhqO8uHlFH3bcrLdf199S4P-H_Y7zEfoCRIXESkByd0n0nVs8977M;TUqyXYcGphcfL435
/v_Error/redirect;xAgn1YAJVmu_DUrFi_kOaddopSkEUKgrHseAig4w7yJydkJMQ4B3p3zvlib4;j0bcANXGgXQJbhr3
/v1/redirect;sdfsdjhgkdjfhgkjdhfiueyr9348;kdjghkdjfghire
/v1/redirect;ri2qYSkXiZaZN9PT9Vy_3ndZeOkpOKIUxBYfFY-TxbifJufg5Rmvbw6YSle7;Ss_f4zX-wXDH3PHE
/v_Error/redirect;hmSnt7ittN6rTpRCesSz-PxbwNdwxzOTMiLLu9CI4nAC2Av2VCAYSBMLetLa;6vFaSVGdw2ifkrWs
/v1/redirect;sdfsdjhgkdjfhgkjdhfiueyr9348;kdjghkdjfghire
/v1/redirect;sKYkjg7qK-VV_rWVwsu79l9ZNoZ8S4t-SCeiivthVNDIcdI1NPxSBYnbY8oQ;PfUjk-_rMlDeAH69
/v_Error/redirect;RtilkuvPVBIACwdoOnXrP-VlprP4aqjrY4_eTIjlkVIZT2Ki60z5a-URsnzt;d_A8Doh4Gj7OtnV0
/v1/redirect;sdfsdjhgkdjfhgkjdhfiueyr9348;kdjghkdjfghire
/v1/redirect;FttNpxwfsFO6xO-_U_UiCHJnx9jrELOh3ZvrxrVaEEqd9XCVfUMVU7UTHx2l;SPDLpmqYJGkK7LTv
/v_Error/redirect;cgbXdKc8HGQeZG60mBNOqKBKygqPm0kgJz6XGg8VeoxU00tQGPKf5aoWlbl1;yI0BgkFkPBl_sqOs
/v1/redirect;sdfsdjhgkdjfhgkjdhfiueyr9348;kdjghkdjfghire
/v1/redirect;QrCzksMkwsler8UeAoMIUIDAMzqLrELIwAQobY9Z7zHGmp59h9ayYtYbnLkl;qb5BwDPO-dzrXo92
/v_Error/redirect;f-whCL8uGF4o27oFZjBbbhmRVDyZeuqlgO4TwW5E83uF_anFSmdReEWS5zxb;hXciRn8oLi8TBaNt
/v1/redirect;sdfsdjhgkdjfhgkjdhfiueyr9348;kdjghkdjfghire
/v1/redirect;6xen_IrDp6W2sUEFTJ9igOLFBYvv-ie54NpF9BpnxICmhTJntbxTwby79X-s;FHsYNpJDmH1AsDOx
/v_Error/redirect;eHiFueQ6b5SaSudH-pclL2k03yHgIYoAW78_nrh2IohuFsjzBQy8NILlIJP6;6Dsr8KYWsJnoBZA_
/v1/redirect;sdfsdjhgkdjfhgkjdhfiueyr9348;kdjghkdjfghire
/v1/redirect;9lJ4zEfcUQbufTn0LtPhTWxXLMi5SkOcy6m1nGC5wJUUAEywTn-WuT0hTXKM;p9ctc9Rg7Yjeiy9n
/v_Error/redirect;xQv7xRpSjNg9LJoJtUQG7rxUwcVFzgRXHIQz8nCU1fLOyPurx-JLmx1ScT_n;8pb9nRvDZ3jEd137
/v1/redirect;sdfsdjhgkdjfhgkjdhfiueyr9348;kdjghkdjfghire
/v1/redirect;Oh9Z_aYfHgOSZ7rUE2Lql6ZgVhwouAOGJ1QyqL36ng5Lk31O5Al-aDs80zDy;i0GIoammUl4hfs1k
/v_Error/redirect;70DGpHNckB0EeXBmpdB45ulbJDTbLVEyGzeJ4ht9EMjzXDsXmGqJRvrYoLYW;YUSZzz3fOO8BdrNj
/v1/redirect;sdfsdjhgkdjfhgkjdhfiueyr9348;kdjghkdjfghire
/v1/redirect;TbJLzddTjQGRLl3SdkEwJ5dIxItKqpojtMrjvDU4tb-MsxtPwQco4dBRLlud;AD5gbLeOifAylvl3
/v_Error/redirect;binLiUGQmows72ZjCyzXVaADE0vbQTjfLNxQnHmYwmMb2nP1U6dyg3fW7hSv;w4SJSD_lo6YrFKnJ
/v1/redirect;sdfsdjhgkdjfhgkjdhfiueyr9348;kdjghkdjfghire
/v1/redirect;vYgcP9mn_f55yV7z273JgOt-dGOLf8XGREWeRY0VzVz39WimdCJIX6P535gu;skKdzvIoe6wgPejg
/v_Error/redirect;vA2jl_RXf_JXPEyFzkaIxujEkLWBv7K1FrLDVa5qd8ARcp39eL4DQYTUt-kt;6J_XSh3eKpxaVJXs
/v1/redirect;sdfsdjhgkdjfhgkjdhfiueyr9348;kdjghkdjfghire
/v1/redirect;dsO1zuM1l8_e_3bhCwct4AkEtLtjSC5vVo8L9zO9havZV6cLCgyUoELGprAI;3j0n-9I489PfuZgR
/v_Error/redirect;4G4OB9g79CVws4xqsIc3mdbq_M91veSBk1SL-obERd-kIDiw4l5XyDNyfxRX;QL4I3WnshfxEXgpd
/v1/redirect;sdfsdjhgkdjfhgkjdhfiueyr9348;kdjghkdjfghire
/v1/redirect;EVZ-DCGoQhH3KROOWf6QZk_7I7CawbCnXtHlqqgZ3lFu2-u153c62RsvFBsX;CaIAC3dWTPIfSinC
/v_Error/redirect;XAGRSfCy54J5EfjbYqNy89XbCQpDy4i-olYXeelDIl2-oIWkIxQukU-ZXpKl;6K-QvwiGTwmzw8ji
/v1/redirect;sdfsdjhgkdjfhgkjdhfiueyr9348;kdjghkdjfghire
/v1/redirect;ek-MyhQPeC-r7Ppjl-7ws1590521NFjSRJf7RZybQlcB6wVFc-xHkvIt6lDj;tmIlqyEwSTusIUej
/v_Error/redirect;jnTckTY05-8iJ-e3PyLeUjSsNdcyftuYbSiPnYXqZexkHAVhinbF3H0tTK0v;yoCiTu0t0U79NTcm
/v1/redirect;sdfsdjhgkdjfhgkjdhfiueyr9348;kdjghkdjfghire
/v1/redirect;miq9FUo4sO6jmdsfUTvavV4VLwzv3ArWl70KXJSuRknFcgAdkYnqDApbN7tK;EniZ4MjdYiEbpv9B
/v_Error/redirect;zxAUqMwc-qj8fO0KPji_wCq4iCZWUbjs73Znh9K4xDTxHaU799VrVTFR7ooY;Pr4mlEUrHlJlILAg
/v1/redirect;sdfsdjhgkdjfhgkjdhfiueyr9348;kdjghkdjfghire
/v1/redirect;4nJYs_MjfOxuIcsWsIuqGoP09vm67fuLWqR5CX0VT39qLqHpIeD_rgFwXF9y;BEHDCZw0UK6gVfHG
/v_Error/redirect;cGw6Rm4UME7f-v_11TRknGSzJJgzHsMIal0k8veKyVDcMGZxHPHlJ6rMtEln;JBZKTxNQRx8fRUQU
/v1/redirect;sdfsdjhgkdjfhgkjdhfiueyr9348;kdjghkdjfghire
/v1/redirect;Ppw8C65oBgtoW5Lozw08r9wfb9FX61Tx9wfya9pIASMlLr3nMvYSa6Vgylhq;K_jHSG-ywVSReoN4
/v_Error/redirect;QzA-gA1gTXhNj2Lwm32DTp0RRIz1V1SN5IN-dbqBTMyZ0DJXhrVZ9486QmAz;wcg2WuRymfibAHjW
/v1/redirect;sdfsdjhgkdjfhgkjdhfiueyr9348;kdjghkdjfghire
/v1/redirect;B0uk9pYBi8ADpC-E7C6iW1CqY9ebSMzhPU5YbcaOJNFR9upcf2zz8hwOjFj2;vqdnAWwd3VTmh1d1
/v_Error/redirect;o4VKA7AS1xEGC_lFpCpW_7q97woF_j-E7Y8VARz2QFACeIuDlVlSlgOZG-Kl;gRhCpKQEM_5rgnTY
/v1/redirect;sdfsdjhgkdjfhgkjdhfiueyr9348;kdjghkdjfghire
/v1/redirect;DUIfGW87krJZzU4hcDpIO9skNJlrv-UZH9WBeKa0UELdr_fuXMJ7SA-H-y3o;DdCLC9wPvxBbpNH3
/v_Error/redirect;4a20PhdGlaM3UT0eN090r4gmcvWPxU5IAzSN8dpKxkrKG0EN3XVazNsoIXmR;53PD4xFPj-JSm_Fs
/v1/redirect;sdfsdjhgkdjfhgkjdhfiueyr9348;kdjghkdjfghire
/v1/redirect;a2mJ172mF1_ItvWE7IORzEvdBJRiN996NpMYOMze4DggGlJdewEPCux7x19Q;23PXXoHLb0cxwBcV
/v_Error/redirect;_oF-2SoZf3ckYtS9bXxRFZZEvg5kp_FBjvKhTvMjpf63_-todzQf8X6X8K8Z;bV0A2dVNF5QgNu2L
/v1/redirect;sdfsdjhgkdjfhgkjdhfiueyr9348;kdjghkdjfghire
/v1/redirect;lFJgiN-YyxOcqFPduF_8T37T0NcsNo-lG3gQN0baxeOPrmGjh--OJbDPQbgM;bwreODjipkqEFnwM
/v_Error/redirect;oHfRS1pDnFWwW3hfXjSsiNXrejo1fefzZUGCKAJOVbCwLgG7662CQDqW-a8M;Wz4Y8MZnP5neIvgI
/v1/redirect;sdfsdjhgkdjfhgkjdhfiueyr9348;kdjghkdjfghire
/v1/redirect;zCtPOrZjbRlGEpOINPee6cNvrmRrz4GYuGDx0UJ8nyUUluceVhLpAJDk7K_1;I3yw4Rpk8Cfw4eXc
/v_Error/redirect;WVySudgkkPVW8CiriKKuKvFARvsr0NOGV1Q_a35wL0tGBBeFlfFFntOEIis5;paIFZoCjZpgFczbD
/v1/redirect;sdfsdjhgkdjfhgkjdhfiueyr9348;kdjghkdjfghire
/v1/redirect;2NIHwaoHxCCw2RettD2lzwmsDZC4zBN7DS3OhNvc61Pam0qbb6c7EeCyGCiy;3pLKnSYZRprK7Box
/v_Error/redirect;mXaB2bp-W6BYdrZ8Mq56uwudPxX_sP6NTKzVFTgtE8qN9B1moGuNXYFnc_PE;z_MY5qiHjM4H-JQV
/v1/redirect;sdfsdjhgkdjfhgkjdhfiueyr9348;kdjghkdjfghire
/v1/redirect;xYx5-DLG-Q7R84KMTYb2rUjv1HfFx8Ex_vrRf3IdRxfZcueWsNZb4RYOZ8px;UbTcFmYCHp3Z0asE
/v_Error/redirect;0Ze5HvlsNv_5zIa306dJUMvSSkSs_lq3Sf7ECvoDY74eKQfN1NLEqo2rzHIA;ohRFTtc0xliuORsT
/v1/redirect;sdfsdjhgkdjfhgkjdhfiueyr9348;kdjghkdjfghire
/v1/redirect;qZxM6YuLsy3fm9o6CSQCd4TnEdhdbTjWogxL2hQv749vx8xujxQyfznDLx1K;ZALSoP26YsjaNnji
/v_Error/redirect;XOzfb6DMr61iXPYmDUqisQleUIpZOcIGgFXONNVlV0GYBFrG-9g-c50VQ9w4;IqWFG8JLFDvlBVMH
/v1/redirect;sdfsdjhgkdjfhgkjdhfiueyr9348;kdjghkdjfghire
/v1/redirect;u4J-GvEP-tLXhU6L27V52Ho0hn8IyN_1Ni31LLbdqeKnoi6TQ-FkcFTo51aN;85yDtKtsV6hDe72J
/v_Error/redirect;q4ppN-Cr7MO_Kg9dHuKa1LyRHpzWaUs7WHgu7s_zweuv45REZ-QYV1W34EkH;mT7pNfbg-aBY6qJP
/v1/redirect;sdfsdjhgkdjfhgkjdhfiueyr9348;kdjghkdjfghire
/v1/redirect;4RL0SatoSo65hs5wn_lDNK77UGCU6IlPGnNvZ8T322vDjVtYiOm0SQtOznli;a0ANBx06Ozm63J02
/v_Error/redirect;H9xT_cojH7XnhmhFSr6AQmI5lObum9EQFIusxxGO-AdN5dt-XnhJizG1OnhJ;upOvyVpeaja5PttM
/v1/redirect;sdfsdjhgkdjfhgkjdhfiueyr9348;kdjghkdjfghire
/v1/redirect;dSwIok2dhAA9BiJAoLoaVXXV2u-76C3Z0O-Pm8UDkJvR2zXcjH1NEaophxFF;9tNO7WDhygtG9myL
/v_Error/redirect;2_QBOXluMeLUvDjMp71jKwQMW73dHDjzJ3OIe9MgyX6QWgWxp0u7KzCzzE28;HQsrWVWOCklocAEh
/v1/redirect;sdfsdjhgkdjfhgkjdhfiueyr9348;kdjghkdjfghire
/v1/redirect;pb5EuNYojM5vYxMhvp0l5wRv0yA6jGeoPtL1KvNOZ1H83rhD997mUhoqY0uA;l_0F3SFmrfyTJK3c
/v_Error/redirect;j0iyOXmA0NDnocg-5081LPTykif9KN7V9HEzEIgeRp1JE3pgltUFdO_HYIIF;KSveHIY8ZUdTe3o3
/v1/redirect;sdfsdjhgkdjfhgkjdhfiueyr9348;kdjghkdjfghire
/v1/redirect;-iMnIaChnaplabs6DPyYocV-5bJ52JxmFxgxJJTn4f2o9Nj9Djb0yFLtBaTd;3NsUc_4JJiudeTSK
/v_Error/redirect;4wNoewR5mBGZhXrzA4CbgD2i12ZsqAdSltiwpPUqOAqbwDYeoneB5Gip3T3G;EIBquE90cdZ-_-KE
/v1/redirect;sdfsdjhgkdjfhgkjdhfiueyr9348;kdjghkdjfghire
/v1/redirect;j_tA8LWqZKehkISThxmKeay4fV7wlWWUKT9LP2gUYVWKtPpyDBd6QudQ9hEY;6T9HLzJq9wt01r8J
/v_Error/redirect;3mkGK_N8etCeK-izrEA93QQERgUysJXLacbGJfmXMdFxdH0Rj_vdkxGg72lf;17HX_MFqCRI1dUAV
/v1/redirect;sdfsdjhgkdjfhgkjdhfiueyr9348;kdjghkdjfghire
/v1/redirect;N4j3exN5Xz7FHxgKxOhx6ZtlWUOpdUAGL4YrN3uNEv-pK5qmwzW1cH_yh23A;mhGPF-NTV9_GPQKO
/v_Error/redirect;xI03nn57TuJJ1ceTkv6mNxekQpRsAbIWZURD6dIqw2e3GxMzmlZYGqdhsEvs;W5k_DR8Bz17pz7tP
/v1/redirect;sdfsdjhgkdjfhgkjdhfiueyr9348;kdjghkdjfghire
/v1/redirect;Th0rU13oigwYCpuRMd2vId5dTsEwPL0i7D3ouYarvkOggDyuTusVz4tPdyZC;OuG6f2cAFdLRgqgA
/v_Error/redirect;SYMIXzb7i3758colU0_TExOvI46iV-XI0Itd1KLr1dqilcz4Kb6mKj8W33iT;LmSOGG5XfzBZenrU
/v1/redirect;sdfsdjhgkdjfhgkjdhfiueyr9348;kdjghkdjfghire
/v1/redirect;rrAiDSHno8q9bpjjxFKDCE7Nr2sRQVJJFePartE9q8duhzRs4RC4C-GQ_FWn;rJcW6DveVwqYe7Vv
/v_Error/redirect;NQwkvdbsipEN1nwDIOhw4mcMPz7yAZW_tihrwuZLWKaQtQDA1ExTB1jAwA2s;vKEp1CUCFO-9Ulqb
/v1/redirect;sdfsdjhgkdjfhgkjdhfiueyr9348;kdjghkdjfghire
/v1/redirect;bfwdQX24a5Jh_d4qhhIDeyB8Ule5Oqt85o7ibtTvx6QOMzdV8UjA4oD_M-J0;4-QADAJYmEpSxWQo
/v_Error/redirect;MLD_u4T3ygUHwL2R_YWjnOIkV_QsdwH-8NvlLTniODW1xRfCsMMA6Cl5aDfi;hwRCi5K_x1WM30jD
/v1/redirect;sdfsdjhgkdjfhgkjdhfiueyr9348;kdjghkdjfghire
/v1/redirect;7or8I-6NGr1sozhKLnqJkHD4qwViHtHIibnRRv2ac_cVf-rJpD8E8NhAkdYx;6fYoDKaosyqYljjM
/v_Error/redirect;MYsbI7TATMWXrpcGJTjt4jV0OqBxM3HZ_Ayats3NzMK0wAzFUwgjpQok814r;GowoxlvaeUKYxjBk
/v1/redirect;sdfsdjhgkdjfhgkjdhfiueyr9348;kdjghkdjfghire
/v1/redirect;jXLgL3HMgUxiviZlKv7rllvkf6kqsXCab7xOt6zfAosP6-vFj_dqLdf4y56I;KHLLoC4xH2HQxIxC
/v_Error/redirect;mWmu0MRS4EgDffpdergNUrI2fJgC4JwGTNj-EopWYNe3fbalKDV_i4IRNDE3;2NYz7k8X0Hnr7s0S
/v1/redirect;sdfsdjhgkdjfhgkjdhfiueyr9348;kdjghkdjfghire
/v1/redirect;yiqd809gTWywG_VBiZgpx_ArxEwa54HBlF_z0uxlvMPuv-23qgdeNxnbODMq;qac6S889YbVDYQpr
/v_Error/redirect;U7Z_kdE4TlSDSMJ_uKHd43sf-LKyVSUtWeo4KccsDXr4uUG_AyHNQLaGFkGT;Za9jIl_HPSGnUA-N
/v1/redirect;sdfsdjhgkdjfhgkjdhfiueyr9348;kdjghkdjfghire
/v1/redirect;JSE-mS5Ds4vZfh4-_jj_ftQ4PGrSCy5eZXoHzHWeVVFkwyG8dyBXWfJhHWeX;H78p3SAfHrrUt3-H
/v_Error/redirect;BJsnH2HMAdBM6I48ySXL4thSkpaS8mvQy2-eIIqY4_Lamai1TV7zhWC3s41W;hmiz0yNpq3dYcaQX
/v1/redirect;sdfsdjhgkdjfhgkjdhfiueyr9348;kdjghkdjfghire
/v1/redirect;xauSEB708hDV9we2ytC8AYAlMbuUprcb0MBtEBGG2ntkQUVvGMfeuw6JjSx9;PS9IdmJvgFLXMRaD
/v_Error/redirect;NU7KEt5oyqyTEcieA-OZaX06acvgSQvoZmYQit2rs2V4ptG_CWH_z4FbesfR;bzOVPIvX3CdOl3R0
/v1/redirect;sdfsdjhgkdjfhgkjdhfiueyr9348;kdjghkdjfghire
/v1/redirect;8FpobdDywU5GNS7RCD8sLHf6UHR5df7SCqleaAC8dqZMB2sEdg8f2YHCN6Wd;btCaTlsoTsHcPfug
/v_Error/redirect;xuI3bQjrVhlL99_DdWsyZbBlJNf5Gst_mkNeAS2ZTXUtpAlumuDXv0aTogc2;dm5xClAoRKwvyMq9
/v1/redirect;sdfsdjhgkdjfhgkjdhfiueyr9348;kdjghkdjfghire
/v1/redirect;JLUvJJz8Rmmb71pE2g6BJOI0I_OoUJff7yl9bNsLtGaUtd9TMQxY7-5LWQxc;jUj0dHSc-NcMrNR7
/v_Error/redirect;RxAx8qJ_fFPD7XhKiq2tUV_hLh11clAs3OJcf6woxZndOf9IsVc7wjGJz2O8;xWSFciSRN0crr2Nl
/v1/redirect;sdfsdjhgkdjfhgkjdhfiueyr9348;kdjghkdjfghire
/v1/redirect;AuZRUC6WimtgZObU9oSJcJVorXqpGgocKkagyS_hD0gMas6S5Wlzt1zNGTjb;UASi3dLlxb7fGHaD
/v_Error/redirect;DjySfCnop-I4iIjsa1tWGFrI1oCK9ChLDGpcJXhuQ876wbAg4CH6Gb_Nz4My;5q1EAvonvp21PE74
/v1/redirect;sdfsdjhgkdjfhgkjdhfiueyr9348;kdjghkdjfghire
/v1/redirect;p7OcU7vd3j43UDIZeoYKmnKrEcypWofRAwlu-9hxHFf8CMWkuyPKmcHNwCjc;q5H_D4_ABfLQs9En
/v_Error/redirect;u4cpOiIW059spMU4Ch8SHTjoIEyN2nuX_KzGVuUnTV53GMUJ5ORSLO-7yCl5;9_DxWbr3go9hGjHA
/v1/redirect;sdfsdjhgkdjfhgkjdhfiueyr9348;kdjghkdjfghire
/v1/redirect;g2RDmaIRwgYZmVgGwHu5LZRgu1nImrGQ6gm1h5_33bBOuj8z4_CokBtZV7T1;5tk-B7rSF-heWsma
/v_Error/redirect;AY5oUiB0w9OWp9LNIyKPmwBqZg0p4AYbQ7KWwoTd5a-PwnA7bOkeT9ltdWZk;ChWo96FTQRtCe4sU
/v1/redirect;sdfsdjhgkdjfhgkjdhfiueyr9348;kdjghkdjfghire
/v1/redirect;euYppt4DncFHPGKjXvqBscwdYQErBq6NeeJcrTgu3wI3CvY6lXROd1rIT5iD;REc4OFYzFLHZpXZ3
/v_Error/redirect;_1IbOZOW0aSyhiVK392eInKWntAl8-iIqjmUXAZaLOgxGtgGaESsrJpxqGK-;dX5gjL39F8irtlZD
/v1/redirect;sdfsdjhgkdjfhgkjdhfiueyr9348;kdjghkdjfghire
/v1/redirect;_YG1EeS35jEriLFCQoLFqK_2MdVZVOFttVT-qevcW_I_srqgirf44Gc5b7QE;7oaEjr1KUJIjQKmm
/v_Error/redirect;2oP50pyaO2Boy0q7Mov6NuRfyPUIXFbEXIUmaEtUnz1pZwwb5ihqgtb-n4tQ;7H96YpuiTOlpfB7i
/v1/redirect;sdfsdjhgkdjfhgkjdhfiueyr9348;kdjghkdjfghire
/v1/redirect;LU7nCNHwJvaxqYmlZ8J7Q7xsLFoqvmZ62rUat84mu45Z5rgS2jUcYAVYYNsD;VVLBgdEo0mVGjXin
/v_Error/redirect;ZYwHf1ArkVj-08GxEGL18FGgA1QCyWJt2vgvojtCEvuT1wrD7d-PRBWVMlIk;hkO-Ab3L7pJF86U7
/v1/redirect;sdfsdjhgkdjfhgkjdhfiueyr9348;kdjghkdjfghire
/v1/redirect;326r8xvQXRvf_B_gLMrcJ6CDK2zTbyYvgdY1CYPl3ilzAIVuLNvV1rOGzder;26j8Rn68Qfz6LJ9u
/v_Error/redirect;nXDdfU_EIObrNGPow10DoxXOPXKNHuQPLLF6SsEcrIMFFjirVpAkuxdGjL8X;8Qk5fvUrYCTQekYn
/v1/redirect;sdfsdjhgkdjfhgkjdhfiueyr9348;kdjghkdjfghire
/v1/redirect;sQ2kkC8PJU69c1T-FxY5F7Pf5kgxfVJNTutCGDFBo3A8hz0YeIRrWYhs_nBQ;9C5qLT15woqyqX6c
/v_Error/redirect;4Pv3Q0PjfXsWqyeFyGeuXcIBnucz9I7-P0v3neoNN-w5q1TOuJauvJTIKO-b;48JcfPgUocy-7M_T
/v1/redirect;sdfsdjhgkdjfhgkjdhfiueyr9348;kdjghkdjfghire
/v1/redirect;3OSwT9-gGsoalD0O5h7C-5FOmWz9sD45j_zlpfs1icPD1of0C4i1PVNakB7z;Oh6S73lmAIaSbc4T
/v_Error/redirect;8X23L5KY_V5t45xXBV3PNlWPRwijh1CgL23ZNKIhMncNA7uif6rfM5JqPzBG;ql8NHsDpx13I51ZF
/v1/redirect;sdfsdjhgkdjfhgkjdhfiueyr9348;kdjghkdjfghire
/v1/redirect;HbjyVoknhKZ7JQZ40sMdvFPvPHn7fqydyQu_PYpWORsVu7UFv4O4OfPKqU8c;icbbgif1ZXF-yVfn
/v_Error/redirect;5226YFcixpk7m91Ic2bH5Btc8kLT0Acx5gy4xBoLSinljEs90tS9P_3ontra;gSGx3h-dCJyP1vyT
/v1/redirect;sdfsdjhgkdjfhgkjdhfiueyr9348;kdjghkdjfghire
/v1/redirect;Mjz8X6XcvBijCfYWGhUEAgSlVMID6PQv-qP5MowFkOlU1J-Mu6HFeRZvJrC0;z1i-yGWxtli12g0X
/v_Error/redirect;G867QYRt4x0c5WS8R3QATO5zv6rhQHhQ5Knl4-8xHrvdeNlvIQLcfS7QZZ-c;1WTGtuDhHmT4Jy1B
/v1/redirect;sdfsdjhgkdjfhgkjdhfiueyr9348;kdjghkdjfghire
/v1/redirect;CINkn0iOVxiLlxb_etWPekTTqM0BqlHYb8alBZ9K3f_bQncAHoSPkM_bSAmn;h67_N6DtCFstObZo
/v_Error/redirect;btAMA7CrlwTtFJDSuE-dO-OJr4Uub1QZoOBqz2skGlIOgLzUtKiBaRIQnxvH;wVvK0vDmLofWDElM
/v1/redirect;sdfsdjhgkdjfhgkjdhfiueyr9348;kdjghkdjfghire
/v1/redirect;JtQ9baVMRprbv_pdBgkkknTMaUhRxsiK8iYuEDMP_cH_NhGlR_szdegm8LkC;c4Sp8VDkLtp57sFZ
/v_Error/redirect;rS9nZpIobtsWVwmO2WHCTjD8ZoeQvzw6bEO7D0nsxErlCHJssYPdq9eDCbJ9;tsiARv3ArtjMYfTU
/v1/redirect;sdfsdjhgkdjfhgkjdhfiueyr9348;kdjghkdjfghire
/v1/redirect;VT9VvrZZGdpUEkZfoYZ-SzLi7jDNv3B8PJ6hmZhgPCqY2jLVHA2YtgfjfEzy;c6Fpg7mpgPFQOoQo
/v_Error/redirect;-fBcPx0p1UC1EPGgtCm5pOH2CTCttE7acKGR56-z3Yw8YGlm_k6Tjq9W-g-d;ippxSLjsjRqjWlYe
/v1/redirect;sdfsdjhgkdjfhgkjdhfiueyr9348;kdjghkdjfghire
/v1/redirect;CbKLY65LRZQJ3KWtTcbCXnsDigtWaTrjIo-nn4uVY71DVTeNI84LKQC5ln9G;hDGQqR9rTq8yMvNp
/v_Error/redirect;uhbHj1sLhvJ-2W0R7DT3PaYxwAEkJhVYcOjDN9vyFjKsaqhZVcRN_ZEbbB0Z;PLBrUl_DsB-2BZPb
/v1/redirect;sdfsdjhgkdjfhgkjdhfiueyr9348;kdjghkdjfghire
/v1/redirect;WOuIjlriyxoubSu37lNbWND01c36MrkaBLlKNKJiMyCcmfFunx4WFiERwzxs;sQzC2iRbQz3Hrlsk
/v_Error/redirect;m00Y8fxxEWyV2qXZJALNoOesbBjtZ2zMSTK4iecqAzH16BtPiVC1dS7xvIgg;AtNDPU42Ei1ib4D9
/v1/redirect;sdfsdjhgkdjfhgkjdhfiueyr9348;kdjghkdjfghire
/v1/redirect;ucCWiQ8l2fIA62N6mOR3HObBfzzV4-4X-8ZuiHEi7WOZT1yslRu9zLEGlVGx;6hi5qfkzSt2xx2AA
/v_Error/redirect;BUSaol-PR8wwrk5vWka7QT5SpAgTp5OD7PYf11viDv8wWW5Sq_nEhFXcYdIe;d8j1v0DiYnYm8TRn
/v1/redirect;sdfsdjhgkdjfhgkjdhfiueyr9348;kdjghkdjfghire
/v1/redirect;vQYht7-z2OBlTzl1Vy7QtQnw-uftd3iZbxn6PhonF2jV605Qu3_Jv_8VdYVu;BKcksDSlNEsp0w8I
/v_Error/redirect;nEaFILl9OfJhUiMmOZnbe9Q6njLGCjm0-wc4r8b_llJoLcru2-omO-XUTwnM;RZ1WBq3Mq3nL3Ry6
/v1/redirect;sdfsdjhgkdjfhgkjdhfiueyr9348;kdjghkdjfghire
/v1/redirect;0FVYPvh0wJdUhs9Hr4tPsmIhKo9evswOYEa7P3gnSDrflBQImpcSvz2XyhSN;i4RTbW8vU9wAcsAW
/v_Error/redirect;2yt_tjuJEJu_CkVqwbpb29T33u4SDj7-VxTxrQm5hH2-UlkuzMa8Ue9cIA_T;uZHdRZs78K3PSjPP
/v1/redirect;sdfsdjhgkdjfhgkjdhfiueyr9348;kdjghkdjfghire
/v1/redirect;fG83TMsHsinLYsQ2cD3pHr4ZQ3PQ92PUfladRrKuvaXFiqA978XPzClRFNQF;JjXLnoxM7CAzHV2X
/v_Error/redirect;VDVsAQlYQaVIXkVum4AOI0b2zZ_GybdT0Jky1-71G9X1OQmOjDllelNn1ic1;MfpC71niU3JuQYEx
/v1/redirect;sdfsdjhgkdjfhgkjdhfiueyr9348;kdjghkdjfghire
/v1/redirect;Kb12hQVoXXGk1Qnsd2lBeaYpPO-5UAX3v4pHmRNk4xUPYkXcKT9hV1LtReHv;Ge_hS9jbG0ZVa5fh
/v_Error/redirect;6aue3OR-fkOMei5ippBty9YU-MQGrW7SQBbk-08UPr6h_KwUykY_rKp4Cus5;571loJ1z__OJh4NG
/v1/redirect;sdfsdjhgkdjfhgkjdhfiueyr9348;kdjghkdjfghire
/v1/redirect;adFoFv9So9PARkRk_zETXvau5F-mgaPqjXKSOXKmfx_yJeWeslJz3MksdLjV;KKYWHji8JB1pk-zv
/v_Error/redirect;UHQGDQXo86eLHbwoI_uowRs7BlveouKfvN7HLIQlUJjm_dGeF0uDnFD41F8x;qgPdy615rXfVU7VV
/v1/redirect;sdfsdjhgkdjfhgkjdhfiueyr9348;kdjghkdjfghire
/v1/redirect;chrwHjpVlUma86YqjOpwWxJ89SQb0ynig9vSR3XLD2OmDaJkrj2kjwnDkUm_;I1wRI4QQv2_oUVx6
/v_Error/redirect;3QUMmH1QqDjOzWb37wa0ZpPJsV-jaXHiBSPGQf5szuu6-tHqF1hFfrybn2Tj;yysRiG4DqIM2-Gd2
/v1/redirect;sdfsdjhgkdjfhgkjdhfiueyr9348;kdjghkdjfghire
/v1/redirect;udfl4fHPj5vIsAhmYUEe1V92j_N4_Sz4G6-KUOAq0qRD4u2k8LD6maZQylXf;gbIPDuPYyktxYDsI
/v_Error/redirect;kjZQvue722kbVwP4PwwHop6_l8KmaFznJXImIk5nqKMOe5iP7I9zpY2w036q;JZGT5XYKMcbh0x7X
/v1/redirect;sdfsdjhgkdjfhgkjdhfiueyr9348;kdjghkdjfghire
/v1/redirect;8Dd4Va01moUPily9rIdNy7xP8Qg03z2P5Mxaig-bDQwBfS9UEQKQBlEwvnbP;fBTpylI3lj0ZnJmb
/v_Error/redirect;7EcnJHSTkByBgNIMIFD0SPg6urUlilnM9Qpmpo6vjj6tVAlcy2pka_gbi_fw;8Fq2NrbJH0U969tB
/v1/redirect;sdfsdjhgkdjfhgkjdhfiueyr9348;kdjghkdjfghire
/v1/redirect;0C9o098kHSZShkau6QKKY94siaGjZDzlEor5CPSYeIz08CM9Vh_BMcQf0eLq;1G5Q_AUTOh4JJNZT
/v_Error/redirect;WKkk8PXeTCP1gGT-4_rf4nBV78Dz6-3egoiht3o11xFcGyUn-nLn-5G7JqIt;Zp6G7NxRyIYTH4NA
/v1/redirect;sdfsdjhgkdjfhgkjdhfiueyr9348;kdjghkdjfghire
/v1/redirect;z0MuUIPtajlHYLyb61jrQfSwL0yMSN_27OW_ti_NVbyx_UOCtDgM_9QyIeiG;GSl6m36Fywb-SFEu
/v_Error/redirect;UQ2O6da59QAV2grpZlW0nIXEdHtmcf3CrO_5KVFqADRegIfF557aAjPBwVzH;VhOGAgUq6REDhMBZ
/v1/redirect;sdfsdjhgkdjfhgkjdhfiueyr9348;kdjghkdjfghire
/v1/redirect;sD8CHA2_zj-d2UChpxCfr1m5Aln98y3fe1HI9ZD4_ToOJeiIvDrqfhzuyTPn;wvO6KDB0VKHRAfq3
/v_Error/redirect;LHs0ElN1k5-gfOh5xnoU2gJzZKSUWa4b3DKHIlNZtf-_1rTA7eJgQAUGjhNJ;VLO1QjwJIl1sSxqW
/v1/redirect;sdfsdjhgkdjfhgkjdhfiueyr9348;kdjghkdjfghire
/v1/redirect;xVknrvGwsBUwRzgNhjZRnxBCGwFafsToR39mHDWVCh8WRRpaG-pcT6_OITX6;Gr0_5QIs1xqCQzTH
/v_Error/redirect;y3b02BYDzmbMNA-Md_LFRdlftdsQpAMiw2Luc_p0715fEZHrU0h2uc9Tf4Ay;yZeGP1D6ohXcEreQ
/v1/redirect;sdfsdjhgkdjfhgkjdhfiueyr9348;kdjghkdjfghire
/v1/redirect;kjAJe5oKcjoqMpnkF1HVoA9ZFGhpu-_wqCZ6spjZ0HqkhjC9S3ODk92Jn58W;Cxkc6PQPKvUYIJns
/v_Error/redirect;3S6ON9pV9PFkFxxPGUG7JNvkgB5kWNHyU2UZ5Z25xKEJ5H_fiYUGQwthKKSo;1znkxYCSCTtwCmRn
/v1/redirect;sdfsdjhgkdjfhgkjdhfiueyr9348;kdjghkdjfghire
/v1/redirect;bu0UVXVjKquQlJcppLiSyCp1x3utcAYqPkvmKYAZA2OEiO2pMTGfge4kyx3x;v72rdLPJBOBpsQLd
/v_Error/redirect;dAfKbPlNRQD5RcQ31CP6iXVaj9d2nkFlrb0I01Bah3FIKRcm78_CwpfVgpAN;GxlQVJDBjC430hDz
/v1/redirect;sdfsdjhgkdjfhgkjdhfiueyr9348;kdjghkdjfghire
/v1/redirect;w2k5X2sDyH0s0T32i8raPKDL6Wp-iFaHJY7un8don_RTfUfUMp8WMc4fsxAE;5lb1e5WB6c-KYFxO
/v_Error/redirect;p-oEGmRH9QMNAPRlF8AeDhZQLNg6v70Lt3qMeBEJaUvT41PhCq-TecowA65h;NtAvUp5h6EABWJBd
/v1/redirect;sdfsdjhgkdjfhgkjdhfiueyr9348;kdjghkdjfghire
/v1/redirect;0iPMs36NJ4IYA72iI9KpOhjxpnPRKAtIu9EDxW9A_fHIP_A4Ok8lyDuwSspg;XtKgMl95sfpDqLWb
/v_Error/redirect;DGJqM1rG7wJfe2ZUpIf96ZmRVq4X3OJcq2gauchXbJxYxf19-uTtXtCwvh24;WKFoAF7bVxAaKs9I
/v1/redirect;sdfsdjhgkdjfhgkjdhfiueyr9348;kdjghkdjfghire
/v1/redirect;Xy-dr0xaJLVTfpxMU-ddxtOOix_AvJAcChkfvAYPBFtr9vY4uyKfT9sN7p5T;CSrO8mzO8Fz8Lf13
/v_Error/redirect;N1Xkg3vLvZ3c4k8vghA_e54rGYyfz9YEY9wpNfGn7D9XlhYZkCdVO6kgzXHE;2CWako3T6NvKsFDH
/v1/redirect;sdfsdjhgkdjfhgkjdhfiueyr9348;kdjghkdjfghire
/v1/redirect;WTDhXG4yQ8sc0kl01f7dDQx2N-zFW7Ou7-bBJ2UFJDOZ39qOSn_JOsJ-SrlW;xohv7Snn1jEY3Pu9
/v_Error/redirect;p71eKNxhHs9WC20ectZ4o5ezeCIu_XGeTJB_Zy7ri3Y2TLH3txf4FDa345lb;7vBZFczhUnzdjfK9
/v1/redirect;sdfsdjhgkdjfhgkjdhfiueyr9348;kdjghkdjfghire
/v1/redirect;t11i5xZYCzicORjYVTiLkEFGRDEekNbTT20X4ISsFHTpXG4V3hDeuw32nWdu;V-PDyOLVOYY12lO3
/v_Error/redirect;ulh7SkGiEHHTQ0oFkJ3LoYqAVTHpKombEKxMARelhKblWR_q9RNKxTv28CWF;g6NXcH25_KlVpo7m
/v1/redirect;sdfsdjhgkdjfhgkjdhfiueyr9348;kdjghkdjfghire
/v1/redirect;KA1CiMqLU0A-cswxjMnWdXVPqJukzTcKF6p-lW8F8g9n16FbVCe34bOsZs_c;uTABiZT0HYH7C9JS
/v_Error/redirect;ep4VCCl9Act2asFQRenQrfI7JUvRkbSf_wECXYDyQzrS-15kVaOrKmB0E7-9;Gt08RgGhhdpBtsCz
/v1/redirect;sdfsdjhgkdjfhgkjdhfiueyr9348;kdjghkdjfghire
/v1/redirect;Fsf8HyOV6aMmNX4X4TR5g52qbta4p9SeCvINr0r869uoHk2cUKL8EWhh7zx7;wOy8EARI7v-wo2Ik
/v_Error/redirect;wmdko_oVu_3m5RbNffNZoUGgSkK2cZElgNYyT06Jkehuhc-LWs7JL9WWXQ8y;BxIru696hEqfu6V8
/v1/redirect;sdfsdjhgkdjfhgkjdhfiueyr9348;kdjghkdjfghire
/v1/redirect;BwAP-9CrPW05KkKoLoh48UjWOsgUt1bA7VwgCxMuF7mhuStwYqLbg0AeOKcQ;WPW_6vV6VbXgcyin
/v_Error/redirect;rc_C8n_RiS0Wi4edxkc1-9AjYBzN5o-OxISlEeRRnyZamH2ALoRDSDHVehSs;In83d03EkmxnYZQc
/v1/redirect;sdfsdjhgkdjfhgkjdhfiueyr9348;kdjghkdjfghire
/v1/redirect;8bcwwaeil0mJFgJPv54RQMb5SYHJTs8sYEz8fPeP2TexjCb1Kni42af1c-8S;LOCdyWtXcRcaqurp
/v_Error/redirect;Rmj6LNV8qkPYpexq5FAOiDGS11T4SWopHDJhgWGbfmr-2KjbMheqmYp3slqO;yvwQmcor9_iLwW2B
/v1/redirect;sdfsdjhgkdjfhgkjdhfiueyr9348;kdjghkdjfghire
/v1/redirect;ZNn7nWOQjic5x2BHKk3x7smupgYvt5Tuo9DZd3zH7qanXIuwRp2yoY5ZZxAe;lDNHp00nYELlUvx2
/v_Error/redirect;tTxrMQsSu4TG4ybIUxr5-5bRI-YcB9cPlhK35Tl3j3TGviw9OqfarNjX1pw4;zUOZvBLGuUGGjuX_
/v1/redirect;sdfsdjhgkdjfhgkjdhfiueyr9348;kdjghkdjfghire
/v1/redirect;CCDTZtxkRCarNPegHVKksSyoe97N55gsGoyxbFBUib_s8PpGVDBtWStXRNwA;OcU033vekDAnyC_i
/v_Error/redirect;uN1eQZDPO0rHGQxi1BdQObkAqSu72ge6qBwy5JnVgc_c7VZklARwTRWMEooL;_q58qiVNJMHH9C-Q
/v1/redirect;sdfsdjhgkdjfhgkjdhfiueyr9348;kdjghkdjfghire
/v1/redirect;q7JvTUzFZTdHL5Vlhdg0L3uInzRfSuczx8kVCsU3uO91asqOcGcB81pUAsNw;5nqONwMfID9bVrPs
/v_Error/redirect;iiHMVtr6PtXTUL47uEyDFq7xRda9R2zA4ZygxcHqj5-avIglpE-BnfRCf5RC;oj9T1Kl4VtJGQID9
/v1/redirect;sdfsdjhgkdjfhgkjdhfiueyr9348;kdjghkdjfghire
/v1/redirect;BtADfTrTfdjXv8qEwF2yjYRNhYxUxcvHZhl966jYVLzdmpnStFAf3ToAY5eA;2l4m3LcBAL5SrrTH
/v_Error/redirect;0qydxqou0f4CvV8h3uPJWoLKvGZ3UAAPtjOu9ZbIYq8j85VRSYaQF--vUDJA;nKz1wAbgg5XYHs-i
/v1/redirect;sdfsdjhgkdjfhgkjdhfiueyr9348;kdjghkdjfghire
/v1/redirect;sVSOEiuieUyK9_ojo1mMfWCyaSWJ7uNb5y-sRLkHuocCa0yS6fXRv6oYbXoM;IjGFUubMPDADRlSG
/v_Error/redirect;Cc_Q0VJJSJntDhc4kuOGAa_byzOHbebQ9BwD1Bz7aFErozbVeALwv-tgbWbR;M_1c6xLNKoFyjYIj
/v1/redirect;sdfsdjhgkdjfhgkjdhfiueyr9348;kdjghkdjfghire
/v1/redirect;s9e7q3KjdVxOC4SMuMC_45eG8ZKpFOENGjCLq4Ll11RTwX3pxH9p8KU6PDxp;pyLobFnI8okTlhxA
/v_Error/redirect;SYiR8a9wvh4LVTkxi4Eq8oK0g1JMXXoSiT7c6MxPrHpSSOzFcpNi5tKSocoH;pTGVa00-DjgWgNgP
/v1/redirect;sdfsdjhgkdjfhgkjdhfiueyr9348;kdjghkdjfghire
/v1/redirect;xYpX4rreHoPA9ddqJUff1aExSNrFjID-D6Wt_jmGnpD2RX7Tb53wYcXo385F;7LTQA9TvMXlvXwah
/v_Error/redirect;-8AieDhI1eJb5xBr141TLMDQk40IpxworWlRa5RNaCJ1BKsTgBR7Pm4PIKpt;3JIUqEfvuzOEAnd7
/v1/redirect;sdfsdjhgkdjfhgkjdhfiueyr9348;kdjghkdjfghire
/v1/redirect;6zRZ9hF_V0sX1RbMh-3QeoZWGo6jYz87dg2bHmQJ9uEc__y99a1FQQDlr-5p;VDj9ovVdoOidgyUv
/v_Error/redirect;xWFx6veg3mHnn8KZZko6D6mRa-4IRE9N64OOtY53vRhH3WQMqOGMKCVswr5i;5RWTU42V-tRDtewa
/v1/redirect;sdfsdjhgkdjfhgkjdhfiueyr9348;kdjghkdjfghire
/v1/redirect;Ft-pjJtdzgQL61SqFS3D571bxMDs_FDgbG98qO60JS9XE3m8QHRBFmknYmU3;15tv04BCne5Oeicr
/v_Error/redirect;7kGmNBSsu4DBzVkIpk0NYpJjOTn8wyV0V5r2hjeOFExte5tAF-dzPFxn7nII;RsDhS02Dk_Nbr2WI
/v1/redirect;sdfsdjhgkdjfhgkjdhfiueyr9348;kdjghkdjfghire
/v1/redirect;6CJNwmqgHrmqrEMxSIIZyABEdLp98XLHOUgDG0Yw9vb3uAzjOgvkaTDgEQYI;HhRnjRMrM3MiP3SR
/v_Error/redirect;ja6dBIdOys0yGLhJRwMkgOp33sl4M1D_VtOfHTlLFjY6G8EgKCp_3hkqFVcJ;wJ0QbkIAHkzxxe2a
/v1/redirect;sdfsdjhgkdjfhgkjdhfiueyr9348;kdjghkdjfghire
/v1/redirect;-lYuwL45OUnjDqHtxR66HleHf6o6a8gAzhHB5TDS1WSinA3dQwL0TD82lnxG;-GlNO4QcENM0OQvG
/v_Error/redirect;DZ5AtNgzUEN5YwXhXFTVMLe1BTtyaeqJBnzjDK03BNuAxNjvAGelUU8jQugH;4dgPLC_t8-F5pOZI
/v1/redirect;sdfsdjhgkdjfhgkjdhfiueyr9348;kdjghkdjfghire
/v1/redirect;ypnSmtRnabpgOdg_QGBB55wRJANPMw2YIOQk34oNjwwqEo0MR6x2zly4esSt;DpcQsZYNdjSYnPdW
/v_Error/redirect;ikeFK8DTY_2oQOKAcPJ5gqmlPz9hFv858FR56PGboiWBvI_QKgEF1RxusuuZ;g_xlq37gPdelt16L
/v1/redirect;sdfsdjhgkdjfhgkjdhfiueyr9348;kdjghkdjfghire
/v1/redirect;FwmbRLtm9mW8hkmCFeROwxkki1v_rWzq-DR3FC9rCU2csKd0MfsFkDqnDrkR;qEnVkml2s641G6ng
/v_Error/redirect;Tq6Z0qBg-e_W_I1fTSmI7rxgGPtwl6G9VyzQJmN66DFweT_SPgwpyaxUizVc;8VTZY5ycC0QekqJ6
/v1/redirect;sdfsdjhgkdjfhgkjdhfiueyr9348;kdjghkdjfghire
/v1/redirect;FwTtFioKD3CzwX4DCmq26nVU7x1zQbzbVgCgZuGiaJJfSL5UoXwDwx6BLZzB;bEhrb-nXEXRiuZoo
/v_Error/redirect;YN_5CSZoMEEUa6zouAvKnPwTHL2QD5X-naX9Q5myGAE76uiZS2zVcXNxVXid;GkrXB5RQqgr1G6u3
/v1/redirect;sdfsdjhgkdjfhgkjdhfiueyr9348;kdjghkdjfghire
/v1/redirect;bdQd8QvGhG8MrdY0EWmG876HpyJfQs_1UzHACWFkdu6DGvXnW2ma2o0aq4TO;FMFeVz_2ZE5NyldZ
/v_Error/redirect;C80qkrd5nXW17lSsTowZxIhSuAuttrakvkEhjVe9GMhxVFzQjnNpcnTQGX8P;oTXYrWDOYN7k4rio
/v1/redirect;sdfsdjhgkdjfhgkjdhfiueyr9348;kdjghkdjfghire
/v1/redirect;tw0XKXmzkFsL50pcNZmD4fa20b2lq0-nbE6fgbNbCJDgJOnno-olATgbNhEF;wF2HbOESXk61s3lA
/v_Error/redirect;ABQWRycTM92M_sYb9simmWT9lVVNCsGXVcyAEPGQlolEkuyKHUOPybIX-zF_;4mwgkzzSNQT-weFs
/v1/redirect;sdfsdjhgkdjfhgkjdhfiueyr9348;kdjghkdjfghire
/v1/redirect;KahV3Ow9FQFolQfu129EvF9cfMSxfl97xZKcgrNnp-qo0cN9vALakNB4dqMn;KT6Bt43-Meek1Mh6
/v_Error/redirect;KEvkaMnapqMZ9seAA8Ti2jdlLm6zX6oPUa3iuhB9-O3-WPGWpSL_BSZLezoO;CG36AY4rmPsxqeyf
/v1/redirect;sdfsdjhgkdjfhgkjdhfiueyr9348;kdjghkdjfghire
/v1/redirect;sTVDKSsIEYOYhK3ClslWv37GYfkt_VbmfbocCT7-ulBZ_MnXqMwqScNlaR-f;0oattTmbPh3bJzE2
/v_Error/redirect;JkZFxjGisAfOFS6uIzBRl_d0OFIJljP5FzbZz5C4vWg7ZIX8gnzhgITqehoj;hsYLmXa213h8W9ER
/v1/redirect;sdfsdjhgkdjfhgkjdhfiueyr9348;kdjghkdjfghire
/v1/redirect;NlyXf5RfJK9fNrGIrvOGhjHnK0wiaDijwhICf7WPOY2j1peV4x8M2smnDhCR;vESNaXqy6LPQ_Byw
/v_Error/redirect;vaOSpGeslCEfaXUulknhZHnNnIDBp1C06nXIQj5J6MCQqoTy39NfkJf4vIX6;QSY0R-M0kN_zcMy0
/v1/redirect;sdfsdjhgkdjfhgkjdhfiueyr9348;kdjghkdjfghire
/v1/redirect;qMY7xw6WfYOUd0PLQUAP5U2GCIv6WrU2g_ECQm7AyuvysMM7rH7y_WEOsn6r;r9Mr40v8nKCuFnPZ
/v_Error/redirect;cyXLEth-ePLruq4uSxirewHMZbdSy2eTMDzMDs0MdE9yvAJgrgQWmeHCoCHE;1dNlFEGfpThk9rSx
/v1/redirect;sdfsdjhgkdjfhgkjdhfiueyr9348;kdjghkdjfghire
/v1/redirect;ZL0zdxtr5yAdlk6SM1vIVepLWHHV83sYB-1zGvf_ZK26mfuCm_ziB6UATNb-;uoWpm8xmK32FULjC
/v_Error/redirect;8_OJxkbsvuZrQeeYjuYsqj8hsy2SNF9_vXYPB5XYt76Z4YkM2f0X9s4Ru8DV;esDyzfMBPxJImsHt
/v1/redirect;sdfsdjhgkdjfhgkjdhfiueyr9348;kdjghkdjfghire
/v1/redirect;3jUI4FgTzUR2yfm4LRlRu2l8uzKnTk5Lw-WaRuB-Q2LFYJCTam2KXvRCaSfw;8sCfUi5DWnhvCVfp
/v_Error/redirect;K--_y0rocCpbjavvagXdDWXV-EFsi79YlKISPrL3jmCZ41sl4VJIPCvZyHsG;Bl6vXy9SiAciF9yh
/v1/redirect;sdfsdjhgkdjfhgkjdhfiueyr9348;kdjghkdjfghire
/v1/redirect;i8sxoKSamcK1clorNcDfw15DDYb_efoEgzA69pDs14-mCOuW54I1Cao5BP7B;w1MACGLZysKtrnQw
/v_Error/redirect;hAdV4EXhNXM_-3MdkAZzDOEFGO3yZE2fuweudiBwgci0thQE_pP6v19js1N1;vv5irmEOSVc_EJip
/v1/redirect;sdfsdjhgkdjfhgkjdhfiueyr9348;kdjghkdjfghire
/v1/redirect;eXZcNk05-W56yJpXP_ruq3O5ajeoPAplpUvYcbe8hab5N4QpLPGmZ0xIMViG;z-iBsWYAO4AWcx8j
/v_Error/redirect;rM8NiTWjWlZJPjM2jL8LAR3kE40ehTi-Ug0ghzvk9LLAbxQqb-38ONBIeV4c;BFrZetlbSIAs1LUQ
/v1/redirect;sdfsdjhgkdjfhgkjdhfiueyr9348;kdjghkdjfghire
/v1/redirect;OSSzvWqRWbTh6qEE8Wb4u42wNKVwn2VsZX6nbi1m5tAPBarokGRJDVdNtveG;dCRI1N1gr0zghov0
/v_Error/redirect;Y-CZ7TL62PrkRo9OH61v22IhulNQ4KhkpRgOP8hsCNy7f4yQFD3-EoxK7z8s;YXVkweDMRc1GZQ-l
/v1/redirect;sdfsdjhgkdjfhgkjdhfiueyr9348;kdjghkdjfghire
/v1/redirect;5XQ5QAtJk51fe3CojepgIS1I_FjxM_cI6-YijygOeykHBtaTqVWpQVZ3H3v_;c_A1fG9I4MD3CFkN
/v_Error/redirect;_BMjLzP9cMuDPdf5Bt9Tc2Ysg_OAlWOhFh3LipFqHKzXntfUknAJmENRNuDw;glGwRT3ulWUS1Acc
/v1/redirect;sdfsdjhgkdjfhgkjdhfiueyr9348;kdjghkdjfghire
/v1/redirect;CPD9HtzEqrJ2Jsf4l-ggUf8LAe9d2htHvf2WJdvksmRamVvv1A0XYI22KJbr;X228IqJWqxg_tJvk
/v_Error/redirect;pL1StL-nvkaFSBoXZ7jNLO2SAwSOvpW46181lCAqVGGcwHHdiSZlJDq-x0EB;EO_Qj6sVQ6ZJf7aQ
/v1/redirect;sdfsdjhgkdjfhgkjdhfiueyr9348;kdjghkdjfghire
/v1/redirect;DU6OijFL1VRV1OXXwHhEfv3YRMcZV18uK_-C37sD-Gs2CuhbpuDaK4C0qbcr;6APilmUoo1lHl0cv
/v_Error/redirect;v-KaRqm0Q58EokEtqG5ZnRSb4E88mIaVSsvB4POFoPlW8BwvUoDCIKexLiG0;KnO3k8-nTd-wS2YV
/v1/redirect;sdfsdjhgkdjfhgkjdhfiueyr9348;kdjghkdjfghire
/v1/redirect;SrfhbFrt0xqMnbSficTsuHgP_zgAOGA2PBx5LfhgaxODpH8V_yoziKmZnhi3;skVqKT80Mcj8sb3w
/v_Error/redirect;Kuh107Hu8S_mmoq-SYrFWG1xTMhiwghoYt4d5aa6vRLgJOukxERIKTwLqKdj;u2nJbrnqj5ZnlVie
/v1/redirect;sdfsdjhgkdjfhgkjdhfiueyr9348;kdjghkdjfghire
/v1/redirect;64D8ULy_D_RHUBYeQ3Z8ygaHP3hV88XxWmi6H916OSTG203j8eOpTLI_fMop;4Sm19lTZbeUC96PP
/v_Error/redirect;MVda6vIrjJxtBZ31-YHGKPWwigBTeJf9bLBZJ2nsftjynpdObqbRW94OSavU;2rhqAKskTD0uV1Jh
/v1/redirect;sdfsdjhgkdjfhgkjdhfiueyr9348;kdjghkdjfghire
/v1/redirect;Ky1habYZQ7yu5LPs9PgouVsNhW_T7SZAUii_7q0Fxv3QYC7b1AjL91Ck_Uhj;ENe1elzbrhI778JY
/v_Error/redirect;Ps9yGosoBlkMWJA4IVTDisCnzhZK1BK-UCyHvao9anFcdhwmtTEcmun7ueof;SWYzv63_FGX3ks7S
/v1/redirect;sdfsdjhgkdjfhgkjdhfiueyr9348;kdjghkdjfghire
/v1/redirect;askrAcUAAMvixezsn7_Bz2Hn2VI6aiL5r7306S8EIjrHMQLta9qKK1_lXdrn;X6epnA4KOm8cPj14
/v_Error/redirect;_flplmFOtyqFrWRGAapCvBtKaohfVbaMAs9o6RfYws2QAS2DqdKxGhYQwrSP;AyjzB8HVFZgD5seI
/v1/redirect;sdfsdjhgkdjfhgkjdhfiueyr9348;kdjghkdjfghire
/v1/redirect;x4tdceT_LGeRY0REaiNuHD_KTnBtxDkRelOocGuzSB5DAjbMek6MikvsFwC8;7RUezSM_YYZai2np
/v_Error/redirect;46EeeuguaSMJcxmhT7jV--73lkiMmu4B1tQ9foyC9DUgg_LBBaCM4V32Z9cJ;L3p9V9431O7upQsL
/v1/redirect;sdfsdjhgkdjfhgkjdhfiueyr9348;kdjghkdjfghire
/v1/redirect;fQbNCNKyWIwEQFVBJdrRhuuJh7DMLYn_fY95IJqCmCy-XxYQV_8nHwQKjR1g;B5AypZ_nnigKYWz3
/v_Error/redirect;ahYy0CMXoGwoyA648Jmc-IER-mLhWUw8H5xqnl3cNy_eHEnUQWEWWcpBsyaC;l13Bn6ewsjqAYvVb
/v1/redirect;sdfsdjhgkdjfhgkjdhfiueyr9348;kdjghkdjfghire
/v1/redirect;gOJld7461flluRKKiwhTv1knn-0oIcMC5OlaCFJVougn_1w4q8u-4w4yQRxM;xNztCUA7PYyj1Dwt
/v_Error/redirect;iCSaV8p3k9zw34tjb37A-yt4x5BneMRGnI73gVojqnrdW2DM9cd1ROCcv93P;pncSCRDolnBJDdR2
/v1/redirect;sdfsdjhgkdjfhgkjdhfiueyr9348;kdjghkdjfghire
/v1/redirect;gKAdoP4JsSuGez-kDOPbJp8N9FqTHPSwI7K2vqrXY3_Lk00aZ6auU4rGDej4;f4mxU_cLgEcnn9vM
/v_Error/redirect;5mvDFhQR2-Jzcsy7fxMqM8y7aA3yHywXYWIMlZ2eKbbANGR63yHw2qdAOiIB;pCs2kj1SUuTT6wGB
/v1/redirect;sdfsdjhgkdjfhgkjdhfiueyr9348;kdjghkdjfghire
/v1/redirect;Xleuk9vEY7qA5zToVEMTH75d4FFEVJ_djHrTPE8ARk5AuQae1-PAja_tEZUR;vuXNfStIcaitlhVu
/v_Error/redirect;4ydkD8dKqVIa-HyZqa-wixRul_aIqvBT-6GvQRhEKq2zp3WiPrYVhkCG9Giu;TFA4zR_ZchgFS6rO
/v1/redirect;sdfsdjhgkdjfhgkjdhfiueyr9348;kdjghkdjfghire
/v1/redirect;aGn8W5OMH5WqHT8HOdAWr75vEaI-Rw_oCrwDnKyRflqM4eAEjyJswU4hMUSi;FL2HJApqjduBISNe
/v_Error/redirect;FhRcW7v59A74kv3tsxPHJH8O-mTc0VyzTyL8kk9rRqEHaNTyR80Lsl3YbiSA;e2e87JV8iZ3UjaHJ
/v1/redirect;sdfsdjhgkdjfhgkjdhfiueyr9348;kdjghkdjfghire
/v1/redirect;TGIaM3kf6YuzXI47wnplbmq4-ndzstAqHW-zrClTtDVlLqg3VpxvaZfXuOZC;WFN5hjMgcnonMIrj
/v_Error/redirect;3ZoAVUXf3cs00MreZpCNrJCDCmxhxDnwIcfrx_fUa2lWxyFlKB6pSH8fAA9J;vVMl4izm4Bh8NShU
/v1/redirect;sdfsdjhgkdjfhgkjdhfiueyr9348;kdjghkdjfghire
/v1/redirect;DG1TxbYhyIIIydlFw77AOT6oWh1t8pgR5chU2m7INVny06ouTstqJu_QOEHe;8PZk6YscsVWBdMfI
/v_Error/redirect;2bNa3_oHCgdAug2h8R1RUxv85LVlOBXa9SXO-Osi7Ae_s4qx7lIqT-y097af;nlwL_sj7frKABB73
/v1/redirect;sdfsdjhgkdjfhgkjdhfiueyr9348;kdjghkdjfghire
/v1/redirect;_S27tcxZ-pd-vhcFeh-rf6eg6r_XqhkhJL2NI8wGM1OvPSZSveYtSs8BJmli;EeHeYDuTJck0ooZz
/v_Error/redirect;iSH6uEJMZGCf6IfwzFR5GTZBLtb7RTH8UbpefzuEl89vX-aZnnEG_bUX1uT8;SDVTaJ703Fnn4D_g
/v1/redirect;sdfsdjhgkdjfhgkjdhfiueyr9348;kdjghkdjfghire
/v1/redirect;UAQct2ECw7UsRYNpfjVRzfGZmyJurVicB6w8f81Nou2WNSSUvorzH8r563H0;PcY-ex7dwHtjrtAi
/v_Error/redirect;fUVLYzRvqxPkcD2wAFv68PaMrnN4req4ugpdxV1nd96UpGx85_GWfn1xMbaX;Bc179scMqKbZumLl
/v1/redirect;sdfsdjhgkdjfhgkjdhfiueyr9348;kdjghkdjfghire
/v1/redirect;CgUwXOXM7Qa7b9ribQdE2-x6gftsjH5XTGzP9mlc8i686I_-OfbyKPhUIr4u;IrhYVnDfKFRIFrBr
/v_Error/redirect;dryz9usIFZ1jQqKtIkgeYQYrLj8Q25m80-olZdb-dNFlYSM6N7qUmcJvWjtk;OxF--GMZgE2UwWvv
/v1/redirect;sdfsdjhgkdjfhgkjdhfiueyr9348;kdjghkdjfghire
/v1/redirect;RaHpKNsW835RpPrjlOuwDbZBdc98yxoEZYss_ivJNRJ2XmiRKzxKS_y_kg8s;mzlDioJIiBac1HvS
/v_Error/redirect;XtOMksrn5AeQcmMuOBFkbVbdaXMn5Mma2BWPlzOv8APtedno3gUxnOijTrNR;7Zh7mirbTDWnt4nY
/v1/redirect;sdfsdjhgkdjfhgkjdhfiueyr9348;kdjghkdjfghire
/v1/redirect;hYUhtJdIW-5Jl4Q9FxPayWu56dDOHj3G7SnBX0B0asj6sz13R7HRGak1Px9A;sgD9IxR9WYJavY2M
/v_Error/redirect;dsBrTvR-IO32xx4NJU4oNAkD0G8LPQZoq43K1xlSrcnLhDtecYC5w4qDNVmu;hoWRVFx6TaXwBF-x
/v1/redirect;sdfsdjhgkdjfhgkjdhfiueyr9348;kdjghkdjfghire
/v1/redirect;W0SnQk-qp16MqBvtu73hbcZUf7_SD1E8ETonb4LRhvcYQmuLDanyPXSJoQDG;O_6J5tt8AdhGwJua
/v_Error/redirect;TY_CuMrbt-reh1CDd7Vlp6An_lBs4toZS3OOWS5H5X7Mf0pfMnTj8kg0B4Ah;syWq5AUj9LfFgDxB
/v1/redirect;sdfsdjhgkdjfhgkjdhfiueyr9348;kdjghkdjfghire
/v1/redirect;mQrleHkoL13Ke59NOGEE5fAESIEKOZmWpb656GaUaDxnobRANSKt91ZDuiae;HRkB5rcYzJktMWuL
/v_Error/redirect;Cvt4lrA1_kbP9QVUMlO3WanQBoI3v_dzfJm3ocJI4pr5BiUV2xDfE8xB8Z5V;3LbyDW7CCpsNqSq7
/v1/redirect;sdfsdjhgkdjfhgkjdhfiueyr9348;kdjghkdjfghire
/v1/redirect;u42eTpIOgWtVuyRlj9xT029JKnL6qqV62IRoL2sISnARe-ECoa6chgO6SJof;a_9xI2o6ki7fTgqU
/v_Error/redirect;4SOqKiDIHn_oQAuoPcoImlw5XSKBusJqQcasBaZ33mE-84b-AzM3PoWx6dF9;Kr-lu-1m6BYy-IH1
/v1/redirect;sdfsdjhgkdjfhgkjdhfiueyr9348;kdjghkdjfghire
/v1/redirect;_8oPoizyfCKtUOsn51XZ_faQzNplkaC_HcgaFfqc9X7b_jhB-4uVlHifXSmJ;56DkyWbHBTlo280O
/v_Error/redirect;vpklTqO4dbb2woC0H5TCk3BF3B4bF5zSxJnzis6USX9dabbugMeh86LHcJG5;GBulRtULV2QrlSQP
/v1/redirect;sdfsdjhgkdjfhgkjdhfiueyr9348;kdjghkdjfghire
/v1/redirect;R2lFToTACCuAlBY8Mx08EugUBeRxo0Pzt3diJSbWpj7wKG-Jbn1jp5i1Z-Lv;4sgFICg0wLhOLi2k
/v_Error/redirect;b199jMjdiVs-xH8T4zX6y1lBoZNQh8y73vU_a_FAlTKjhMuLv8vnQOdbZdb3;umvnRJRh6_dhsDdh
/v1/redirect;sdfsdjhgkdjfhgkjdhfiueyr9348;kdjghkdjfghire
/v1/redirect;Ap3X18IdM1BzDFt_jUhfkIA-vFKRt8WicdHVuMkZSS71b1LupjfpV_gi3mCm;WlrgIjRGGG9Eydw_
/v_Error/redirect;nJr_b8kaji9SRO9jaNk1HRwyHzA2nz-XrutRI3EkJFN3vHVn_MHQZFHFf2vV;gPLY7b6NDuOzNlE8
/v1/redirect;sdfsdjhgkdjfhgkjdhfiueyr9348;kdjghkdjfghire
/v1/redirect;HWuhYmbhi8Is3YrYi_4NZmXU7V8QJERQmGZkX-9u2ehx7ZF_8CpUi8lRZWw-;5qJ8rujcKepLxLRo
/v_Error/redirect;8clNt71DYOPlGoEC6nirD_F_5QzQkrKtGnsiC1LBm9npf5utQsnLmwq61Qa1;tqS5K9hYn9nYfp1a
/v1/redirect;sdfsdjhgkdjfhgkjdhfiueyr9348;kdjghkdjfghire
/v1/redirect;EgPg7U2mj1LB-xedz65A84j3-WTThQRgNk-TE-sABg6DAWi0K_Tb8mmqCmx9;9WAjBGMkoqtSI28M
/v_Error/redirect;E6MntUXW0okmLwuj3-m4krDTZ7zQP9UH4k4BxVYe2QxdQbQFUTF5NwjjR49G;Vkn3Xv1ojoDw62l6
/v1/redirect;sdfsdjhgkdjfhgkjdhfiueyr9348;kdjghkdjfghire
/v1/redirect;dGBiCUP1ZP-PYSjOGIDy8iEHB4TKfwdtwrom9A3cPHGhxbTRGeSk3CtpoXcC;KMPaKJgLjjhXOlgC
/v_Error/redirect;oSg-Q6mh9Zh6M2Bih_oQntFRj6zTQ0geVRQk9VU9jK_peGYTKuA6NoAPeOK-;ECwJoXyT3jdKYdTN
/v1/redirect;sdfsdjhgkdjfhgkjdhfiueyr9348;kdjghkdjfghire
/v1/redirect;l900f-zUz4N1_qvOyLEebnAJC7pFQZSQu1u26eZRCumoX2FiPCqfUkko-xJT;GWHQvD7TCe3XCosR
/v_Error/redirect;j1YCIELLDiIjXvDxorHLLKeOGBhBCjiwC8AuxdQVh7izfsmHEW4Z_FnjTYDF;xrWysctLr6rQW5yn
/v1/redirect;sdfsdjhgkdjfhgkjdhfiueyr9348;kdjghkdjfghire
/v1/redirect;MuVVBNBewZZEMolDzXDS-5DpMT2FWJKobOaB9u1T65WZ4aqXUTVO2JIUjb79;4I7LKM6WnIxCyQjV
/v_Error/redirect;DvL--XxeGu3JC_Ghgreh6unRJx3Ee9liKhpn9nd5w5Vob85aO7hPiaNCHar1;OixrbQA3ISvIuE48
/v1/redirect;sdfsdjhgkdjfhgkjdhfiueyr9348;kdjghkdjfghire
/v1/redirect;wlSWiZefPeIAkvlMFV5KvqID70VPNBn4feZBc5L1i5f395_bgFNM_4WKSHKc;0PLlvbDK0XAv7GB9
/v_Error/redirect;Oe-8CmXn3hOVz6ghpNKJhsO5wVSfKLXZjsIBsN_L_fyBCPBQd5x5i_inl79r;KNqLS2d4tcSH21sO
/v1/redirect;sdfsdjhgkdjfhgkjdhfiueyr9348;kdjghkdjfghire
/v1/redirect;v5pO1X3JwRDaxseJ5LXnoJRqREa8bY3WXipX1CteYn2OUziqP4LtWgTCm5OO;ZnL32WLhoyWYtVpe
/v_Error/redirect;UyPWS2pTnmVZqLykUQVzs6z03XYA1dLVAhOVha5Q6KrDwRwyBf5UySGoyZFm;j01aZDZ9jl1GvNRv
/v1/redirect;sdfsdjhgkdjfhgkjdhfiueyr9348;kdjghkdjfghire
/v1/redirect;51UpBfHjwQ2a1Hp8Rj548Vvz36g49_JGebjWkXSLG6M_WbtoQVMwqAq2YPAr;aYuH2Sa2kUWnjazx
/v_Error/redirect;ghoMBExr3SdoKsiKKiyjhFfGFxXFYEIlAFnzJGymc2EbLcwqqGGZunhZ_2n0;s0MSNaIt0WJkvoXT
/v1/redirect;sdfsdjhgkdjfhgkjdhfiueyr9348;kdjghkdjfghire
/v1/redirect;rFs6oUsUMiWC5VLGDQEX8Byn4jI9g0QbyJ2SlSOsDsYyqPh-2xMhCfbfZtCB;JPTBk8yeaNvzrm9b
/v_Error/redirect;AzKYuRH_6u69jGM23T7yks9tv_XR66Wa_PdfOR-vEL9scsllnkJUDXnuTe9Q;gglntey2TIzUwD0s
/v1/redirect;sdfsdjhgkdjfhgkjdhfiueyr9348;kdjghkdjfghire
/v1/redirect;tqPXbxVhqO8fbSY-NDR__ljl4EdfmcMthMdesCmaNrr43GcaSPxT72f1fET5;MPhin5iKifH47rXC
/v_Error/redirect;lu_5w-eGba6IqCicOo0KPYvj8sczfz6NuZPitNoDWrT4VxYp4jU9R7pIAw_w;Ijmpj3VXhYcC6CzC
/v1/redirect;sdfsdjhgkdjfhgkjdhfiueyr9348;kdjghkdjfghire
/v1/redirect;ub5Z6Pg1yP7jT_gjPhHt7PyC-vIDTG80DKeszjP--9awH-4AjTNYykwXAPUV;U57nmsuUq1BVbG87
/v_Error/redirect;SKw5AwKIPdoy5RUTbpZBoMJ5K-VjHgEZRi4nbx48VBwA7BJ4ByLJP1o-Lm6G;uViQZyZ39IS3sfXJ
/v1/redirect;sdfsdjhgkdjfhgkjdhfiueyr9348;kdjghkdjfghire
/v1/redirect;jLWe2Kp75V6MYA_PqJvSwm9BJzZRClDKMEXikzRORAMK1pZ0wpb6F_vdV1E6;x7aphBBV1OonSBqh
/v_Error/redirect;gBvtq3hgpQ70vxkqIQyXf9UFd63h9j_pnhsqSF1EZPVObf7BkVXuelW2Nl2X;AdAJa1AQQX7huYMY
/v1/redirect;sdfsdjhgkdjfhgkjdhfiueyr9348;kdjghkdjfghire
/v1/redirect;GPeCAW2RZIVacuiUyCW-HGN7EyszcPy0WEezvRDdVdqN8nttDyw8A-BuExro;gvc16v-cd0ckaYP3
/v_Error/redirect;-LxQwLvfcf-EOtrYEBqGGRctqAI0mRuOHLQqBXcS9EVmOF7uNl9iCi-qBR2H;Ndr3Jp5qQf01QG9e
/v1/redirect;sdfsdjhgkdjfhgkjdhfiueyr9348;kdjghkdjfghire
/v1/redirect;IECSGBuivupYUMldRKljiQRWIiQ0Jr82hLtgK0RbDWJlpm79KTls-Loe0rG_;ZDeGmt0sTlYVUigq
/v_Error/redirect;HivruLXsrWuO01lbZR5WICmYD0EJcNeZinlzwbpQro_-eijcMdhh3u6vrAsc;Y21tzS9mxpmqqS2n
/v1/redirect;sdfsdjhgkdjfhgkjdhfiueyr9348;kdjghkdjfghire
/v1/redirect;h_eCZp21aHVdAusVVMadqLv1JTbNtEu8FOhvuvs2gkiX61VlLqwM7Z3YH17k;D14-YdxKBWbgD4gJ
/v_Error/redirect;ehPzPsU-MwoV27zU2N70MA_3EnDtGBrIIW4vyIy9akEZUNXD7xG7RuXM0A_p;9NJdAhhMSuDMGmjU
/v1/redirect;sdfsdjhgkdjfhgkjdhfiueyr9348;kdjghkdjfghire
/v1/redirect;C01oHoHCijIbBRrjNiRYIgE60jzzSWDGL1oHm41rA2LQ8mF9kYfIs3PRfiov;-3fU53y9hFJPHHqC
/v_Error/redirect;RlqKZxatEjLv5PeOGp0MLKlK3cJd-6Bq1UY7L2HOJTpehzjXD1aKQN9sohuU;BuYqbnOPPLrLavL0
/v1/redirect;sdfsdjhgkdjfhgkjdhfiueyr9348;kdjghkdjfghire
/v1/redirect;RPt2u82kqb6sDsyzMx-7KXUE0X6ebyS_WThFojphSsTjSKpaIT_eyUPny21Q;0Exv0i1JZ7_Jy09-
/v_Error/redirect;uNwF0e6wWK64HJfUqd-Y1DySxQFWR9AX3IOijt5yEeSBrdjE7MeWB6cl7gwh;BX3mZ6av-LREfHh1
/v1/redirect;sdfsdjhgkdjfhgkjdhfiueyr9348;kdjghkdjfghire
/v1/redirect;8PpDk1mPCFVAOvAn7ZXu2X31Uhc_OF9jG6ggU7MtZzwxBRWEOHfMN7dMXKoA;4djUiGoLo8d-j5Pd
/v_Error/redirect;ltTK7HtIn631jXB4BkC43un0quBmkwFIWwgE8qDQ7UKZP2nkuPHjymOd54wg;LCaXTOiC2cgZsStj
/v1/redirect;sdfsdjhgkdjfhgkjdhfiueyr9348;kdjghkdjfghire
/v1/redirect;ASYGTO8ctHOuA3cRuYn84Tg7H4uDDr_ahc49pjxBvq9BILfLH4A6XvTf9YHU;DA97UaHYZgzeQMQS
/v_Error/redirect;rwRibHPDFJ4XEZCRUPs-GHg7AQu3Io-KMa0jo6OeGJyq5STO9hWVGwZnhe0v;PlaJfB-nJt_fm5Nv
/v1/redirect;sdfsdjhgkdjfhgkjdhfiueyr9348;kdjghkdjfghire
/v1/redirect;kH7C1AyIs-QstogNAEPmGyNM85t0cl6w1EUku8s3-ro2URA9xLiZtwh6HaXp;fZnrJNHNS5C_BfcF
/v_Error/redirect;y1iU8U5AKr4W9PVUDbgL9Sh76VTXuBuy2H-ksa7IT2dueVhi8cCzGGxiyt-Y;_vFyWUcUAfPNjnqh
/v1/redirect;sdfsdjhgkdjfhgkjdhfiueyr9348;kdjghkdjfghire
/v1/redirect;y8BE3dmZgaUx0Tw-iHt5J8jZN9Ei3WfZtG3j01xYbKDr6Zd6ru25AZv0xbJy;V6sckqGP2P7lhlE9
/v_Error/redirect;Pjzv_1k84mdNtUJun8JIbIiPvIYyn7G2rLK__gjTKlX-tVyziHLJF1px1WNg;Zw6Il2YJCfym1T-L
/v1/redirect;sdfsdjhgkdjfhgkjdhfiueyr9348;kdjghkdjfghire
/v1/redirect;qSpN70y6JXaLFzJHcsFGsyqv3kbYhzCwy3zbcJ_lzLUg4WSH7T3rF8joEBC_;DNjp5CzsJ1NgOBce
/v_Error/redirect;FJKuNy2QpWSaxvS-K3Q5Px3Fz6Yn1NhNPXHonSEZj99iLIyji-YMFy1ey3oo;j33-vIlNZq4R7e8x
/v1/redirect;sdfsdjhgkdjfhgkjdhfiueyr9348;kdjghkdjfghire
/v1/redirect;JAHMSuL6hGLoSWaDq64beYMs2hiQh6upm8iCbVQNiplKlX-nj22akAZSzGDk;_poGFd1U6wVz1U6i
/v_Error/redirect;vjORyqYdaoh50OQXRiKYoRtjTn3hhNs-Qy6YVvKHEqsja3Pk4wBGxPs0TPMX;TxIEEdlZT-PynVe_
/v1/redirect;sdfsdjhgkdjfhgkjdhfiueyr9348;kdjghkdjfghire
/v1/redirect;NfBGGFJTjo-O5vSKH3FdD_Fu6R7EHouRK7Ze4E60zHMMtuKAlPKfBL0BynKO;KqZ5gDiwcoWLjc6F
/v_Error/redirect;waOiKZs1LHUd2th_rToLOgKMcO31pNf2e5nzYkhRVb6PDs5zvw9ynQIO1rop;3A92RdIl4yyRXuZL
/v1/redirect;sdfsdjhgkdjfhgkjdhfiueyr9348;kdjghkdjfghire
/v1/redirect;SoipC1iN-R7dS-o4rwqRTe1E4T2UMHJ0J-1QA_Q9ShF0qikf_dTSTL47jqPN;it2DiXK5U7KQtF4C
/v_Error/redirect;GKk4x6B1Dy4zHAllDDhZyyiNCJMxYCRIfPI7jjhkWC4RKOU45Kp6wrCesE0S;1UXG3V48v31DH6zq
/v1/redirect;sdfsdjhgkdjfhgkjdhfiueyr9348;kdjghkdjfghire
/v1/redirect;yBQMA64iMNXmpz3PH-qXIUJ1a4uXbnqrg8R2uPbJnSssZCyrHX4-knU-ihwE;iDgDAY6gFS_apI4b
/v_Error/redirect;gD9wcpFw5Fi7OZtvBN2E4jwy1uDqFjDT8AZPpTmeIZF2P2Atnu2lU8RXdLyM;hF4Rh_Zvj2yQMmDh
/v1/redirect;sdfsdjhgkdjfhgkjdhfiueyr9348;kdjghkdjfghire
/v1/redirect;szd5w4F5M_W2c5nTpZqlFXD9o0bcMGM7udChanH7iHM3tBeXjhFQBxbkcUb2;PVzFfNSMJE2GVs7L
/v_Error/redirect;2-atZbWGrwdWR5TKRAhuNZP14-1MptPKPD1s6gF0pa88hJHKFZ-rvEXjIHn3;z5SV4HC62Me9b7vc
/v1/redirect;sdfsdjhgkdjfhgkjdhfiueyr9348;kdjghkdjfghire
/v1/redirect;S_aJ6NUZ7hMD6ljaRz0fwGjytcma_oiQukKvPVRyVqWFklLDepIyaMO-U0CS;vYfCJU7Y_eEghURO
/v_Error/redirect;WPxqpfnODyK0c8TTc1IkVA_U-a9ohpQeX33AtogClMQtlm1QcpJGfn5gXs37;fg9IKmCfeEpH2biR
/v1/redirect;sdfsdjhgkdjfhgkjdhfiueyr9348;kdjghkdjfghire
/v1/redirect;Osrgx9AEUDuVjsxAE-ypZ5wnawWKq4k9_UojpIXZFUBj0nVpcgV4Cq32WeqM;0V59U9Z_dKhVGXrp
/v_Error/redirect;djWaCNqNXij8MXyvDCnNxq20Nf4enb03V7TD8EFFntQ4FFsHQC7AnFrfeVVV;8PUvBAKKcjUyAcVj
/v1/redirect;sdfsdjhgkdjfhgkjdhfiueyr9348;kdjghkdjfghire
/v1/redirect;EmzCc9EDUIRNuLKNCXun8PKw4X77A57OWxe4dSU2eX5pQlLu4Zlt3tPTT_o6;D6-wQ-QLis-_4W0P
/v_Error/redirect;QW1octdeDQMv-jsvjljABkycUQIcvC0swfRJlfTl0fxaPuuYKXoE8_vgM2j_;Xlhogpmr5_HZNXP6
/v1/redirect;sdfsdjhgkdjfhgkjdhfiueyr9348;kdjghkdjfghire
/v1/redirect;bvsSUFKd1YeWQmS8jN-Y9-rsyJq7RX-j4WuebXLwjcyEbXz0gLK6r2rH9ra8;cV3Y991WPf2A-OQk
/v_Error/redirect;qVxYq2tzJKoZ6W1vmtaKR6TnIF7g_JZNXUNSyTr_YG6VoEpd6WJEWbvOJCYm;l7AJYwZjB0vimiiB
/v1/redirect;sdfsdjhgkdjfhgkjdhfiueyr9348;kdjghkdjfghire
/v1/redirect;y6CqAi5r5-yeSM97L7lOHw2EOFIn-2qJjukJtjYlczY2WghzpmNB2oy1W70W;Yjllgv1WRGj1wA26
/v_Error/redirect;Bh32vBS2A2RngQicuKdoFJbd5XTYvT6B-p0a7MaVXZr7jJvhnArPwDxFGXkz;7xS8eyeo3pWv_dhb
/v1/redirect;sdfsdjhgkdjfhgkjdhfiueyr9348;kdjghkdjfghire
/v1/redirect;j6L3sxclMfAEOmoF33oLVwXT4MFolQYD-Ygf85zcyf5JGNygOfKNudr0L4SU;tYRRqpBg0WJildPM
/v_Error/redirect;Ph_qE7Hvk36-Vw8st6a93QPWcePIXmitcpRAua4Rc3nIr8PNKMM9Z6MBudok;-F8Z06vVWYYp3eCY
/v1/redirect;sdfsdjhgkdjfhgkjdhfiueyr9348;kdjghkdjfghire
/v1/redirect;qGda9TTPJrj5fAinhnDMb9A3_uW_xhm6hwuPFaaLERNbqM0JdCMsGnXMCSGu;Fd53NzWL98CeAKlY
/v_Error/redirect;bjM4N2MK6fUXdzjOYFJvQ0LDxJ-t8RS0miWNJc0a3aRCXTozHSALS0ffCfze;juVVg8ngCGaT47rS
/v1/redirect;sdfsdjhgkdjfhgkjdhfiueyr9348;kdjghkdjfghire
/v1/redirect;QrHm_WRSLSZtoFaSJzow7WlQou6CVgfuqCLC-nzUZ8x17ViWnjzqzMbSqM7V;5b5KJClKr0NaluTe
/v_Error/redirect;LUUy1rIPkS6GAypAsyljHWOuOIdGk1WyYWAy4tVUkOv5tyrkEccwdW8bf4QH;i0qVqlnJzMdx4T6_
/v1/redirect;sdfsdjhgkdjfhgkjdhfiueyr9348;kdjghkdjfghire
/v1/redirect;FyHNdbXbLpgI8C2fycAUtL3z-QEsZw-2duNongu0sr32ftAYgracPha1P0g8;86u7i6Po-hPQGdFH
/v_Error/redirect;P1-3AVUHPpA-p9GYlVPBf3Ykh4gt6vojrrSER2HSLI_61KzYt73x0yo5DifU;ajgoxrFU_a-LIWYj
/v1/redirect;sdfsdjhgkdjfhgkjdhfiueyr9348;kdjghkdjfghire
/v1/redirect;2XbllbU68OYWs3PL2r0aSmLtrqfbZSa9X70YAjnTxfrXrZviMMdCV4ik3dqi;6fno9j1v2WmJRr_F
/v_Error/redirect;q5IvnLFBObhLazDKvu5uWD_aSpZbjxXm-bdnwF92B7Wf7Nsg3T_XuSYZoKvp;oqrlwa-VUUN27nIn
/v1/redirect;sdfsdjhgkdjfhgkjdhfiueyr9348;kdjghkdjfghire
/v1/redirect;L55gcvavIU1LrffuYfH2DE_f8dc9Q7fvI8hk55XEfEdWR8IMCzZ8OOfgYuXg;gYndTgAqv6YjLo3C
/v_Error/redirect;6Fx4N8peLfEDc-pMd2CNvwfBwa0b4jpalRxh_GH40T_BauoxyNhaILmBNI4j;4n9bsHTsPpMUp3rE
/v1/redirect;sdfsdjhgkdjfhgkjdhfiueyr9348;kdjghkdjfghire
/v1/redirect;XtAU46UAWvLLw2oTZGZk0mum9hn4RjHwVP0fvLESkq4oXozzZx0yK4gsykLz;rrLDqKzBORH_TkKC
/v_Error/redirect;EzJZ05J8K9HMiWl3rKo5uVPMWbk1jTl-gnyFXaelwCGA5eWJ56d_KxLtlrya;KHAe9xqs07q83r2Q
/v1/redirect;sdfsdjhgkdjfhgkjdhfiueyr9348;kdjghkdjfghire
/v1/redirect;-RYHFWg7XqwaWQUWd1piCBfbRNWlxLiGJIxUTI4G5lZj1sbp2Sy8_QGXSwBi;WbfE_8R3z2RjQBND
/v_Error/redirect;Fp0ZWgcEz3OFKC4LZPtJLPhE2Iq7rWdqYdHSopzftW45sISvoZgYdnUcqqDu;AzYkA1g2OnVrcBAX
/v1/redirect;sdfsdjhgkdjfhgkjdhfiueyr9348;kdjghkdjfghire
/v1/redirect;JC_NhlboCO5-5XKb2D4Iipd7E1vKPrjF0S5R7ATr0TMsfwqr_F-D0LTPEori;MW8EDEpe9mQ63TU4
/v_Error/redirect;m0PIBM8CzpQQt_pgbNM-sUpdVrUkLKpCNHEEelXgRm4L3ymJGLVIFFbZxkJw;xseuQF0t2kBUQc3b
/v1/redirect;sdfsdjhgkdjfhgkjdhfiueyr9348;kdjghkdjfghire
/v1/redirect;dCY9eQULe7xG7Wt9bl3_G1GxmViNJLfqb9SecLt5neyKMcg2cUlUzmVOlAly;9yoyhABrUt_a-AES
/v_Error/redirect;xVEFTkgMLQa1yO3qjbpYGLtnG881jOShnmJbkKIOOs42PY_7E98XluDRnvof;1U1p6_HZ-Mu2gDht
/v1/redirect;sdfsdjhgkdjfhgkjdhfiueyr9348;kdjghkdjfghire
/v1/redirect;H16ps4XZbcoAfA24syPCJPojrVoMBXa3myYeJb9VUTa-UfcRYblKk2OuqJGg;G-Qj2Fkc8sDQ8fdC
/v_Error/redirect;UYsInOzgnt2iVvDOYngZPqf-9NAVAz0OrLGiufLtxoJAkb5FLrPJqmVNnRT_;k_vVCAu79WZpsINN
/v1/redirect;sdfsdjhgkdjfhgkjdhfiueyr9348;kdjghkdjfghire
/v1/redirect;41ePlnJU2RSnFoZQsXmYNIIBFqBgS-4lJN70e3mYql7Le3eW94LhIZXcnfLB;aFFOK6F9MGstrKXw
/v_Error/redirect;NakULlpxDnDhJw75JG3Ng0e53wxbscILrbsAdKGjOkJSNV3dt3DhZE4kKbAs;VsTmPH2mTox-omVJ
/v1/redirect;sdfsdjhgkdjfhgkjdhfiueyr9348;kdjghkdjfghire
/v1/redirect;j5mabO21QTnM7TStLHQ3-xNFuAocBizAqn2AAgPjcX7Xn3l3mnwrFbwy3pOC;e7ykC3YrVDyhP2qL
/v_Error/redirect;5je50vbfwKOMCpVB0Fm8IEKHPtRADkn4Eu6Dgv9Cwemkllqw9Rzu_mCqKHNm;c8_08Gb0b8OcsaKk
/v1/redirect;sdfsdjhgkdjfhgkjdhfiueyr9348;kdjghkdjfghire
/v1/redirect;rQ1eGyc0XU-8HmEiHgpODVkU62dCjn_udnxc6AF9lRVC6Too0W-K9a4aoh8a;xEl_mXfuSBnQBP1Q
/v_Error/redirect;Qq6ZW_jjdJxISMYi4xkuTXBMs063HAqawMKfqy50-6hJS7aauNbAp1Uxx2Yq;V3x4ywrM887BTLcv
/v1/redirect;sdfsdjhgkdjfhgkjdhfiueyr9348;kdjghkdjfghire
/v1/redirect;1x1515toN-ixrMpdi-2rC6ZPqWQJx4ZMwZbYF8tw1n0MeFIWJsoNxCqoLY_K;MGJevv8botBzforR
/v_Error/redirect;tSDGLbhZ93ktno31BK9V5nfbhFp77uIMqiVu7xmWtpFq2DOi85xYDcC7AUH_;iYO6_j25IW-FZoYb
/v1/redirect;sdfsdjhgkdjfhgkjdhfiueyr9348;kdjghkdjfghire
/v1/redirect;THfcNgewmlfGNyhORNOtHJ0KSpvcaZrCXEKBCharP-LtSIzCTVPZYkuWS7yB;0FsnjSlQ_Ks01Kif
/v_Error/redirect;yTcXCBVVZfskBhsvFeLUwiBqOYO_eF_z4byLLErIhgTxKDOsmz_YpUP5QSEa;VjN5-GWHbmLTc0i4
/v1/redirect;sdfsdjhgkdjfhgkjdhfiueyr9348;kdjghkdjfghire
/v1/redirect;G6VN6s0-DjSarcesS9mxwbljJzyYEummH4NlRiKDulU8I_WCtwDMQ9iP4PMK;1UeYRmEjN-IdRCk7
/v_Error/redirect;2Gld59juU2tE9ifbXlrN8NkOUMTZGqrwBzfKRTRw6wZpFcdi3PyIwP-RYdYY;klMjaCeV_y4lURkR
/v1/redirect;sdfsdjhgkdjfhgkjdhfiueyr9348;kdjghkdjfghire
/v1/redirect;1QidiywtU8Utk7CpR_8gjfjFVXHl20oo9e-RR7R9gl34htJqDtO_RURbegNy;lKUlSV233tWkcuwS
/v_Error/redirect;e-z8acxtuH5rfTB2Fx2j-NmGhpuzHxJ575nPaX2QNhSnUDMKzhXiDgfIM6y9;cDqmKNN_CbQzAX0U
/v1/redirect;sdfsdjhgkdjfhgkjdhfiueyr9348;kdjghkdjfghire
/v1/redirect;8tbKs3idaEc4KY6r88iI7sOxHRzAKngKn5w88RmDa-LkFk6ZLEv4tUPPUm7a;Gib_zWu2JGyBnfg-
/v_Error/redirect;w5aUOk5Xeyrd9KG12-ipfT0YoAeRoNiF4ywyeMjI9qF2e5rB9rU0w6hZiK9V;13xtJlSE_MhEIog0
/v1/redirect;sdfsdjhgkdjfhgkjdhfiueyr9348;kdjghkdjfghire
/v1/redirect;0qS3c8oE7TIS0jAwgf4XiBsWU02e_qv5L6tOpkEyPFRD7leMEp88kHsdj0qr;vnNhvWSnC2OUSzLm
/v_Error/redirect;nPfpho1oc4iLY5CoNzicPkl8gNhiqAu6HRGpCIA1QOPKLF6cMreGcDSyRke5;i_mU9tWCBncTJo0X
/v1/redirect;sdfsdjhgkdjfhgkjdhfiueyr9348;kdjghkdjfghire
/v1/redirect;6nBhSx6shsBGiDiqPgsbOlFFanTvI19mB0-_7ixS3ykMPvpwHkqS4UEcz-2Q;BBe3Tm5gBxSNkZrB
/v_Error/redirect;ICCNu8YA1sc8x55r2KK2yHXkaVXbz9EFApMyG5w0Po0i1UOOy-70nCF6Rukh;2g2N9mduJQmF3FCW
/v1/redirect;sdfsdjhgkdjfhgkjdhfiueyr9348;kdjghkdjfghire
/v1/redirect;jIsff_0NT2tgPf5prB9QJal7ARixDKZheY4g98pHE8lj9OMsDe9Vnuj5jll1;8nnVtF6K4uzZL5zt
/v_Error/redirect;FvbJTukBAXjvcWTi6f6frH1DBkEYF0Spz36eHzb3zJrLlkGOTR6m75bplHXT;8KAIRtIG9d3P-hcJ
/v1/redirect;sdfsdjhgkdjfhgkjdhfiueyr9348;kdjghkdjfghire
/v1/redirect;7-_r_RxWghMjd-r7vO_yxlir7hvNVVWeDS_yNrH-LN3bU7QUj6u0yvt_8nZH;T0ew4zBA1uI920_B
/v_Error/redirect;_63XaoyZNfh5qoG7RPOtb2h5ARDZKtmS-cfrMKkHmHXheTgO9jSIyD-ctfbw;iQvCtIU4PMMSpS0b
/v1/redirect;sdfsdjhgkdjfhgkjdhfiueyr9348;kdjghkdjfghire
/v1/redirect;twWltG8gnmyY70is2Nrc2hrvjZ1AqoRIBRCZ_gnJNSiVVXBChTOsFims0vYS;9qMBvYrIBpSIwU5E
/v_Error/redirect;FkEY5CpvxLWkZIHCXTWtqyUZdZ7mHSfbQC91hgECVFdB1AOyYY-CyAJaGkpE;U1wRYgTKMQv5nX-a
/v1/redirect;sdfsdjhgkdjfhgkjdhfiueyr9348;kdjghkdjfghire
/v1/redirect;75Z4D8BF4kJO6flnjoxmFvbPUX_vt_sgxxb8fNj3KGoRRE_tGmpl55XsAdRM;UKeINIf0aVdKgB6e
/v_Error/redirect;aX8j2faF4ZtAKohPJiiAthnRNp7wop73YaIGGLCJcV2py2v-EGQyuHY6YogB;-t6LrNlW9YDpzwOz
/v1/redirect;sdfsdjhgkdjfhgkjdhfiueyr9348;kdjghkdjfghire
/v1/redirect;DF3720QYDqzIHWFjSiLpcEjdtxyG-WG1Sl9S3cESeNwIwVX83RkfuJ94urkQ;LJv7GF-v1Wy-R3Fz
/v_Error/redirect;cMsWEDh9zpkOBKvdzOxhyx2MjRcB4PkS65qg2p06-LTxUPFz-g-jY1cAOlHO;I69gxJteNrvQFJHm
/v1/redirect;sdfsdjhgkdjfhgkjdhfiueyr9348;kdjghkdjfghire
/v1/redirect;Dr0u7V_Am2YkOz3cF0s6jKnQjmMLjv-n4m3vj60u0cohsrfvzx3rHe3LwuWp;ZTYdaNoZhcHZDt97
/v_Error/redirect;yHvyBR45PbxMq4E9MKZxPXdvKTBg0FiJiXWjdO_PlQlBQqTQldHNwmgmLBWE;nKpeVpVfvrxd8Nb4
/v1/redirect;sdfsdjhgkdjfhgkjdhfiueyr9348;kdjghkdjfghire
/v1/redirect;tYS6h-XJcN3Rhmi8DPc6nPgE-gktyr0nt-MhEOSW0LlcMh3uF_oqWV8B0p-l;WDi-PjL_IDe60Bs7
/v_Error/redirect;HHdTHkosTd73uRqp06-2VrW2E2pcjqBMXFLoX05bLvlbtEEKXVMj89kPqt7m;fn_Bb7U5KMcLNC7g
/v1/redirect;sdfsdjhgkdjfhgkjdhfiueyr9348;kdjghkdjfghire
/v1/redirect;snH8M-OiXKyquXFBwzSHD4w5KHFyakvjTAoYaI8G1CN32HECzwPKodnakDph;KHeSqnLVGQxukx85
/v_Error/redirect;nPqu_FZaxubnmciwBY_XigE0qdJEk085pXfLWMjveyHNN7pTxNU7yErPjkwv;MhZowOsnjYeo57yd
/v1/redirect;sdfsdjhgkdjfhgkjdhfiueyr9348;kdjghkdjfghire
/v1/redirect;Vqb7Y2Zn39MnrtyFoxCfK-GWrLk_caxCwkDlfzo73FQ-fTJrywXmcKcNMEam;RUsfgg50zHuaenky
/v_Error/redirect;4zpeaHRyo3_lAV7Y0XhppVfx7KrwAEsKveuFbTLty-HalbspWdiXl677y1Hm;UeU5h75mGppRhmJL
/v1/redirect;sdfsdjhgkdjfhgkjdhfiueyr9348;kdjghkdjfghire
/v1/redirect;SoLKgGM5eYWk-gpCXhig0hiytHsJ3U8YvlBgzU0QEt8Jo9AdkWvhVT52Vk0D;Nu0-EXyhVr8OdsyD
/v_Error/redirect;Y7DLI1c9HdfpJohgI4b-H_AZFOm6spfY2ZtdPQDoBd8BIoRKdvF5cN__PDdi;Ss4TIi0Wc8NJJXMJ
/v1/redirect;sdfsdjhgkdjfhgkjdhfiueyr9348;kdjghkdjfghire
/v1/redirect;ftGYMxHJwoUvCJxmSHLEdJev96ZTPiTOnDiI85AHiOKTgz4bLGc5iYugsjwE;cgrlcaTa-GoxDBBx
/v_Error/redirect;loIPEhR7n_FCvEijelw2w-2Wwy9OGPFgHLG8upsMgY6eLfmFIX5oLlc19Df3;weN7s2c2CflJcy2E
/v1/redirect;sdfsdjhgkdjfhgkjdhfiueyr9348;kdjghkdjfghire
/v1/redirect;MuY6Mz17FcOuiwCfc29yHtjW71GwvZ0dJXLUN0Ab6w_u35Y9Tkh75k2Wh13O;2YSWehG4U7FzNc6x
/v_Error/redirect;uDIhntD6grtoUej9WtYW5lnrWsbntrI5tO2cDTxEk1hO7lGqIPxiLl-274kU;OMZdR6OFUT7LASEr
/v1/redirect;sdfsdjhgkdjfhgkjdhfiueyr9348;kdjghkdjfghire
/v1/redirect;QT_WPTSYvWnAa1y-91SHXxxgaz2QRybwyxLBAgO57XXHnl0fyyPSeOZn5byI;qw9NDQs-lY0GJ-aG
/v_Error/redirect;2Q_luNWov3NPhvhOrfYOUP-19SyBsHgojPYcnJoh_fmeXH7VaY1L16MNuGwv;aILBk6EAnwKfEhnY
/v1/redirect;sdfsdjhgkdjfhgkjdhfiueyr9348;kdjghkdjfghire
/v1/redirect;Wg62Mrw4isuR5Y0lIjVNysS--84UtSzmp-aPE2_nSpawWnUqETuVZ1aDwhWJ;GD2ViuHu8ZPRNBCI
/v_Error/redirect;rqiDs8sGzROR-iY3valoCg8u8nIslBk5qG_Ov3rBEwLhxoiIHQ_TRoGg2-oT;Qyf_-Jrj96kWUQX-
/v1/redirect;sdfsdjhgkdjfhgkjdhfiueyr9348;kdjghkdjfghire
/v1/redirect;CNHAtesGBAY4jsSweymbwZtO9sTvatC5YMmpGgb1ZhIGRj6MGXpIKp7vdUR8;hoLLGMnUcjLHFOaz
/v_Error/redirect;3l4den4Q_IXsNAewOhagrWMIerEjW3eKoKHfv-swfkTRCAOlD8kk9LA7Ge8R;RXG2Xmv5PAqrRnA6
/v1/redirect;sdfsdjhgkdjfhgkjdhfiueyr9348;kdjghkdjfghire
/v1/redirect;WDzLXWu5SsIl0wgAdwbNeUv7ge7AaV0dovuAr0Eu0c34lnefl3GP9bP9Ug_b;UMa0d98shfImJvMd
/v_Error/redirect;vRESnlIxjJpSowIPzH0UaDNWdG_c1nKaM80S0Y8Cej3VJnNr2yB-WteZ6ZKa;kwDV_bhXRx3S-A8n
/v1/redirect;sdfsdjhgkdjfhgkjdhfiueyr9348;kdjghkdjfghire
/v1/redirect;ZEIUMR8SQQ_rgZKUyYjAwH-WfwPR5-_gy2JkL2znX88QEgSISgjicbzOemg6;F0ei2i_lNEIHJMAw
/v_Error/redirect;SA4HY19KznkihETtf_ecdY-6Nn6SB9aM0EuYA8xENaVqlCIkP5Jrd4yqGagA;RViFqXk-Axt8rGHW
/v1/redirect;sdfsdjhgkdjfhgkjdhfiueyr9348;kdjghkdjfghire
/v1/redirect;MS1wXjisjmvS3WZ4wzA1PQPhdamqFnShJSV4bLO_qrLhiPGjfbRhL83fdtIp;pI_xJTgiPt_p5C-M
/v_Error/redirect;FFEx3NPMYnG_dno7ygQckO14sAhtU9bW4ENlWCBCABPkQ2qqR8o8itB_oRh0;uD_n-0aBsL6i07uW
/v1/redirect;sdfsdjhgkdjfhgkjdhfiueyr9348;kdjghkdjfghire
/v1/redirect;HBq19JiGz4kJZbqPEugkX4f3CiEzLaPaCRNsDocc_yT2sox4qrZ0fbUPaAOF;o-2XpxH2vkB30-FH
/v_Error/redirect;pyy1APeXcpjM5-owyF6HS4bPiVdubipMJGEcbM8fa-C3TcpPTwj8eporG_ZX;pjB-UpdNgVoiM0Sa
/v1/redirect;sdfsdjhgkdjfhgkjdhfiueyr9348;kdjghkdjfghire
/v1/redirect;ELanIwOAhYAUF_fYr1CfhcEqScCPj58lnCSq-ZC9BElWg_RZ7GcW8L12OJSe;72k5UC20EgkL06eS
/v_Error/redirect;OjEq1GkRR2CqsjN6vIU_vimYyF_artQE4wy-NmJPe48fEUTQco-dFQdtaryQ;PAGeojeE-Gb8UXE5
/v1/redirect;sdfsdjhgkdjfhgkjdhfiueyr9348;kdjghkdjfghire
/v1/redirect;WbkUgNJhXIVf4Yp2tdQWl0BYFWCo8If26AaQFkR9wMrDGakwagOs0emfjBsw;hrfAatB7jTsrGG3Y
/v_Error/redirect;wXTyny5Aui21e-gJ3jmCmFudfAN2Ojc9SA0JEU-ipAM9Ep8NSgUlT34vz5ya;PKFgpHScqX_WIbp8
/v1/redirect;sdfsdjhgkdjfhgkjdhfiueyr9348;kdjghkdjfghire
/v1/redirect;sXaeGody5dUIlMQthtR5pcgORsFzSwVgLugMK9uCqFbo911--drRX2CDmSL0;abv8u_Viuasi_WrH
/v_Error/redirect;oFhBs1WuVUj9tw8nCHdwl5to2o2WuXI2Bdy5A6oxg6IoDQBo_XJ_y-foU84J;XsBj8f40yKgPvn7z
/v1/redirect;sdfsdjhgkdjfhgkjdhfiueyr9348;kdjghkdjfghire
/v1/redirect;pjvzn_cJVMHpNmikKJqDoTTIybZLuT_Vt2BmsSiuG1uSIOlp4Ldc6R3DKcM0;7-McliwQ_nxNbalC
/v_Error/redirect;i6w3kb53hnrq-KjhLVhmdi6dLOFCjNWf-OcuUnej9DCKqaBNclwGwFeIQd-b;14Ji2ZhuKSjInTYQ
/v1/redirect;sdfsdjhgkdjfhgkjdhfiueyr9348;kdjghkdjfghire
/v1/redirect;CC3vfB-6sMV7Cqci0KGGfcN3SEu3-FzSW0cwN38zA0_1esfYT6GfhF_CExdF;PQ9SpYwztv-wtbWt
/v_Error/redirect;3ynMH5cQqGp7agLWKfa8VWHgmh-5OA6rlMkUaYCCjRPNr8Ppvc2u8Qpgsax8;VnBglF6i173DWf86
/v1/redirect;sdfsdjhgkdjfhgkjdhfiueyr9348;kdjghkdjfghire
/v1/redirect;CaIoHfYZon_MiR3OTwIepXi6ho7aKk1V0Zhl339Bx2qHJGJtwa3QOONvuxOf;kt4jlBGoxqwtDrZ4
/v_Error/redirect;T108IRGSJms3NuYvtHoeH1hvqWU9VYk6Sju699TgCJYccAgyFsD1dvqpTaEV;NFGMonY2nyIGvGe9
/v1/redirect;sdfsdjhgkdjfhgkjdhfiueyr9348;kdjghkdjfghire
/v1/redirect;oqwp91_Yq9sB8E7tGPY-c1SAXzHkcEMV1H-ePDptKpH_H_rItFNCNqXVK8PA;zYplVgSe0HSx8hc6
/v_Error/redirect;sUiy28WIroGFY7jDeH4ooOQLzcqIzR33li94Ohz_Nd49qsdWgeSGc9_dTL1P;cZW_vZpIwfEua89L
/v1/redirect;sdfsdjhgkdjfhgkjdhfiueyr9348;kdjghkdjfghire
/v1/redirect;DSHSMwPAWVlrf7vSby2-o1udKlaY80UMvRy73TCDNZrHdmh6M__WKF8LdtGG;BeNEFmQl375vwwiI
/v_Error/redirect;VbOZsO_6Mk7LoP3wLHIVM0tPFIjwgT0cXGXY5CvSXP7-M4Vecon_9O05RFCv;urtlKaBXVEcESG9S
/v1/redirect;sdfsdjhgkdjfhgkjdhfiueyr9348;kdjghkdjfghire
/v1/redirect;ghaq5WCwTeR3Xaqiwns8P-WFAfXlh1-DMT03F9Iqvrccvv8wS9s4xMVI3do7;TFT6Meihm86J3SwV
/v_Error/redirect;WCgUAcIVm2ENa4KbyHLQoyiHq6huOlhsWzHidZr6fQ9rlzxIWg5ElIEcwxQ1;LHjxnz5EiTH6p8sR
/v1/redirect;sdfsdjhgkdjfhgkjdhfiueyr9348;kdjghkdjfghire
/v1/redirect;O9FK4ba2xwIavtgBoA5zYi3-Ws5rdF_xKcC_L1ud9MqqF4bIYg2CwWhgLmHX;WnQ7QphCkZdEPIPy
/v_Error/redirect;eTTGWj1NWJlmfpONqDfiJ5lQEzufIGdchmVjUDaMr43EiXMw-5__tQmmycuR;PGSU9coh2DX1ktYl
/v1/redirect;sdfsdjhgkdjfhgkjdhfiueyr9348;kdjghkdjfghire
/v1/redirect;cfghJ21bR2STvZW85Q2YPOPQ7Nl4zRWQ0uoh73waLtwgGTY83XydXqmAFGfL;n2r3tItXqQ-jOPm2
/v_Error/redirect;FBf--8F0IlZApsxhn02NmlzEwk4e4DARe1YXQHpeiiT-axd2BfM8r72x5ujk;EMSK0_hIWNyhLRSr
/v1/redirect;sdfsdjhgkdjfhgkjdhfiueyr9348;kdjghkdjfghire
/v1/redirect;AMST0KMhaJPLKPMmS8GVXa6cuOjOeHl3PGePE8qPy0Or96N1bjez5NPj09NK;ycp5zI43CyErRq-j
/v_Error/redirect;xjKxqpj93NWqy59lEJbrrK46PKRt4rBwYmX5hivCcNA5sp25l5ou4gjiC_Qh;4_hLRi7B2W-I4f3b
/v1/redirect;sdfsdjhgkdjfhgkjdhfiueyr9348;kdjghkdjfghire
/v1/redirect;h_zmiKOu0kLrmMBEml2DkbGgHbFfSUErZsDuRO6nCp1C7ADTqItI1cAMHLIQ;fxHrDKn8qmH68snQ
/v_Error/redirect;3uIuKfHPpcWk0mKz8YyKF44Imo4Xpfruk8q04porwy9q5y33vzrqJULEOa2K;QN77Pmcr4wdL4GCU
/v1/redirect;sdfsdjhgkdjfhgkjdhfiueyr9348;kdjghkdjfghire
/v1/redirect;Dg2gYVObREUbzvVA-2s-pDaWvU1m9jK5YbCPS10Vg24Xb__59XxsO6sS3o3E;OU8SgGdpKhZyxzLa
/v_Error/redirect;WCHyw_dTpMJ5ZxkWUKn-ql3xK1DZeUEZDcj_ZbfeLd7nYopST33WeBzqRH5C;JEkLlORJERMDtO85
/v1/redirect;sdfsdjhgkdjfhgkjdhfiueyr9348;kdjghkdjfghire
/v1/redirect;gPsrO_qi6FQcR1wfy2y18mYU5QS6cIb9oO6DnPD464O2e91RpY5w_HRte7le;-cRwoAo50Y3AdtIJ
/v_Error/redirect;Vs7RjhNV-t1xj5hR_aoL1TEArH7u8krl34a3_yQzanmmCK5gfOgjIkZ5dzzN;r6N26H-damJ8AZRf
/v1/redirect;sdfsdjhgkdjfhgkjdhfiueyr9348;kdjghkdjfghire
/v1/redirect;twPwmtHCa7-txnh-3h1rcYCYaMTsho_sCSMB3LEv4cgIDX8_nsB66eP0c_n6;GLKYNM2KK9yBly_P
/v_Error/redirect;6tCdpvCnz3sxl5eGZKEPsmuPkBbZszf2U849rsggj0Y-VLY1lfdiS55kdT19;A_zCBxZgbDtQjiDR
/v1/redirect;sdfsdjhgkdjfhgkjdhfiueyr9348;kdjghkdjfghire
/v1/redirect;EqgXrGyYvHEdL5YCFUU8K4sf3WKrr0DQB-aoGZOy9Rg62jhpXkGNU_He15E5;joP0IksBrK165FMz
/v_Error/redirect;1KTcGVYQIsvEgb4NtZQ7zfDEiOvjVJD-RilGW7Kzx59sioQt_C0n6abuhWDH;OqYyxrNNpY4myyeh
/v1/redirect;sdfsdjhgkdjfhgkjdhfiueyr9348;kdjghkdjfghire
/v1/redirect;YBSnLp55czHu0sWdb1VWSd0cGpDT0r-hWonrecu3f6fet5wET2Evr2LH7DV4;mi6DGE6LUfpoiuqa
/v_Error/redirect;2o132c1V6Dj_Ex89vEO1ioSHgzqh3gzxIUy3OIX7EGrZLuQioAwnrG5i8qjF;YVns_BxBPsW42sOQ
/v1/redirect;sdfsdjhgkdjfhgkjdhfiueyr9348;kdjghkdjfghire
/v1/redirect;PzSHpp1Ycy4fDfTMTEOT1j4NQ8hEhbIdkXDeYc_TUsWWT2-Ef2aRMMDlhr-k;56irARVE14wtoZY9
/v_Error/redirect;6jhJtNifv0wP-32ql776aebd6o_hd5cpUJvyEidiVeC04IhB960PETimeBVk;OGgt9ef6YrpHwoa2
/v1/redirect;sdfsdjhgkdjfhgkjdhfiueyr9348;kdjghkdjfghire
/v1/redirect;PmmGPkZrWFl0elg8Q37Ey6oGL8d7hXxZn1z49KR3uH7yDKtAYmwtxVdqqgp4;hKs0U6DPwovwBxIC
/v_Error/redirect;8n_URJh2PAVD0ZOo0CEgQGvMT0ZDj0M6EIPKEgKDQKtfKl8qjMGILxetGXop;7_SExegJaVvOALz6
/v1/redirect;sdfsdjhgkdjfhgkjdhfiueyr9348;kdjghkdjfghire
/v1/redirect;DcHqtp3fh2fw5qW5mEF8irhayjs_HX-swpuEOeZEmZsgQtK7iIj3B0P7D4_b;GSMJhkQtURzQAUiH
/v_Error/redirect;n3j2tJHoWale2wzXjJNyIV1z072I3OJSQtJpCEvhLgz6l2YqDjhSS0uzUNmE;kbG5DD_YeewQBt-u
/v1/redirect;sdfsdjhgkdjfhgkjdhfiueyr9348;kdjghkdjfghire
/v1/redirect;L24NOpyWJC3VTowrJkDA8qAArc9fvG0Fes_LnfUko3GiTu5s9nlLyOv4SXVJ;XIibju-60QpQP5Ap
/v_Error/redirect;7nPR2DG5WUqETbpzhwpwwiGcsGFP29LoIHIyJye8no9P8vgxRc39uDiSXt0i;yURjhLmuJGKynGp2
/v1/redirect;sdfsdjhgkdjfhgkjdhfiueyr9348;kdjghkdjfghire
/v1/redirect;jdG99IcwXaFHHq9NlZmPJRTIVGVZo12J3AptMSJ7fmDaDDNrumsx0Ol1cM5L;Z2RcRzJOcNdJTCP9
/v_Error/redirect;YSbE9mDjAE2MQ9oIfY1ovHxobrIgwafCFtcpdQwTOKxT9Abfv2FQsrM14ft1;cF0XtoEE54a6MdHL
/v1/redirect;sdfsdjhgkdjfhgkjdhfiueyr9348;kdjghkdjfghire
/v1/redirect;SlusnjdLS5CLYHe-p0wC4dL5hhpv8U-yOTs2PZOQWVCYZfbNugdy_inOwWJx;nmA3NZL8hDOoooIu
/v_Error/redirect;OeD_gKcIvmc3YbA5JMGeaG_4hgk75YKHFNC80-l3ZmMjH0lBM8JsthxT8m26;DjrX0_0X95keD1Jv
/v1/redirect;sdfsdjhgkdjfhgkjdhfiueyr9348;kdjghkdjfghire
/v1/redirect;bI60P1nAUplVRFsuPnwBF06R3WQpQnA6g_3Cq7TTj9FTcyx3x1pfHsjRQIYI;n2eqzGioJAqZwLuB
/v_Error/redirect;RRLd6flt8C3G2hlJAI8DhbTIH2aU5ZZ3YLn-29u66o_-Qo-y5PVRxxJUaqFS;u6EkJlc2Upj334mr
/v1/redirect;sdfsdjhgkdjfhgkjdhfiueyr9348;kdjghkdjfghire
/v1/redirect;RZnF9Awn3OIkSiPYKMDx8IV5FeZNNI-Kb6UMI9OAYiveGT_JJg5gdNh_Vv-X;pfNlpcJ-V0hy32o5
/v_Error/redirect;HCp18QKJPBwK4F1yAJwoozrHRvEYmZfOeMnKp0N-9CY8qAlHrILRmvmnEWIz;QYyef_i3BcaxD3Vh
/v1/redirect;sdfsdjhgkdjfhgkjdhfiueyr9348;kdjghkdjfghire
/v1/redirect;gyUPqmigqBFf-XuJz_mgZWSIXuZ9jWedQYGeGYv6oeQ-OhlqWP4C7iQGZ38a;__xxBs5ih6gLR5rD
/v_Error/redirect;Ffi9U-4gD2S-GStR6rJZhOaWth8nFyl-k806iWfTcMqWPECfRUK--thc8JEu;ZGRJSTZY8QsZxpmF
/v1/redirect;sdfsdjhgkdjfhgkjdhfiueyr9348;kdjghkdjfghire
/v1/redirect;8uDy908g7V633J2U5ErB17nPnwB1TB1aYPpNJew6vViTopYTlpIXA4gcQsFy;zWe0ONnvkm0T-Evx
/v_Error/redirect;gXOazLgaG_dm-PXuzEmafyxgc5iWfvQTdWadj9UfWuEDnH0zNn4yB1FiaBrL;h0uk9XQpKVubWcia
/v1/redirect;sdfsdjhgkdjfhgkjdhfiueyr9348;kdjghkdjfghire
/v1/redirect;r0F6Myz-8murL34jyBUrY6oCPAOdD_bGPBBnF1W9tHO34db3AIuV8zTtLSzU;uxrVvLQJMyIp_xEW
/v_Error/redirect;Nh6LoOMVhXH5rz5dXKkd-640ZtOWOCQb57KPkD029tUVfoZleSdyX4XEPFiE;jAHf9WXA2t83RJL_
/v1/redirect;sdfsdjhgkdjfhgkjdhfiueyr9348;kdjghkdjfghire
/v1/redirect;CtMNBdAmEiy5dAoPuP0Pxry0N0ZQ1M5a9NKfOPIRmzSk_NlxwfXaxCtS-wdS;uzKbUlPL6z13DWuG
/v_Error/redirect;ulqkhFxIAAKAJLmR3AumCdeghuY-o6uziWbxlfiWo0uXSe2RjEiyefnvFAbs;W0OFSgNjk0zDqBje
/v1/redirect;sdfsdjhgkdjfhgkjdhfiueyr9348;kdjghkdjfghire
/v1/redirect;y_VdEIjZlFOfu0rqOPnkOt8HURiIURmmbxWqwNaFU8IeJ3y0Ag0ixt_oymm7;hB6NdrPC-J5dZ8Bg
/v_Error/redirect;kz3nuaRzj6JPyWCrMvYux1H4WkXSb818A8-uy1oTzqKkeZrP-PvOst6GO_OV;CmiuVAIOkcosH3z0
/v1/redirect;sdfsdjhgkdjfhgkjdhfiueyr9348;kdjghkdjfghire
/v1/redirect;Klfp520Z5y5hs80PUBox3t50PGyBGGl8u4AcPMg2IbE27xKEcux4K8Z7S8uN;s39flwtLkR_fQ1aY
/v_Error/redirect;79BUxMU3GdfMW2NhT1jPQX1MDudZ6eoq0oV0z1i_E4kwbWzQr0fuee2OPko2;3l7v8A_J_Myp-wEZ
/v1/redirect;sdfsdjhgkdjfhgkjdhfiueyr9348;kdjghkdjfghire
/v1/redirect;CM4iuBIY9ue1g3uG3cmUs0Ci7lt0sh570cKfc-ORzTg8fpYFWBimALrmfM0t;Tj1KOla_H68b3vdl
/v_Error/redirect;V3SyHlOtQRoDLMeYa1VeZePBA8AID-3RKxM4k-ioUBYlUjdeN5ZlsKMW6qcR;r29RatrWkAxvdF9N
/v1/redirect;sdfsdjhgkdjfhgkjdhfiueyr9348;kdjghkdjfghire
/v1/redirect;dveYwst4EjaRrgOLlphjdU-CMWjd7zjoOvH7vrDAlSsvd5qcbTvV4ydwfVbj;KcXlF2GxbtMXzVZj
/v_Error/redirect;LehuXJomv6XNOGrl2vPQ0F-sLOK8tz3svMbbTv8s7D-5mtpj-nzIDf9WBCus;1pd3KmRtyNoBlPfL
/v1/redirect;sdfsdjhgkdjfhgkjdhfiueyr9348;kdjghkdjfghire
/v1/redirect;T9Pliw8wylpa7NCs3nixpmMzRMe2EGp08CeWGqJ0bIVqPHqJmIMtWwkYMj3x;uy7_C6HzMbt_L8vC
/v_Error/redirect;czMNTIKD25x7h-WNo1uBi_rMWD_6Xa3VtKu5QSi5trGdDI2P_3PXEEWpGCqj;4V4MKhmKHKI82uHH
/v1/redirect;sdfsdjhgkdjfhgkjdhfiueyr9348;kdjghkdjfghire
/v1/redirect;ZtHcLcUL4GjcMUFxFvJ-ITJz9M9hOB2MqbYIJ3XJhbcs5U-UwAFYn03gO9xp;Th6-oXwkkFJgAaWZ
/v_Error/redirect;lJRLFvMkDwLEThVey_QiCpTLhKAxd2tVb3gTrWhp6E1DjhcUUC1r7xFGc2bB;be5wj0s1ZZvJ4buR
/v1/redirect;sdfsdjhgkdjfhgkjdhfiueyr9348;kdjghkdjfghire
/v1/redirect;KpD4BFSVcGel2EkAxXGfK6npoU8Er-FjOz8NE8hx7B5ukQMRK3_cT2doHLHl;mu9ajTAsS2lZNqwk
/v_Error/redirect;tIi87UGWJQY5GguzcZlbwXT5BUuxav6oDqsP7oSpTBjnXXEqr1tC1s-8FXHM;7UMnFW0X5WD95oMd
/v1/redirect;sdfsdjhgkdjfhgkjdhfiueyr9348;kdjghkdjfghire
/v1/redirect;BIC97fufQ22QaxpE2n1j5X4sDooB7PXpzhEVVXJWRZBoxRNNOb9sKgEoDBr-;iVz5MNTTRk5hP_b3
/v_Error/redirect;vIptyu-qEtexAIoFo3ZURuax-uGe24u5QrgA-vmhUWr2qkdXovFo22ENR9Ir;Ai0ld2AhaCMg27TW
/v1/redirect;sdfsdjhgkdjfhgkjdhfiueyr9348;kdjghkdjfghire
/v1/redirect;_v34aMtySUADXV_yIz1ns_n1GayZYwBDWNrPzGroBR3VQQvKVvA0mWZjAMzL;KTvj39Bfve4Tfo35
/v_Error/redirect;Ls_Xcwv8LLBUOLxZJYyVgiuZyFXDlC_3KgN6Wd0WWp3gwX2PUOHLzUQ8arWJ;B-FNhH92E06n9lMv
/v1/redirect;sdfsdjhgkdjfhgkjdhfiueyr9348;kdjghkdjfghire
/v1/redirect;Jpmq1rKEZmyyHyhEzr7qLMjwF8ebddCSbaU2PiGZclKpMtv1aSPG6W4DCH1q;bow6c0_XIZUlE3_0
/v_Error/redirect;DUkBxgTUhla1WCVX2tR_DXFJ_0bzAuR9_hCnvaEt391EkJc5iKs3FgKiHLnu;3HaIOWv83ET1vA_2
/v1/redirect;sdfsdjhgkdjfhgkjdhfiueyr9348;kdjghkdjfghire
/v1/redirect;U2hHUMLXDgr0kyQEz-D2H6rBDrKBShUUcOM0HLDI-27IrCfWmHIVIdojE8hf;_BaZRZtKX78dpJrI
/v_Error/redirect;_joGsQDYj0KmwDXfUxg4rX_EiCpCuZMaYSeGmBneKSM2RBNODCVe9oyESu_4;ed4yCl4MR0D_5t8N
/v1/redirect;sdfsdjhgkdjfhgkjdhfiueyr9348;kdjghkdjfghire
/v1/redirect;80MPuZ4ZnqxYJTPhAOyfhdQ_3l3TvoBJ-qze04Q7B62nDTK7G78Ux2v23jlG;IO-JXZO4CYaB_FuY
/v_Error/redirect;T7BfuCiaSAacfNgBC0xkBM_PtGPQft14fwgQuis8TsUSRjkL7GPiZmd4TlQV;bdCTfwJ6uFgqFHEk
/v1/redirect;sdfsdjhgkdjfhgkjdhfiueyr9348;kdjghkdjfghire
/v1/redirect;75e408v0PpFtpv95A3ysvtrG-qCVXrLBvpy19JXnyEfwKwHtDx7Nom3-jQFJ;xgneLiRf_nP3ikWG
/v_Error/redirect;2DAcETDrdGHgYJBAFrdd8APQ2nMomxCf4x6YFMJF7Ig0BASnIZIXXemNy_6t;14e4uIcNPv6RFxcv
/v1/redirect;sdfsdjhgkdjfhgkjdhfiueyr9348;kdjghkdjfghire
/v1/redirect;V-2usoUn-H5wDPun3S29CYTUxl_FOf7-wms1vsihtnr8djvPiXH-p7XdCpOj;EVbIaK7_MyQaL9yl
/v_Error/redirect;BYLJhYzIeL_v73KU-wbiQ1w_r-049oyn50iVWvGs-_rxmo_yCOjVItDwQ7eJ;sTgTS1jPr9UjkzFZ
/v1/redirect;sdfsdjhgkdjfhgkjdhfiueyr9348;kdjghkdjfghire
/v1/redirect;ZyYrUL2QjQt9zxtvpOoDSOzMcaQIhSHbSPFC2U8fxHRyOy8MMVAOnM7dxX82;bT2h3YJ2xtC74pCp
/v_Error/redirect;TyqlRjYaJ8dY30Px7FpXP653tAE0dUQlNx8ZQ9ln5cnzo-3LpVE4aho8uOPi;1rWpdfCSQ1qC6KSG
/v1/redirect;sdfsdjhgkdjfhgkjdhfiueyr9348;kdjghkdjfghire
/v1/redirect;0M8KxoXaBGzoHFFnx8N9C7EAwBJiXINcvqBmtIyQ9lTybSSV4Es0U3kPsiAr;RVcOWaqaUAiCNxK_
/v_Error/redirect;tm24MbuDfbDfjChlXVFJhFbEjGp_90UOqEmwgDh8sFSAytMHUCyq-n7niMx9;yNNgsapFMS0vLjDZ
/v1/redirect;sdfsdjhgkdjfhgkjdhfiueyr9348;kdjghkdjfghire
/v1/redirect;VPUHMNRBxaNSlQHc6YrDf4bZ4F2rN6XHRevAhCh0YWGUedJG7t-AELmL8CaS;hoMgd8DFhiTHE3QU
/v_Error/redirect;gybpcujgnyjhjv9Pz_3YVa2o1fmhUT_56L8OdZM5AtYx6JEYfWoDFM4jMY8R;dY1WryKgflJQFu0j
/v1/redirect;sdfsdjhgkdjfhgkjdhfiueyr9348;kdjghkdjfghire
/v1/redirect;sd_z9bk8Af_lPMDnQ_of6As0-YSpz9vczxBifdrRcxYkU5FKrPcPH77Biyd5;N688NqqDc-LT29AP
/v_Error/redirect;ppjOPBYcThA-7a7HoCcl5aZP6Am0apva7qP0NvFrUtrqPpC90mbnd2Pzj2Zq;oD0caBSb7IBMgFLg
/v1/redirect;sdfsdjhgkdjfhgkjdhfiueyr9348;kdjghkdjfghire
/v1/redirect;EQTq6aUrxR1ZL-5ldS3Waa23WtodlhVDwSWiuYN9_1lo7N6G9Gt9si3K5WP9;SbIU9sMKUJv_NQO6
/v_Error/redirect;MIlPzrZKE46AH2sh3vQ81q96O4Ig6Y_S5oVe4p66RD4akgreve7tKPNM-Cx9;YN39li_UGVWNnb5w
/v1/redirect;sdfsdjhgkdjfhgkjdhfiueyr9348;kdjghkdjfghire
/v1/redirect;-OZeaId2TzthPsO4iztMncT1qXDJyFIJ3kNxxy8TRhlNIZi1c5lNBXqRhFri;R2Urc3uxCpQO2n8I
/v_Error/redirect;EIfpF6c-HeJAq-XoVcpv6amb6Ikaiy9oVeToafcs8kwzXqGTqQx6L4ywFvRf;lRq7ST_VsQQIHDsZ
/v1/redirect;sdfsdjhgkdjfhgkjdhfiueyr9348;kdjghkdjfghire
/v1/redirect;nw9x_U5mu-8z5o7Bk1LEMUEnfhs-8VYpQYX0gtC8K9jovxMuXqvaqF4I27_v;vHpEm1DARM7_JFwA
/v_Error/redirect;bZHyM79IBj4Sw72y9U4TBroYk0h65jKBjRJa2hA5xOoHL1kfIzdnojpIU7fJ;noFvRL__GD3K19R8
/v1/redirect;sdfsdjhgkdjfhgkjdhfiueyr9348;kdjghkdjfghire
/v1/redirect;xSrjYTvTgpQ7JzIEy7Sa_3oDlcC6mV8Mb2L9wewitFLYEX2lT4mndd_O5QaP;e9CvWV2PtWL9l9Df
/v_Error/redirect;9LudPgJ2ZK9B0bKfMwnCHkk0nCAOqOOZtgzcG9c9hpOYsz-gVzz_O6_OfbkB;yJ4KSlXUMdZgFZ8D
/v1/redirect;sdfsdjhgkdjfhgkjdhfiueyr9348;kdjghkdjfghire
/v1/redirect;dAq7eZeez34DmWVoB-GlxX10DBTBdWUV8DZ9sCity7kGDn-WvNDrM5-wwL5b;h_qN7ThVe2kmYLRh
/v_Error/redirect;kdyCoVMLEoDJrN1nKMngu_pjD7OoqsXvQzbAVuG_BbTZY2Ooz7iGr3lk4SjY;-5foKo-DzbpYZ4xd
/v1/redirect;sdfsdjhgkdjfhgkjdhfiueyr9348;kdjghkdjfghire
/v1/redirect;yfXFtnkIVbEfG6asqevkUekdO5-Bhdr4BiEXwqKXMVO-36whUMJwTDo5z4EX;QRILtnTGMy9E6MkN
/v_Error/redirect;_pNndHZ82q_ZeXXfQgtxhrzsL2fNocR20yDDsW1p5idY357LBQGa70Yn2Mg6;LRvVahdnSO7unF71
/v1/redirect;sdfsdjhgkdjfhgkjdhfiueyr9348;kdjghkdjfghire
/v1/redirect;pEXx9fE3lcK_wvEKLKkQ4OKI4uiCokE7dzwsIIx0e6uAj_W4blMpVxUAOGc6;5gTAReFiX7d0acTY
/v_Error/redirect;m_y1GSC1T5gMxOlIBQfYM5LTe32fEO6AuMqxa9H8-h07lOKJbdvOQpS5mMrK;u2O7AuTlYDgYFo7b
/v1/redirect;sdfsdjhgkdjfhgkjdhfiueyr9348;kdjghkdjfghire
/v1/redirect;SLXfz3-ku4Il08flhWx_0kX1blQJe5893Jo65IFMPM7u_4ocxPu8Pb-Hf7ut;l1Ot5VnHEW0QBjJA
/v_Error/redirect;HzZrexG3fwBAojIlB_NndQBCf2-uxJGmE5eGwp-B0dYMwItO6ulkK20td4uI;4ZdAwEy7-OTsVeLE
/v1/redirect;sdfsdjhgkdjfhgkjdhfiueyr9348;kdjghkdjfghire
/v1/redirect;qGs3PQW1Q7H1ql_UMg9DFMCLJ1lMDipIwhcby8t0a5o9txj-YelMwzJ8Wzdw;OSo2xl2kjciahUH4
/v_Error/redirect;T0CWAYMYZBsKFAY2XHrkAKt1EDfPyNhb1f1SNa112BFrfejRGWIv-HfSHbMZ;GTDNj7zoMOY0T8Wr
/v1/redirect;sdfsdjhgkdjfhgkjdhfiueyr9348;kdjghkdjfghire
/v1/redirect;dYVh5RFmhUHm6213B5peDly_uJgicsK8uy0424rgzQNRFXHOvvg5CKfxG26G;gQl2a1H3pGOAARP3
/v_Error/redirect;dqREJd2QsCl2IIVSmn6Kl9hWKRFs6LqmwecTf_keEpzrOhF13yWZrUsiOXHQ;PJqUkbWw5NtjfZ8D
/v1/redirect;sdfsdjhgkdjfhgkjdhfiueyr9348;kdjghkdjfghire
/v1/redirect;Z0x8izbwxkJiIVQRUuSpyrSMX6o0Q0HGlMgUl7T2nM_GWcb3vaNYPGJ4KHR0;Rrlj9GjdIkY9cX9p
/v_Error/redirect;-Nii6-4xy6JKo8nx24Bif1f19R2TD0sZzo6tXBXQpcmyJc4lRuU7ejW8rsUg;enztF-57YAQrtFRq
/v1/redirect;sdfsdjhgkdjfhgkjdhfiueyr9348;kdjghkdjfghire
/v1/redirect;UbWLmpgYhECRb1wUAWlfCeEyKLR9FSkBAaq2z4vUrFwD7Rjvm8od5YoAm5z_;mI2ECdUEOFj65z__
/v_Error/redirect;51EFQGt470pVVxaLnkwu0AHTCi9dzQqiGCaPL6LBEr8SlndE4a18zYva7pbn;UDB72KKTonqS9iL2
/v1/redirect;sdfsdjhgkdjfhgkjdhfiueyr9348;kdjghkdjfghire
/v1/redirect;9ZVrSsMfitlV8Ge9UI4SDqNHxOjXo1dWXmO5NLtldq0O8DkeCrVEQj_aa-8p;d-yVVevkr3eyN9hP
/v_Error/redirect;zffHC6Xj0K8o502B90OnpUvpu3KaEGyeJFVkuuhX4tYd3rvbEnr-ov2NbrOI;qgE3_l0UM8qXSeGV
/v1/redirect;sdfsdjhgkdjfhgkjdhfiueyr9348;kdjghkdjfghire
/v1/redirect;zasmyky7EtR_sPTb4gnVhN99OwRBcR0d3OoWkhyTTWCGLzp99Y3y4UBeGwM9;BRoXR4QzMfCvtv_z
/v_Error/redirect;ntCR5hbhPy-hxMw-oSKWQJFImvTLzXUPHLeq58tHA23JSpmSPAfsRAIXPsWs;Zjo51Ml_-MTtriG1
/v1/redirect;sdfsdjhgkdjfhgkjdhfiueyr9348;kdjghkdjfghire
/v1/redirect;bHfQQIWp4aITMVXc6H-YMPTRBRhACUXT_Wtki-w3UBzGP0Dg53gd1juWDfMr;KzHyjEGhYBa3uOOm
/v_Error/redirect;__FCehlry9hgwdBvwfdsZ2RGINVDewVqp5wbqwhum89xr54QamvXN2mPRWOe;Kyao-6xeQX9lsZ0O
/v1/redirect;sdfsdjhgkdjfhgkjdhfiueyr9348;kdjghkdjfghire
/v1/redirect;FUIJqX4fqCD6P-vK45eRqS46KHjxjuxKw7ofKQEkyBnyo7TQMhjOj3cxTK4_;CIgM6xS-LNzWBb01
/v_Error/redirect;IdhxvoqBbjqHeezJ_mT2n2aZi9j633nmN42qyiLW6_v8HPY7FmPPiC9zXAqA;x2GWU6JNCXzN-spX
/v1/redirect;sdfsdjhgkdjfhgkjdhfiueyr9348;kdjghkdjfghire
/v1/redirect;0PeM-wzuIf-oMhS020U5nAIeJi787KkpLNjnJdZXpNZGU0lN0E1ljEn8wPDh;zImDqxcUFxG_FqQS
/v_Error/redirect;gF8dZ22PiGkiwasy0mXf8UK7Vr46_MhWnQokUgTn4V6SwHfgQE5W37fc5UR2;Cr0-xkFHzTgLekit
/v1/redirect;sdfsdjhgkdjfhgkjdhfiueyr9348;kdjghkdjfghire
/v1/redirect;mgloiR6Q0F5yBg5paulr2OIf07XM0nZGkzgKZ_TSyRanI1a7ZC8AVkCj0FeD;GDoGReFxyMFzdXPT
/v_Error/redirect;uokq_Q0bU6W0RypL9LY-kAWK5FBbB88Js4im5dK77sq5DN21VvptTR43Ckrq;meWsLkBQAV1f7fmo
/v1/redirect;sdfsdjhgkdjfhgkjdhfiueyr9348;kdjghkdjfghire
/v1/redirect;J3cm1Yhg81TxBTP4gvFHdVmM9Yx_qR_YpUwKKhok19IIIUpAyext1CBjbFrA;LJ_XIFMvEtiBQmwm
/v_Error/redirect;NLF48OAOeF54T72_eUw_hnXmaeQTIEGSm23oLe3XoCgFyPgpGiHP3Ou7lpzj;IUmQ-n9OtFMWcZ8N
/v1/redirect;sdfsdjhgkdjfhgkjdhfiueyr9348;kdjghkdjfghire
/v1/redirect;WSvQ8sr9PEzpRZJcTw5fmEtSFtsVPSKePFS4Xgd9XkgN3uyrRLdGgt6658JJ;dK65F8ccooIW8VEn
/v_Error/redirect;aVqnOA7WYgsIDQivA2ys0S4EfTGTdGauFqQ_uZ0K1H-tsnBupb4rW-4-JPLm;qOKhNMZ4jK_A22Bv
/v1/redirect;sdfsdjhgkdjfhgkjdhfiueyr9348;kdjghkdjfghire
/v1/redirect;4OmiZY6MMso9pRPdRxvoh9ru6yDugZmZXqW2WwP2XLpntyOYQDQsBmD6iCnK;cHWKBRzG-ctgkAXM
/v_Error/redirect;2cytQcMU9zooPXFRbfKdGZmEfD4BepQacAdJwRgeRFvRN6Wl1qQo5CpegU53;NSPTVXN6IMXbZM-Z
/v1/redirect;sdfsdjhgkdjfhgkjdhfiueyr9348;kdjghkdjfghire
/v1/redirect;3SHzZWvz73DAKBjY7_f4cRyuCuhmFkABzo3XNTSh2XAxb9Z0bzVjy-Eq4BSB;ptzGrY-ZAyVQGT9D
/v_Error/redirect;M1clZsGCAdfUZ6sMLMp_sEuooNB9GFlNkzidoSvJjZWJjb03P3vuF7a1ca-r;tMe_a19Wbk8ISRI6
/v1/redirect;sdfsdjhgkdjfhgkjdhfiueyr9348;kdjghkdjfghire
/v1/redirect;qpIxEFTKFNLR-DNLGeR-0fdoRWIQGd9g4i22rFIfFlRpMEO5v6ElNL3UJf8A;AF26r7paa7bZQSuR
/v_Error/redirect;l6WLn6eenHPJWJEVN08VypWEUDKXD97kbp2e_eylx2U0uxPkvR8WEnQR3M3r;JVgO13vNIHTIB7jI
/v1/redirect;sdfsdjhgkdjfhgkjdhfiueyr9348;kdjghkdjfghire
/v1/redirect;JkISShMnlnYbMq9pa4EkD7AeXvYEzFXMQzsqgY9sy43L4w9hL3z7K2cb1Pcl;tOfc2Q4p2i-YlFgh
/v_Error/redirect;Q65e8uP3g-IOGfUMZ6OIbSZ7fSn5mRGov5sRCTKPrUYHoiBt67b3JMENfMXW;wW7CC66g04Te3bXR
/v1/redirect;sdfsdjhgkdjfhgkjdhfiueyr9348;kdjghkdjfghire
/v1/redirect;jpf8-83jIw4z4_X8qwFf9Sksh4uFa-HQihLPWkoiqqC2CHJ0SwNFePx9LlWc;H6EcJAtihx9ploh3
/v_Error/redirect;FyC6RHItkg19EOFzCn9AvzL-LY7NTjoJTcCsUB0b9HaqSpmQiwyNG2fx15M4;FuKD1vqJsdFKciVn
/v1/redirect;sdfsdjhgkdjfhgkjdhfiueyr9348;kdjghkdjfghire
/v1/redirect;L0wdylRcoV6KLJi-YHjBd4NP4JzI9g-fKizvQlMQyVYdLAbH-9OvFCPVEHsE;EQy06W9OP3P0psig
/v_Error/redirect;eRXI6yHQOXb__lqRYc5K4cIa1vPizrWzgkIVqeanRjgih18AZ-wHNgFLFkxm;VpBJiyRvu1ZkoroN
/v1/redirect;sdfsdjhgkdjfhgkjdhfiueyr9348;kdjghkdjfghire
/v1/redirect;Nj4eSFc4T-tFmCNdjHi_DvRtCr2Nfj8c8gFopstD92zCtkrBenwdm-OEdtg5;MwldGPeWK9ECI1bg
/v_Error/redirect;v3L8l1buEJB8VNaSg4dMux2jLLoHDGYQ72n445JqeHWRmnuBBMGMA9Oathlr;qFrNd_yCpFIUNvFD
/v1/redirect;sdfsdjhgkdjfhgkjdhfiueyr9348;kdjghkdjfghire
/v1/redirect;bxH5Q0c9SAzVFnTbvkdJPh5m6eic2Fq_5mTfyurAgdDg70eFxkEsQ93YmdGW;SDDmtdw948i7GZRW
/v_Error/redirect;wbvX8pNCtHbtF3IbWI1GrLWG_HBvhZvpmTSQ_iEzwFf6pR2sqF6dR62jlo5B;om1htvmmp7m_uXeL
/v1/redirect;sdfsdjhgkdjfhgkjdhfiueyr9348;kdjghkdjfghire
/v1/redirect;gv7vwT4KsgN0PKE4D-BcY83HJC1AUMOxuh4VFRtHI1SYjFnuDVHJ_1YlwX_J;UPlMlQgNpEq7__Ak
/v_Error/redirect;bhHk9Mq2ZMzcOV4-eKwhsPtWalcVVx4z4x7TNkExT0L4o49bu8yTW3datum6;Supc3xEhpxEckZ9X
/v1/redirect;sdfsdjhgkdjfhgkjdhfiueyr9348;kdjghkdjfghire
/v1/redirect;N1qBaRfapKMe51hOSdh9_E5DVIXVAPmCeFCW8Awa7e7bV4yPwTCIWxrxqWwl;aWw8XxDrxb9v4Dn2
/v_Error/redirect;qDyRPn7OFbtdqn3rCXpYXV6Edi4MkymuD0g2oO1NyvNC4AfVXxxr-E0g2MaZ;-Uy-BuHEpQpeCzgm
/v1/redirect;sdfsdjhgkdjfhgkjdhfiueyr9348;kdjghkdjfghire
/v1/redirect;42cg1eWy0iuntdIJzs6D8n3LjElgHX1YNzoBHEJ4PmyKVhTgAcgP-JboM-jV;8N3QrYb6cJCTJCBG
/v_Error/redirect;hhBKCJY4QaiL_Aq1SIJpMnhJMTpKKF1vu1aexQEisQ7ZZNZnyOtvphtBPJg_;XVwuCK62_EH02pSV
/v1/redirect;sdfsdjhgkdjfhgkjdhfiueyr9348;kdjghkdjfghire
/v1/redirect;n8eESKYqItipm_2KUV2jimmdaUuJofhZpTvRYvEYtEY5DP-X4RneJUCXMsyK;I_8-am8uOjl5zAhm
/v_Error/redirect;Jw4QdSmnaSLiqwI1xyqGs7L8k0mab-qZqpQzKDOXu6GQZVXmU6lAW6BPojIn;huovYmIbwjlQoymK
/v1/redirect;sdfsdjhgkdjfhgkjdhfiueyr9348;kdjghkdjfghire
/v1/redirect;M4X1nAAHxMQnoOzxg7oIr4_977a2EZSxrI02FivSkZLIRbTKmGBDvPbxqtLR;7Njl1t9gzapO_Ewo
/v_Error/redirect;E74i9buwLFyIB2uMsJLqAtQ1bxPfBQtiVTGnkqpcoAIEEkFC-kQkdSIpETKT;J9wuv6JyMJnfgwHR
/v1/redirect;sdfsdjhgkdjfhgkjdhfiueyr9348;kdjghkdjfghire
/v1/redirect;BO_-xG2cM5B3Z0wIhqyGGcJo3PcEOGPGhqHyUn8kleNxb2VFS5aFYTHpl4v9;Dyo6rqf05yR3FLam
/v_Error/redirect;xrAPL1g8x1cKICK0L-kd1TlijyNz_f-6qlSeLdKpWXx2LIjemXescSxXOAUX;T2bDm4qtDC3dFkIK
/v1/redirect;sdfsdjhgkdjfhgkjdhfiueyr9348;kdjghkdjfghire
/v1/redirect;wFLv2f3enKhT3LTqhELdkc96K9bC4ljTBsqzf3AgqDSGlwYXZR00Jy1L8gHJ;0eJEeJah6WwzYAhR
/v_Error/redirect;EKFgHpvxeiV4tnlHSTLRy8bGmkcgcpRP_4ioF8A3oj1Z-QInrfFXN-DgCRum;RjX08QGmBl8oSPPI
/v1/redirect;sdfsdjhgkdjfhgkjdhfiueyr9348;kdjghkdjfghire
/v1/redirect;kTL1gmYiH6Vv72u7JcqGWsVi39qj8UE9V0YtFR224g88iUfhvyiw8EnIAWjs;hRRIsP2doayrj5sE
/v_Error/redirect;ehjPikVB8e9e00NymJsgAgSRHD_nEuBc1-WE6ewS_B5bSemU5YwM4uQS84Xo;yrHkkUHUi7h7tLH6
/v1/redirect;sdfsdjhgkdjfhgkjdhfiueyr9348;kdjghkdjfghire
/v1/redirect;MA1QjtZUqG_ROQ47tkXl26VooO6WKSZ51v4L0CJGk1Z7rXvVJSZwt6H91nQA;Qsb6txdYBi8aiDHH
/v_Error/redirect;GMelDK0RS5M5zIeYC6vpavCQmf4v84VwGA2QwdQ1_7CEBmgj4D2Rn5ldyKKJ;NBCLNnOR6KNQfAXz
/v1/redirect;sdfsdjhgkdjfhgkjdhfiueyr9348;kdjghkdjfghire
/v1/redirect;CmAuBkjORf-a-Utsev2JSkYBnm6Qp0FbL9j0TQQ__9-T76qezU2vodo1_pd0;X5dV9q8Mz4WgBDBN
/v_Error/redirect;Yu-CfPpezkDpsi8dw2Bj8rKfSTgpLXdrHM1-dZsrFQ6vb_LqAOQNnTzNTBRJ;1fyhHBzfEWqGZvp6
/v1/redirect;sdfsdjhgkdjfhgkjdhfiueyr9348;kdjghkdjfghire
/v1/redirect;ayGcFKF4ZbWnd6_HrliYKAGuvy_NC6ygLiY7SpxHz9wgfh3wItAVU-baDLvh;Q9wyFV9M1Hu9WX1e
/v_Error/redirect;a1-xDMv1Bn-GCeCb9J4T4Sf9Af05791IvuK8ipEdLpEzGkE8vZJczVpT2jP4;MjGnq8cLgsg6naMl
/v1/redirect;sdfsdjhgkdjfhgkjdhfiueyr9348;kdjghkdjfghire
/v1/redirect;j0A67UvrFCyeO4SHtRcia0pQLtBahqmsVINHy1ix0vE5ynfR_KBjmdx5C8zR;UTUJ5DYgmiLziGbi
/v_Error/redirect;kQ2XnqPEwIaU8FgUlcmqd76yp204_vcFP-lKd5I71tvNCXFkWHMK1-ySDExT;BzExLVa4_bgTB4w8
/v1/redirect;sdfsdjhgkdjfhgkjdhfiueyr9348;kdjghkdjfghire
/v1/redirect;6tcybxIJxU3eQy9ue85d2Ognx9o5XZjm4SblRz9cxUkkPfggI2CTrhGRfJV4;PJWHt7688bo8yUYB
/v_Error/redirect;WJUX-Tp85AIsTR4Q7Nl-9zz0WN4rxce6-hdVqa4iFTTmStNG3yXJnDEtrlV7;mksODx8PNuAt4aKG
/v1/redirect;sdfsdjhgkdjfhgkjdhfiueyr9348;kdjghkdjfghire
/v1/redirect;3fzZ_CC8oGurM_aeOSdBhMicYR4yjZBkRdhDfaeHuVbn0g81uXVxz8ZKTGN0;5skRvbwBK2w0D4Xw
/v_Error/redirect;uBvrD76lMrFYQiez5He1IHgldw8FsDvq7zi-XOg4QEk9L8OmMxN7yh2WFGka;iA3k1XkIH5ieSmUu
/v1/redirect;sdfsdjhgkdjfhgkjdhfiueyr9348;kdjghkdjfghire
/v1/redirect;fMUBc1OYwmkvV_mKzuH_0bP25pr_n2Xp6STnYuzyc0-QhMeqlL1MiSCPdnOr;NvuShpyG07zxolzs
/v_Error/redirect;Fsf_1wSbaiq55AkZ3dBn7TTc0-LbamcJ4pD_zfKK-KoFKsdiHv8sIzt0WLLY;XpDtv2GnPZho2qST
/v1/redirect;sdfsdjhgkdjfhgkjdhfiueyr9348;kdjghkdjfghire
/v1/redirect;nmwnARkxm2MUFdv5MDNI09l-7qjlLHIPBInZxPlYKwWHhjgrPk6kouNcdQpo;Y5AER4poC9afm1XO
/v_Error/redirect;a1x1hrpspl9uN3IjSOmthi9VraOzQmxsLz0r_ZXwkG98B-6Bzf3dyTKQWgwv;ne5mbuxA8pIneJe2
/v1/redirect;sdfsdjhgkdjfhgkjdhfiueyr9348;kdjghkdjfghire
/v1/redirect;ooiR3jtZqIjTkTtiJw5GFRRZsTCoX7_qoW1BpSu7iP5xo6VAITVnpFC1D1mi;m-SL8UewBvVsOepF
/v_Error/redirect;pR17uJoFCFBWPV4yrHMzewJVS83yPCkFtMgRkX3-A5-9inoIaVPaAvjuygeX;vjQCNUO6rYeAFVWX
/v1/redirect;sdfsdjhgkdjfhgkjdhfiueyr9348;kdjghkdjfghire
/v1/redirect;17M2aGRzrM6Tufmuf6ep-YOGJIjO-fVW8fZUmodQjiwqA-EB_ovx3dvQ-tEN;X72UnFAzv6msvrGp
/v_Error/redirect;egaGNpILuoIhTP11dC6prvamJSeuCM62SRtx_33FxM_PWnh4BOxp8CXx6d-l;Vr3pLgwyHdNDSgAy
/v1/redirect;sdfsdjhgkdjfhgkjdhfiueyr9348;kdjghkdjfghire
/v1/redirect;R3GY7hd9XAaNYeJVlCh9D-JT4OB9IXHp5kVL814wRqmSIh3B5zdaMG3A4Pyy;k6UGQ9D8xAXAEmIK
/v_Error/redirect;7Zplxw-nBDRS5168eYkgaDJSMqRJZrxR9uLcT3dAS9MkZx1SHdpDdPOOJk-H;jkW-7vuVkdTA-4Rh
/v1/redirect;sdfsdjhgkdjfhgkjdhfiueyr9348;kdjghkdjfghire
/v1/redirect;4rLAQ35p6gUwQGB0UM42G1pChrZrkDEim8ofTXRLcmBhA5fiM1QMymu0jDA6;wt3NF4tO6OW2xAVh
/v_Error/redirect;-cyOyZsdThDqboifEJS6eh9dLPnuQPDwkAtSY4gn3cTo58NGH8HWOkQdMnXf;FFdDXRwr8WhS64aA
/v1/redirect;sdfsdjhgkdjfhgkjdhfiueyr9348;kdjghkdjfghire
/v1/redirect;lQI1Cmzxl8__qNlwRLCa99Y0-gT17S9JTXjhywdofSey0Mw9OftFDleCyIKL;vsv5apbx2zs9bR_h
/v_Error/redirect;uz_VquMErPSEvFhtueApERfCvBg7rrR9SzAuaWej2_jfXguW1zSq48vBiUJ-;SGdiifTlUXLCPTI4
/v1/redirect;sdfsdjhgkdjfhgkjdhfiueyr9348;kdjghkdjfghire
/v1/redirect;3akdJkvBJwZwN5fs7Uhs-1U6sGaBpwlvPUdYUI0-JBtYnXX_frslQcj6DK1p;wAa-vuxuxg5l9f4Z
/v_Error/redirect;CCaLxANP1oCWuaXN1PVVeLcNwa8-bILfqGNytR7hLV8G-pXfEC8YaCA2FSfg;FtSxbQ7eRWwPLqSk
/v1/redirect;sdfsdjhgkdjfhgkjdhfiueyr9348;kdjghkdjfghire
/v1/redirect;LvqfTeyklj3_rdRVuWuJYKK73KFXW5ZuP_NJ4pmrHCAk7DJgWRTKSquSJ2-X;xBubG-PsyTrLv3Uh
/v_Error/redirect;wiHqPT-n-mGbchBjpGh7F1D98IMbclQv5GLvfi5u3Guv08zo52y0ewMoNDVU;i8Zk4nntJbhuyqPt
/v1/redirect;sdfsdjhgkdjfhgkjdhfiueyr9348;kdjghkdjfghire
/v1/redirect;YHNhcsphv9PuNOa6T_K92qjsSncyTc8jxKqKybYzibEwDAZu25Ta3njPN7TO;zqrX9ZsvutQG2STz
/v_Error/redirect;C_co6ZbYWde1Savw_iIlNWzSnHBy55A_VKqZRh9DT3ebVXMEy62tq5dhGoGN;jKEa6egoIrVX6Ai1
/v1/redirect;sdfsdjhgkdjfhgkjdhfiueyr9348;kdjghkdjfghire
/v1/redirect;GdZqBW65iuETmSuvJnj7lY01NZYNyBqYOAg26xMjc8jdo6hUYmdv_EUlooor;Tlp41SqW5uO5DnHM
/v_Error/redirect;aSZEfR_A53ysHwNp0gqxvmWlQ5WKmNcWx6qxb7TIkT6zuZPJytgeeANz8NU-;cfGz_onTVTUVQXNG
/v1/redirect;sdfsdjhgkdjfhgkjdhfiueyr9348;kdjghkdjfghire
/v1/redirect;kUoNQv-Ru7oZFIrhDWZRVBvhwj7qvQ5kGdvcKNjohKQtPrJTHAEdwqHPsLAO;5Lryo-6ulTmvHUNQ
/v_Error/redirect;nROPO-27Lywdy7bL7WYi2Bnp6GWfeVOGaoQ-kWjBRIgiy1KSosAv9FLur6UU;7JDCr_Fp-x-kjsWS
/v1/redirect;sdfsdjhgkdjfhgkjdhfiueyr9348;kdjghkdjfghire
/v1/redirect;Ls-2RPDct55-sZG1VpBADp2Dw3e-zQDOaoqIoPi34PQtBsfr227L4rFdtLmU;nuNaxLhqk1A7j2jW
/v_Error/redirect;sirjyH71qbRd8qUa66SZpm6RC9MRRQZvThufOrYcxM1Lkij4woc43PViU-lJ;SJJcLauM3FZdPnnm
/v1/redirect;sdfsdjhgkdjfhgkjdhfiueyr9348;kdjghkdjfghire
/v1/redirect;8zj8jMH_06rLoHHNvNop7gQ455RCKVbavb6SUG7ThpUVbGcpreSjZ6BxzVJd;dM6tEiU6p2hvlXAK
/v_Error/redirect;9Eb6FKthPNdoDlCto6Z-CBEw6IXnfmEjSS9ololzDTSEwiTIH_h97y9prRJb;Vt4v_mxxzKPsUhF2
/v1/redirect;sdfsdjhgkdjfhgkjdhfiueyr9348;kdjghkdjfghire
/v1/redirect;M6L0esjcrnE27a4YB6i6dlYNJ1JPi_rdfmFqylTZ8xEkFnJ6j9OsXcb8U_hU;lntd-09UslH5n_Kl
/v_Error/redirect;Vm6orEzWezWVhdHxV7Z9uhLGTRdkSPi6YN3Ws2G_xZWNA50NYAZFlBDdrNSn;qfgapa1efpTrssqJ
/v1/redirect;sdfsdjhgkdjfhgkjdhfiueyr9348;kdjghkdjfghire
/v1/redirect;Kl1hOuBbUuBrHo6JUCZluEzcf-W2HAidY87Kc48bj-PHRqnzdYwGbuQBbQsj;WPt3BxOo4hbECzmT
/v_Error/redirect;K5uArZnyjSkAiWUJFRy1tJBUynjKiSmB5tRxJ9crnayoa5WqmthrzycYAnYd;ErYAB5ZNodTp1t00
/v1/redirect;sdfsdjhgkdjfhgkjdhfiueyr9348;kdjghkdjfghire
/v1/redirect;rhqUkgTgDAxLtJU4hlIpeWW2h4MlhVrVsUyPMTtgKg_Du7McNDsuTKgINaKW;0oXb5b6Q5av1EYhG
/v_Error/redirect;3Ge2gMt6oDvzEHlSiz2ZuYCePBnfZeZQHI0ydaxBQa476sTWZtgGFvkXdiGM;uf6J6xEBLtyrSHyN
/v1/redirect;sdfsdjhgkdjfhgkjdhfiueyr9348;kdjghkdjfghire
/v1/redirect;P9SoYgWi0L2vortat82DvCh3ptES9BNwH9PVFcoVjsXPLGucHBVzxHW0upye;_ATxa98CDX2DbjvD
/v_Error/redirect;qrOTYtNvQU_jEPeuTWn5Z4nzBnOf1TZKtysR_8ryDjzCxn9cqKvH7H5Bl2c-;yb8sPnRQKNXQkgLh
/v1/redirect;sdfsdjhgkdjfhgkjdhfiueyr9348;kdjghkdjfghire
/v1/redirect;fOTON-rASO3oSqCFWDdlkhhsolTfAFGni8uHSx_McHvxmHi0RIhI65TJfKiw;RpHMBq4TTIlyqP1Z
/v_Error/redirect;FgppnxHDWtOXXydBBtlRQPKlUpHl8pCNNLFyJzR6WOFERQhvcbM8eeaLidDC;ky3T6iVgu6XddBal
/v1/redirect;sdfsdjhgkdjfhgkjdhfiueyr9348;kdjghkdjfghire
/v1/redirect;8Luq9TVEkVlQoDNXd62Ef_nwCyjuy3sBjHwv3a5HgWdOOFoqRKscWX10sxtj;oOxEwSr72iKTDbwV
/v_Error/redirect;wcjQ0ZyiQ-woOIwVeYIZQOrwllJV8IEtv80bWVvrk0s2MBCxIHSH-30HKvBf;UNYpWncTUEarEONJ
/v1/redirect;sdfsdjhgkdjfhgkjdhfiueyr9348;kdjghkdjfghire
/v1/redirect;YFrxhxp78QEau-W94Lw6Iw7Fatx3uaxuM4c6UcS2_wFKcQ3H7ZRLk08BzthP;Y8VsXxefsMKsqF63
/v_Error/redirect;APJU1TIFU52FbtgotG8T2rSexvrxyjeqcT9TrXAktPsluVbRHs8HooTOzgEn;74zrwL4nxdxCZpgv
/v1/redirect;sdfsdjhgkdjfhgkjdhfiueyr9348;kdjghkdjfghire
/v1/redirect;Ow5S0lODOanyMdUVKFlBoX6438aaPLPaYN30Z0g0UFJVoD9eemd2RrvT81Ze;Z9vQXyRSNWSMqw4S
/v_Error/redirect;SiKVz1uAbDRvtqtFGJXFjof1gTVmulitABvYP0BGNcnGGTMG2m5T36Y1qim4;vhXp0RtpX2adLpHc
/v1/redirect;sdfsdjhgkdjfhgkjdhfiueyr9348;kdjghkdjfghire
/v1/redirect;V7x89Dioq2o1dLlMyxjlnAFtBzpQ9TM_eagFxSQhSooqBI0R9EMGUpYKi75n;HYAJgbYh8cAlNzfD
/v_Error/redirect;dS5FcZyR1-gHYM2SV0l6XK56mM-N95S1cvyEEIzvGg7-4hEcS5cWX0OdYJ04;Duw3guy5slrYfYqU
/v1/redirect;sdfsdjhgkdjfhgkjdhfiueyr9348;kdjghkdjfghire
/v1/redirect;beI4aEitL46hpBIv8DVQZqqrrARay48iAOWUgMPfpWx8o9NnDbN7yjH2U6ce;G3zPDF4fXWAZDaTj
/v_Error/redirect;jjoYSPD7bCP3HN7upmXT9HAtYnXrktLEnYzfLbvrhZ3vjNCUULU_6uQWkBOg;dbLR27FxUX6GZZJK
/v1/redirect;sdfsdjhgkdjfhgkjdhfiueyr9348;kdjghkdjfghire
/v1/redirect;u26SaXRkc7Pe3SNUbrZBLMa0oPvYx2jGJ4yCnq6J-oQ0GngGrL_-HGju5GV_;LFrvYXzau66vWFCS
/v_Error/redirect;UDpHLxBJJ7isvoGLJOuvChWjhSE7e5i2e5JalA6H3haJEYhRuMlTWx5_SzNa;mZn2ugg1ovQhoiRE
/v1/redirect;sdfsdjhgkdjfhgkjdhfiueyr9348;kdjghkdjfghire
/v1/redirect;glQZuTKkFDxK82bTnqml3VE_o-mbuibdb33pK-EAxuUXnpMBd7H2SBf8bdT9;yjBf3gbG2M4g9_qg
/v_Error/redirect;hYP8LpISlj0ejQwccUYRACa8NM6p3vOXaV_91Q8ALPhDxwAUpDaJyfeBUSGY;NlVnxNVyETlKqsOn
/v1/redirect;sdfsdjhgkdjfhgkjdhfiueyr9348;kdjghkdjfghire
/v1/redirect;T-qoKlTfvZj3-3WPvh89QFk1GYPmMVXf-KQY3FGZWIaPCyDJHP6ywHXji2vX;4IgF6sOzKOCNHqFy
/v_Error/redirect;-lL5k-AsGBSL6xly7Z-Ak2uNw-Hd3z6x5p_jxlx7M7opYToyZiQdfRriQvgJ;uDv_9xKXwg2NPQ82
/v1/redirect;sdfsdjhgkdjfhgkjdhfiueyr9348;kdjghkdjfghire
/v1/redirect;kJzJ2VnDyphjd8efJ30xTAWMrGxlUNG-orjR0vqWiz9e4CK6Q7FVwrCox7jQ;EfUfyNU36pu2zQzz
/v_Error/redirect;pP_mToRdNbKzFIuDU1Z8-uuOGc5DrUMgKA3_17mA91mFnBNoDDZdU1IafiMo;Aixj1LSKoQhmrkqx
/v1/redirect;sdfsdjhgkdjfhgkjdhfiueyr9348;kdjghkdjfghire
/v1/redirect;u2p2NfVgeI-NaZpcTsbxkG6XJ48n9vkhUUHQ8rdSnp4-guOk70pOoVpXgelz;V8AI4BmINQFFx6Zq
/v_Error/redirect;lqlu6w84_zHmORbODRg08cYjWIpUi8IaD7DTRYXiow3S2p5f8hOP14XoRCes;Yi_-Wvei8X0Uh2Fz
/v1/redirect;sdfsdjhgkdjfhgkjdhfiueyr9348;kdjghkdjfghire
/v1/redirect;mFPgm6h6bj6psa8FMi9_E0OCJQMpameRnM_uL7grJiP7z4H2jK_C_79bjb0o;sluN7EAXz_Bq8leR
/v_Error/redirect;Ve7SRpugQCxxz3xFmtne-Qs3o4WJkfMT9TPMggJ2Lu4jAscdgwURuuGehRzz;IG49n4qRUnKVeqac
/v1/redirect;sdfsdjhgkdjfhgkjdhfiueyr9348;kdjghkdjfghire
/v1/redirect;o-4SB9zjo8wZlo19cryAfAd9Hna4JPNSMOnYg6ueIrbbwMUvNKt_MPp3CFdp;08phDqxILkjnRzFu
/v_Error/redirect;Edtg4KBeP6nPorIYDb_nctnm9qf-fymA1CFvGI5YGyGMeosjiPuvCdDybBmj;6aP4Vd-5iXQzdhD9
/v1/redirect;sdfsdjhgkdjfhgkjdhfiueyr9348;kdjghkdjfghire
/v1/redirect;QYqbhWmhwHSr8hyi2mB7cU8a7gNBhEDonDI4RRXughGwDmkXhRfSxyNpdJsQ;OeofTspajNtYt3xu
/v_Error/redirect;HpqGbFBRFqa_uHI35TDZzPqS2lUbwRfeP78XitfeTUiqhBgQY-angQSQITt9;HHT3vv2343oGOpUP
/v1/redirect;sdfsdjhgkdjfhgkjdhfiueyr9348;kdjghkdjfghire
/v1/redirect;FhVoDX_uziJP9eJx69_h3NVh02mxZkjus-PLhAJMMBIAKwYbKn6OCPu1okbU;ZKuOQUOkKCRAC9JL
/v_Error/redirect;pDfa1M-mt9OqNBR-ZzUvwNvnbbMECnFpWxOn8ZDye3ob20lbptvYKgbWuOQ4;nrLJFatSvCOOsJTB
/v1/redirect;sdfsdjhgkdjfhgkjdhfiueyr9348;kdjghkdjfghire
/v1/redirect;ouvIOvmppi6eas6BqrHHo6ucMy1qSrxXmBC1LyYRoCpFYn3PffSk64WJ8qLK;NIvpIA6Gt_Pllfrm
/v_Error/redirect;U_VYNhCrZVUs1RM7bmEbndqN4c2x8yTD0IRwZwRVUdMjKFs2cmM-kSugOlXo;rmOoy99vOvJPd0TA
/v1/redirect;sdfsdjhgkdjfhgkjdhfiueyr9348;kdjghkdjfghire
/v1/redirect;ghJuoFpvVDdOkQq7KlDWB1RGtFmXFR9gtze323CL-7IzojVqq0gIwnr80Ezw;00f-kWmVzBLgqBG9
/v_Error/redirect;VBl7P8TtHHvtV0-P9b4_JIoqHNjOuvQ3DkUwopVZHXWQZEM9NuFoU8xbTq1_;JouAGdub8UDXioFg
/v1/redirect;sdfsdjhgkdjfhgkjdhfiueyr9348;kdjghkdjfghire
/v1/redirect;UXtUd_XXmfX2HDDrgPadGYQfFWr22z9itKLmTEiFZstu7DXgxK48wB3quB2P;LBSKTWCd3ce7F6Wt
/v_Error/redirect;iVodELc6oreZzKmy6-fHETyQo0Vy33XEqdznQ9HTZ4ZCaqQwRrPaQpwSfTJp;Jxv0zn0zXVYwVGef
/v1/redirect;sdfsdjhgkdjfhgkjdhfiueyr9348;kdjghkdjfghire
/v1/redirect;VeqHtHUUm32Mr2B9LaJ8kqGQ0IvOumERShxG2_6mz4doSeteKWEuPqO-QeYb;aGzLruGroIFsCOlS
/v_Error/redirect;4F_ptiyc5A6seDHPBooSsaYQde4ITAWToE1cjvweYW8ogoC6yjvokz8Ce070;M8bmFbxDzkC9zzRA
/v1/redirect;sdfsdjhgkdjfhgkjdhfiueyr9348;kdjghkdjfghire
/v1/redirect;E3_D_9BZ8sdeqzQTMTViVBQlxLpJqoVY0RSSw0yHaSGC4rYP1gVCbvh4-rGv;or8Arj1SQDVrUP8X
/v_Error/redirect;aQp1GbeqpnwQl9WCZgBJrfALXeKUocnF1qptVONGP1nYVhOijWCe_DJ-Qrhf;k91vI-GQNJihzbFp
/v1/redirect;sdfsdjhgkdjfhgkjdhfiueyr9348;kdjghkdjfghire
/v1/redirect;rXMj8ey0b8SSktK7nP4bVXR8Af_dDyXGd-DNPHhlIp85q_GdkgV8-4YSilqv;fuAci2cHvJWH2N-r
/v_Error/redirect;VfBNBLSq8QqLkEDmlBuvQhAj9J7VYRoJIHMNejuqKPdEg7Aiag7jktEJpt1I;-5UbPP_E0r_EwFw3
/v1/redirect;sdfsdjhgkdjfhgkjdhfiueyr9348;kdjghkdjfghire
/v1/redirect;V0aDEa2reFePMFvI5XfMUdTfzu_1PYvv3SEy3EuMgELK190zGfVVhgIRJzdn;FL3k3BC5EiK8p_nj
/v_Error/redirect;7BSHlIpPB_L_7pSIz1Gu_j7EK132Wlvdldm9ug7sHFscFwXSYKKVpxoTXi-U;4zRqRZrkKCBxA1oO
/v1/redirect;sdfsdjhgkdjfhgkjdhfiueyr9348;kdjghkdjfghire
/v1/redirect;H9Ox9zcte9rfieIaAvqU9ekFEQ-IhMxblwiH8KQk384BtBqZ-92zBNYDTc5m;Lay8K1QLkAAv9_cx
/v_Error/redirect;fpKwMSTevExxYZp3SqD4IxNk1lWVS-NGLLzHYZzI0EzQX9uQ5V_R0BuwnGOu;wOKuGQs50QbvaZ4M
/v1/redirect;sdfsdjhgkdjfhgkjdhfiueyr9348;kdjghkdjfghire
/v1/redirect;pnUf8yeZylm7VFKSHWsZmo78fSOgxRtenLgOM5cCXrGNZRcL3Bl8TQhzll0X;2RiN3bT3OhTVgK_1
/v_Error/redirect;9PN9AbNBhVYBJwLXwn6mwYx4ONofk0-640rPvnWgcg5LU8-x9raiyCBiHtyl;wSVv5OB7iBYXmk2Y
/v1/redirect;sdfsdjhgkdjfhgkjdhfiueyr9348;kdjghkdjfghire
/v1/redirect;QLDt4P_T7fUDISsAmZwqtEUIiuHb797gM0b_iQB0Pu-cMpY6VaxcGt4bD8L0;yBLT88JieZUaZ5e-
/v_Error/redirect;vGn-3IxCePkkMlKzMAaRFjhufXvZS6usiCjCNqxceMj1EzVXIAvQLozGzF91;SeE2_u6gLuhLI0Mv
/v1/redirect;sdfsdjhgkdjfhgkjdhfiueyr9348;kdjghkdjfghire
/v1/redirect;-bhQmak1h1Xyq_ls7yjkoRv-fZj4u8_4xNcrfmLlJ5L5u6x6pvGAjDAZqxtD;I4sIMZ0hTwv20i8m
/v_Error/redirect;ScqeuSedkYbnmUAldhKa_NL1swdg0IQ8B2AJEIMD9Csmjnll24AGZa61ZYba;_Y05NzNqpeOKU8cm
/v1/redirect;sdfsdjhgkdjfhgkjdhfiueyr9348;kdjghkdjfghire
/v1/redirect;osqjFBPI1Ifu-KYkD7XjjeIDUO6NpXgD8tSgs7gjMCW3boLenlq1H6uJMVO7;Q-qPzfSf-i8xL4xn
/v_Error/redirect;kx_mOUFN_qva9b1td5ghNMtowMBRqQk5nOcHd1lHFLsLSKR4vPaKFnM0ERxg;-vKQ45chv0C8vEWX
/v1/redirect;sdfsdjhgkdjfhgkjdhfiueyr9348;kdjghkdjfghire
/v1/redirect;e6hq0DWRuTyu-rulkatnaUNs6R97pVmP4lGQSXQFxpmB01bwFDXMGY3xIPRX;uvbbhsP5HDHaQ48V
/v_Error/redirect;wDIJ7BkUOvZlmnY48ZJPREHaAi46XbhTkU3YigLMHN-T8gAvIRuHwxTmYGJ_;Wp84l7vxsG-rd3dW
/v1/redirect;sdfsdjhgkdjfhgkjdhfiueyr9348;kdjghkdjfghire
/v1/redirect;GAq3MfpFnwY5OCsaGb1II5PUKCVrvxo6ZMpSbvsEgHuAu33BY0ueHgJ6yB0T;HxhBct4Br5OFTrt5
/v_Error/redirect;G-Wk9kJWof8EryhlgiSRLeNq-mMi6V_QhBdtFrfnL4JTdO1wOa7brYIPJlXS;T1Qf6bE2N-rMTTVU
/v1/redirect;sdfsdjhgkdjfhgkjdhfiueyr9348;kdjghkdjfghire
/v1/redirect;p7gP_beNMsFnrKU8YNC5_8aueesgGYv_E2WodUlw-kHEp5d9yNIyK1n6J46h;5Vbl-DuGj9nq6V6y
/v_Error/redirect;ddoy9cLOacfApMS91zpxESrk29sZRbqAlcdqWk5KjKbe-jYt_tue1Fv72fb6;B_9GlCwbc2A5u0S1
/v1/redirect;sdfsdjhgkdjfhgkjdhfiueyr9348;kdjghkdjfghire
/v1/redirect;3JEojW_ef0mZNJkuHWNK-e3v95X-GymaVA4z6LUVrOp6lc_JnBw1tZFGiSO5;rOIviLXus54oP_q2
/v_Error/redirect;K1tYUo4pXlcZpqM09XDDvJmlR6mNjT8ztnX2dB_QxSBmok8YPxNmIE_D3zL3;A_E9X9q-voq3ibnT
/v1/redirect;sdfsdjhgkdjfhgkjdhfiueyr9348;kdjghkdjfghire
/v1/redirect;YR7SGenYc85GXkiB-Q-p95OgedOsRIprrKvGo8Cl17EE0KuPPpLOrzj1IgXf;ex6e4aZT1aTeZm3o
/v_Error/redirect;S1tlNRzqhRBdHC7bs6NPuSNXEKCcMUA6c-fr87th71i7DlbZnjA-p4RfU2RV;-k1NcfZpXFary5m-
/v1/redirect;sdfsdjhgkdjfhgkjdhfiueyr9348;kdjghkdjfghire
/v1/redirect;fbKV7uPstrtTHbUyNbY_s_EATHTQNUzntQKeQvIwH8DWpmIRIVgmZ0n4AF0z;SSNNOoLPQjv-xjxO
/v_Error/redirect;-bgrqxr4Pcc7BcJBueUR5tFzjCuDKaLRhBu5hFKNPtJgD3hsjJw5jkpEYhno;Gu0-0PboXX5X8pYc
/v1/redirect;sdfsdjhgkdjfhgkjdhfiueyr9348;kdjghkdjfghire
/v1/redirect;x9uy1gZxs6N23a658u4pdDjwOMFQrbzn5UaxqIFjIKs3PtckI1x91CLmezwi;bAGwIzpMdBoztKji
/v_Error/redirect;lu-OFu0fFloayMJW3KmePHf4ic_gZgwTBoiuo1-P5dBv969R3Sf-WBF-u6aX;7EjN7aOF5fsSmVR3
/v1/redirect;sdfsdjhgkdjfhgkjdhfiueyr9348;kdjghkdjfghire
/v1/redirect;xvkVI-LA6n_2RopxQ9di_fKEKv0mH8tgfNSam9Ks3_Lo_gF7iEA3T1zNGX6H;_DOp6ZcvZt-13-57
/v_Error/redirect;MBg7erONeAgsjxamGoId8omslgQmqcD7REBUDIcIzxof6pp7RAfUxDxulfqQ;i-NdQiooKzVHVHX5
/v1/redirect;sdfsdjhgkdjfhgkjdhfiueyr9348;kdjghkdjfghire
/v1/redirect;0Lkc0dxRVjgx9NeZVl_af4YKBb9r92DHB3AKM2yK7AqWEraIM1AzcfFQOrGp;kS3TQ6Ywv4kmgzY0
/v_Error/redirect;tC_2gep5r7nZ_aibLMS9yqzui-cC6SmvXODvuOG8Vu4botoOIMFPG3tK9yvS;OgNfUXXl0vUDh5t7
/v1/redirect;sdfsdjhgkdjfhgkjdhfiueyr9348;kdjghkdjfghire
/v1/redirect;D8bCS3Xx3YHt34YmDR3cjnK900h_9nnACyps_ylXBehnt-YfZXcgDUeiNCh1;k_grv_gXdV7klJSM
/v_Error/redirect;KjMzk7GOTfU81aFQw8PjMhhtFGF3rZbPGAyQ2qjo0iMm8XTZF1WtfEpfC0d4;3FWy9UtW_-iPr9TS
/v1/redirect;sdfsdjhgkdjfhgkjdhfiueyr9348;kdjghkdjfghire
/v1/redirect;ArJ2CdenOFaAWObQTMF0EOvbPpYCDqaPMWm4K2x_mGOSSDVcaPzeC84fSEZ4;bGuVCsUB42oBkRL-
/v_Error/redirect;mktslhk5caZqBjt9R8LiJgYkhl4aCrBRDAVNdaF6Y9Y8fVEPOmn0LsfvH-Xg;I5k1R7eeTheYuf7D
/v1/redirect;sdfsdjhgkdjfhgkjdhfiueyr9348;kdjghkdjfghire
/v1/redirect;GF6x8bpCOji3mKz18JO6zG_9L8mvsaM1-FflaIZ3h97k9jYZ971R6ZKJx57M;ygyDIBKvE1_qDBXj
/v_Error/redirect;ujNa3KSG913oeLwQTEyH08Cb9csjuWCq2W8qG-lB_gtM3TXUzA8WdL5N1zXZ;1NHf2mZUCe7Mrbsw
/v1/redirect;sdfsdjhgkdjfhgkjdhfiueyr9348;kdjghkdjfghire
/v1/redirect;t-2AfmZx4n5Unmx6ICsNmDzmxzRyRdiNFWiQm00v8-h7ZMBmFKlzWcS0HF3g;7KAKzWojXEITuuCX
/v_Error/redirect;SOUGaJOH83M-w21XLUlGlWKPLRcs2ERrZ-VxlmHbM7QT_l1vUCx8345v17do;VscAKgPZFQvhJx6R
/v1/redirect;sdfsdjhgkdjfhgkjdhfiueyr9348;kdjghkdjfghire
/v1/redirect;gJByFKQSqkNV1zqz-5ZuEiJziHGBk26LCrl7jDs1V8NqAzE5TDQxWZJk3H-X;P0Kxw36taarVAIlH
/v_Error/redirect;Z2xB9DtNcF0Uc4mRxZZcsg-d6XrxP1LIQp3jfSQsiC5M5JQrEAr-Rz7ruMKu;B-veoxzmdqVvXTfT
/v1/redirect;sdfsdjhgkdjfhgkjdhfiueyr9348;kdjghkdjfghire
/v1/redirect;rU9qXogwdWAvOi_8rFAll2rZJq6U-KZwveizcaAosAXb_frQXHNXB6ujMpbJ;5oPRK5d5_X9dg_Q5
/v_Error/redirect;a-PAbczz1UZaBHdYKgfiwOJsDEqf9iS9l4hv8jHGMq--LzT1x1VmnKcN7m--;W6K7Sp4Vdwh4fa85
/v1/redirect;sdfsdjhgkdjfhgkjdhfiueyr9348;kdjghkdjfghire
/v1/redirect;ynE9m4Rg_dl-NVBzvTksWm3nJo7UlmHMEW5lMtcG9Jr3VKQarMEx9rNAEAyy;vBxlARr6MRyDC99M
/v_Error/redirect;lz3eCrwDxtF3qkJWD1lWBWHb74p6SQrp5RFcrR6kPYPyK3y7au3QsUMYIDVE;eT9weKiGIVuXB3K8
/v1/redirect;sdfsdjhgkdjfhgkjdhfiueyr9348;kdjghkdjfghire
/v1/redirect;ZiALCamlZzjx75yMwdGa-zjaEzv-MYyOfSdwfOVGojUgKUDUkyC5o7stWDYA;lExaenAj5i14nG1D
/v_Error/redirect;rrdEqJKRl7CiMP_dePIH5E0QDf9If9neGreKph-pC8mIL6wLgrFPsrYdlpHo;gzykSN7mQcMwr3WD
/v1/redirect;sdfsdjhgkdjfhgkjdhfiueyr9348;kdjghkdjfghire
/v1/redirect;qyN-QVC_OWwsALDi1I7lskJKLKGeqLYov0TUZk84oiGX_DbKWInTbFr9uMwI;W8-ua7oHDgfe3vAd
/v_Error/redirect;lM5zO1OEfY313BAv2uwZEKaW1mvH1EHwXpn7RUKiod_9AkuMCX__FvDPEHu7;-uQKa5knimHnXvdz
/v1/redirect;sdfsdjhgkdjfhgkjdhfiueyr9348;kdjghkdjfghire
/v1/redirect;NFe9YSz3AMhgB_I3ikYmQf5N6Nz8cOd4B9VAKiScJ6fa2tRvzHl7oueonYIp;HZkou_c-pE6aBAPZ
/v_Error/redirect;sQs3suK0IkC0w2PHW2TS3TDLj7gkxA5StbdJyrAxGwRGhqqyV9Di9i2FDfnA;bHc7Z8G5XqULmLzn
/v1/redirect;sdfsdjhgkdjfhgkjdhfiueyr9348;kdjghkdjfghire
/v1/redirect;0I1o4SFmfv8FESsDRWOxMug8gmwriPd9vBMjj22QcKnUNPQAwOX9eAboI5AR;zb8JTOLXFi5QYB3h
/v_Error/redirect;vNniOIO3m4mNI0J4jQLTpDCsZFAoamd9MbuBiPfH0_TM9vNsh9mzeYDBIvH6;-zaKwgfMFyaPyLqm
/v1/redirect;sdfsdjhgkdjfhgkjdhfiueyr9348;kdjghkdjfghire
/v1/redirect;0sLhkMXAXd0VowuxVeNTTOzyrWpJXr53TA0yc7pql8UQhnwrzKWF4yQgqE77;zdh19MWUfTWC7Icn
/v_Error/redirect;Qt7Jom9xmK7MMAqUKTX8Kye8D0jH5SDO_oMoAgpTupAirx3KlCunhnKW5qa5;tEKAuLd_V8O-b8HF
/v1/redirect;sdfsdjhgkdjfhgkjdhfiueyr9348;kdjghkdjfghire
/v1/redirect;cqxhm5bK9ip6nWp4jPVvPazg3d6cj2NsLYFgRs-1Gfmpg--_4QV4P52H3Qdc;tabLN3Q5k5p3-L8x
/v_Error/redirect;om5BcGAyt2KvZ0rOU9coyb-i9vZI9bnhjUdO3c-cKccV7rRzrIBf-q6diaDG;O0DbdtqnjWkXdyQh
/v1/redirect;sdfsdjhgkdjfhgkjdhfiueyr9348;kdjghkdjfghire
/v1/redirect;qHXH-a2WFfFsPtIVUUALKVSs6ejNre1CA_bK0ZsVHUE7IG10tv3EjYjoNLxx;lKCen3FVIWkEzwxL
/v_Error/redirect;d7j1DVKLxDAU7AKyLb51RWmNSLFXZSrAe12p-CR7KFFzKU_Nb8Aq5MSEj645;VfBxOmUpF07Vq_iS
/v1/redirect;sdfsdjhgkdjfhgkjdhfiueyr9348;kdjghkdjfghire
/v1/redirect;e9liYhdQMORH1whbQBnoPQ7nx09I8uX_K1czd0hyRORkUxPiH-wmRsMBTHZ5;hyCTns7GYD_QiKDA
/v_Error/redirect;q36V9ytkuU4g2w9ZL0mpfXFXUk0t4NZdfDWEkldao3zJQsNv5tALpp8Pm6h3;z7RyWOFYXoqUsxLk
/v1/redirect;sdfsdjhgkdjfhgkjdhfiueyr9348;kdjghkdjfghire
/v1/redirect;5dlFbaj4A5flcba1vvRVT6JwIiQX8ZmYaAVj5hMQtyG_5uTrMcdvmoSAyqdS;WYe6eBO1RiywKYuB
/v_Error/redirect;UrdISZ2iIIqE1DgC1BpAXgd-_raGO5dbZJSFOvrSml0DUOjo7ChRVegmuTH_;1UAolodLrd-TkH5v
/v1/redirect;sdfsdjhgkdjfhgkjdhfiueyr9348;kdjghkdjfghire
/v1/redirect;iENiJVL3pjbOAZuwsYJY8eRol-Pz1YmpoUpPXj6PuIPuE7jeDup2ZMzwcTTw;baP0Nk9YedWaO6g4
/v_Error/redirect;fI-5j3taWz1eE9V15VWE2jeWU0fB7CY1SIATITPtHmODha85g6XakJ35JciE;_n0SHiOWH1Gs49Kh
/v1/redirect;sdfsdjhgkdjfhgkjdhfiueyr9348;kdjghkdjfghire
/v1/redirect;70Cu8URghqk45MIE9hoT0D-0JfHDHCOfGMc7hiqqci-RuRBBjrcvm08rsL0O;g_KsYLfsh451GKFe
/v_Error/redirect;dL10NcMD-XLjcyqjbyxObN8LAuTm8KoMXALb8r2MFbHIiCKuNeGtCd5FpJnG;F-0PlMds_UHV-WT0
/v1/redirect;sdfsdjhgkdjfhgkjdhfiueyr9348;kdjghkdjfghire
/v1/redirect;iDQOH6WskgR_nNQEdM6AkyohE3GF0dd2pJARbAl0m52NjcDcjyO9zQBW25uu;NXy9zT-3dvv5q890
/v_Error/redirect;d_tyldjCiEPekKYftyQ1AltTir8wHJ_WUpqtEWhzpYxBU22LShWOM-stdFU2;qGjTjDrqD_TD7FDk
/v1/redirect;sdfsdjhgkdjfhgkjdhfiueyr9348;kdjghkdjfghire
/v1/redirect;cy6DgrKPa05iszwtz2jjZ5CLkvEG989yEsTtGth839cnNIr703F7wapr7Z_l;TzJkmwgUGFhbErxD
/v_Error/redirect;ZXAObRaaWaFIt_cZEQhWtAHAMVnhloFR_iZKJvbR8RYXmglLCnBkLz-v5xP1;4mNr0XaUnmEqpwhL
/v1/redirect;sdfsdjhgkdjfhgkjdhfiueyr9348;kdjghkdjfghire
/v1/redirect;RPM6X13UUve5trWno3FY6B_wOxK_bq2cEIPlGa_ix5tAal4drrYbUUXANDF1;k7ORO6iNz4V82aXE
/v_Error/redirect;qVRQmnBdk5AYji9yznc-Wg9oZC0g5-29QO-_wT9Y8n9eIZiDM-sXeYAMMGuK;WJC39oAJC3fh2D8T
/v1/redirect;sdfsdjhgkdjfhgkjdhfiueyr9348;kdjghkdjfghire
/v1/redirect;KizpBFuwuFrniYeVfIf3MqfV7RG57aWYRBbhtTCYhRS_ikQnNM35Q2CZflOm;XCKiy6_PrVMNoJFE
/v_Error/redirect;I9mygOBjm7OhTXCHmvXIQvNv53qEaQXnMyFPHcNGKXCddelPb-mYTpJV4ysK;7w62PiUGL3a5MGIu
/v1/redirect;sdfsdjhgkdjfhgkjdhfiueyr9348;kdjghkdjfghire
/v1/redirect;wCrgu9D2mbJJQnX3qfShx3tIXmfYNcRSSH9knj6Auz8R9kFZCQHAf2xAkE-0;IVZJnc0n0n0b83f0
/v_Error/redirect;JQG_fPIloABxMl6Pyf9e7RqIajYZiXEnlKZWk1l_7v9VtAMr_eel1YnIh9Sa;KdSLFRrE7qn3atlv
/v1/redirect;sdfsdjhgkdjfhgkjdhfiueyr9348;kdjghkdjfghire
/v1/redirect;XBje_sBP-TTeEIluNT21BAyvb8FJhFZjEUmwpfftZWINpph9VCElbNzMMEeg;hwsVkpLXZhrI9hgQ
/v_Error/redirect;gsP35tX1zsdM6yh0JLaE55-26BNyHgKR-aN6mwhA9pXR1sl4X9xvAU9rmvt5;MjDe4JjQEthppOXV
/v1/redirect;sdfsdjhgkdjfhgkjdhfiueyr9348;kdjghkdjfghire
/v1/redirect;o5LFoteC0shYyzYQFv-zwY0bSrb5szPHoITCsZcT3VE8BcYm3vWlMX5x_1iG;ZsZMwra6N885rRMB
/v_Error/redirect;8MtKo-15VlPpPOiipuqEpVAsuvJwHLChy-8ZzVePX_RIl_p2N8aaVzm1z8cU;08XDcQaiYD6jcmWb
/v1/redirect;sdfsdjhgkdjfhgkjdhfiueyr9348;kdjghkdjfghire
/v1/redirect;dvR1RcSEocyzJYe8LOoUYSL4lrfxVNX4BoRnsdp4NoG-nDZcwhfEIAZIiBOv;8jKcWG8iWsAbEXWB
/v_Error/redirect;M14Z5ev_xIvI9u9YN9E8s4oReU47n-JOspfe4WJiC5pEnyRvDTp6NQ0DGQ34;Sw_ZJtJUuzSSlAPN
/v1/redirect;sdfsdjhgkdjfhgkjdhfiueyr9348;kdjghkdjfghire
/v1/redirect;ht5q1X61kHo-YGdwcQFr6ECQYxnrnCTJfdat48MXvPi7son694CzYbM5IuRx;JA1FshCA-ouQi2Oa
/v_Error/redirect;U5pr3wNHcoTMjJnB_2-paZzc-CYPUhwEuIPyZlyJxQcZQ5t3i2GFn0ZzYj2X;uom0bv2m-AYlcngB
/v1/redirect;sdfsdjhgkdjfhgkjdhfiueyr9348;kdjghkdjfghire
/v1/redirect;Ief-vg5GzvlKkvfW5pUY6RQwiey7IbxqKm6hkXSKo5zfwFmH-P7Fl2G4LA7S;QrPwGWuOwlnxTymY
/v_Error/redirect;sYBwinlmMpp1baPL4ja8wTaVVjzMWhoWJq9sWl-IfGH-fuRr-USArXpY4Qcv;GAnvFlcHHMUQXsru
/v1/redirect;sdfsdjhgkdjfhgkjdhfiueyr9348;kdjghkdjfghire
/v1/redirect;DA0rhSrwhGj6Wa5iw0E0CYZC6fT8aa_pXFeN4OIFIF3j17NKyfzeKlRjfYA2;fOQl6eXbuRzHvl6s
/v_Error/redirect;sK7E4LnzlezygGQWpXiyOYsDCXx-O8Xx9biZxNdpB3z8IE-BNg5gr_cFHcfd;XTmo1c94Gf01T4N0
/v1/redirect;sdfsdjhgkdjfhgkjdhfiueyr9348;kdjghkdjfghire
/v1/redirect;Lx72albMjlNO2jrNg6t6IM9I4Vmo7kozWoLyy08VGEnrQG5ujoOsTQWoKNTL;Pc3hdH-3DJl67xsw
/v_Error/redirect;IaP57wSFr18eirNZJ3aqqxG5-0JqD74i8fp06fifeZGTPLMN1aj6XD7o7Yh6;--8ucCcI4PIUCeGx
/v1/redirect;sdfsdjhgkdjfhgkjdhfiueyr9348;kdjghkdjfghire
/v1/redirect;PpAdYGD8DJtXXj3TlsAwiXCQuK_yD45KwrZJP3Q_L6jm224AA-RvJLDvY6mB;AYomUyHqx2-beKeO
/v_Error/redirect;NunXpVR_pRrYStqXm57R5RvpJzCJXINpAVUaCdthHUXSv7Fy31JyFWp9xo7k;wwEooOaLdMScnTvG
/v1/redirect;sdfsdjhgkdjfhgkjdhfiueyr9348;kdjghkdjfghire
/v1/redirect;tF2WPurKmHtHMT_M5gq4qXO9xFjWb7atW4T8wOKN3B4iIPW-GvL826R5t8sn;PhBbMfmO7XYnWo9d
/v_Error/redirect;wU9sqhjRhrmQ-8JkN8t_TJM7fjGuUbMzamxaZGVNLp3bV25P6yCHY2EA3zj6;w3Zymr8iJiWm1HP2
/v1/redirect;sdfsdjhgkdjfhgkjdhfiueyr9348;kdjghkdjfghire
/v1/redirect;mgV3IWEdnNYCqd2nmMaYjH657Qex89VSdNzzSF5itl_vEgrHrWn3r7WzvXEp;SYz0cRXL22wuhwjJ
/v_Error/redirect;56vpOkVA2uMRVvifF0g-wphy7rzT6RKRkQRLpupTEmiG2rmOtXDb--Efb7qp;8Mb3Dn_uPO7-2cJJ
/v1/redirect;sdfsdjhgkdjfhgkjdhfiueyr9348;kdjghkdjfghire
/v1/redirect;uWz5SOoPB7ydPTS0eF1y2uwTOLeJ0QfWkRu6dM6saEbNJa1XHpqUpLXBTuQU;WL8Pc9QemJLJ6nGC
/v_Error/redirect;S--1oJxvlQ-DVVbi3yAUU5FoWpxzFr987fur3KpZyUktYwD2g-16rweiT2GM;vz3LLkiWiASo20f1
/v1/redirect;sdfsdjhgkdjfhgkjdhfiueyr9348;kdjghkdjfghire
/v1/redirect;tVEitf9kvYsvV1wHLkUqWbHwYB3lGtnTp2i6BnPJuq0Mu0rAOeMLgPua1cgk;jAsQxD5_rxTWCJXn
/v_Error/redirect;gdSQhxdH9zEqobJXEayQkbQm6A0mNgncE5AEIGneXIFIH65xJzlZhf7bmDDD;ec1-ypOXu3_QyMZ7
/v1/redirect;sdfsdjhgkdjfhgkjdhfiueyr9348;kdjghkdjfghire
/v1/redirect;1kqOoHJjp0GkYROSvaf3N0ahT7Oc6yxLjlUKy5XPrmfC9D6P35bODgBp3Ud6;s6sxbVJn-0iY-vjU
/v_Error/redirect;SphOi_q9KTt5t4sbd7Vat_d_iF99eLmCNL5tWufaX5w7QRTIatc7cVFBO9eP;gflQJ7dYA8syY5mx
/v1/redirect;sdfsdjhgkdjfhgkjdhfiueyr9348;kdjghkdjfghire
/v1/redirect;3vMwg2EKW21WV175ot2qdCFmklf6uv_d69xBeya7z9qmLOmLdBAMD1MKqswX;6RdL_R5s51EgnzdL
/v_Error/redirect;WjMbbEyb4FgojhQlt9wheki1ilMQHUzcSa39c0eXUtyU3G8a9nEAias9yRyg;vyFOJS25NBbFUkTv
/v1/redirect;sdfsdjhgkdjfhgkjdhfiueyr9348;kdjghkdjfghire
/v1/redirect;X6ckYT8C6QjqJVpMhvEgmrCS7AUEwOO4OeIDTVnUOgsEaeUduO62mzpIUry6;EYmwpDhODqc_7Hv9
/v_Error/redirect;3Ox2HRJlqs7nX-HEEQ4vdZ9iRc6Xa4cDZ2_kv_EDFd-WJZUZUM-6LnpbfuHH;xpl4S9Uz3nTVFX2U
/v1/redirect;sdfsdjhgkdjfhgkjdhfiueyr9348;kdjghkdjfghire
/v1/redirect;ZLfdLSGfGLxk1eYYjfJ9YeZG5UkNpuTIcx68mhGm7aDzNORl5wWs_ZV2Af8S;FHG9Kae4lZYfvywb
/v_Error/redirect;bq3OD7gjvp75xCaupn6-67OkQ3nfOrxeZF8sAzjNVd1JIkmcbY_y3D0mbLUZ;xguX-zTLzY20W32c
/v1/redirect;sdfsdjhgkdjfhgkjdhfiueyr9348;kdjghkdjfghire
/v1/redirect;Blx3endFkR-rzhwz_G_BhqC4kYOTCOh95BW8IP9vAh2ma74Ci1z2cIiJvDae;DPntIpE2tRS7JmU1
/v_Error/redirect;7KZXcioLdsC1hfh4SKp4MI9VGk8_MrhhK16HXCrgddaZXcyq_8furgYdDzYw;VOdVDLwlTB6bCXh5
/v1/redirect;sdfsdjhgkdjfhgkjdhfiueyr9348;kdjghkdjfghire
/v1/redirect;JUepuisecbLnJ4ZCA8sfyM_i9mROaCytYofQocK8k5BQlPbLTcRIJWEMoM4D;F89VLvkHFNlYXDlV
/v_Error/redirect;57R0hnb_Tz7sPfVTCy8j8beqXg78idh7ENyhTGTnEfKj_rYXqCIuFD8wqQv0;dCme2Fjaflsg5hvd
/v1/redirect;sdfsdjhgkdjfhgkjdhfiueyr9348;kdjghkdjfghire
/v1/redirect;Tz1PaLINpN-lYGREphK-hwN8hB3FgmAgcr4Q72i8NjHLQ54RkWzzjwLtPkPF;Sp9C3__jkr7GnryM
/v_Error/redirect;Em7vZS9fe5Woz71H8DO3pdQIodd-ldZk-50gaPC8SBnJ_WVvDjKT2b-_q-6P;ai23-cU2PymxHrnA
/v1/redirect;sdfsdjhgkdjfhgkjdhfiueyr9348;kdjghkdjfghire
/v1/redirect;VbKU9_hNqi7k5dIUt88a8wk4uJKJXTjJ8Z1kFXFuMXQE_jJDBKPJaV3Umw6X;cAI1tJT6FQQD9gbe
/v_Error/redirect;DN2CMFGQ-6lvGekFLkFmzXBnSe48QEEkqaxcktVwAkKAq9NQtlmD5Zgl9l0S;YAJSmMs57TWYLVHf
/v1/redirect;sdfsdjhgkdjfhgkjdhfiueyr9348;kdjghkdjfghire
/v1/redirect;_9PHmMjcIbc8yYidzjT98UyaySmNWmjhks4BeRGlvPrzb86oGwc7Oy1Fo-sg;4krcOOMF-VT79IF1
/v_Error/redirect;EjmNMaJQHPZ1M5xDJ_THClpJVRhzwtdKxQT3OnqOgJ-66SpiEmfJoP-S61NJ;UXNY8OV_aWnooYMr
/v1/redirect;sdfsdjhgkdjfhgkjdhfiueyr9348;kdjghkdjfghire
/v1/redirect;Xl0Wnk1ZYLN9yxHgiiEVeXLHnx-ik7JYntUuCLf6WTj4DoI37GeG3yWJ2Jhy;vIBCKqWde9J6vtMr
/v_Error/redirect;ZcTjRjSH7FtNEo1HjEZajmxipDY8gjA-8tB0vJtmWMP0hkjxZyMBNnScoBK-;1EvhhPQNVxpMEs1M
/v1/redirect;sdfsdjhgkdjfhgkjdhfiueyr9348;kdjghkdjfghire
/v1/redirect;rR9IGNaz1-N7mSksm7o7N7IPeMopR8q0LbbMtpeH3s40k-5PFyvs9fiHv1qZ;6mpvR4w-sKGqr3BL
/v_Error/redirect;rKTkUjAxVoQy6_aRg9PQLl7gl0Zy464eNOHc7BNMV1OeLvhmdQFzxulx4vfW;uhqEWmQEB3YNpUyY
/v1/redirect;sdfsdjhgkdjfhgkjdhfiueyr9348;kdjghkdjfghire
/v1/redirect;9r0F5w62k-WZGp8SQD4oMhfip5mX0FHBzWhvn5r1QxQQNmBuHS-FbXrf4qWq;Qb9qBQilffHwHltk
/v_Error/redirect;wxqZCemOPRNspg6av0IjllHe4sSKsL8xf42M27IMJYz2vwT-6sh3tNzl9NaQ;ZLuLpbwHDH1z81mI
/v1/redirect;sdfsdjhgkdjfhgkjdhfiueyr9348;kdjghkdjfghire
/v1/redirect;GWdrH_5rxfdSIggrFlz1hoFX0cNA9AIXQwVVNo9pEyGwdwYzNvPM1Yy-lYBl;NKXzMYrr-C0BxOHH
/v_Error/redirect;BmITjXKkHm1h4_nWPjl1i9mkDz5DDfbz1kwjyljnSwc45TBGdjQXtVkKPFn4;gxXc1qfwyrdvJnMP
/v1/redirect;sdfsdjhgkdjfhgkjdhfiueyr9348;kdjghkdjfghire
/v1/redirect;bTVo5VE7k1JMCefJaPfitlPSVtkmRS_DMEWmpiH2cD0JFlRLWy-62loDk0kB;ElsrpUY-krQmkgQm
/v_Error/redirect;yRM8gJNweQQcL6i8NyJ76bMRk6q3s6jb2eoOs3uvW5J9bpSQ66ZWLzB4ICAH;PETqTguyse9MSXpH
/v1/redirect;sdfsdjhgkdjfhgkjdhfiueyr9348;kdjghkdjfghire
/v1/redirect;m38cnDx3sWZlI4ICPcNFRdgp73a1MQesFcqPo5F1-zOP5DjpLKw_JAEuUw9l;sjR-xYcOZNV52Rkd
/v_Error/redirect;a81cjpkrc79OX5W36zaJj7N5nKqrxSHCZ-O1I0t7VyAb2sd5mra2sJ4MDck_;28h0ClbYUWA4gFwc
/v1/redirect;sdfsdjhgkdjfhgkjdhfiueyr9348;kdjghkdjfghire
/v1/redirect;-vG8LC6hiAu5sdjAbvujr8O-eMDbmxET6XGl8--k7cWB1WLZEMPk6_kQLtLS;HrnboWRaYOA7raZ5
/v_Error/redirect;oIkwKHsHdAw_2Rt8fewCLOlwnQiHm9f4pJTG-Y0623JLjOBgH5EgX_xgaWy1;w0YNNODYOLQT2RqT
/v1/redirect;sdfsdjhgkdjfhgkjdhfiueyr9348;kdjghkdjfghire
/v1/redirect;np-8k2Pls8J0a1Hld-Q4U4ua6fLK32x7IhmcnBtxBTplawnWVztqK86oZte-;VlvY1yh_sK0FiNW3
/v_Error/redirect;_ubipVNNR-Wgw4zwVIp2JTkECYINk3F0glqu4HPI2qPWeV2wfhx4S7Ak-64H;z4PsoRBlZEYEweZ5
/v1/redirect;sdfsdjhgkdjfhgkjdhfiueyr9348;kdjghkdjfghire
/v1/redirect;zG5YVECJbsGBvEkSVh1PUJ4bV-NE9s0usDvzVC1vbIP8uQuyJv9YmH96oHrr;Tkk4Jf-xuKQrG6HQ
/v_Error/redirect;dvVCqnyaotd_nurgHca1l-pw_Y59mDNf2g0XkSn7Czb6iaS7YNMm46jSBc8X;BBS2Mvm9Qw0TvXEq
/v1/redirect;sdfsdjhgkdjfhgkjdhfiueyr9348;kdjghkdjfghire
/v1/redirect;RUe3y7U6QaxIn1IHg1WQ3CNbNFa2d62YwuqxNSEozCJx3zcTR_1sZJTjKmxl;FBOnrk0dLwEH9Em7
/v_Error/redirect;tKspoz_kNpAVvVmCkAr-VqUCdMRe2q1t_lELxx9Ym9iWMybAU0k4uUTbSUlR;BNMG4HIlaJP2zLFs
/v1/redirect;sdfsdjhgkdjfhgkjdhfiueyr9348;kdjghkdjfghire
/v1/redirect;FlU0w1LC42UEhLJtKUYfxr7a_xxCP79YJtjSoL_l06pJ9xFMywZOLnOyVftH;NQYBF0Py4Dm0qRXO
/v_Error/redirect;B90QewcIWztHSsltK7Y6ho7Vsb53tePB3FIKQ0UVWWCbucy3yl9GsW_6-WeK;q87ajgrO1at8P1Qv
/v1/redirect;sdfsdjhgkdjfhgkjdhfiueyr9348;kdjghkdjfghire
/v1/redirect;ZYvIeNPV0lGyS9vZzNq7Ti5vfovrf30oxju4Of1NKL1yo5WjOkvNI8ALCfn6;u529rPCDb-J4bsIR
/v_Error/redirect;ipOZkHb209AKSTXSkF0nbTgVmTv58TIIaFZBr5pOhGsrdfSMzIkQQmJ6CLa4;i9oys4mKQMVJPNTh
/v1/redirect;sdfsdjhgkdjfhgkjdhfiueyr9348;kdjghkdjfghire
/v1/redirect;Ff6psrv-y62_wEpzzUyobRD-Ulo4_AawsniQjvTYN5NtBNShYzpJCZ7HvjP2;Jc3v2Ehyvi0NZB__
/v_Error/redirect;gKwegb8pxfVwRVp7AxUbfWFxu77Ee2DqmhE1ZqaVUdks9AsvXfFngxI5nXT8;NzIae8GDkZLybbP4
/v1/redirect;sdfsdjhgkdjfhgkjdhfiueyr9348;kdjghkdjfghire
/v1/redirect;fxjGu0LSRf3tpoOEFVDjo2ln__JBjDZLBqWSUMLF2bNld5NELFFBG5c0nide;i6mx1s9L-OjgMyuw
/v_Error/redirect;1zfNYqbr19PDaQyU9W8OyXGD26aU2q0Xwnj9FR4fqLXfF-0E33NM-lUGkMXQ;EDR3bNdwPLMv-4r-
/v1/redirect;sdfsdjhgkdjfhgkjdhfiueyr9348;kdjghkdjfghire
/v1/redirect;qUP_3FUZIj55EewU1LC_V6WvgnpSg97eL65GbwtglovD57mveQdPBpAv9MXB;mpuEvD71SkgPDn5h
/v_Error/redirect;Ej6Nte2IR1pgYd_Qzg_pFXQJEaC1lWz-45FMisU5GYecNW6bve3DCOr16K-g;dB6MpdcziABcJDb_
/v1/redirect;sdfsdjhgkdjfhgkjdhfiueyr9348;kdjghkdjfghire
/v1/redirect;y2ynaI4GgUQ7DQH4meDTB1GLGmpCqPYnTdGQvFtBu_peyHHfzrjOZVQt9HIY;GzEzstg1cvDbSemf
/v_Error/redirect;CgKxAwjqw1d1tY7ZwNUJ36gFuPigff6I545iErhr2au0v9Us-8BVS9ZUEpR6;IgTV526ob0eWmXJ1
/v1/redirect;sdfsdjhgkdjfhgkjdhfiueyr9348;kdjghkdjfghire
/v1/redirect;hDb_9H54YkAcVBzdUBJBTaaIJBKJs-xDFViOI08raEGKhN6lioWh_OqAQgZr;FtUE7QGaz04Q-xPe
/v_Error/redirect;BWrQ9am-xyJUyfr7HM24duorFsnga4BrCxyKwQ1NYh38SdL1H2TEdYVjI2zC;SYA6GjzDOFSkjbtp
/v1/redirect;sdfsdjhgkdjfhgkjdhfiueyr9348;kdjghkdjfghire
/v1/redirect;n3Cc15oUo3pLDHrj-tDDyKCqhyS6PZLxQogI0NHXFJ04jDyg3ey_A6GWlCMt;SAAm_EnzcF8Oxp-v
/v_Error/redirect;ryy1j75Gz2I38aHubId8N1trN-qqYOHV6umKZAW0I9jgWK9FptO7b4xTk0ku;ALpacv-JtoOnXtBo
/v1/redirect;sdfsdjhgkdjfhgkjdhfiueyr9348;kdjghkdjfghire
/v1/redirect;QcFMEOR6TEAHngUDZ1jiAdKJNGtxHgnDmg7PDwZUWaxBaCwUmp1zBz_oOLsn;vzVlXYxjc5iCII4t
/v_Error/redirect;BieZgGE3WRlLRgflfm9sFAiJeEHAnEkdMxnWaWzBpkq_mny7bQAxv42Nrm3w;oBwcBzAy2-zxXBUn
/v1/redirect;sdfsdjhgkdjfhgkjdhfiueyr9348;kdjghkdjfghire
/v1/redirect;bpTPdO6ovzpZwfc3XDu0t-4P42Ay3IhaSPqrTUdRvyCwCdAHsoVGvqdUGypV;NKjPtttL6Wq-45p1
/v_Error/redirect;jNBhbIAo888IlgSEv8FOlTW56M3jRYwH7hxZrzC4rlvaU_n-lLnS05jO22P7;GMimwUBjTtuKFhg2
/v1/redirect;sdfsdjhgkdjfhgkjdhfiueyr9348;kdjghkdjfghire
/v1/redirect;0QXqjWPmBAT7nnbSVkTXTyooU5gEO_9pTdZdXsAEEn5GkaftCZV4JFRWwXSe;vqz6iK1Pcw7i4dbV
/v_Error/redirect;kfcmSbRH9ZjyGZhNM9Ly6-euCNjQ2N3ZuBr7nSzyirDAHVOf-9-HbxyWAloL;R4hUZ5mFW2oc9pyZ
/v1/redirect;sdfsdjhgkdjfhgkjdhfiueyr9348;kdjghkdjfghire
/v1/redirect;YPF5_sGMOiyzVRdLMG6nImKdKbk-RgHzkPkAAEex7w0Vo-M0pMI6NhHBLLIw;l70yQYkvOMyuVXkm
/v_Error/redirect;EkJCD7Qb_Jac0bRTHZNGAFItT8dafp2EY2XmgSdNvPDXAeqSJy8ffozb2afj;Zh0n2LsnmIDos57U
/v1/redirect;sdfsdjhgkdjfhgkjdhfiueyr9348;kdjghkdjfghire
/v1/redirect;tHAdrDGswQdY0UKkM4fJMxQI524D9WxIXeNBViz6ha3rzfn3SXsPed8iXBIm;q--28dR4mGUsGPHS
/v_Error/redirect;Zz1VUtwHRSj4gKqNVt7p-DZ9fz8AJG21hagYOwjbbQJRfuEY7zeKnjBpr6-d;5FeTAMEpcvFsohoD
/v1/redirect;sdfsdjhgkdjfhgkjdhfiueyr9348;kdjghkdjfghire
/v1/redirect;iZbMMPZbr-7ya45A4VXmnPdZNs7yOclbFC1uzJZsWsPCXo5UOKuekMKhUfiE;fOzNP5XRZDhZpU_i
/v_Error/redirect;29XfIdUIWD-45sksHwGwjOSYj52TwvUnD_N7LP3nXZQV9VnZjBYN5KumR_Ur;mNhbMfPxmlwWoadu
/v1/redirect;sdfsdjhgkdjfhgkjdhfiueyr9348;kdjghkdjfghire
/v1/redirect;2eZbWEifIUdK4M_dkcO8E6G7jxFawksOZdi8BY96IvQIGcfaW7kpKUjrNj1u;sSEFmK3_aCO-NRMe
/v_Error/redirect;oveTExZp99kOurun_911oP5j8FwIIcqKAH9SGdna1PrniI6ClLfawtaXw-sI;5xE0Rf2V7rTH0t2e
/v1/redirect;sdfsdjhgkdjfhgkjdhfiueyr9348;kdjghkdjfghire
/v1/redirect;yf03wmlCDh1kgEuKn7RmqinFTZLMeZAjA5vdAcaAmmIfb9tvBzU6I-L6GnqS;UhuAws1MMldYf6B7
/v_Error/redirect;-xgup356VRTkovQPJNEXFWq5Z3zfPrqRGbAKFNBypljQV80SwijToEgxGvs9;nLZPaVPST47v-RLP
/v1/redirect;sdfsdjhgkdjfhgkjdhfiueyr9348;kdjghkdjfghire
/v1/redirect;uMz0UwWWJail18_IFIZut4c9gwLeHQARWoG4k2kJQqzNEX2Py9fwQNnlEjgB;eXCcWHFFQSjWiPDp
/v_Error/redirect;qSaTu6S3wycz_pJcc55vo_0fTtA19PhNv4F9RjejvNgghbOQKXLXT2coegNw;h51HF0YHFGojOLPQ
/v1/redirect;sdfsdjhgkdjfhgkjdhfiueyr9348;kdjghkdjfghire
/v1/redirect;-bXK0dUN56DlY_qwDa7TPjMjw37tuhczvdcRECvw9THMddsn4f6745SRdUJI;9eTk24Jc978rWLY3
/v_Error/redirect;ZOjDT5scf7x69M0ETpJPHNDfdxpK7YfNy_UmIbJfmUE0stQHjvK2qT5aLlTW;RZ7GA1ZrMo7P618l
/v1/redirect;sdfsdjhgkdjfhgkjdhfiueyr9348;kdjghkdjfghire
/v1/redirect;XWhxEoeu6EsxvM9JgLIMbRy4GbXO9hce5WsaXcPu-an8_EYkEZHpnXSfswH9;6aRQyQuqGCj6X-7l
/v_Error/redirect;MeTlbzKn90jSl1k3tGs6B9B34kAHoXfXpW632fhgdoYCF67UGzgW2_0Mggam;-oZ8Rj8JmK2eC7Tg
/v1/redirect;sdfsdjhgkdjfhgkjdhfiueyr9348;kdjghkdjfghire
/v1/redirect;XPpXZlqYRSojW0ftwNXfukOuaAVhwpc6cry-0VLIbkWhm5dDhbCyfmS3L8ox;Q45J-I-wWIwCbFKZ
/v_Error/redirect;8vdG92mweKePmtAVIWqDSdDqQZnFBNBJPEz3RB4JiMkiYS1G7faep8nkj-F4;yLQGNN2ZBfZouOhM
/v1/redirect;sdfsdjhgkdjfhgkjdhfiueyr9348;kdjghkdjfghire
/v1/redirect;N5Gl-RBl57mqhO3uGUpui4w7LfPahnuRFWjWqwyfdrePk5o_dWYF6-YUWEA-;vcJyBKCUB9M6DjWS
/v_Error/redirect;3qM7I6lsxpbePReRLb-Bt1D6gd5LTTt7vRNWDebioc9ycnYo-i0SxEMGFPwE;4IDT-UN0TRk0njVy
/v1/redirect;sdfsdjhgkdjfhgkjdhfiueyr9348;kdjghkdjfghire
/v1/redirect;a_i8UOhrcFxKMiUhrjtDlgQEBwuVSZWfFY1Iis1Kame2qgkV5iBvxqnHmhB8;5SlAHJGqqW2-z9Qq
/v_Error/redirect;L6ZWzwL6OMdfVvtvfvLZf2aeKrD0IfwK2ArzPJwRoHwkHrSLEczqXTCzDtI0;u_5rqVDtfVjrcYfF
/v1/redirect;sdfsdjhgkdjfhgkjdhfiueyr9348;kdjghkdjfghire
/v1/redirect;B0813LuyAQrCnDaWADc7w0AvwITF45ZAecCh-NJo7mnk1apVOcK9PH_1P-mg;Cb-k43CCI-kkWXVK
/v_Error/redirect;Jm6cvMDCgGDtMCETFa6xQ8633M5lQohES3HFTDmjIRSu3Ahpygx_QZVU9L7i;7uC51BHuoimuEsUy
/v1/redirect;sdfsdjhgkdjfhgkjdhfiueyr9348;kdjghkdjfghire
/v1/redirect;1yrg68jc0KHO3G-QKq8B131kPKd83dLzNOBDt3pDkt0mYGHtbQD2Jya1kCZp;TM7fx65UlVs5QLiD
/v_Error/redirect;e6tsD68uy_9BSJ-C4obRwFVmcxSlJzO8oSEWYpv5SfYMd9gWMInpS4uqGFck;st2urx3ZYX_SOh1S
/v1/redirect;sdfsdjhgkdjfhgkjdhfiueyr9348;kdjghkdjfghire
/v1/redirect;0jdLda_50GqZ7OZIoYElsZnkTNiR0PtEZ4eyD7DDyG58tfQmb6_y5oK7oxFK;ZRG74vQMqVluS19n
/v_Error/redirect;iJKqFQGZnphA7WPzS42RCmdlLhdCX4HCoNjlaBlrJh47MzDzEMrReMyTq1nG;jVk7Z75xYMerel_Z
/v1/redirect;sdfsdjhgkdjfhgkjdhfiueyr9348;kdjghkdjfghire
/v1/redirect;XtxvCo3RzhBOgVLskSqCF5U6-Ot_By2ScOj2YnYIiqz1vpTo5OvhruDOM38j;Bhg44PAFj498UDyl
/v_Error/redirect;o4EX0jgHTJ6eLJUPNwqvlIVq_v5Yhs4238cY2BEEmmAKLgthtZ1jgyzaBoEX;6T2x2P2kyRN60RRi
/v1/redirect;sdfsdjhgkdjfhgkjdhfiueyr9348;kdjghkdjfghire
/v1/redirect;oOgZa2kudfXaAfcso8gM-ZFJeG1gfjmVFXTEfl3j17Z6hg1lqa-t5IcmblH_;neYEcuqBAZUFkmq7
/v_Error/redirect;lXFb2r02s82UvqTZsvoKDq2YB2I6n9eWpKynoYe8IumQaJuZ2OGRbVuLKmkD;4dJlZJ2mRkCwpElE
/v1/redirect;sdfsdjhgkdjfhgkjdhfiueyr9348;kdjghkdjfghire
/v1/redirect;tbjj7MqV4ygSHESpgSoe-sFhooQVw0m-WL9AlcUt5Ei5YsUJkwahUOqntGcK;eqPXgHqlu-sHFGDy
/v_Error/redirect;YfAB6ypi3VEJJw22l7eyw0Qx4BymdQzML4VoOyFhHzr1QS826Kkd-m84dl7D;zqSQTcErjxDjAlH-
/v1/redirect;sdfsdjhgkdjfhgkjdhfiueyr9348;kdjghkdjfghire
/v1/redirect;SHfodxJRwLKfa8cfXrxuC6pEFY8AoUGrmpMf8ZVDfkRCS0Tv-rODTXAAzfBh;zLk3CJbiYgecbtPa
/v_Error/redirect;ux5gXIzrZLpao8FTaHW-O9n2OzWy_AiG8UENnRb-4XRkdRjin-P_vLuBKXoy;72fBQPoMJE08ZWae
/v1/redirect;sdfsdjhgkdjfhgkjdhfiueyr9348;kdjghkdjfghire
/v1/redirect;jUEMnAKEGeQdChjeZUsQAdXs4jsf_tLg2rdXArMkdDthH_kZa8MCPK2UKN0-;fx0LzShoneuoXwkE
/v_Error/redirect;4sIPXxOMPmM1Z8nVS0puWi0VXe1tLbaySK-PKrfeOFLAETdyXdtcwLMeDubH;qKf--MHOG0kQXsyW
/v1/redirect;sdfsdjhgkdjfhgkjdhfiueyr9348;kdjghkdjfghire
/v1/redirect;YaGHYf_0zQY_02UIXOeQp6bycji9PR16igGfkQkVHdhqYmepaDes-VAsNh1t;sIXqV8gPDdLOnJec
/v_Error/redirect;Uynp2lNz4JodUZeD-pqDHWA2e-uuDrokdpRhC1Op39ejjEi-85zdRtg9BbWI;3gDEBuZUHikBBtxW
/v1/redirect;sdfsdjhgkdjfhgkjdhfiueyr9348;kdjghkdjfghire
/v1/redirect;6jkPobASGvzUUQhzHR9l2ZYSndEoOEcaEGYw3LLaTVADd0YhmK6A5bfE-fu4;xBodFGCDSKkwsYuY
/v_Error/redirect;UKfxpsIUZliMQEFCoiwY2hne10BNSN7EIklO67PObhkmpX9P_a4ajp51H-R-;qwumhBrjFtn7km2S
/v1/redirect;sdfsdjhgkdjfhgkjdhfiueyr9348;kdjghkdjfghire
/v1/redirect;COmKjeY-6IDa15U-yz7jXm9BY0tZK-RV2aF9z_Zd0F99eDeFVxH1sUX_p9zn;LOveo0mzoAHz0WxL
/v_Error/redirect;EzmHhjjIjAjHaWkoDgYl5KhnGmdcVxftGv6qw3QXmWDTu1edceD3wACAGkWi;UWP-lFL2QkeWmA-J
/v1/redirect;sdfsdjhgkdjfhgkjdhfiueyr9348;kdjghkdjfghire
/v1/redirect;9neK9Jr4EaQpXsyNUNgv2HcrfC0Vhi1Bb_ZpeST26PgI2ff1wP08tUh3RZ2t;6RkgvYiTwJwzZtwy
/v_Error/redirect;Hz2pCsCs52dFtEYfu06nXNTvwclR1hVcDY9BrKAptttA3uZrMZKK8k18jKU1;JIrbTAhI1K3oKeDn
/v1/redirect;sdfsdjhgkdjfhgkjdhfiueyr9348;kdjghkdjfghire
/v1/redirect;ojjT-DhBKcAg0HSy1_3kvcXEw8iYtkGanrTekRbPzP6DX1mhi2pRoKYIj5BJ;ffV_-nMX--nlimmO
/v_Error/redirect;on9x5JdkKt922MS2ko1v0OStOMhSYlJEmS6pqHT_iMZK3a7su16ZUYFxYTI7;NAOnRluI0KlfswtJ
/v1/redirect;sdfsdjhgkdjfhgkjdhfiueyr9348;kdjghkdjfghire
/v1/redirect;8_EKMZoSczbgRGz8DHXgwqaDHnORFWgqxgCYKm3FJ4e8ZwyHoc9mj30Y9_WR;ZROE2kefAPUK6b1n
/v_Error/redirect;cLpsfCmnl1PUe87zJ6zfs-Qnl_znUI80NQ46djAI1bJWoph9d-VH1udw_LO9;rXlAoxYD5b8rVbae
/v1/redirect;sdfsdjhgkdjfhgkjdhfiueyr9348;kdjghkdjfghire
/v1/redirect;9qB3howci1vP_z9wrdCV-eMiM_LTVrvnbVvnCcxzH1G-qdi-7sjv5EFECA_W;zEvsWoYPHNEkqZ0M
/v_Error/redirect;ESQeJ1T5MtFZ0qFe9EE99FFvWnJRtpeeB7qR2fpmdUftVUv8BEWoodItyHmG;CGZl5Pyxyy2VOk5e
/v1/redirect;sdfsdjhgkdjfhgkjdhfiueyr9348;kdjghkdjfghire
/v1/redirect;TwdjioJbZWQRtI8qUWwyR-84pMvIxXh0QUJbS3PZazT8TVMUoNuakvwbYB0B;VerOfTrcTAqquutd
/v_Error/redirect;iIASSpXatl-TSWbPGOAEWRo2zDH73rKLoQQujMdB1TvFAKp9sQOW9pFKddNq;Hdhsm4_rYUCTKOYL
/v1/redirect;sdfsdjhgkdjfhgkjdhfiueyr9348;kdjghkdjfghire
/v1/redirect;NmRSaQUoojHP6ph58jOdh5ZzqePRZtj8ChQipcXJdcGnnl8daFfQ59in-l4k;QycYrFtoa_l4s_PZ
/v_Error/redirect;ASLhBz6yI-gfWnHwR2bbqle5Ywaq48uDwA6JyMw1uBAmxpAbsKDEIIuEEZih;AXASGk6pTyunf8Ag
/v1/redirect;sdfsdjhgkdjfhgkjdhfiueyr9348;kdjghkdjfghire
/v1/redirect;Nl3sv3pgRrmvAVZaceBnrB0Z7Pjpi0mPVYv7QBjA2ZmgTJp2DycMCZpV6S5i;c4Gdju0CYF_0WmuR
/v_Error/redirect;40EqWiS93M4O536Ugs5-JeFpgsN8FkfoceT4-opD5hLZ2ZmSLysAnhJHlge6;GVk1h5FWD-P7pLvG
/v1/redirect;sdfsdjhgkdjfhgkjdhfiueyr9348;kdjghkdjfghire
/v1/redirect;xs5TH0MWb7oiACx4oO3Qijcwe_LaUzcBCiNJI6C8yZ_53o7J98vvsKMHnIdI;61P_1epLmUSS5hXw
/v_Error/redirect;mRA0gnfWl-vAMwCl85Ercbtvm2KHRYda_HSacOsBf9YOlhelPojttW16Ugy9;xl9Ev9JGOZp76tN-
/v1/redirect;sdfsdjhgkdjfhgkjdhfiueyr9348;kdjghkdjfghire
/v1/redirect;TmQizc8jrLXtwcy_OEsZHR0pP8GmaDJGdVYswZ7NX60x-DLZRxpMLhvtNhOP;qLCDIzgyzyLykeCi
/v_Error/redirect;IiugKw-r38pbg1_GzfpLnuRr-lT_6R5MlCT0hDAEaJHvM4i_YstGGKDVUsa6;Wy8HyNxnSMf2jWB-
/v1/redirect;sdfsdjhgkdjfhgkjdhfiueyr9348;kdjghkdjfghire
/v1/redirect;iqiHjtSVIx_H9romPAAxiHuYIKdKI7rADYxt_rXWM8OPPFXSEAOd_4fSn-ZG;HgHO69H06ysn0hX9
/v_Error/redirect;i-3YefRZF_kjSDY1NT0czij1_0uIB1zQNsIC7hIM9Mjc2V_mwpdh7qQkLG5W;-KodzTBqDZ_a0NBL
/v1/redirect;sdfsdjhgkdjfhgkjdhfiueyr9348;kdjghkdjfghire
/v1/redirect;ZxvjdyC4AbXk9Ld7U-wasCzVvyGFqeG6_8YhocKt3VNL1gKmXVC4x0q88k3-;v3IC0D1kP4KF8Wjq
/v_Error/redirect;0PxyLJeU589Yz3_tsha0quiM99pkrzgpIirSHF8bVfzk5_or6ax9GX9CxQd_;YM2De8Ep5705oGMc
/v1/redirect;sdfsdjhgkdjfhgkjdhfiueyr9348;kdjghkdjfghire
/v1/redirect;BZaZIfKrS4qbe_pAL6xeXaz39wy8RLQ2kbU4pRVUYm0otEyv7vn-e23UzU1q;8q3p4yj6wBw-DDww
/v_Error/redirect;FlU6eXoThPGhVUGD4KZT8pz6syIuHaoxtBn1OiMH8UY0s-vZS8bg9sj_qx5d;huB2px34gbP8etWH
/v1/redirect;sdfsdjhgkdjfhgkjdhfiueyr9348;kdjghkdjfghire
/v1/redirect;ZSfOOiUmjy_RFMP6ZbIL3rbPAAttVlOO9s-G5WVzlixGOUne77BiB9uKXu-k;JXOAvY3j8d09rOCc
/v_Error/redirect;bWy5sYxMHrdAaHZdFvCmF3uPTaZMSrrLv66NHd02MjOb2H0eScBbZjHVhcxn;0PMZ-DKHtVTomftp
/v1/redirect;sdfsdjhgkdjfhgkjdhfiueyr9348;kdjghkdjfghire
/v1/redirect;PsLcHJQ5zN6W0HpP4B_lWAONP_58CmUTNF3FN6dMMDPXESnmDBzaZeWp0i-Q;0XPjVVvA0SJ5U2Cb
/v_Error/redirect;hN_b0F_wiog4VSFAhFeERtYOrPl3d9hZXqIvlkvwm7cx7Q8YhZld8wMDDtxJ;9DS40kH-05XzEplB
/v1/redirect;sdfsdjhgkdjfhgkjdhfiueyr9348;kdjghkdjfghire
/v1/redirect;PzvnAVMV2njhc8echHudiwr1mYJ8v7QJUzJYiV-R-pQgji31dZ9wfOv6Y_gv;pa5ssAsBIQAKLX5K
/v_Error/redirect;GwpwDUkXYndXIIJ4Ktl_4dYvt9ROBXnx3-kNdyuDowaeJ3U6B5p_vKTRfEz5;POzFLwXqalc5uGf5
/v1/redirect;sdfsdjhgkdjfhgkjdhfiueyr9348;kdjghkdjfghire
/v1/redirect;9UTJBUJbPGR86_3EtcAieft4sc6EvY9v3rzkAnzbqV_Y1McJggYGeGGTy3ki;_wch23fRprm43IC_
/v_Error/redirect;2wCXi3G-2qW3o5pJd-150YpKtfi9PotxhYE99XxGhFiz4qnhk6uMcImJT2yW;1Z5y-JfamiU6w1Mz
/v1/redirect;sdfsdjhgkdjfhgkjdhfiueyr9348;kdjghkdjfghire
/v1/redirect;ZHn6ApshNSHOONnYRGnHTVinJwEUr-neprBEy1aMkaE0sxeqJpEfDIlqE7Yo;LQWgBBFonUKBQEAs
/v_Error/redirect;z2s4LOfp57IvlFMUHEpdM_5tLCgJTs-Q5jDYW3igILlspQ8F4cUK7CN_ndph;NxeNn76lYmmgybMh
/v1/redirect;sdfsdjhgkdjfhgkjdhfiueyr9348;kdjghkdjfghire
/v1/redirect;Q-nsOYozXiPX-wynuLjlt97XEU5EVLWKBOg1ZRIn-L5dvURZdpAQ5qpWglOQ;ZBgpVTaZJDCTVWeC
/v_Error/redirect;LNebiXvmFX4iHwNsw6O_cJBmACx34c3GbAgGoD5kqO-GjE93wqNhsJx5LWh1;wcJUtj2VWOEBLspR
/v1/redirect;sdfsdjhgkdjfhgkjdhfiueyr9348;kdjghkdjfghire
/v1/redirect;asoLUOPnW075zmS-lgCXiRyFv4W4UUWLfzfzm2MO8wCnZaykdcpyWSWCgJee;W1m50QiVlDuEdEoq
/v_Error/redirect;uLECLr9_3vhHoK7pvfOtbSrLEXmoQPzl9jUUn5ZeroyhqNHXyJQ5KxrWBTbe;Kt2ZWCy2trJDAeU8
/v1/redirect;sdfsdjhgkdjfhgkjdhfiueyr9348;kdjghkdjfghire
/v1/redirect;RNcs6KPCOJHVAmW7s4uQq5myC7GzwEZkRfkBcVtHV1Qy-aczr_5dHXAXx3wh;K5zahbNVLNOn_DTP
/v_Error/redirect;kF1UVCI31ckzLiPGC3CFtfcPDTP6nSDaUWoFjHQ1UYBJh6wv15qUulfLLEQc;VhYgEkFWCP772bHI
/v1/redirect;sdfsdjhgkdjfhgkjdhfiueyr9348;kdjghkdjfghire
/v1/redirect;YDxPHsflh8cSb1lUH0iIpQvoTLRBJxfm1lThPLLd1VIl6T5Hm5SJcd1TYm22;ZotOn3e6CVem0F6J
/v_Error/redirect;Tq4n56z3htGGQYIotOzKD1FUX4RXszDT9awH9AoHYJvAMGQXbiATWxwV89JF;50e7KzBeuBwx3YvT
/v1/redirect;sdfsdjhgkdjfhgkjdhfiueyr9348;kdjghkdjfghire
/v1/redirect;vJfMAJqV5HyiDO0RZJnp7Xu7ToV6Up_8TSriH_Lj9nFHrWSs7_CgJj-l6Tu8;eQQkQQr6bg0Cknao
/v_Error/redirect;gbdBozEwvA5K5mF4xXtxxtnZn65A4--t7WW9vHS4y6YHg0_9owAJK5cBj4KS;VyP7doS2EJQZ9YId
/v1/redirect;sdfsdjhgkdjfhgkjdhfiueyr9348;kdjghkdjfghire
/v1/redirect;B8m6O6E7xEZWuzcjljGwmTBCkUTWUouO5WXMknOGxj8pH4vC6K1S3tIVMTbo;-gm6piQbaBk7rc0a
/v_Error/redirect;b0VUmRNyOY1V-x86zNQ7_bMA6rWP7iWALc9ooxV3OmDDSSvjyVmUFHLC1PpO;AY_4_nhMujBd_MVK
/v1/redirect;sdfsdjhgkdjfhgkjdhfiueyr9348;kdjghkdjfghire
/v1/redirect;Kw0z1gwuZQUtXSJEjb14fpazOZWA4pOQCBXNumO0foeIk3BQs43NpYxJ19S5;PcM4rq1ohH3Gg_cz
/v_Error/redirect;iXmJAI3usTg_IENjZA2Lu-QFLwxaIF252lRx_wjvPt3Cu3spn1Sg5DDDF-Na;r9tmiTmvh5y0-ANu
/v1/redirect;sdfsdjhgkdjfhgkjdhfiueyr9348;kdjghkdjfghire
/v1/redirect;CM_CBDXAIqMWpL5wG6wAgj1aYSEk7NUHICaM2HUhfD0mPuqQ1fcm94F6OqAW;cptYNOgzNkhvuW95
/v_Error/redirect;BNLbbdRk0_0gW-KT1P_ipRVkw7HgDGgWC1_DU6UUSnzoXdY5CMDtcZlJ3O3a;dEJJauuBvePU3x-1
/v1/redirect;sdfsdjhgkdjfhgkjdhfiueyr9348;kdjghkdjfghire
/v1/redirect;vmj_xiFYbI8EZ-mpXHnsnHzbKX-gKeiaVdir6CUixOE2PrjwerODYeMG4af3;3bIqSw41e1zuJYPx
/v_Error/redirect;9vnfw0FFm92Hct2oRTttxBBHdqBXlDLfN0DpjLGOcKPAyL_W9eDoqpF1q25Y;cQVnmTSWOuegNgIe
/v1/redirect;sdfsdjhgkdjfhgkjdhfiueyr9348;kdjghkdjfghire
/v1/redirect;eB9qk5tTcwsLGjiESEXMyHksGDlbPoPFg089Wq_Rzlw5sfMZtlWNrfWFIkLo;M3BJw4f-7bYXeFu4
/v_Error/redirect;J_pqsLwLZlgCPgLbSf92d4zGCxd6-0bMSYqFDsD3wqvhiJyPRI1BDG_olvIq;6LdEpt7trBkwIHMM
/v1/redirect;sdfsdjhgkdjfhgkjdhfiueyr9348;kdjghkdjfghire
/v1/redirect;N4czE3tPmZaFuNhWFd8iXqyrau7YtNoqRw20G4aXMo6PRwSmEk3O0CXqgHuR;nhkB3C7DwjG-hoxB
/v_Error/redirect;jeqUqmq_SmtpIoa-U5IxZ_k7_DJKe9KvsnxM4lkBDYyKfmNscvZ5BTlbuxIH;-irkndNeTVJryEMy
/v1/redirect;sdfsdjhgkdjfhgkjdhfiueyr9348;kdjghkdjfghire
/v1/redirect;GyNaTjjCkqo_dyAJI55B0UhR7yjZR2KiajQ7Ej9cDeIo8QKrOgSNekFzcH3E;jabEiHyvhauq5Qn3
/v_Error/redirect;RhKO4tOQ4puW92ks2Xie0inXJG5RfV4pQAqICmw4veKEm-gmH1K7V_tMFjgu;VMdQfnBpOzbbc7Cv
/v1/redirect;sdfsdjhgkdjfhgkjdhfiueyr9348;kdjghkdjfghire
/v1/redirect;_VStZWm99iDZylYe5vUuSm3an_q8dE8bt0UjA5OjqNCjUgxD48KC2_D4lWlB;_ycbnjEKOWfAFaO0
/v_Error/redirect;FGrzYWD17KWwhspWrqLNT6prcOv8_SJAorC5Il_aZd7h0p2VThylINWf1tbZ;q1lRGzDVlfaus0C7
/v1/redirect;sdfsdjhgkdjfhgkjdhfiueyr9348;kdjghkdjfghire
/v1/redirect;rtfhRrNdy4TbCN6DLVez8x05KfsbmmvmSvu8XojY3bSQP440HQdKcMjxur9u;8nYzD_E0XeVy1qhZ
/v_Error/redirect;XmP5DOM9tuic6GhOn9wqj1V2NOr0Y7hCmjO4vi-3A3uZCtZ3-TLGNFa2n2vn;FSDVGBjJEvUTm9yv
/v1/redirect;sdfsdjhgkdjfhgkjdhfiueyr9348;kdjghkdjfghire
/v1/redirect;40g59TnG2MRnTboC3xSpaWRmmom7BDE9J2i7WeSO38-zOHw5nv8qKJhi31t4;oHO8h-MwfpzsMCog
/v_Error/redirect;ISONvGEB_fcEJQXJ4LHzUVifWs6sf7XQWB5ZjWm3AWmPaZvNvkdxyLxnlmdV;29c1JXRmXYoafyQE
/v1/redirect;sdfsdjhgkdjfhgkjdhfiueyr9348;kdjghkdjfghire
/v1/redirect;pgVyk5X7LIzK6Ry9a5sa3fYSC0vVF9_I_QsQwv8swWzthfDSUxwLCM2Wo7qx;wJRCbbqFbCOyQwuM
/v_Error/redirect;Lym733N5LnukC1Pos6KexmWV2iGOEg7uHwsJgPDjiUFL7g2-5MZl1cfh9S9b;0TReFQeHVUyHP99z
/v1/redirect;sdfsdjhgkdjfhgkjdhfiueyr9348;kdjghkdjfghire
/v1/redirect;hQJPqR97Ql89IasA4TN1i8uRNO4ZNPI-Q_uYJMdhfTrnunHoH8jaPPADwCB9;yhgnN4LB71dy_jSE
/v_Error/redirect;Usjerv7hep2DJ94seQLSRCUYWQAdBJ0bZpKnEzTV-6-rpchICbudh7RA5XPC;5VoILZQ3Fht0pS30
/v1/redirect;sdfsdjhgkdjfhgkjdhfiueyr9348;kdjghkdjfghire
/v1/redirect;VFtheqgRwQCs7pGY6-O_UiCbnMplcdUOZXgQb9FZbuKcx8vYlTfJSkEKKVbf;ESXjdawo_eV_XgUH
/v_Error/redirect;QWHqjg2acxgdVH1_vS4kCGb5yOkt1r0Jl8t_fuYlxRjUinr1c36S85D0gS1v;Wsy9EftaZoD511mM
/v1/redirect;sdfsdjhgkdjfhgkjdhfiueyr9348;kdjghkdjfghire
/v1/redirect;6AXcGoQr9x2YnyzVyPrZtCzykdsSazvW7L98Lch1mRZHvCDXarac7S6rzfZu;9w2PF7Q7ak9ql6g9
/v_Error/redirect;2PVVUJaJ415HtrRn2JQ1d4rDa_Kmbk04mbkLKjcER5-SrsVVHHCmzS_SpGEZ;QkueSdN7i21mFXD-
/v1/redirect;sdfsdjhgkdjfhgkjdhfiueyr9348;kdjghkdjfghire
/v1/redirect;14L6dFURPkogboya74nuJ29iDOilGAwqjlIcF7Fx48lHUrqlVJzBcueFk-aa;0lzdurNdwA6i_z8H
/v_Error/redirect;1-lmvU9YJ_7Q835YBWXocp6lPzHnrwka08Myq7HK3FnoSMiViQGrM8s7RPWX;MvltR2RWPPWDbnhJ
/v1/redirect;sdfsdjhgkdjfhgkjdhfiueyr9348;kdjghkdjfghire
/v1/redirect;m1ig76NBt7jv723EUHkKU-8zbxxdwLfO0UVDsBZFjV4W_IDdcBC8uGG4tq--;xGNlbOjbwkTIS4ml
/v_Error/redirect;V33n9cf7uRufzqZX0nBmu4pqZvCRFU025LOjBMoMHcrGTLp8vnBmJE8L6v_E;tnXMxAtAtJwulecz
/v1/redirect;sdfsdjhgkdjfhgkjdhfiueyr9348;kdjghkdjfghire
/v1/redirect;Wny0dq4-STEVxrNBXPxS6ZaK9uJOzn8WDS0N98BHFjsccxlgyXWv-xMSe5OV;eVOPGsiEbqmzfctj
/v_Error/redirect;YNufMuolJdOqSXgln3Kfbq9Soa04VmhrjVJM8mTwU3yXPY7-ygyOGK5JOHmr;COJvWPjE9QqsVSSA
/v1/redirect;sdfsdjhgkdjfhgkjdhfiueyr9348;kdjghkdjfghire
/v1/redirect;dv4jC0UooXpVANa1JekqTN-zn98dxEM2REV2p_-fwC_glWZjHWy1LMMYXaCX;GO9fqqwqRbYR7CEZ
/v_Error/redirect;QHbDQrNF-DuYcXzaB72-ORpTdc-w6vFmibAglmfZ8ecgVrGxBToZ67Ei6z-F;4X1BNF7cWcd-Gild
/v1/redirect;sdfsdjhgkdjfhgkjdhfiueyr9348;kdjghkdjfghire
/v1/redirect;TkNRVU5EMkkGByy3axt3G62lS9_V7LPnCa2R7WyGeOKYgcYkFLksexEF8XHx;aXrw5GexvryghMqj
/v_Error/redirect;OzmQiFC3bN6uaTWrMgPFy7Bmc6sndJqhuKgyEFJ3feP7q7lb_2ab-KDdJwxo;9i8wCnTWYFgVmppx
/v1/redirect;sdfsdjhgkdjfhgkjdhfiueyr9348;kdjghkdjfghire
/v1/redirect;wnPQKTneVGFD6OLHsE-f_gfeo3yjzURk4e5YBv5U0BXHI3DwYq7AlD2u0Bmy;NI997eLlqJXSAdn9
/v_Error/redirect;FTzEJkDx0U59NlV6rEoxQg--AVxYpcMz9YWAmUH_XZgOUDy30U2jE3qwG915;Gffv-8PzAbLuh5Yu
/v1/redirect;sdfsdjhgkdjfhgkjdhfiueyr9348;kdjghkdjfghire
/v1/redirect;ThZw7oMPhdy0h4z3nnKgtzevso0rTxAjhpXN0pk9RrGzOEIIPmWzhtgUb52Q;465vta-ZMm52tNHF
/v_Error/redirect;gN6tNRMF99AgqY-atgz1NclYIxLJxKAUdA_umMYDCjbbg0sdmw3qXSSJyotm;0v1CvA8WDkXSyXx5
/v1/redirect;sdfsdjhgkdjfhgkjdhfiueyr9348;kdjghkdjfghire
/v1/redirect;Be4JRzUbAnTWwGSMmEDgOzk4EJ8QgXdnsuwzxtxFJJAXLQjRgN3bnHMzT-kr;ZcZvudcZsVyKj8AW
/v_Error/redirect;0xrHob7pOXHelaV8of74Vj_wGq_ANsHiLFenO-5Kr3xyxa22Hp0iNEJhVz7e;sbScM9aF07ISgQbu
/v1/redirect;sdfsdjhgkdjfhgkjdhfiueyr9348;kdjghkdjfghire
/v1/redirect;LjbdTOAsssyOEuDdW7n8JS7f8GspTc9uBLBPnUaprfPjpfjQyF4uccoMB-nC;NaFrynOfK_ghkgjo
/v_Error/redirect;vBywj1jOPrHVhdgUdAEzMKn4KLc6Xp6RYs_AxCjse10_-EHWr4IogJ5caJk1;Vsvcc0JFZiEpvq-j
/v1/redirect;sdfsdjhgkdjfhgkjdhfiueyr9348;kdjghkdjfghire
/v1/redirect;S3OW_fvuQOkKVKj3Cd8Z8nhWozMxr7ofArErh8O3QJsNEz2Wu4MU5ezDC7WX;4AlLog6rN9mHeJeM
/v_Error/redirect;CJO4sX4qFnkFNemMJdrFkI1u0s94BIOR2PSENaXE3MOrtfC65A2N1-cGstoZ;iakGl2ypJcvyWkdN
/v1/redirect;sdfsdjhgkdjfhgkjdhfiueyr9348;kdjghkdjfghire
/v1/redirect;uda0ijRB3KydM0mxTUWh63AnZ3b97shZ0oMhVsgROpScFkuecCWISFAjOcs_;zKseZPlv2GU4aQDV
/v_Error/redirect;JwHU1zt7yIpwBAHtSPHQTAtpCjm0VLPgDZifwHufpIuWhvzstTDuu3V8QD47;hTPNAsWc5BAYJ5cQ
/v1/redirect;sdfsdjhgkdjfhgkjdhfiueyr9348;kdjghkdjfghire
/v1/redirect;EGI2OabWiWRTylp5idEEC4QvQNF1TyQ2k1SX3O0r50k2j-RsIKpwdGUC8m_f;1DTRV7UqxeyniDgW
/v_Error/redirect;XpBPvBemqdw7zGMeO7lT4hKcoCj40h8u5qof3KXVbs7UPEnChaisbkJYk_97;7ho8g5YF7ZeOcmB1
/v1/redirect;sdfsdjhgkdjfhgkjdhfiueyr9348;kdjghkdjfghire
/v1/redirect;de0oPf4Dy5OL8iBB6YowkCTIjLpn2Roc_hkIvNu44chzPuECOI_-9NFJU6zU;tshvhOSFbNPriaHS
/v_Error/redirect;Q9aM1bc0Id0tM2T2Ntuvb38LiwD0PVcPCm9Z7gUMeWEMTz_voxCNlrb2b_Qm;ZZoAfpJHHQ4a0vzH
/v1/redirect;sdfsdjhgkdjfhgkjdhfiueyr9348;kdjghkdjfghire
/v1/redirect;8zlQEqyB51JsY_lE2FKa6wQoSjph-nyY2CtKkPOJKLWiup69hH2mc5iPtlla;kAN9Wwo9qK1qj7p4
/v_Error/redirect;PIzF8xrM6AXWlSAA77kBPyJumsEguee7sXYfQrJ5-ej9ZqA9XJwxm0Nb257t;WQ7eDKmqtYhaP-_r
/v1/redirect;sdfsdjhgkdjfhgkjdhfiueyr9348;kdjghkdjfghire
/v1/redirect;9VY1gqc0yAHFU_O-ykp6ajsHeCyWDMtTBFMsI89PbUAOSBaJwbFlXMoJBK9O;KgCeGUdeWl5_AYlr
/v_Error/redirect;eRIIEh2t-YGjO13BgvLhYtPthT6VAm4xkQ-iNlApQtKWYc_nwB6R46-Fl0cc;2k_Ypn_vsS8MP_Q6
/v1/redirect;sdfsdjhgkdjfhgkjdhfiueyr9348;kdjghkdjfghire
/v1/redirect;JXVPFToonrMedVXSbVoJb2HFAmVKLMUsLBDX79GGFsalvbsO_9xx_qd_wwrW;bNWoTHkd4dMPKQt-
/v_Error/redirect;u8xinBv65kKn_K7OfwN1tnROA6x_6BPL0GqG0RysHzxUUMvWK9ZIHHStPKLA;Z6MJtlQ0Poa5YyBK
/v1/redirect;sdfsdjhgkdjfhgkjdhfiueyr9348;kdjghkdjfghire
/v1/redirect;jUHzUwIOj1a5q-yu9B4OXYbsXzbtHkWXcWK6FJLzl63vJxLCoAvQ7JjM70G5;Qd_17Ziroaa3qX3y
/v_Error/redirect;-wESRCHl3KgCpUzg01nEBQ3mTKYNqLT2zjdjxJTQOB8zv8qXZosRa9MSOded;9d_0A9nmHcZXjVGt
/v1/redirect;sdfsdjhgkdjfhgkjdhfiueyr9348;kdjghkdjfghire
/v1/redirect;hPnf7WmF6JEjEsG1JBCp5G1nU7w6eNjlxo2jRN857_rnHSRoWs3puXA__c1z;Q0liQBTB6fr61s5-
/v_Error/redirect;pHjowUYwlvNtHVuZcr5aBUH_r3Kp6prIjIVz_e-ZnwKyyBPUpbMJA_cRUPdx;YkOhBrubS9aCO4RY
/v1/redirect;sdfsdjhgkdjfhgkjdhfiueyr9348;kdjghkdjfghire
/v1/redirect;oXDsGwCsnhK9VpEV4zEePHU1fuzTaYTxFD9tnABbcO18SPKXmuKw5KxHtGBw;NTGhmB-CpF_ptcNX
/v_Error/redirect;R09J2ClwPZ2Q2AFDQpnvDUexGM6fnBTuB04vHEgkwFgMJ17MRcDvNtoieriz;mX2VzcosHbKD7U8K
/v1/redirect;sdfsdjhgkdjfhgkjdhfiueyr9348;kdjghkdjfghire
/v1/redirect;peJvRBYo4r-Sb4NfMm0NADPJdy41DmpCzfzhFhp6rPHt7HWgpmHC41j5dIX6;3DuAW2NHrbi3t4-u
/v_Error/redirect;icYqWykAZGB0lRK5-GvdZZXKcWVYqQ9UdpPfZFONKJT09qhzrOv6HnfLp34j;IoatOR-qOUBxNsZ2
/v1/redirect;sdfsdjhgkdjfhgkjdhfiueyr9348;kdjghkdjfghire
/v1/redirect;HXYin2dFlNQ9soznPM_-oY0nUAQ6rSShvDyY-VWdDf6ySG_LXoJeaNxbfozt;NxguR-h9DdwEmHtc
/v_Error/redirect;b4RP7LFTy1d9r4yERYT4x3RVRLRIGW310KmCQFrxt346_G7TcedU83AJLVc_;qrUmgFNV1Gai1ZP9
/v1/redirect;sdfsdjhgkdjfhgkjdhfiueyr9348;kdjghkdjfghire
/v1/redirect;KCJMQeLrXVJjVWGNjV7TAf_iRP4kOifxjL-z2Kc2Rx6X5oXK-WNat6ZPOxX9;fpWsJR7rNW1FprZO
/v_Error/redirect;sSan-xvz8f2qet_C_wM0whUIJDskVxEebjzgykf3ko643nIF_YE7hRn6--AA;YDZ31snzq6m2iIep
/v1/redirect;sdfsdjhgkdjfhgkjdhfiueyr9348;kdjghkdjfghire
/v1/redirect;ctzDFtUGkDuco7FzNDnQs5FrCi7pntwa3Yx9RIsahnousR53OkF3-32a9ewf;qe3nAt_RIZUPUSsB
/v_Error/redirect;8MKSPHsaY25R7Y7QLdKBNvKS_GP0wAf6ho4i23vaR5oNFkPpCuTfAW7TmUQD;u5PqYqgV7-vnjinD
/v1/redirect;sdfsdjhgkdjfhgkjdhfiueyr9348;kdjghkdjfghire
/v1/redirect;4792AfO1Fc-JD5yuELvwgh37r0Ma5A_iMOr0mStOFYnD6FTKYrypyF-jRjd6;A1m-hVN_LvATPi3n
/v_Error/redirect;T9G45MoAjSdkIFb6YAajqwIarK27TF_RAMg7g7ZXEyzbM5g4hrqIdUI_hXlE;Qn4kKP_7hDYnGYNE
/v1/redirect;sdfsdjhgkdjfhgkjdhfiueyr9348;kdjghkdjfghire
/v1/redirect;bpY0B735sFzbt10d6aOTb4B5VryB0JOxaBWz-F7qGG3QnN79EwQ5fApYTLty;zvZ4m14ihT8rki1q
/v_Error/redirect;yIVSLXw2KjFSJ52_sFUa4CeSrJ0Rv6hdO78mtW-0nJe-SB6Y4GqvSgNTwyBf;U6fmKIzc61tOsEMS
/v1/redirect;sdfsdjhgkdjfhgkjdhfiueyr9348;kdjghkdjfghire
/v1/redirect;JhNroFHN6csaT9UvKLJBTRl1M2JDrMJj-k8421T71J8hJcSXVGeC1tb3g5Fs;BENpMM8BsbQCtj81
/v_Error/redirect;nes3fOFSV2LoSAqW-31qBIHBExMtsoauCCacS0WBv4zMU0tK3pWmmcq_hXo8;BykLUsI8Nxb39Rq3
/v1/redirect;sdfsdjhgkdjfhgkjdhfiueyr9348;kdjghkdjfghire
/v1/redirect;86HkFx2qC0VpDNa_iP2VzVxMJDHKrk_WuKtobVfCkZ-IrIAEl_QEo1p9WIG2;JiK5nrrgh7bMr2o_
/v_Error/redirect;owmwyWRCHY0XBHKfWjq2YJAw97_r-LsG7riRz7OI7r1X6vBFADQ66RGcYkhy;BNJ8BC3AtLfIhw7R
/v1/redirect;sdfsdjhgkdjfhgkjdhfiueyr9348;kdjghkdjfghire
/v1/redirect;YzBwG8vxxqcXf25jpWrAv8FzihdZ3Kh8Tlwb9XFhjZ_R8qISrp5Nmore0mjO;qrpxm-5EgsKogCwA
/v_Error/redirect;fTTJKkFDZj5zF4iVrQUHsMQ8tqfPWNfcYcCbqmboDZZgmQbGj3DIelSpCcEl;LhrSLV5R5G9IcTwn
/v1/redirect;sdfsdjhgkdjfhgkjdhfiueyr9348;kdjghkdjfghire
/v1/redirect;SniZiUEtQxlnDVAu20drt7nZWdUDLOXAmVi-rVH9EG5Y3QBgeGrflN0tvXj8;ptDZ6tfmNTpJMP6Q
/v_Error/redirect;wsQUCdomMdXeUFTEemsb7V59UYAiejMzrn4cF6IpA_fOEUWzlN7BqQqf4ooF;9DMtRpZbOsLmo_0P
/v1/redirect;sdfsdjhgkdjfhgkjdhfiueyr9348;kdjghkdjfghire
/v1/redirect;OG3oRL9aNcTAOeh-54Qw_45iMSfwzGgib_sFmXd3Tuq0GIsRNqbTJm_hpzm8;_HAIAMVeiFRh-D0W
/v_Error/redirect;zn-NnjtnkNx6IL_2deZehxD5Lc5kiA0dx8hkhZrOxDrYwvi_lHcaeCdn2zXp;T1yuX4nQ7yqBdpeX
/v1/redirect;sdfsdjhgkdjfhgkjdhfiueyr9348;kdjghkdjfghire
/v1/redirect;pseMdPnCK0TYDeID60z51SN7LzSobB78xJUrdeuCMmjg0arDkeDDii-_u4C0;gtLdy-etApJteZb2
/v_Error/redirect;IYBHkkZzv3S7rkRs7J3Itlg7jxK-cbkIFlF_wTLKQuEMWjIRMOsshcl-_Hh-;cv7-4JzAY66-9t8m
/v1/redirect;sdfsdjhgkdjfhgkjdhfiueyr9348;kdjghkdjfghire
/v1/redirect;uU-nfVwz0bK35RbWpra6PpsmK8cuhkg5G7Or7rE0H06kXYyyii_-O3Qx3hmO;bwzsockY4xv5i-PF
/v_Error/redirect;Klwzhaco4XGHLd5Hh8ENIACOKPALJdbu-5FaR7SXfEmxuvIXonwOvWWXfoli;eALgX8gR9AH7ykaS
/v1/redirect;sdfsdjhgkdjfhgkjdhfiueyr9348;kdjghkdjfghire
/v1/redirect;wxuVkPhseA_j4K3h_hgxC533P5K0aF2Yy6vXiclTDW4Ri71BFGZCQbHudaN-;0G1b38PpIib1AZgH
/v_Error/redirect;2aTMjKvb5UmD0Y6Qsqishq6p85tY9l379nHq4Jw8LCzhwMuBr7UDkPfSYmhm;wsTtE36HjuiRt57n
/v1/redirect;sdfsdjhgkdjfhgkjdhfiueyr9348;kdjghkdjfghire
/v1/redirect;UDJJ0h2j6MbHKYWLDFW93noc547AF2AsSC_UOAa0EKUm5kHuAaat6f18uQWh;BPbzdp-AuXkRSBkI
/v_Error/redirect;mC1xPL49xa3TnuEbmHMHSxWHzneN_2U62aN5dxeUgVBQmu2aHNXTwmWaLcAI;gpWZXQIrnDicSwnN
/v1/redirect;sdfsdjhgkdjfhgkjdhfiueyr9348;kdjghkdjfghire
/v1/redirect;K-gxOsc8tJwC0gW87Hzkf0uoLK1MJoB5jB6QZKUeFUG-5yCbDB8Ujxi_RkHd;AaQIcwB-uoeo8S5S
/v_Error/redirect;QyAAF_vU6Is6MmPKG0B8TAQc5nG2RxBKqExlC7fslMQeMG7yBQKN2Z2a_roj;AhDa-Cmb8mv1QE9s
/v1/redirect;sdfsdjhgkdjfhgkjdhfiueyr9348;kdjghkdjfghire
/v1/redirect;BfaOUsz09lYWcYPUR6u0ZhkRv2Di9NKjzlQ0VhiW3ZzxhBwhP8O2iGKprgQ9;mMqtyPA8oKuTtU3p
/v_Error/redirect;JRopduKZE3NFCnyXtLUjXGAJrN5WkeInzbyZXWMT7bluCuGRO_vC9N43JjX0;ytLjNo0kfd7eFFSN
/v1/redirect;sdfsdjhgkdjfhgkjdhfiueyr9348;kdjghkdjfghire
/v1/redirect;gq-9U79R6Agfixpq1-PELDlhxDY6pKrcqgbMEL9e-Y4WqYbe2gP8eCHuDXSD;csCOOCxs5nsoRKgV
/v_Error/redirect;ItZzJ-Wgdu-Da1FPxZS23yAkxKeb1t0MuMJyuP0rxIKFgjVq4hGRCUM-Zul3;jIvHa-su_OTAhZ_e
/v1/redirect;sdfsdjhgkdjfhgkjdhfiueyr9348;kdjghkdjfghire
/v1/redirect;G9DuKPzbG3T1Xz8f2aeYeUiYjcQGVcTSDWq3G1wfOmLIwmh4Khe8eUZfZXhG;0OeeWxiAPbiU_MPz
/v_Error/redirect;Z0oHI82ey1jDH6KBfmL55IRwRsQCB9gQ1NGZeVBZWwGxCK5wX3U8G1R0P9gp;_vxMl_07J4QEjUV5
/v1/redirect;sdfsdjhgkdjfhgkjdhfiueyr9348;kdjghkdjfghire
/v1/redirect;dx3pNNYtu4wtbpnAZyQDSrg752YdKpz5Xo7CYQ3Ri-IaWHo6rDjaQAgOPh61;buBLvx9KDz5fkSyR
/v_Error/redirect;_UHOp6IJ71k_rbn9dcC3r_A6kvlJQXvqI_l-Zqk3zLc68VwawbdgByqEtI2q;oq6vWr8Cs3Dw7wtI
/v1/redirect;sdfsdjhgkdjfhgkjdhfiueyr9348;kdjghkdjfghire
/v1/redirect;PO8h21qEflpxdgGlDK3KCPvl-ZarhPmQTJ-wvOMn6fJRDi55eRE3OHqo7XCI;57UXkld67gwb2me9
/v_Error/redirect;J48qn3PcDcYb5dsrVRPyY9xqevKFCoBAZaQNlNAmJRRN2v3jEgKwoZJ1bWI7;nImcjpj3oJLRAxp9
/v1/redirect;sdfsdjhgkdjfhgkjdhfiueyr9348;kdjghkdjfghire
/v1/redirect;5e-JGurKMcbPtr4gwSITL0rzdP4rANBHurUWZaUdxImWiE0Zt__moO3C7dWV;hNMRkR3Bo0xp02an
/v_Error/redirect;Q4i7d4ejYdVbbqPTVHE8eluKjMI5uv5cUtj93tkc3wdd7RKPtJWIjNV03MVr;WfzyOziAgeVcurQL
/v1/redirect;sdfsdjhgkdjfhgkjdhfiueyr9348;kdjghkdjfghire
/v1/redirect;kynHefFIaBF5ar5KOzoQE616It4-6IjgTho110St__EjzxahCXVV8twTmPmb;Ye9n57zgeY8dNVu0
/v_Error/redirect;M_m_lXEiLiN10NCCfyn9erV0kvVHekvGkaqWxnYO2TiGygl4_ru3yENP96HO;MIsF8iLa5R6mLxb6
/v1/redirect;sdfsdjhgkdjfhgkjdhfiueyr9348;kdjghkdjfghire
/v1/redirect;yBhrCHGmntUjYlpecy8-CR_qmLoO54-L07y8D2be4znLiiKREkYZBD4AQSX9;U5YZRzMHRKebqLOG
/v_Error/redirect;OvHGYQn2E5tn4SRCdE0NhOjybRNFZIARIVzZhLzf5iQZhq_AREzV9T1KH675;eJkdq69YGB7c_wUG
/v1/redirect;sdfsdjhgkdjfhgkjdhfiueyr9348;kdjghkdjfghire
/v1/redirect;GE_IjqUGHitGzjLUZl3A7Cq8xeNIGNRwDXo-m9w--NkmJbT0oKB5rtYEXWjz;oFgVkKpzkERSfvDX
/v_Error/redirect;x-j2ejFgXWbIQ5wSHX3qDV1akxypq5rl34WkX0HNVzNXx_5_2wqFXTCFyqPQ;6CwU9j7WtsmSb2c6
/v1/redirect;sdfsdjhgkdjfhgkjdhfiueyr9348;kdjghkdjfghire
/v1/redirect;_wADK_EoM9aajhzlR9WcTFj20jQQN6TnqkS-9-AazFCTYyoD-sY9gb19-ka0;97rU3QpdebvNAjPj
/v_Error/redirect;LofDFl8AWdRRpkgXQgc1zI4T_ryOZ6Potr0-qSkTRmZA33JqFOWnAyHyjn59;gmBVwHWi_aBIc1cX
/v1/redirect;sdfsdjhgkdjfhgkjdhfiueyr9348;kdjghkdjfghire
/v1/redirect;5VSkPitLo9EtViQVLF5m5IO-lstmEgf2cdS-x2z4S6wLcJlHZgRcER42v90B;yNnF7IpLxw3B3fnR
/v_Error/redirect;xbpgyLbrNV7u_tW3oWTR2I5L974zGom0JWsNZz1v3SUP2eTQHo2-c0ogMz6Y;v5yTbbqNUQx6WzI2
/v1/redirect;sdfsdjhgkdjfhgkjdhfiueyr9348;kdjghkdjfghire
/v1/redirect;Dj6wYV_aQLP7zLX4NRcN8wHemdqBCuEwRdNrDxi3_nWF3H_wu2Dw4pp09qJK;xVlfNIRwcuU8enNf
/v_Error/redirect;o8F5oTBcr4bSKkkwYXiSMIBpYeU-U4iMPCYukoDVpD5S3Pm4Xl5aLgi1TgVx;wALFpy2vbJVA_HMz
/v1/redirect;sdfsdjhgkdjfhgkjdhfiueyr9348;kdjghkdjfghire
/v1/redirect;3iHeHpbvfW7m0McmTiEr5ue9Pa0mNqbWUTTHgZTz4YkGRze13NxcwCdkTiwy;87FTYoFHsPY_aQFk
/v_Error/redirect;livdq_P6hrZbcJXaVGuspRaEEuMQccb4oRd4MBDw_fEZS8Bn2OJgQ_3YhWQN;lCybEHigA3-5qnm4
/v1/redirect;sdfsdjhgkdjfhgkjdhfiueyr9348;kdjghkdjfghire
/v1/redirect;jZwacVpQzNQYgo7l8OegsUGVOVCB2BRNsUziSoqxfBFlNd51Ar_BtPSns0-Z;xJUle4QObNvYJ36A
/v_Error/redirect;WQFNNcQwDhD-Ax7FvWEJgj3d7FV-2Bc-yFPkNK1Fnps4x_wtI_k8c31nebx9;t6WL3lpFYIJ70b_1
/v1/redirect;sdfsdjhgkdjfhgkjdhfiueyr9348;kdjghkdjfghire
/v1/redirect;mxAUFMsS6X733UOXG7bDC0YvR896t8ZKhZYGe5ry24lPg6ZdnFJ4rd30YDmq;JDwlvpAv5EKF0fvX
/v_Error/redirect;VCTh2pkUhaU9eo1dwAiEdHl0CnTPRdjzt_ERK_Adq4-f7OugtgPtHCONUsYF;3W6XJsrwbJNVZVSN
/v1/redirect;sdfsdjhgkdjfhgkjdhfiueyr9348;kdjghkdjfghire
/v1/redirect;ENaXOSm2WyzQUycIxKMbjevgwAsJzt0lRoIgkH8VBsMG1fNIRe4wIJ5wswON;JzeH6O9Q_CB0YnA3
/v_Error/redirect;Ya5i4Vnpx19dvHje5T6E4UGR7LqGYxw5ocgLFJCG7ITmrXi7somIh08-SLMx;2ELO3X24z3Y_0jc1
/v1/redirect;sdfsdjhgkdjfhgkjdhfiueyr9348;kdjghkdjfghire
/v1/redirect;bzQlDA1A0sVH2gaeDqec3Hf7LXtKSvXTCV4fE83Wxc9PEldoLwVJglIO8Cew;NfKgVqfJqTE_y-Eg
/v_Error/redirect;ig6Ej3uMUne9EuCB3baBp_HPN7WXrfYgZTgDJtFm7OZ_J9Fnb8T5KT0aHPRj;NDfkhy7afLsnW6mp
/v1/redirect;sdfsdjhgkdjfhgkjdhfiueyr9348;kdjghkdjfghire
/v1/redirect;CTvLDieCQHxurLNNyhGmUiepEPIQfVdrmNUbrsTaM0JjRBoPDzWjeQrdfugK;i2L96BAbv7bXCZ9f
/v_Error/redirect;AzCenorfjVhfY07qREsJsaJ_Usl71VkKQjOO01awNSXMIOyDbwE1BpcSbEKN;ktfR7XB1hWksAIcn
/v1/redirect;sdfsdjhgkdjfhgkjdhfiueyr9348;kdjghkdjfghire
/v1/redirect;8Kn8cTOIwICNVX5BERxGgW-aEISJpuyWI9nnGlQ-eWlcPBJFaLGVTFMZxtRV;YEpqW2KrwcEW6cp1
/v_Error/redirect;Mg3hvqPwvz3gH9DPuGDimqbXSoE0fINZlgujw011oniJLdn1SAwXBm4WvQpF;WTiCGEQJ2_ESBxbd
/v1/redirect;sdfsdjhgkdjfhgkjdhfiueyr9348;kdjghkdjfghire
/v1/redirect;O9STAjWbsh8bhl7il-TCq3TJqJvewRSM4pMuEdpVGjBlcNZBNesrfTyi1AVL;csGW0F-PZOhCNijj
/v_Error/redirect;72kDqpk51OC8DEo72s2iKPPuitZKAMxlmfjPPgGu5D_iUjbBZmTssVMW8ULh;8JO5yoYqOYrULAFW
/v1/redirect;sdfsdjhgkdjfhgkjdhfiueyr9348;kdjghkdjfghire
/v1/redirect;7qXWwgzBCKWfOBNyd9UtifY1BwXrOHWXzvgwfmd2iIahc4DcARVecQneESzJ;COtrxGvPE0mK55rz
/v_Error/redirect;fPP6xwp_PPDDVqI7J5-4sr8ktD8aG8HpOfocxqua0aMuWMxEbZtXkZ6HRhPj;kKrnWWagqWiOTSyr
/v1/redirect;sdfsdjhgkdjfhgkjdhfiueyr9348;kdjghkdjfghire
/v1/redirect;5tVV-1bg8J_cnFnJtVzCGtkCVfyBlrnF5QkeTBTWJZUII12nPJzuJGOl0Q3-;MKjT87q_QOnwALn_
/v_Error/redirect;KOi5oYGhaoXGOIZQmtwLDWw_QT_IKlU9HVJrtV31F6jzEhM3kSOyVKqqV_Ft;_LirkgeKObYFfVWq
/v1/redirect;sdfsdjhgkdjfhgkjdhfiueyr9348;kdjghkdjfghire
/v1/redirect;O9YxHWAsY-OTVAbUpb7dM52bl9_pWE0G7FTiGNi_WJZPUkPgi5PlvNyARjBA;jgaZpyrnYfLNrk0S
/v_Error/redirect;vfQ6PrPw-fQea7DcYCiDU4PFaBffU2a2K515F-jmTD6L2zyXvv4eha5-J4im;CvL3whvaRHfYeEtE
/v1/redirect;sdfsdjhgkdjfhgkjdhfiueyr9348;kdjghkdjfghire
/v1/redirect;FYGK4xP92mlVrdfDPJQlVfdMVHpdN9EuRG6WEHXhyE7m1eZX-CM_bjwhXdG1;X7U3ZbQNSgj5bn1X
/v_Error/redirect;hoWE8LcVgCRywsIxEHPNCY5gslUqrG4yfR810CJBBt0GkAwJTGlF-q-GKWs4;Ui8SD1Q-t2mfpMvw
/v1/redirect;sdfsdjhgkdjfhgkjdhfiueyr9348;kdjghkdjfghire
/v1/redirect;tBCOtygPjrEQj2CdLrigKGXZASLsx1IntkKV8JOLWacY5t4R-NNQRLWg7ICj;NNG5SCHEllAYl7qN
/v_Error/redirect;reIkWYW64k7ohDeIOvc7YWLUeuT7JGaKrycB5-YB3Cy7tRdNRZGzYPk7Qevi;NiUt9l5wBLXH4eBB
/v1/redirect;sdfsdjhgkdjfhgkjdhfiueyr9348;kdjghkdjfghire
/v1/redirect;gZWxOqKuqzaBSWD96reUUmLuu1z67LX3gdusqaZwiGXiRH7cZ2S-yIOKtC9Q;HC00YHbQzCs8hqrS
/v_Error/redirect;M_pU2uJpm3p7MWUzSpEtClLOpFlFSnXd4WvFRGqtjZPCruSL7C6ZkN9vAZ0P;LgKjK495mTfb_Q11
/v1/redirect;sdfsdjhgkdjfhgkjdhfiueyr9348;kdjghkdjfghire
/v1/redirect;FgOycbLJMflPredIG6wAgB0Alh6LhF2OutD0ZkQeqLYW7MQ3M40COqgkL0p5;ifqTpLwak_oU9pDA
/v_Error/redirect;67pIVZORIQrs4UjpTAPhDl90eGakeKp4jPWcPm1vWvBQz8NVaFSm1ZqlEoRO;-IjkL2f4HYDtxhoz
/v1/redirect;sdfsdjhgkdjfhgkjdhfiueyr9348;kdjghkdjfghire
/v1/redirect;cVrb-Z9Tu9dSyPdLqoQwOI2RUjj4DwK1b6JrDAruNGFpBq8lGM-amLFu7YGW;BRBaJ1azyWwX_Oxq
/v_Error/redirect;xt-YGk2JmdxbxDXCUtV4gdbUVwblPaPEFkYXPF5oWbFxHhS-ueb780a9sL1a;rDp1_8fcGTZI7PHr
/v1/redirect;sdfsdjhgkdjfhgkjdhfiueyr9348;kdjghkdjfghire
/v1/redirect;DSyH54FbVQ0RMXCoLiXgH-U_ACi5W7uOTCM7EBMNWLzZDOffitl-NMTJBHr0;ydYq0V6_T6oiA7GI
/v_Error/redirect;pJ9o4r3RhWwtgvAdJXGgHE-35aHJup91tCzPjqgyzNFS6b5OMT8SpdhLy4O4;zWZiZRiw9K5o3drr
/v1/redirect;sdfsdjhgkdjfhgkjdhfiueyr9348;kdjghkdjfghire
/v1/redirect;k7-1WslvOtqG-TVwKoXz8wWn6y_2wL0daRdmqWdlZz9aMCh13Jv6TJ7O2Kll;QgmIuRhD9nvQ9iZo
/v_Error/redirect;byElXe_WmUPj56408rPGmZpP4FBMixY3ICxwkB2pTNunK7LnE2tUKZ_WhkYp;lmwySxtlYfZKyN4K
/v1/redirect;sdfsdjhgkdjfhgkjdhfiueyr9348;kdjghkdjfghire
/v1/redirect;KbPgvIblftBGePysa1Ghpdo-0rqaFcyxbd3HMFew8lKVDS7o5ezamtKGH_I5;qHONcqPoX9bPG1jL
/v_Error/redirect;EF-TE_P1WNG5btVTJa66QlkAsyfuBRDzptKRSFSPdhmfjDrg4tPaVcyWSmHc;hpA-zQ_f0G5r_829
/v1/redirect;sdfsdjhgkdjfhgkjdhfiueyr9348;kdjghkdjfghire
/v1/redirect;asWnP1Q4ClSuYPPH625Ux1HO9uKX_1C8uMW8BNl22KyS0goEFA3QZzWbI8KH;jBJVt9-U-U-q9wHq
/v_Error/redirect;6_xkhPzoBLgHLwS3qDzcAMk_YC_xwNMqyN6j1SfYZ5vuQKJvyvZFUCdDbVEs;pN2qdY4XHTQcH_Cu
/v1/redirect;sdfsdjhgkdjfhgkjdhfiueyr9348;kdjghkdjfghire
/v1/redirect;tIo3yFaI6Lt7m2HAsOt8lQZukmkA19ROXCS3oB_FVZSuuwGztbq4Kwow9Qxb;o1g8NGWTX56fMmIb
/v_Error/redirect;LyIWn2ua6Aw9NUeOqUxt71IcX2RUOIUUzBjZr2Rynnqcslh364IpU2ZYGi_M;s2rN3uy9EwEOyQho
/v1/redirect;sdfsdjhgkdjfhgkjdhfiueyr9348;kdjghkdjfghire
/v1/redirect;RQRIyyyFehzC8i3G8_FxV2mgPL53BAkENlu9gbJ-rFzVYQeER-mKosAU43ON;FWMlXhvrEgIORxjV
/v_Error/redirect;5dpuBiO963janiO5IhzDnfEjfimDVPAuen7jL6Hn_pYhmvIYC6dV09qU2MIk;2Nc_oTf464zPRK6M
/v1/redirect;sdfsdjhgkdjfhgkjdhfiueyr9348;kdjghkdjfghire
/v1/redirect;3zVS-SR6Iu-esml05CfUejE-IqVz1ddnorpQhxVzq9wRCEin7WuFplddUUTm;lwMEO0e7374H-7E1
/v_Error/redirect;nDzn2lzzh96lA71FQ8vqAZrapXRV9qiWE0Yr3N7sMsHLHWPjRbEMoeaXpzUw;3rpED9mhoc9R1gH8
/v1/redirect;sdfsdjhgkdjfhgkjdhfiueyr9348;kdjghkdjfghire
/v1/redirect;73rzW0P8D6Wbe2JlY8bq4OmvkPh5-Ycf3XW-hYzkFLnDmDfWPZggnJRbgsRF;vIV9I5wO2NnzNkE7
/v_Error/redirect;MRQ66ANN2_XWoqukySEOkv3c2OW1LAgP4FN6n4m23Bjd84d-RIkIBzo51Z3g;agP09N3K2vGJVIIo
/v1/redirect;sdfsdjhgkdjfhgkjdhfiueyr9348;kdjghkdjfghire
/v1/redirect;o7oUkiDOfN-y-tESAUVR7l5w1zDp9aerK59ZrlEk8-y9ZskXwE2sAYNLzS-g;PQMsbRi0lRSLSWVf
/v_Error/redirect;2irZkvSBaNtxLmnNdr2PPYSryWu9kmvDL4tG15lQ43hwBvevXPuDls7Zw1Zf;fVhgKtf1DdWH6GPY
/v1/redirect;sdfsdjhgkdjfhgkjdhfiueyr9348;kdjghkdjfghire
/v1/redirect;fsg0Vf9AcvFLf2y2TdV0yf7XFgbWykjtuPSMEy98vCw_AFbWu0O8Sz6sK0Xf;F0bWglhenxgTE6kq
/v_Error/redirect;FVpqkmJmhNn3Bg928rnhVzIxIh2b4wqcbGYkHWWOjX26irJHB-HEK4ZiL0_g;lBlG0anVl-SOSSvl
/v1/redirect;sdfsdjhgkdjfhgkjdhfiueyr9348;kdjghkdjfghire
/v1/redirect;1Wi9_LvU4DarbFuhda_ZdHcfq-YDKOy6UdyWc2guLu9tx-TjILkugUqNyt_O;L2nu2-221k_hE7PQ
/v_Error/redirect;wPCzOquLUJ6AiOCOI0UutZEPcWODoaCtrNziFz6x6opHbBogmrSHatykaWxs;bkBByUIOdnpJUwaf
/v1/redirect;sdfsdjhgkdjfhgkjdhfiueyr9348;kdjghkdjfghire
/v1/redirect;cZzkJa2tg_qSQFxKUFeD-ISFYmxItiE64KJRkZqweHhOGZ9yQmJssIOxvNTM;abK0OEkpr2UWfcI5
/v_Error/redirect;sNG62ew-1d9QZv15q-DP6HQmLDgQdseAODqeeP9I_CPVwS9Eyq3mpvkUDG-2;cYQOx0R3hblfhYvY
/v1/redirect;sdfsdjhgkdjfhgkjdhfiueyr9348;kdjghkdjfghire
/v1/redirect;w13L4Nu1wBQ6WEKNJZYBw5TZ_bohXYy0RkeQvAM4S-qf4EbN-KxGgUx93az1;rZCawBiaxtdYQep8
/v_Error/redirect;D7_tKR2EFMWaUZF_-l32l0BMppGWokZGpRr4MShBw6cFnpSL8UYCglmH1l1e;LTqW5flUyn5ywXKs
/v1/redirect;sdfsdjhgkdjfhgkjdhfiueyr9348;kdjghkdjfghire
/v1/redirect;Z34C3PzJRmEXNB0QhbDRCtQv_yZt337RmIYlZe3PrqcgeQtzdEvyc6C4ZOPe;qquqrz5A-RzMrBAK
/v_Error/redirect;siDDliBea3g5K_F45MN6LPKb-6VVUZM2MTVvgSfzeGzmS65SHJq82MrNNiPo;wA9Q-egsjUKL0qBQ
/v1/redirect;sdfsdjhgkdjfhgkjdhfiueyr9348;kdjghkdjfghire
/v1/redirect;VlZJlHBec0q1Q0X5jeFZD88NASswfRt5tHLCTPIv2oXI8W5Z-uMbdp3nYlBS;QJA5PT-DPst5GDb2
/v_Error/redirect;0_WJxghRYSmfQwuWJB9emAdMkretm1twe3-oFPSdySnnAZzGsKCCODuJpaoH;LCAP4IVoXg9_GgJX
/v1/redirect;sdfsdjhgkdjfhgkjdhfiueyr9348;kdjghkdjfghire
/v1/redirect;shWJU18wyLhK66cBX7wUnZwyAtjs9nPvMEMGpQoAOq1vRYzPCWj6AAE74bS_;8Vjzjir4m6qgx-qK
/v_Error/redirect;4L_FkhO64AKTmgCF56bYgmKEzZF1lM5wPFXN1kvjlbgmza3a6lgAwG2kQSSK;Lj7kClJpiKXsuDNP
/v1/redirect;sdfsdjhgkdjfhgkjdhfiueyr9348;kdjghkdjfghire
/v1/redirect;10Pv9FcVmyLGMgjGMblOuEF1OXXZL4RMTIABVMMhMV5iB4eG5vel5EZjzl_d;N_nCddkgDzqbAM17
/v_Error/redirect;qjT0I8VbkMsqmPjvAa4DhwIYyhZcSgEjV-nDzRVr1Ccqs4fxEgXe0bqUlK2n;BK_XRvsXvrkX2d5U
/v1/redirect;sdfsdjhgkdjfhgkjdhfiueyr9348;kdjghkdjfghire
/v1/redirect;2aNoG_fMOG6H0XaVsrZwkQTYxSYZTMUsH62AGxyWfMI-ndH40d0ujJJO03LB;5pgB4QqyDL7kccpq
/v_Error/redirect;JVWzMSH6FI0LDdbt6UI_MefsCTgb9LbV8yjC1GYrs7uOhqJudzzOvxDnimMw;znnUUb18OeGJ6zbp
/v1/redirect;sdfsdjhgkdjfhgkjdhfiueyr9348;kdjghkdjfghire
/v1/redirect;uKLduW7OAUdy9KDLajBeXLmd_7dsWAjBI0GJN7vsALrWAec0DZaRM8788PQN;5uCTta2saOFSVTv2
/v_Error/redirect;TxMQHywpur52c1NHIUfFkzMaImfNwPuYgAl1hJqg7noBZeoS5g_4abI381MI;SruLm1Vc5ndQTYAt
/v1/redirect;sdfsdjhgkdjfhgkjdhfiueyr9348;kdjghkdjfghire
/v1/redirect;UNvLVL5FbY0vjzVNQxV8YGn6a3CWoygat-q3ccP_9vq-AWyBkIL9AxPWHAas;jlnhHwPGNYEGAQs9
/v_Error/redirect;J_ux-DjIq8wzHFignydt32szUgksuLsyojCiTAMcfW74gYn1gzEAMb0uZEPH;eOVeRQrMnClt9LvB
/v1/redirect;sdfsdjhgkdjfhgkjdhfiueyr9348;kdjghkdjfghire
/v1/redirect;YULwF7Gh3SO_WMmd4uAA873RGk8FIQM71qy450JYbS6NtzJwTUk0eDVBGCL7;cNYBzR_18h-iCkNv
/v_Error/redirect;eze9nTETGHP43347npH2HjwL5eowVMQq2ConoQTRCQmZocvf9tv22lBzfUpW;z-ABRsjYLeTwPEyE
/v1/redirect;sdfsdjhgkdjfhgkjdhfiueyr9348;kdjghkdjfghire
/v1/redirect;SE1RkS8Nj_zxZGHSLwcl_EftjcCK01kpf0P8t3juWmFmUAJT39YD6D6DEJ8Z;OkTf9EmAja2lq5CU
/v_Error/redirect;m9n3YsV6Xp8J_hP-CvzFqq-ydU2AYUAgKhT17F_hntyzyfM2KliU4kYX-Hvy;OEuFH4r-fMx5eauk
/v1/redirect;sdfsdjhgkdjfhgkjdhfiueyr9348;kdjghkdjfghire
/v1/redirect;ekoMGBFk2SVYNBPGwrljZ4dnjzFuh1h5oj6xouAES7rytHA38IXrWizEp968;lxrUlXzVJFmPIRGM
/v_Error/redirect;U1iuK1U9X-yvN0ewspvYSP3LT1rMinYRDAl3_y_-2xel7BrzJupvLkyGiQv0;KmJ9a_EAkqnlO9EU
/v1/redirect;sdfsdjhgkdjfhgkjdhfiueyr9348;kdjghkdjfghire
/v1/redirect;4kohCoP2Ut1FhcNPupmmY6u_WVhIG634EifanAqTl6vyWo1cdELAduaFoy_o;-PsHDbIdvq_MKrPI
/v_Error/redirect;hjBoNrczYcxLQnfv9x_ZEFOZlVgs6ODraH1NIdjcvB9JXVfCGEl2r9PnzWn3;RpOE5b5lN7yLp4KR
/v1/redirect;sdfsdjhgkdjfhgkjdhfiueyr9348;kdjghkdjfghire
/v1/redirect;k0OwpXHPqvL7ny29V4MZDj4ZgVgW3R85NHX61bE0pzvyW4X9070A6H5dPWPC;ek71ZO0Qg3h-zkxb
/v_Error/redirect;euAfXoV4uhv8FJcJOFceM-ymcqWThQ_1E5GRRNbSkoj_WDSiMG04KsUkQZlo;mEYqGtNFWiG_Mc2n
/v1/redirect;sdfsdjhgkdjfhgkjdhfiueyr9348;kdjghkdjfghire
/v1/redirect;h7JwmIL_8F6AhVuDVn4C-WFvZCssCfvCjq-YJ1dpcjgB1jWCzCCDU0f-rOwM;V6rRrJi82uHJfIi3
/v_Error/redirect;Iq_iAgZQ3pa2JscDdkQ7-kIbE850rEWfAwXld1nShMgSeTOVuoEwCZGFfRU4;wsr0D6ZsdCssLhXj
/v1/redirect;sdfsdjhgkdjfhgkjdhfiueyr9348;kdjghkdjfghire
/v1/redirect;x9n64ki2em4YhKL7gAGPaIzmb_D1MPOnnVB6nikqYZ1QOm-j_kVLS9jLcUzg;G_st-0TAc7y4kgma
/v_Error/redirect;X7-WQ5uvZilB0BzSqHpzzQJH5gXUz03PdJrIhDj77fBKHF4rHvFgPk7dzteG;8H2wsS0lT4SDaIoV
/v1/redirect;sdfsdjhgkdjfhgkjdhfiueyr9348;kdjghkdjfghire
/v1/redirect;judhDSqW_TR68W4xy60DB27GZzpSbRhK0N9phy00d-9rigZWfo4vgh1dj1oJ;IU9buL7WmIHDJL9V
/v_Error/redirect;q0JFogzdPCCPVXvN4IIMWq8JPR2zHcd-3Ltu_SuNECamxeAd8ALShCh0ESKI;Ca59wH8whkW7J2Wd
/v1/redirect;sdfsdjhgkdjfhgkjdhfiueyr9348;kdjghkdjfghire
/v1/redirect;uWScAa0HdHB_pQJ3wQTDlyfnIRH0OYLv54vlCi_U-lptqTxL6YULoapK_dFs;Z8eDoE_muSSB1enc
/v_Error/redirect;Izwl91Yf0vvq-GzawpZNInQCwAECywmgUE_XAMwSEzr2cUoF8dK8Zt7F6qzX;6lmc7w9oPopLhOYv
/v1/redirect;sdfsdjhgkdjfhgkjdhfiueyr9348;kdjghkdjfghire
/v1/redirect;t8c87_P7R08IX88h3EptnmVyo4WQz5Zi3WLIG5-gAng7KHtI9afZftTl0VN7;lK8Qyjt764ZOH-Rk
/v_Error/redirect;V42Qy8eqlYlpJBbJLTa1wOx2zMCkaBAkWsSlsRtkKeeuHD5eDA5jC3Ew5iLx;e8Bg0oxPsZICyC96
/v1/redirect;sdfsdjhgkdjfhgkjdhfiueyr9348;kdjghkdjfghire
/v1/redirect;1dSVjuPn8719zNGjE2e35vOe3zWxJjQaSoe_uea_E3MMlxSQMTQfnMvgBWdK;lF0HILTVIf8Yj6cb
/v_Error/redirect;9Y6LvY3MhkL_FRCAsvLYtTJwLk9SLbdUpjegxaWBMhj9Z1P-TGVBTsD_Uomm;fUN3fjMFmNg6deJA
/v1/redirect;sdfsdjhgkdjfhgkjdhfiueyr9348;kdjghkdjfghire
/v1/redirect;cNzt9l7emrOIJo6vewBlW2psbellPN4kShc1SdMQnhlL6Mls-ZSjWWTm-Ywo;8_OZPJbKbpyCeSo1
/v_Error/redirect;foaXet5q5KRUTacNk1ebOtz0u3W_Lo-DWpjW6Tyov9sU_ash7LT-EPM6WEWa;59c9VQtP_Rtnqb20
/v1/redirect;sdfsdjhgkdjfhgkjdhfiueyr9348;kdjghkdjfghire
/v1/redirect;EMl557WyTD1tFFPpQBdv-QB0RgGsLHHO2NwWd8HOmRtUmTVi9sCr20Q-Za20;YLk_Fl-KnS0cv9m_
/v_Error/redirect;rMEAWLSneIcXSj-c3-YnejNd85XRY4o-KVviBJPsboGKlOR4CYXmiQSdL7Vw;kRE2SKKWYwoJl4ZI
/v1/redirect;sdfsdjhgkdjfhgkjdhfiueyr9348;kdjghkdjfghire
/v1/redirect;tHehTAOVL-77FzRE7PNgA4gbTwksc_pjDUm10GaN2ITM3YyDnDoCbOcbBbBa;hKKSivV4yyfG76Y4
/v_Error/redirect;Yi48Rr4iZjQTR9E_fnCFCYbDLPbctRUk-zcSUdCt11rG2aANODWQzmASqtc_;U0CDs0fBHG0iWVMY
/v1/redirect;sdfsdjhgkdjfhgkjdhfiueyr9348;kdjghkdjfghire
/v1/redirect;tawHX7XFQpw2fjTxT2o9eeEdysBS6W_xAEKoLbStUlMIORwN2fBxdSSeCkDJ;oHDe1TwlHHF4C-J0
/v_Error/redirect;OMUacYTuJjjpSNnPILPayrnyBjm-taSkclx3GafAUTc85eotAk9N5_Zx-Wob;Bh-zsCR3vL9k3sGg
/v1/redirect;sdfsdjhgkdjfhgkjdhfiueyr9348;kdjghkdjfghire
/v1/redirect;ANo7UkLiOL4OBwe4DVdHxSqp4l5AB4MivocYUWsbL4b9CLzWZn3_sZ2-18iZ;gq5PEcKzJNkIBWj1
/v_Error/redirect;xr4qUdMMawNl6zbjzhbjQfOapZfABtPgBiyM4UxewnL0NH-gk8aAHBoVL229;C33qTEXpr-DyrgtS
/v1/redirect;sdfsdjhgkdjfhgkjdhfiueyr9348;kdjghkdjfghire
/v1/redirect;XvWSpEVZwVx9PGINjmaGMqo-rG9e4CyqDM-pv67cqDPduaqUU7MD-6JoKUko;37KIlSiyj_hiWYub
/v_Error/redirect;YCUKlgcgID5APm87Y6b1_doVJ8RNc5x-oeImUANlZXUEgXlWYMG2xEargcwO;hfDYcX_o1MdnnSvY
/v1/redirect;sdfsdjhgkdjfhgkjdhfiueyr9348;kdjghkdjfghire
/v1/redirect;-Y_2cbNWvZjbNaDZL4sz33kSda8qP2qRw2CPzmcpT11RQBe5Xh67wW2TGwgv;IeQ6u73CROMocF47
/v_Error/redirect;HkWH7WaYZVWsi3K_Lmteiil_-aeaPpWQaLiYeghtwDK560Kz3EQHn4bqoyoy;3_dcwhtRvaicUK7C
/v1/redirect;sdfsdjhgkdjfhgkjdhfiueyr9348;kdjghkdjfghire
/v1/redirect;KyCrjUZIjArTAkC6jFSA7hs8BIyApNzfGrfrxiX0xE-kHFz-lTyXxqzmlGiq;0lMftr7o0Z9oRRFD
/v_Error/redirect;RmEn-DMktcyhvhcKYmqgksqlEwZVYCcWY783qhmmgk1fI-8Haqx4iMHasxDt;XXc-9lY-L35lk9yD
/v1/redirect;sdfsdjhgkdjfhgkjdhfiueyr9348;kdjghkdjfghire
/v1/redirect;U6tje5ER_WHUBl96YbS4yYETu8sdx8IL7kr_8im2GCUzYdbOHp1USWJ7inwE;DOyP7ls_TezxalWv
/v_Error/redirect;TjJl0t3grwLon27haJU_2aDQy2csIujLy_orO_cDic4adEfdX9qh9ay4wP0q;J3CTUvq7FMza-tm6
/v1/redirect;sdfsdjhgkdjfhgkjdhfiueyr9348;kdjghkdjfghire
/v1/redirect;RLbk5-eqr5LE7ZX8tVtaCruOCgIiKA7JH_OtpmRVzHpCVNIP0wIdHkEd9L9Y;hbzkPVfb8ON44oWa
/v_Error/redirect;eHFoeMBqPZ3LC35b9hnr1-2ZpmcH54iyDYU0EtS-6ka6Bb695lZuOBvBj4tu;TkRr45_UJs9gERfo
/v1/redirect;sdfsdjhgkdjfhgkjdhfiueyr9348;kdjghkdjfghire
/v1/redirect;_phOyIf7kqCJHg5QgIa3NnJlKV9jdhV3y5AM8KOkaIxcqXqX0hNA5RfdrjB3;dMnEA_ODx0AS-0Ki
/v_Error/redirect;mT0dhTJCjEVnuI7ReMvhyltqL4r6LRTMqg2CW3k9cUIpMGuV9rZ2tjkFgE_R;xHwisbnowAXU8C2r
/v1/redirect;sdfsdjhgkdjfhgkjdhfiueyr9348;kdjghkdjfghire
/v1/redirect;5B05tF8wCvmHywKMXwFmz5Rwoz1j9-Ips36KKNfuIR1T2I8-h_UNCiDDIiKV;i5kjlCzVVr6vsW_r
/v_Error/redirect;NxxcsF6k6JkCasZyxUjWeaJ7vxQYCk9aTjrwsffvJtSuN5bbkMBqf3GyIewW;TJ1W6TOGhdRt1c1g
/v1/redirect;sdfsdjhgkdjfhgkjdhfiueyr9348;kdjghkdjfghire
/v1/redirect;adjycATZikR0NJ7sqcV6E2zF1jcBCUpPrCLtSvVxZWALkGAr4MLiFllcgq_G;s7ftTRzdJWOhqyqG
/v_Error/redirect;FfvnQSRJCSnDnPPRcgNRBmnRkewJWQ_fUbxM4WZ1681b9VvXpArfH3VazB1R;9Law-R1CxCFZU8qV
/v1/redirect;sdfsdjhgkdjfhgkjdhfiueyr9348;kdjghkdjfghire
/v1/redirect;0BzyA-BWeWkS2kDpERIvisZKeyew5z9AjKA13WWzMD0aDa3JK_JRgt7YE55h;UQU_aB-QxMtMwu44
/v_Error/redirect;nsKpkAb83JZutwa-Zdz-aJHInowxqjF2xw-7XyoMRZiRWJ1DO5zWtCCvaoVt;bkz2BSUdzDGN16Ki
/v1/redirect;sdfsdjhgkdjfhgkjdhfiueyr9348;kdjghkdjfghire
/v1/redirect;yxT_V2cdB3ghTjQi7RyLQpm1mbfkrzQr0JI-2b4_eeVPsu8TE0xQpI5fAKbJ;eas2pis2kIJD5Omu
/v_Error/redirect;r8y0_4wS39w2vXwDe1Ea3twgbj9EmkneaNcyZ6ZdjJE2dN_U0OqL0oOog2iR;L4dugC9eTMtmE7HJ
/v1/redirect;sdfsdjhgkdjfhgkjdhfiueyr9348;kdjghkdjfghire
/v1/redirect;dMSjSObpUC1DjeTrpfIFKacvDTervyTQDbvYcyMrS4VjIc6sFtfGXL_Uiwtj;DEi4oCgvEKof9n6Q
/v_Error/redirect;a0iR_lbQ4p1zL0aXpkb5QX_-sSfgyA2n-qs6fnglFr-hcUcM4Nj8zPDOPmoy;TkTQG9jYhsQwCRK7
/v1/redirect;sdfsdjhgkdjfhgkjdhfiueyr9348;kdjghkdjfghire
/v1/redirect;hd3i1R0bkOY2SHqbBPJMHPTVY3qA9zNJZqFk8bPgqzfEyiqNPHrYxm4atpy4;bODW8wGQsOyMQJqI
/v_Error/redirect;FmL-qAPVs19cJv0ELtmyFRURFUPawFU1qXCOiIp8EOGBuJ_htncomKIPGjz-;_f1e_PuKYaWtQMBv
/v1/redirect;sdfsdjhgkdjfhgkjdhfiueyr9348;kdjghkdjfghire
/v1/redirect;13tF7seT92DIOaNh84X1JLmdRCk2Wgf9DjuMrfLKHJLI01qy83uJ3RXwDLm1;x1-t7rg1MPMN-hrc
/v_Error/redirect;1iujRQK_y-fO3EsU_Ios5WEj8RZYsT0ed27p5mLZGmnQ5mjeGPwDgk0597jZ;QQrm8ZJ5BeO9jpbX
/v1/redirect;sdfsdjhgkdjfhgkjdhfiueyr9348;kdjghkdjfghire
/v1/redirect;NEyDGw-NeZGyQ5EcNDfn3Uqd0FPn95cETjk80SIDiyCD2VVKD-oXcGMNwAYh;MWnBBXrvZ_K-FYxy
/v_Error/redirect;4S17kkY-BBlCDCOJKZ6pPQ0oSozZKGdRpsDUAaJrbJe1ssZrxCdoNiv6fV7R;ahDRfKIgcGgrT97l
/v1/redirect;sdfsdjhgkdjfhgkjdhfiueyr9348;kdjghkdjfghire
/v1/redirect;hvYYcbCd837TfraBsqAYfsz7yHCSV7KPJDQkSiWI2R_-ZN-9uZgrDbGgY6rL;Z-Gl_7PielEbSGwz
/v_Error/redirect;7VKU2cB6ZPRDkgoD4nU9admEjoXds0N3433LOfi07rweFSXH6oo6XhoQPWpF;b21OoiG9408zMuVu
/v1/redirect;sdfsdjhgkdjfhgkjdhfiueyr9348;kdjghkdjfghire
/v1/redirect;7CgXP1UcEUs5_aQiZMDxsjreZbBBKdCBQ2uHlXWpgcMUzox8Ff8Vt7R6CO42;YIqWAQU6e9KZRp4q
/v_Error/redirect;_AnDItYoyqnTXBeXH9hrThRVaZKX1f58JMT-Z1hkjAA1sD0oNnXWNJfFeJFZ;1zJojmdcdzz4iYJ5
/v1/redirect;sdfsdjhgkdjfhgkjdhfiueyr9348;kdjghkdjfghire
/v1/redirect;mOrdGxp2Ff5mWCub5_tSgR14mjuIik1pAcKp6wiB8tffIRvk3gTQbl7RTvWn;Ysujumr1eZ_WG2yW
/v_Error/redirect;0im0pPhSK4lLp64E0MIUVdzF2wFk2kmD4CUsmi6cPlEnk7b52qOY32GGWIQB;FNjJJf4Ccm46A7U-
/v1/redirect;sdfsdjhgkdjfhgkjdhfiueyr9348;kdjghkdjfghire
/v1/redirect;-4ewvgpvU5XJ70MClAYP52IIHvfvHZnXzZyXVUoCqBj9Za6wL5vjMvltJHjB;_k8YpVUiaD3kdgmz
/v_Error/redirect;jYCpX3R7IqBHl2xcgScNcArSf3Pn5mAAr0gcfKi8FoTV1gKqhnjoQRI3Zv-w;E01kcbVx7g6IaslZ
/v1/redirect;sdfsdjhgkdjfhgkjdhfiueyr9348;kdjghkdjfghire
/v1/redirect;6kIQk23TZVGjGATvCZ1PRpZ6eu5e8qm5A9Lq_VFQyf-oGF1e-fpXyHqRoyJn;auTE42tv2TUyUVW2
/v_Error/redirect;M237Y5gNIRing_m48tBgEelmepxXqxV89yTU-olYsKk-abjJfxxbof60rHqR;fmHpPJfa-pBwrBmA
/v1/redirect;sdfsdjhgkdjfhgkjdhfiueyr9348;kdjghkdjfghire
/v1/redirect;O9E50-DRcRLrUwanCMZ3ccYzj5ntEhU_SHQLMtHejcH4HR5UnblKSVVgSOfB;EN360xw2Vjyr7cV3
/v_Error/redirect;kd-uXebLk0qleJZwUAbXc3IbvmpsjuNJ-o96LZcHoy3ZQkKs87vwqOdBbedD;H5dJ-IFrn26N81Fw
/v1/redirect;sdfsdjhgkdjfhgkjdhfiueyr9348;kdjghkdjfghire
/v1/redirect;QvOguXzo0-Xt-XEs1Bz6ogaz8yRSbQcVO3kvh7zl1GWcUsFOKznco4IxeRLi;QjGR2vdIPr4oF45E
/v_Error/redirect;JbIfmwi0N9RcBWdy1QqnWMVOg8VIdaqTmP6C-88d6KLPMJjUcIIWAWXQEbFu;uvGcfKvbP8IC2U2b
/v1/redirect;sdfsdjhgkdjfhgkjdhfiueyr9348;kdjghkdjfghire
/v1/redirect;wqGl74cXcIKY86_d33rtBK2fHiVd9NBA-Z0aYuamkQRC4SfGuyif0O5FHzgx;17Q6GF7hdn3RZbX6
/v_Error/redirect;fGI_IcPeQQf06RlIvFmGbHn1WbTDeSFHTctkXqVBfMG-u4TvOygkFS7m5SWh;RKIt4y2pcRenIXBV
/v1/redirect;sdfsdjhgkdjfhgkjdhfiueyr9348;kdjghkdjfghire
/v1/redirect;XQBJ20-5xfoP_-MU9H8gsvYXqRSetjYNEvlhSkCgdb-HbwKGWd2YNdkOK141;9CiJIzUdN8v3x53C
/v_Error/redirect;3yVCGCiSKzL9WFBZV4qZExdUr4brL5YYlqYh2DEyH25FJ1FyIkb0_dWut_zO;vPCuPxN8OqllFdDk
/v1/redirect;sdfsdjhgkdjfhgkjdhfiueyr9348;kdjghkdjfghire
/v1/redirect;p_UeTeHskgLL6fKvwENZi9PObvSCHD1dOTLvWN-4UsY8HjNGl7bVIWd3mUe7;VzqXMUZQnuvrjbZ8
/v_Error/redirect;EkcBiox-Czl89lM4bOrWxeiHLF0t8m0F6IYdn7cZtaywKPnBR98vW939vOlt;n6Vv1oUbhYfrVJ1c
/v1/redirect;sdfsdjhgkdjfhgkjdhfiueyr9348;kdjghkdjfghire
/v1/redirect;JQQKm9zACtE4JKWhH6BjS13-HXH-nahJ-_5soVatznK0lboYxNZLJzI3DoSx;nkG3zXmDtrKyiAGL
/v_Error/redirect;t2Y2onE12MZjDDzdx_IgdUmyPj6uUQSg0lxSzeO6yBtAFwbRiGD-OZ0_HMg2;H0mFmqWJ830MM1Xt
/v1/redirect;sdfsdjhgkdjfhgkjdhfiueyr9348;kdjghkdjfghire
/v1/redirect;UUwlR_KL3c2t7EoamR5PQhYyYkqxNtOijBhEiwGLmF68Lr9kXqs8Kq2WBNu7;f1TPI5Zo8CVfUN7w
/v_Error/redirect;ZIVKt6CMwxVfBBScUDhWXDDcvZjDelyChcon4rUpGF-bIwxWkgr90I7av0_o;jvVrAGx6aV9AoLXr
/v1/redirect;sdfsdjhgkdjfhgkjdhfiueyr9348;kdjghkdjfghire
/v1/redirect;zH_ns5wT6alg02Rg9fB1AU1RSthW8B4EQTRts3UIRx-vN3xmuQ88TOkLTrSV;MvaYtVS-E5R0pIfN
/v_Error/redirect;kDsr41Dab9r_L1llplc5s0-FUOUxTBT3qHV_xM-a9QiodP6S4NUPzivasgMP;isqO-bdv8oVUyHja
/v1/redirect;sdfsdjhgkdjfhgkjdhfiueyr9348;kdjghkdjfghire
/v1/redirect;GTihsuLAh9iW_FonvmqyVyytdtHuYxpI6u1GLcyewyHmx2sZYJsXWrkDIXLV;poKWpK7szAeZyiBv
/v_Error/redirect;bbdX3cU3N4AzhkmYCG2nRzUpLl7LZD-qLdfZhBdUEJ2jtWlHXMYuEFYSkH-K;0-Z16rfi3yDYW40K
/v1/redirect;sdfsdjhgkdjfhgkjdhfiueyr9348;kdjghkdjfghire
/v1/redirect;EEY9uKZCFXYT-Ce38YLLKgi31vDh_1AmBb42iAzOtCfVOFn1BM0eQejq6ezG;-7pcR-EmPsngxSgC
/v_Error/redirect;liQ9FRMK0ibe6gd6ZSv5CtVCrQzHCg5n-kf-pBqDidVz-ZCIdlxCf7R9H4ou;iGWAEecEN9wdAZs6
/v1/redirect;sdfsdjhgkdjfhgkjdhfiueyr9348;kdjghkdjfghire
/v1/redirect;QOdXCgvkHptZHmz8ZV6o9NkeAAyX_5PEPEVdqhzHV_K5uSSFEB5hYH1wk_hI;ChGfA8BggiHiVFW7
/v_Error/redirect;l2xacSTobar0-komeuLWU5BZ6xCP1llTS0739DGR6qdt7LASjeB2-OHAGWr2;4KLG3_aVP14AhtPX
/v1/redirect;sdfsdjhgkdjfhgkjdhfiueyr9348;kdjghkdjfghire
/v1/redirect;TN5sF7Bpnj2K-g3LG-x1bxaZqXNBOU0ZSXwUE-bFDBIaHcyRs1nHgEkVcLlH;nfWHkAGwf5cG_3Rg
/v_Error/redirect;81NbnxnD_aYH57_i9lvxvMq5H6hNdZ7HTt6acJ3IiSo7KYLITj9RBNBeTOMl;MEjy3SFpgTP2GThb
/v1/redirect;sdfsdjhgkdjfhgkjdhfiueyr9348;kdjghkdjfghire
/v1/redirect;tWzWr8dtcn1nEWG5nKhmVAmLP_dgc7iGbFsGejgKsmiC__mn2HQpfM0fRUz4;4P_1l7qpLhKbXzVg
/v_Error/redirect;vwWyhTNXLuYN4zMVakAOrudVDxtYj87Za5hxA8AAIJu-7pYM609GiOLHc6bb;lt_rgpzljUUjRi8d
/v1/redirect;sdfsdjhgkdjfhgkjdhfiueyr9348;kdjghkdjfghire
/v1/redirect;u5ggod3qzsMAtgD3Kd1KfNlpubONRVtY4JqMl-t-JnFd8yYUvBWhwkIzHy2X;JfcGkn_-20AbyyyN
/v_Error/redirect;2IKnoCVUz89-XhuVBE7LgNojxHgadgsRLWNR1jzpV8RRgWMz4NHQXeEodLlo;B7y6_cpGam-ZvxV7
/v1/redirect;sdfsdjhgkdjfhgkjdhfiueyr9348;kdjghkdjfghire
/v1/redirect;74rp50Bav8SdF0jHu5fQ985HsgmdgtjWqxDpCszcYYgcX9pTUaoNZtrpy9A6;LkkJWrF0zprqM4K1
/v_Error/redirect;Q7KiN_43dy9vTOcL0_pzBBxhaKXNl-jSFsswutmZrgNeitKVOw0YY6su1UqM;D6oQzsAQB6qstHSe
/v1/redirect;sdfsdjhgkdjfhgkjdhfiueyr9348;kdjghkdjfghire
/v1/redirect;VjRspnjClyofGsr7HCc0b_FRwqKY2O9NKXO4FuvK1sWlUa0N4MdWuFqncbBH;J07w-6pbDseHbdrQ
/v_Error/redirect;-3FAYzLLUQag2S4AAdgY1rEKurCrrZP1rFkh6SldkwJ0SJD1WOE9Z97sOqvB;Gp_w8Z-j7CfWCr2Y
/v1/redirect;sdfsdjhgkdjfhgkjdhfiueyr9348;kdjghkdjfghire
/v1/redirect;cX6J0sGt9yZwG5X2_zX4Z4A37aymSHOxhHq2AMTT96uj_Yv0-JavPaEHNppD;Hqgqo1AbRzZlMeOV
/v_Error/redirect;AQxDO8FDg7BSh4XWR-Y2JjtFjlcrbpWT1GExLwTotC2viKEfGysiQzx1zlCx;RfKD0Az30wgKAvta
/v1/redirect;sdfsdjhgkdjfhgkjdhfiueyr9348;kdjghkdjfghire
/v1/redirect;l7KLg3gFcInEes4QFQ7WGL3hVZHPqJg2m1a45TQvVIrhTiWmKuSuiQ6L4pdI;p0XQitqKVwiCQzsN
/v_Error/redirect;1IqrsX4-Z5dX7Gz555YUOBzJ3BUhw7aJRWI6M8hlXjTKOvicfTipkC1DkqXy;FB55CR9ZOldTJZw9
/v1/redirect;sdfsdjhgkdjfhgkjdhfiueyr9348;kdjghkdjfghire
/v1/redirect;mbTO5wsVG0rMCIW0h_FHc_xeV3a0RnQ7DdptNmwgUG0URXv8dOZB8Yxy8JkE;wulv_s_QRdX6Nlz5
/v_Error/redirect;E1hm8DoQ7bjS0-2lUnSmrFEa6bnJnSBY36BFdCpVRkAnXlmKpHL2MSRu5Ms4;6yHzhyUtcoPtQZcZ
/v1/redirect;sdfsdjhgkdjfhgkjdhfiueyr9348;kdjghkdjfghire
/v1/redirect;TSpskvCKEMHmAMBMi1dvblC1ZxIp5GDwqF8HFu9JBMatfZlnmbw_MLWhAmkg;grCuM-QQz6HxEWD2
/v_Error/redirect;cbwlaewBFoLjQkkmqgaX3NAu_LrOQLvRTF3xXbyrMoj3wUrZL6IEpERiIODp;ioNszVqE8V_51c-E
/v1/redirect;sdfsdjhgkdjfhgkjdhfiueyr9348;kdjghkdjfghire
/v1/redirect;dc9zn8SKapQ9gDU2sJ0cDQHcM4iFgEwpcRE3iV_Y2sv7gkMrhU4pzb4RXdnC;Z2TJUzWAQ23I8qXe
/v_Error/redirect;756OpNN6fUybvPevoKf-TnY1CkMwUJfVThFGvRX2YHNA8xOaitgBEEc63UH-;sVfwTVScCMRGEdBn
/v1/redirect;sdfsdjhgkdjfhgkjdhfiueyr9348;kdjghkdjfghire
/v1/redirect;ltV2gKxP816XnOkAhQIqI_yQ80GeBp1qsoR0qveLWmoti8Tq1czQuB8NuUHR;3nrERGcbwokRETdk
/v_Error/redirect;gwIiaWq_xIceTl_YPIhZG2LqMpbKR4-xV9HW8Y-NY5Z2oeI7QWXFry1Bgmyt;zqQwoO_XniahO1pa
/v1/redirect;sdfsdjhgkdjfhgkjdhfiueyr9348;kdjghkdjfghire
/v1/redirect;vCzxXx81ZUKpulwNUhXZksObhqS7KvQbtehFSuAJgdRuDWnu_bpnOQePt1Kb;hJ00RtziJGuqqvrO
/v_Error/redirect;5WUDDgY-z2LaXOIVqIhDcNXlaMUc-pc4Fja0EOhzIExZeVg7wC3MNtTsD6pX;Z3z0saEZsNdXn3j9
/v1/redirect;sdfsdjhgkdjfhgkjdhfiueyr9348;kdjghkdjfghire
/v1/redirect;tuvyMQrZmdBekiRGT_udPjDdQQSmg-riX9F30qF7dARl2ECZIlSPsuo6Jeg7;b5K03s6RUwg7tVLX
/v_Error/redirect;ict92m9gT1NJmU4CMtpAB7TURfRgDm8VNL1kR0KGIxC5M6CZ9Rjk3atHa9G0;zAGzjAME2Bdecu1P
/v1/redirect;sdfsdjhgkdjfhgkjdhfiueyr9348;kdjghkdjfghire
/v1/redirect;SmiKCwHvAisFhz28oBbAwmerDTFK77p6Az0O-LklZGIaQmmnfyIfbf20W76B;G6rJRnpVg5D17FTE
/v_Error/redirect;bD03ctnkfx8zSm6agatrBqypEd_wmkhuHesYGB9ZBHhJnBOYhXYxiOVJxTw7;ZvLFX2xc3n2vVVxN
/v1/redirect;sdfsdjhgkdjfhgkjdhfiueyr9348;kdjghkdjfghire
/v1/redirect;99RrN3CimNlKb3PMlKW_xaYKKrW-V9Jda2IFAIKU55tnp7izgnJYPUPxAUyS;EjE8Nt3bpRUMvGyh
/v_Error/redirect;lgG7OsTnMlHsIy3RNUc6l_d2ND5sGA_dClhsTF1txat74-i7gQlbAbhmASgA;axNBpooOhNO_xL7R
/v1/redirect;sdfsdjhgkdjfhgkjdhfiueyr9348;kdjghkdjfghire
/v1/redirect;7JpYb5ucZT-hT1UFv7H0pfMn_P15PsoYCTAHol8p9k9w2kl-8YQaILsmsqiG;Zboc_gj0HCfkHKuZ
/v_Error/redirect;YCyUZ7l1uUdS6CiGmcBHHGkDmFsldILHRBOhJAVAdkGIR4fVR53X9wUg7jlh;44AoSBPkTCiB1ifx
/v1/redirect;sdfsdjhgkdjfhgkjdhfiueyr9348;kdjghkdjfghire
/v1/redirect;L-7faWct_fxsCRcgTqoTbSlYbV5cfh0YGZE_t99_hTeZdsxmhLPAmYmnyb87;oC1h9PsYSPkmTVJ9
/v_Error/redirect;vGBwew99nqkVTjpgLO8LBBqULlETDsJhV2gua6n7AQ9DUTDoLtqyZkjjlqBC;QZBhjNWZGlRD6HxI
/v1/redirect;sdfsdjhgkdjfhgkjdhfiueyr9348;kdjghkdjfghire
/v1/redirect;-OX6e8y1kzy32O417GfrFJ8cmGxk_a_7KLi1DHZLq5Ma7_7DpZTwAodmE6Uz;-anAe2-VH8BMcBQh
/v_Error/redirect;IuYvFkeTKzBgn3ktNHGrJgPWJOjPaTEAA4SNRKv3ot0mp6qMWxmk4lu6r6ps;290lM_WSjRkUpLFx
/v1/redirect;sdfsdjhgkdjfhgkjdhfiueyr9348;kdjghkdjfghire
/v1/redirect;tI9g5UbbIOs5OS7xCwfw2tVcpbRCGbM5JRU_RSjmVm2_4vHGUW6b1-K6Uttv;YAJT8raPo7D5WLX2
/v_Error/redirect;0OfuROP0X2EJVM5FRDVRk5irkAqh_d0wSZXLQhvP1rOWnH8CcPK3qr9lmoCN;tG-ka-WfFBqfvL12
/v1/redirect;sdfsdjhgkdjfhgkjdhfiueyr9348;kdjghkdjfghire
/v1/redirect;q_DIZjUZIRu25vwUIvjjx0K8AS-AH2FbKqXgH_FNukF9YGPffRCIlLWaHGgO;X6MjsfIc-BYMfdnz
/v_Error/redirect;iIDpsP5dkQK16Jca6LqmDCWFoXELh1WlZXMlgPB0wpoKJCNzu4YB7kWreaTO;t7_FFhrMBxROVH4C
/v1/redirect;sdfsdjhgkdjfhgkjdhfiueyr9348;kdjghkdjfghire
/v1/redirect;oJvnPzo1-vnsbT_J1iVfkSOh6taE3c-D25SEFhcz6onoL_btvpGBc355HjVG;Q5QpGcYOsQiRHvYS
/v_Error/redirect;NaU01ldkI_QXOIdDutNBbBX5Z8YWzI1W8MYY88ENTc8p8TKlEarIMdbtwCFU;TVFoLHcmr-wT5WVt
/v1/redirect;sdfsdjhgkdjfhgkjdhfiueyr9348;kdjghkdjfghire
/v1/redirect;Pl56S93muT1VoVbYhXR8AgQ4Uhfjg4xqcKSOhNTkkfBjftDDkvM8uBwOCWni;53tdSbuKUNMGOzhc
/v_Error/redirect;4Tq9DO5Cl58sWivQcF6CrjqrYY7OQ0EO_Rp1YpJ5cry9nidYUnOk7UUDQOcB;JgHG83VIkk8GDDvn
/v1/redirect;sdfsdjhgkdjfhgkjdhfiueyr9348;kdjghkdjfghire
/v1/redirect;R96Rtgu4QqiU-AZA_8wr3JGMymjD6dwdxpGuFC8dDg2jqU4AJCGxKf9aFL7D;56E7uDNsSzNyIt8p
/v_Error/redirect;7u0YJEcWtp52xx_sjgD47ZLa-I0Gh38YCymUx934euKENkImMR1jmrMlEUEW;CNkQMDYqTsR5NQy-
/v1/redirect;sdfsdjhgkdjfhgkjdhfiueyr9348;kdjghkdjfghire
/v1/redirect;WRUQA7tosjUPPxJiGgcC7nXakS3jl4gJ_5KWYJ0Hbm2NCiB1d3b_rYjydzyW;3Zh8vEZEOauuVAxo
/v_Error/redirect;ShBXE5MuqE1E8llzTLjaEnPyfreeSYPjz-wF6vwI7VC-_pcexS1e1ASJPBxQ;e5--HSg9YYGVOZVZ
/v1/redirect;sdfsdjhgkdjfhgkjdhfiueyr9348;kdjghkdjfghire
/v1/redirect;osaPmYJyW1ZzgUugm4mH8kD-jN0KG8G1E20vfnr3osAC19JKIFGUtovg3mRX;GhE0eqOQC5F0PkEa
/v_Error/redirect;yH56Wz0UfYd_HH0AY3_w3BVpM6ArescYWEIgLqzK8ej4rN4alWobYnvxwwbp;8O_S40bxsKyKq9C1
/v1/redirect;sdfsdjhgkdjfhgkjdhfiueyr9348;kdjghkdjfghire
/v1/redirect;YTnUUs4tJSQKAJbXE1ZLc6rAjOYccwHXCDe80tUl87E5L0Pmi0R87WyLEn5c;P3IYZLUFbswNgX1c
/v_Error/redirect;GhtYNfWlFC5vRpgAt1YOtv5y7WGPS5TUMyCyr4dslPpXD3rW2Lvcth5aH3qv;3KiY_jlcygqU0vn3
/v1/redirect;sdfsdjhgkdjfhgkjdhfiueyr9348;kdjghkdjfghire
/v1/redirect;AAgXpcDoE-D2LyDacrLljVSRtNh5ZsH-epjzX2qaHWGgNhPaZH2c6Bst-JIP;n6WHmhEj37Ciwrfy
/v_Error/redirect;IUbI96QBK8B-NssrmYLTeLQ4P8I9YuIiWTBkdihIobU0w5T1yq93dibA-sM5;fDv-QsRL5aNvXBmO
/v1/redirect;sdfsdjhgkdjfhgkjdhfiueyr9348;kdjghkdjfghire
/v1/redirect;mqT6F3HRRCAFpX_3IkIi53EfmlhsvMTX6ajxlzrZmZ7aUVtkz7rtRAYw6ZSL;0k0U5ZvU5fE38TPn
/v_Error/redirect;RYaOT1ciJdorBrh5zo0blT1Drbs6sm5dbgT2-BjiP0WdQbGRIE04qDlIuBb1;YWIZJaG92umBr4cl
/v1/redirect;sdfsdjhgkdjfhgkjdhfiueyr9348;kdjghkdjfghire
/v1/redirect;CYYKJ4lI6Qi7HvCoW2QeghFyWC-5bubmRQaQZmnd6G49d3rXY-8fpOmzl7rO;YywIaQ9tq-ZOixeS
/v_Error/redirect;5ofMPbuRk3JF55DVu9soFbX50uOF0V_Dc7BYNWo0kn7zp-olaP4PWlzcnt5p;mqk_G0-zqsL9hY3y
/v1/redirect;sdfsdjhgkdjfhgkjdhfiueyr9348;kdjghkdjfghire
/v1/redirect;yXWmVuydyxS6cEwbLycqHyiOYYaHcrGE-UTLs99z5S-QL-WVQymEtFZdE9A3;mOH6O8xBhJAq5IIQ
/v_Error/redirect;ztoK3jHKKhj5J4YxiVvjHh38HoKovnBxWYbGJAZj9vbBsRkq4CgrbmHaDwHN;ikoKy20GyMldelhe
/v1/redirect;sdfsdjhgkdjfhgkjdhfiueyr9348;kdjghkdjfghire
/v1/redirect;Hu9KHuvc0oMGZy57VXQPMVovlf7P5Cr7Vfa0PutWPDY8IOyjJOXm37QKPO97;E8XJLbt7ftcWRg5c
/v_Error/redirect;ZOmfxtiRsTPnepo8IzBd_zDTll2VAgSmVuqRmY1pkI2ay6ob1agTTXIRj--k;ZZ-D8BoYe-TJqJkN
/v1/redirect;sdfsdjhgkdjfhgkjdhfiueyr9348;kdjghkdjfghire
/v1/redirect;j_c_K26Bu7fTQyQYjg2mTbTA_-tUK-tSZEHDYiq7f-n6gRd9po1u1rvClajU;nCM1TrA7KPeDun9y
/v_Error/redirect;f94jssP_av2p2_v4E1BpRNAAfO-PeDSfS_yftLBRXE6LhIbc-LVPYFn-7cD1;I3qb3ds14Y-iMQwG
/v1/redirect;sdfsdjhgkdjfhgkjdhfiueyr9348;kdjghkdjfghire
/v1/redirect;V3vdjl5TvKrNvqF5gQx5V4GgZrM9jgkQEuAxXbI7qnpsRhbeys8nfsnoORcJ;34pFjjJ_roKP6jgV
/v_Error/redirect;v1_Txw8zmawO4Z2D-WxQY9rXEfMitaYioZAsJQM4Xxzf8F8kPPoIF0e4hRDG;g_h8ZISrWts_eUsr
/v1/redirect;sdfsdjhgkdjfhgkjdhfiueyr9348;kdjghkdjfghire
/v1/redirect;CdUEE6eaSe-wtvu7kWYBaDYFI0PyJmL45R08GQZxmpezFzpjYpPlcUpkR44_;lzitzMWo5TZDBcHt
/v_Error/redirect;-xUstudgM0hGeic2-QxMzVaU_o8McVHvotUo_E24O4pnW-5S393iFez7IOLa;7kg_XRI9rBa8nHRg
/v1/redirect;sdfsdjhgkdjfhgkjdhfiueyr9348;kdjghkdjfghire
/v1/redirect;vh0CRN920OexKxkF0YSEX9fCCkNvsjXqZZnUtYR3SpMotCkMr-Tpi0Jo5FXM;JumUGOR1J6aJmnr4
/v_Error/redirect;4JxTVUdMmJqWdYlaN1ST01ygoTWEMY06OImDsdNahXtWjeKZALa26SvEqih5;LXqgjQtkEksJFJ6L
/v1/redirect;sdfsdjhgkdjfhgkjdhfiueyr9348;kdjghkdjfghire
/v1/redirect;YhTrQS5bZY2Sv-39zNAOJXkdV2ACjC8JnpN1u5tUrMMJzn4oLvx8DLrvmkZK;SRKTa2JLdDjcKZok
/v_Error/redirect;g2aCz26-IIZq5uzkbTBcHvPgXzg7hd9ZSV9g_RnogpT4vHSZZzQQu8LlRkWf;0y6LJHn96vd7DXpb
/v1/redirect;sdfsdjhgkdjfhgkjdhfiueyr9348;kdjghkdjfghire
/v1/redirect;wT55dE9M2mo-5bL9ax5jhzJBBkr1jcXqNF_W8S2R_P4O_FuT4JJ71BeLDoag;FMlu5a-_J20mczEz
/v_Error/redirect;Gi-_1Z9Js5OXB7O5zsuSAvlg1exDdfO_fyFZ1yMIUdjLKoBN3lqgkRRN9dD_;gaoniFasgKFAF9LD
/v1/redirect;sdfsdjhgkdjfhgkjdhfiueyr9348;kdjghkdjfghire
/v1/redirect;gz0U66ddUrOMOQ1MUzaxRLL9957-Uid8B_PZARbVD5s6kt4A3R2lDlQHtJTl;WxwoAIQGAZK5F2lP
/v_Error/redirect;7z8inIYE6w0SCr5e3wqM1uHUVmA_D_nsXwH56jYUMnxq1kqLOj-UgmbPViN_;3xGHN6h9Ww_27_05
/v1/redirect;sdfsdjhgkdjfhgkjdhfiueyr9348;kdjghkdjfghire
/v1/redirect;abPtiBKjb8i1_5xrAETNPSEpg8zvPp5o81heLIpkrtlk3z0D4cWH-t7ekNCz;OJ4CoA6QtY2ucz5Z
/v_Error/redirect;7IVFqUShQks9_QC4qDYEBFFFscrCP5X1u5udAXOQmHsRxvAQpWqqSFcVCKSS;m5ltFHxG3xTOK2FJ
/v1/redirect;sdfsdjhgkdjfhgkjdhfiueyr9348;kdjghkdjfghire
/v1/redirect;KpNZum_4aM-xEkg3OixG6mU2M-J2L9ygy4p0eS3OX3ahTfGXddVWw9PiswTk;E8b9FL0R-kHuld3E
/v_Error/redirect;uEEL2M4YL4A_o8RXZeKOaZk_MhpT2CmE_nYa7l9YNSARB70dhHoeda5LYVYl;KA2yYDSm1JC2wGIn
/v1/redirect;sdfsdjhgkdjfhgkjdhfiueyr9348;kdjghkdjfghire
/v1/redirect;XvRSdT4oJoVugLlWwkbu5VXL_RBXa-O2id8I-lmO6XqJpE_SyoYCwoBYz2mK;fkvvJvewKPg9juQO
/v_Error/redirect;ya7eagtIaolEWPY58dA3NDle6SNMMd86K5jWbdQBR9AtG4DN8IIBywr8mugW;X-XIDN4uou4etV6p
/v1/redirect;sdfsdjhgkdjfhgkjdhfiueyr9348;kdjghkdjfghire
/v1/redirect;tEHwGWCCflrt65MzmdYZ7-Yyu5wLXjXvMjn6uCUuNbv7OrVIEt0Iq16RM0jj;KiBPCWr65hewlcLf
/v_Error/redirect;yKtlD7jvashNqTxhxFwIBa3utwC9f0rA3L6tcaOC_NEC0VzGe5f4IxNVyRAc;o5RnO34rBBvAiKNG
/v1/redirect;sdfsdjhgkdjfhgkjdhfiueyr9348;kdjghkdjfghire
/v1/redirect;AMSGVfJIhsnTbkY9BrpjGLayCLMGK74kR4Rvxlf95-Y8IUjAk3YgTFnLIETY;_mqXweyQd07NgV6_
/v_Error/redirect;U8FsAWT4lJowbh3EaRJutMe1knCOICNb84l22IscmlVpaB5bquL4hvM2b_ZO;nQuTHECBhGEHqhui
/v1/redirect;sdfsdjhgkdjfhgkjdhfiueyr9348;kdjghkdjfghire
/v1/redirect;59_5ixS4SzXN0po1q_pHYINj9I6Ug1fCWDuAJiMwvOeyiqZVCXSCwwhSWpy5;uOGALakpCA39q_c3
/v_Error/redirect;gjAE2pD-vj6XgrE1hR3M5x0n5lkfh6Y6Ny2w-71fWUg9kB-EEDshcAkOU4Tj;vOSkVFYcBOKe0UbG
/v1/redirect;sdfsdjhgkdjfhgkjdhfiueyr9348;kdjghkdjfghire
/v1/redirect;fzn0xrYcHTM116dRAir3ITbN5naoh1NMWl1mygMJBAHR4wGziNA4aljAR4wi;lHRH-o34-j5hiYdo
/v_Error/redirect;KXCTY5VdJbnulF_GdkXD-LAn6NsZLX3kQ02VYuYzXrM3mFs1c0kFNbI9NURx;jTrcChkt5KmoU2q_
/v1/redirect;sdfsdjhgkdjfhgkjdhfiueyr9348;kdjghkdjfghire
/v1/redirect;5dkrW6eNvCMHJbKyXodZNxI2o-wEKISI0jLPjkCuYi6dp7HAKMbOHIQGp-Qx;L7s6ngafvmlCiA9B
/v_Error/redirect;Zny80In30c7MX1eLfMwTKs1P0MbgxoDsutKuKTK4XyRBMDYrMUXIbs4mm1Xy;X61n5Z7b07SHFqaU
/v1/redirect;sdfsdjhgkdjfhgkjdhfiueyr9348;kdjghkdjfghire
/v1/redirect;hNJXNdNg1gEYUQdwdzK6_-dNX-J-PxcF4f7Rsu44kuxBmbUPtzhxV9cy8ohC;hCRb5mzLZVNzJuoJ
/v_Error/redirect;gOdxz1ioZ2ucltAG0BNJJcuwVFH3aovSrcZ37yfbOVnXi6qKmEq4Ueds1776;7iyhNauCHg9G63Ip
/v1/redirect;sdfsdjhgkdjfhgkjdhfiueyr9348;kdjghkdjfghire
/v1/redirect;nbzohvMwBHHnNEiNgtU09tcj86EabegU_VCSEqbEslZAhS_AEqQpSvvPa51K;8-njfYxZEq3RD7BY
/v_Error/redirect;9ZP_iQCJQuRjWsJfTabAWuEbxgBbp8wrs_5heLMM_9CHV60Sd8Fn7Vl6Iy_c;WwAqGMfsvcDTiVt4
/v1/redirect;sdfsdjhgkdjfhgkjdhfiueyr9348;kdjghkdjfghire
/v1/redirect;N0e8iij0PbmIZGM9tj9vOuOUVgMwAuczDLopRAZ9WJl-cnonDqURHyStLMuX;LN-rQOf4-CM_Cxsb
/v_Error/redirect;s43MyMf4PtpYvMUS6VK5w9QmJfbMCY7VjjuZg1CL5f58maZvM3tZH1JSgMJt;vvCRG3M-C-B2cuvl
/v1/redirect;sdfsdjhgkdjfhgkjdhfiueyr9348;kdjghkdjfghire
/v1/redirect;HtZFHr51P1S1MXij5JQt6yWzeQGy8f59UJnQcTetWDzZJ0WPfuMlq_rx8nqy;pDFGuFjTSytr3btg
/v_Error/redirect;Xg9EIAy2M-50QdZtO7dFsQSjO5NFzWGt7W6GVeUpZ0BYHjT9RFmO378p_lkD;RfU1EEpjSzX6l4iX
/v1/redirect;sdfsdjhgkdjfhgkjdhfiueyr9348;kdjghkdjfghire
/v1/redirect;_Y3Lwnb1eQbghBAszXvPZxCfw5XiMwZ6gDJyj1THrDfRqs54VeHEMrRTDD-V;cyJ3idBDLXxdPfcS
/v_Error/redirect;WfGCWVn9S1TrztdmemuwXTBYg9mgF2tUbEGzUy9z9SC5qMKGWqu9Zed2QV_D;qsnrepI0xiQXs8qy
/v1/redirect;sdfsdjhgkdjfhgkjdhfiueyr9348;kdjghkdjfghire
/v1/redirect;mOHk46zkS5CSb9ilSk9l7mrR7cpOmW4IjN6gkn2usADGdZrt4l-W2DDtdlaL;C7-yLou6t_QYl395
/v_Error/redirect;lBMn-RtYFFcA15nmGYjUzyg1oGFg7YOesVK7bdnr_lRq3kzxxrF-OmC0Soxl;xFWNpxkCvWdlM8yN
/v1/redirect;sdfsdjhgkdjfhgkjdhfiueyr9348;kdjghkdjfghire
/v1/redirect;2r68skb0J9xoAT0_lPHuJwGGenPXu_X918F4YpTPY0KfNYIB1w2dkLvTsrC0;XSRXmfdr7paT6Os4
/v_Error/redirect;4I1vErjfPggLw6w83_UqqGL4dQPvQZxdh0n4kCqGdJpsA3GNDVCR3N9QGoLr;6y0PyusbaEGyU2gg
/v1/redirect;sdfsdjhgkdjfhgkjdhfiueyr9348;kdjghkdjfghire
/v1/redirect;wSuymJ9sN-uBy_zSbkIX9GTrqSbup2OZVeQpi5Tf75340O--PwOEh8lXYQis;0Kqu6ntmW6Zd2HN_
/v_Error/redirect;gXm9k0YhZDmerCfONl6Ck6v_YB6kIfGt8doQYBw_bqelIn2Q_kvHtWVKreDL;HLHA-NMpGI0g0CnY
/v1/redirect;sdfsdjhgkdjfhgkjdhfiueyr9348;kdjghkdjfghire
/v1/redirect;cC2yWXXVvALriukHimWiXFjA2ro17_ELR26AY4SXefF2NuSSOgo_XcnbX5M2;RD-BuRiXtfeEijR_
/v_Error/redirect;-dRPaFGF9jMjgNu6bJvCdvqOorfvPboWNk1ZhivJ5vcd3-IyUlq4O4uK-sng;F2S51X8dLKQFMIgM
/v1/redirect;sdfsdjhgkdjfhgkjdhfiueyr9348;kdjghkdjfghire
/v1/redirect;aZNyQ2T7AjdQG3xsca49UwPPgJNBC9tbrEcxZ61E6ASJZM-1pDd85SP8R34t;xbuKxvVmbMF5QdMq
/v_Error/redirect;pLZT0fJzrYT9uh6LXKLRTI40fQjciAwmoPZMzNnW8om8ZsB_WEro3I-AiVpc;NLWktTZ6WLEWfoHs
/v1/redirect;sdfsdjhgkdjfhgkjdhfiueyr9348;kdjghkdjfghire
/v1/redirect;ApIra0X5tLh2qmgPPN9UyKlG89xtMplBa2MLr7wngOk_lywXuH1nMr8oIPl0;w_cL_REtocL2o-0Y
/v_Error/redirect;x097MeL6z53_qbzNqDHqi16AGP8xVduX9G2jIejHPN29nHSRCeJ9zH585QWJ;TWvvlM_WqG57ucud
/v1/redirect;sdfsdjhgkdjfhgkjdhfiueyr9348;kdjghkdjfghire
/v1/redirect;mYlJCq-rFGGZ5Flf7dkfK8lyQ-gdKRpfR4ZBRObTsvhCd18kJ_CZ4XEFFYYh;XiNwP8f78QSXr9gM
/v_Error/redirect;iPzayqLUdd_gNnSCE7uW1QGUfIoGoSZ_EKRd9rWdGbQnctEUU_ir_elObkVU;VNplCtSOlYBBR-sW
/v1/redirect;sdfsdjhgkdjfhgkjdhfiueyr9348;kdjghkdjfghire
/v1/redirect;rrMIAavd093Au7JlMpNrb69oHs9oK5aY_vz4P2vQxdrg1lerBPCFw0KtTUl-;WqcOFvneczhJZe_5
/v_Error/redirect;UZg8bZ-qck6WWB_uAnkeZRdczPqqaVaMtCvKT8wxINAvPS1niPfqMcq-8wyt;wKQjj-6_KHuWU_yD
/v1/redirect;sdfsdjhgkdjfhgkjdhfiueyr9348;kdjghkdjfghire
/v1/redirect;xQMfE9hAZADLu5N7sA-eWp2UN5imBkZaM739yOZRGZG87rNsSqt5UAeYK3fK;egglB9eya-Vr7_oD
/v_Error/redirect;tZOGDgPVUdeCvZDXr1QSVhUaTYpW2jttBzEdz1lnRTPJs6n-loO_5stC2WrO;TgHMgbhVxbqebHu0
/v1/redirect;sdfsdjhgkdjfhgkjdhfiueyr9348;kdjghkdjfghire
/v1/redirect;neooRmpbYPgZ1bJmfVCb23dxBNNjMHvt7txXKJELvO8iFVp9N4QVXbRtWyJD;eFjIlkpV2yBSSIx5
/v_Error/redirect;64pTlx0tWZZZlMYeJuSpGP_uSvVPAJlQt6kYhZ91-tcYtQcJke6R7ZxSJx16;JqKFOKKOrzEe53NK
/v1/redirect;sdfsdjhgkdjfhgkjdhfiueyr9348;kdjghkdjfghire
/v1/redirect;n8kvbKRDcJd7nfiH4BwgUYqPvYZQCilHoo0y37DYSS0MezKbSs-6iYBsFOuC;lO6fKZ5J-1LAY8PL
/v_Error/redirect;-cLghWX3flnBTn17qc9lTTjvyI9lcSOKD0_5HDnxjNjpbEdz-hBchwKW6DN5;0_k45s2bWlgVPc_8
/v1/redirect;sdfsdjhgkdjfhgkjdhfiueyr9348;kdjghkdjfghire
/v1/redirect;Wq8dNjcfqHFDtpXWBElSoxLlX3t56GjSLQVbtBnd_7Kddv0jDhYO_3fJizXd;-U8HPCkRQEFAhmWg
/v_Error/redirect;n_yWj0bIjfrtEXc52PQXAXIB-6jmEmupvuhE51Cn9Hph3zCDqwCHisiVn3OF;paxqn5BYX8NS6Fcn
/v1/redirect;sdfsdjhgkdjfhgkjdhfiueyr9348;kdjghkdjfghire
/v1/redirect;LE1zVn3Bc6MMZaXEuZO5Ey5t-b9Ul31D4Qo1FM5vNVc7tJCcZrSaJuhMUXm9;T3ltNFD-kaJsxKsf
/v_Error/redirect;s-AFP_iTwSOOsbvJ9mJBuo8XFZfv8hjAaycBPQ3O8PDzQOqzx_sUvOXTK4bx;lPq-yW7Dui73F2AF
/v1/redirect;sdfsdjhgkdjfhgkjdhfiueyr9348;kdjghkdjfghire
/v1/redirect;uBvAnMxp-0M45gvmCoQttXBaCkncZ95tPi1uMJAWzkmGrlrBGkwaMBYvLUTl;keMnGpDrVy8y9zpg
/v_Error/redirect;Um1H1wj9brbziyf3t4fslYCRySaflyYn93DZNgnpkt1wFxxBQprHW2H_fj5E;NT7tRfPQDuUyCzLQ
/v1/redirect;sdfsdjhgkdjfhgkjdhfiueyr9348;kdjghkdjfghire
/v1/redirect;sWyWZj87J9h-9gVI9TdLiLA951vZQswD7xvvQdc0U2uCQeejt-bH5guHL3Bb;Zq3pgvDwh6DyckcJ
/v_Error/redirect;3saxwqRLBU0MHOjzNF-SVZS9UE1iS0nom4xUraiuIQ3L28pe7wxSHTMyy_gD;Pxn7E7stDYxa3Dhi
/v1/redirect;sdfsdjhgkdjfhgkjdhfiueyr9348;kdjghkdjfghire
/v1/redirect;YCwrT1gjbrVQtHs623640LryyDTU33EJ4mCPJeqJr4SeJsIq2yEysHv9lUFf;Ju3MJTBsqBFBmaR3
/v_Error/redirect;oT1HHUQoBfmpmcdfzeJ6WmBNMrRakar3an-Q2lmCuDKXHS7uvdNEYbSM582B;9oeDkl9o52YfnYiW
/v1/redirect;sdfsdjhgkdjfhgkjdhfiueyr9348;kdjghkdjfghire
/v1/redirect;IbZGd6RrpHOMqccUMVYrUKE_YsC2tHoR7tLicOmsQcBLedLRXu6xjartz5MQ;NKBQxPIoYcOnNq2J
/v_Error/redirect;uF3c2HbKNWsx9UfPoaY8ik4dyv2oIS8lnPI_ntBIZWiKRLMnZ6okOvHSq2c5;I-knwRJ9SIwwXiNG
/v1/redirect;sdfsdjhgkdjfhgkjdhfiueyr9348;kdjghkdjfghire
/v1/redirect;NI5pFSl-2RqVnxpxjlO8xweD_T59Yp1nZgg9eMVcf_qZYYDzdTuW9Ue9_w77;TBsLAPTP5mZ1EEqc
/v_Error/redirect;orAQgbia_3PbppkOZzJWrbZu16Q8KiLBkQV2AqIlX-qcxWaxdUaLo0foJl-L;RrA7pRF11xDxWUe8
/v1/redirect;sdfsdjhgkdjfhgkjdhfiueyr9348;kdjghkdjfghire
/v1/redirect;enPvAz2Pduuq2smfMXpq69NPd1fmhR8S7SCFzHNJowVKnBtS9W8Hz_GvxZD8;iBnQhx-8V3ygZOV4
/v_Error/redirect;QDKdE0iPj1jDklBlQ16PFNCpx5q8w-g3ZKHl_z94mG8wq7hz9HjiOQ9-slcj;b-pRix5yDti_sZEo
/v1/redirect;sdfsdjhgkdjfhgkjdhfiueyr9348;kdjghkdjfghire
/v1/redirect;S-0AzgVOboRfhCBYULnfIVFSUWwjDoTeEIs1OClM8Sipxg7K-1a49gyzZSvg;1GLgrBqCWzd0oblq
/v_Error/redirect;6wdQj38DCB1btu0l3mETbO73Gl6fKxypqJJhtTqY4Q4HijZWT9VwxatlQfhB;R4SUQGs1wFaurAvA
/v1/redirect;sdfsdjhgkdjfhgkjdhfiueyr9348;kdjghkdjfghire
/v1/redirect;YJ79yTdJsGtOhhz-VYm_Z7CdZZdsE9iYXkokYZCgXTZw98Z01uN6Ct9Xavbh;2OSnaomGlvsWf5vx
/v_Error/redirect;9JhKBSXmLY2Ue5U0bxdxA8tcAvTTXKmDnpLk_jKZ5H1_jMDbue0Vi-kFw51N;c8ixBtZXHcuHeXrY
/v1/redirect;sdfsdjhgkdjfhgkjdhfiueyr9348;kdjghkdjfghire
/v1/redirect;brtWmtGLTrBs6Tpz_d_JNmkmNqGB5Wv1PlQ35Dhy7RwEqE9SYS8QXlqs7rXb;LBpXe0GezlW5iYmw
/v_Error/redirect;frjEHIZAzrIIBgTj224GqWG3Mj4M7NdPSJHdwcSzhNxhRe9tVqhxrE5qAX-g;P67ASValOzTv8UGf
/v1/redirect;sdfsdjhgkdjfhgkjdhfiueyr9348;kdjghkdjfghire
/v1/redirect;3W4cl8r6hCeaL_KPMUBFw0PdniuxM-wqhx93TaGOnX6L5Sj4IJEziRlRFBYx;H7j_Xz97Os4l7Om-
/v_Error/redirect;zVVl5t-WfrHTwBYspxlji-_Tr62DI9l14o7vVywF4HSapzmuRqrT9yLnNSvF;mSk6LKLXKK7TA_UE
/v1/redirect;sdfsdjhgkdjfhgkjdhfiueyr9348;kdjghkdjfghire
/v1/redirect;1-zPOWpmGIBAA1WpoWVMpIWqj5FBcRaplzB0JDHxRhU0dBis_9oPuJAc_Sx1;sJsGm4bxZNa2x3I-
/v_Error/redirect;wdEX33_rO_XT7zboF3CBCTKd5MGAZZzFfLEh9Qj-jAJlMuDqDv-I70n04P9M;RUgJzdDrPqUbWU8k
/v1/redirect;sdfsdjhgkdjfhgkjdhfiueyr9348;kdjghkdjfghire
/v1/redirect;iqdPWdg2EKADQumbvCr0CmuRG1iYLDAWxrxxPDTuu9F72aGikXWIqf8fYSyC;uvo82EYpA7RUt1cg
/v_Error/redirect;ACGPREcS7crny13UdAYwuNeC1QBxt8jbi8XRHy0EsiPS0f5BEIJS_3XiEedi;mdJD9hN3rFbrA6ac
/v1/redirect;sdfsdjhgkdjfhgkjdhfiueyr9348;kdjghkdjfghire
/v1/redirect;8gRzMlQNbirc-rTOYzfDh_HlaZ1y6tXI9XcCpzHAKEfHBcsqj9ttQ83f3-Yh;9zOUOq9dFSk2lbk7
/v_Error/redirect;mnRYYTeH-SWdbMi1ZlQ8wvmWoFjTJZPDCiIbclwSsSMaHuIB7-8YyaOO5WNj;pkKZ6JI9W8SWCSiN
/v1/redirect;sdfsdjhgkdjfhgkjdhfiueyr9348;kdjghkdjfghire
/v1/redirect;_HR8x4nFSuilpXnfVtOJrSf-0487QVm84xJ3P3lZOsQ5U_IRskdqAGAD1zhX;n3k71ktq8E5GDpER
/v_Error/redirect;Y_I9UwuzoZg8lff9Rj_kHXU55ajof4GVV_WOsH9vKx9OQwpBTTAgnsc9pmrR;syJNwFdKtxPGw__V
/v1/redirect;sdfsdjhgkdjfhgkjdhfiueyr9348;kdjghkdjfghire
/v1/redirect;68Teaj1kpd_urvjhEenrm5tJSjlcMLhz22F_uA20tm7EWaPUTxVq96D7UHXc;HMR-m8_2fTGLK93k
/v_Error/redirect;G6KZAayBwF86CgqjDuDbDn7d0o87iGoAn2Apz8BvgCJHTOnYx_bcfoLRCYOh;eUZ9ZyEbrnwLAqnQ
/v1/redirect;sdfsdjhgkdjfhgkjdhfiueyr9348;kdjghkdjfghire
/v1/redirect;_HP6gT10E3JcjL0PDRSS6ojP9YgMEGJuDBiSJkmaSzVxGDw_GBUf_HGeKL2s;VqaDyHKXq_hkv2r-
/v_Error/redirect;Aai63MWjGevYZogKC8JlQGt1CxcT-N8LZLcFBS6RRurDEDWbI13u8kOPca6p;aVqywamqmbarpc0Y
/v1/redirect;sdfsdjhgkdjfhgkjdhfiueyr9348;kdjghkdjfghire
/v1/redirect;VH5tH4nXZjsCH5C-rH9h7X4WlY_EGvYIaMsz-k-EQ9V9Kz2AthfkTft-VZ-R;kBnVZZTNKuT3f104
/v_Error/redirect;dl5tRaqBPX-k3sKYRy4Bdo4ipzQ8VbKl58jiiDvrpn4dndFPC_2SPxqdxzcK;jmmRz1DbSU9JAYtn
/v1/redirect;sdfsdjhgkdjfhgkjdhfiueyr9348;kdjghkdjfghire
/v1/redirect;cXyYFIeoH1WzG7ZzgxAtoJ4SbtYXzZBPTcSk07RJAKaoBRo9Xviac7y9DeLf;TblT_30ediIkR6Jz
/v_Error/redirect;0hT-vvzZWqFlK24NGfz0Ay0pF18QpB1yh_hGRRZUPK-CTk4gbt44_lCqko_F;oNdna_gYU2MDgE_N
/v1/redirect;sdfsdjhgkdjfhgkjdhfiueyr9348;kdjghkdjfghire
/v1/redirect;fqGV72h1QWuClSaHvS47i8MMpuC0ABYXqKuTE9CO__8MVC3gE_hWbTFs1zll;ZQmsSlnc2Un6eK-L
/v_Error/redirect;h-320Ys7AwNQmC_Y_r_LsNDAPPwq-fdQTFHoU0z8EWaWwpjWRaG5FTWrQQ2i;fhW_1jTmvaYZM9Gz
/v1/redirect;sdfsdjhgkdjfhgkjdhfiueyr9348;kdjghkdjfghire
/v1/redirect;5Mrw6RIixBGP_-VfA3ic5Nu5RB_QsBaTL_TPmRfpvtlpY3AHHU7UML3BBX6Z;-sHbp0ztMP6qOuzY
/v_Error/redirect;wgnsIe3NUL5rs76YDFmAXohZqYEqRyW5WkCMJFSrxA4xr3y5ybknBwOQQOCH;-QMRr2dmY8olwSsq
/v1/redirect;sdfsdjhgkdjfhgkjdhfiueyr9348;kdjghkdjfghire
/v1/redirect;lXybkmFkUg9iro-Go_uhTi_zK2Izh6YDsNm3JRklPLrOmp59XEHn4h6RuLp3;AUKBoOXO_nHaU39Y
/v_Error/redirect;492OL09TmsFZjWh0KK0NYhTH6bKwSLVfn_FV9LrkkaQh-noX823k5A8qZsZb;bmi-UyQs9PftaxQ-
/v1/redirect;sdfsdjhgkdjfhgkjdhfiueyr9348;kdjghkdjfghire
/v1/redirect;BCUPBRw2KCLIGqsFjPIeRnPwzPLAOZr6mN3nXkqVQic-dk5k2Xct7BgGCpF4;1Uilp3NGcn4ItNnh
/v_Error/redirect;MW_YCEgPgnxBFl2blUUk-_q3UAG6gYQk5o98RJyGiG8OZG_AHFtCWiXBTyOS;BKsDYIjqsF3n7e40
/v1/redirect;sdfsdjhgkdjfhgkjdhfiueyr9348;kdjghkdjfghire
/v1/redirect;V-gl9Ix5Ob4eFzGTLWYJERMS1xLOIUwK_fy06ILXdaXhoNZUZBuatGIm0_57;qkPcZ9ZhbsJRif9Y
/v_Error/redirect;UhTngmwoDsMtM5gnjTwayJGVMEKVZ3yUCl1PEzNpp3_K718rE_sWEedxsLXx;7w0Irm0pP-aZu2Ux
/v1/redirect;sdfsdjhgkdjfhgkjdhfiueyr9348;kdjghkdjfghire
/v1/redirect;mdCGK9K--iXi8QM-djX4Wm3khK9IJChXXDE5CkZjsCj8cf9CxBByoHQPWgxY;EoSj4uSj6ouwpuIq
/v_Error/redirect;M4CsS03-dAWHT7GtrIiQG6PQW2ykaTarjgk7P6zjNyi6VwcNJKQhSeuBr2PP;fIZDn_UPA7JJANhi
/v1/redirect;sdfsdjhgkdjfhgkjdhfiueyr9348;kdjghkdjfghire
/v1/redirect;G-iXyqWB7n5DpNmoZw4_Bu1Wq_yP_Ur1QzTeirqaQCcDB9_rcMasWy-ddOP-;bB08XxUtNJloGovN
/v_Error/redirect;T_hyLopq1sUGAH-j5_AjuZ7jZPuBWRYDj78HNqQaoyBYKy9LYk8dZXvi849X;0UCmDcAWPTUigu4i
/v1/redirect;sdfsdjhgkdjfhgkjdhfiueyr9348;kdjghkdjfghire
/v1/redirect;ye0uP-eSIZ0smMwL5rpbRaEsx05D65ieKGK5ThRtakH_RH0qm_-MKO0EVX7D;ODs39qNs_GsH3lsS
/v_Error/redirect;sz2nnDitAuMMJTxFaeUzNN5xcYzt7AniE-_2UpCEKJRlUljwEn9UTpKIkS3x;48iorlAPgmhyzjcD
/v1/redirect;sdfsdjhgkdjfhgkjdhfiueyr9348;kdjghkdjfghire
/v1/redirect;M48hMikn8xg_sFVwi83MacmrJAf0aMYp7hTAn5l4JpUuOy6-c1y0YSTQrwXW;tz3O-bdON9nSIRog
/v_Error/redirect;1_UcUJWYvBnGBKY_TK-RAAZY_hQuGj2Al4btjIeGCMBE0ZHrh6KnRgXvmMCK;2MUBjfZn1pIatjAb
/v1/redirect;sdfsdjhgkdjfhgkjdhfiueyr9348;kdjghkdjfghire
/v1/redirect;B09g3Mra51wuj4XlJfiflPLfkGFkUkd-lKzM1p0hAQNdlBQKXzCLUtI4HpQr;NoXKK3LylGiiauSI
/v_Error/redirect;zKHmrQYvhBYKR4DHlvKHsXsXvOXsT6RiQi8nT1X1yDIHS2MVXycqKME9yqCY;aRMIMj4eUfeiP191
/v1/redirect;sdfsdjhgkdjfhgkjdhfiueyr9348;kdjghkdjfghire
/v1/redirect;Uh7ULyMVs70fk_ar8WNhseriQg_NlH98csxn7ymqy5OPgP_FhcTKs4oha91o;UEgKTXAD47f8LLCe
/v_Error/redirect;SJ8TTUnBE2dRLDid-4bT6CUhMQEMP39IF5rBalM-PlhJVG9XKwJwZNEW6OfC;k6GH9gvL_7jZE5Yy
/v1/redirect;sdfsdjhgkdjfhgkjdhfiueyr9348;kdjghkdjfghire
/v1/redirect;nsWzKWci1Vs3vEJ8tzknV0Af21Pk3T2c9epo2s83NP4NtxSSlMrExCpvLNnr;ciKssN7qIel76eI2
/v_Error/redirect;SJWbrN-hjn7ZWJ7tp9KrpoxwWne_BMong7RZ_hA7EynDuRftkmbNqvY68l_y;F44UBCToYE3WgI1H
/v1/redirect;sdfsdjhgkdjfhgkjdhfiueyr9348;kdjghkdjfghire
/v1/redirect;AKaWkT0BRcEvWq4MZWxBc4vUNMhtNzV06SfoyXdAEp1e462BxOmcmWoMtmav;8Fp8bNh3PSg4sv3I
/v_Error/redirect;MztRX9mT0Xl_SayTqF0o2uAjKEF_dSfSkoGrqPks4OrtCJh9o1CfO3lCVan_;8hUtCBYJ-UUBjWDm
/v1/redirect;sdfsdjhgkdjfhgkjdhfiueyr9348;kdjghkdjfghire
/v1/redirect;DhWD3ornxelLX4hnZIbAbUkVwyswr0CiC03PsmEoz-73ZH9vdehWii7JOTl3;ylWv31QytglkYhSl
/v_Error/redirect;cC1AQclBgSeONACcvLJ4_Ya8M-hZa7c6RrJbgAZWxlfJz7xTdSEX9CGxaJLt;kl5Vaa41F9eIlQSg
/v1/redirect;sdfsdjhgkdjfhgkjdhfiueyr9348;kdjghkdjfghire
/v1/redirect;U3vFWyO872DUQsZiXEPdlHc2Ot_8d78eiCQan7BXRfzDho_WeNdU9NeAg7eE;XT8EqGTI1xG_1j-A
/v_Error/redirect;KgcUHaPop2HT1tPxfQkXRU4xo1w0ax7mxv33YuIIFn2nvo3K5WOzgSLSWWwZ;4aeiXWEsdsDKJ2G9
/v1/redirect;sdfsdjhgkdjfhgkjdhfiueyr9348;kdjghkdjfghire
/v1/redirect;UaqnToqsF8z1VPQqTCIKdK7_jpOgUSnFHQewC2kaC3sebxBLZnwNqD4WvE8-;Yb2Lbx3Z2ajIWEVW
/v_Error/redirect;lxXVfv1kw3q1Y74SUxjfe0ggDLY52lQyRxhw__RrmV5vCBgOeRwoKv0KLFpO;zpeV3hZ8Kox9p6G-
/v1/redirect;sdfsdjhgkdjfhgkjdhfiueyr9348;kdjghkdjfghire
/v1/redirect;f7EJRQuZoaJc6uUHJfbOyx8WBrtM4V4zKtjLSzIJtyIEsccpGu88xE8f6jeS;AvFKrcpiXrzr9MQo
/v_Error/redirect;DqAI60mf0VWgZAs8MQmDVww43StAnNTPpyhiz0tHgfHMI5_rFXVxaTlYu0Rj;Io0bomYSpMQWUirx
/v1/redirect;sdfsdjhgkdjfhgkjdhfiueyr9348;kdjghkdjfghire
/v1/redirect;1XhvEi3k4NtzLuICwVBRiM3iCYrhwxS2Ror4IQebe3VJk-b7NFYq1QWVDjdH;3jbYLmJElXKlhh5q
/v_Error/redirect;_8A6QhGNdKKJ-WGf2ZskyUurfA1Tz0aiYFqTvwgDGaiFmi4lMjPvVB43rkty;KUDh82JKgRieNxHh
/v1/redirect;sdfsdjhgkdjfhgkjdhfiueyr9348;kdjghkdjfghire
/v1/redirect;ari-s5SULrdNrWqmzztivSDsMU7voyz7xWnxjbYp5En_CzU8WrBU7jHT1P-v;fNKtCqNAKnqfGfd1
/v_Error/redirect;dBqfhmX3UbQzdEOB6M7jr-VC0fkLzIjRWnDafD2EcfPLa5oHuMfpiRprsxtv;3cwij5Y5aC_-wB30
/v1/redirect;sdfsdjhgkdjfhgkjdhfiueyr9348;kdjghkdjfghire
/v1/redirect;1Gl7r2OhtEVH04R57AKcsC0oLes_GuOX-t9VcPjqpQQHoQwwe86QId6APsol;bb4jl0vv69ciVkJt
/v_Error/redirect;Hd7_Jv5NqN5H-65KGG3xraVaeHFKSEdbTwS-thfBaYt9b8RXCrxsgyRiNxGh;lN18uhqFnhRiaVHm
/v1/redirect;sdfsdjhgkdjfhgkjdhfiueyr9348;kdjghkdjfghire
/v1/redirect;vXQ9TsBAQ81stGkmHpMWQ7Dzs_TXuI2EggTJfk10gLYeK5Z86wi3S0nGQQwM;ggcaPycrDqa6Mvbl
/v_Error/redirect;4-sXzDyAhEYwNa9RG9qImnHnYlCGqCA7H1cP2beAGsfIyFM5uldC6VCrN9-h;1UPvPRl9FFmaRsxL
/v1/redirect;sdfsdjhgkdjfhgkjdhfiueyr9348;kdjghkdjfghire
/v1/redirect;9Gh23gk0ro7j7oC0o95C5I78fLLKLbW0qBolPbbR4EJUMWzr2L5gdLX1Q2aN;nWp1-_aComQIQXxw
/v_Error/redirect;OTUt9e10zPDhT-ebGG2WI_ndV-oNNJvN_vJrROupIjm0G6o-5_rEU_f2QvJb;tn0q5kOcV14kXMZs
/v1/redirect;sdfsdjhgkdjfhgkjdhfiueyr9348;kdjghkdjfghire
/v1/redirect;ulKPK5d2ljEN0o0E1efsgejeFQeQcoFFFGiPn8qvcKuAksdlwHIQwX8O0Mou;tysAvHAQR0ygGBPV
/v_Error/redirect;1KYb975_FIf2BhvT44M2t127Y9i05FexkwcZ6nHRgnndAkYemu0vzOmi-GV-;x3aAOA-9Ou2OjWWf
/v1/redirect;sdfsdjhgkdjfhgkjdhfiueyr9348;kdjghkdjfghire
/v1/redirect;vWKE_eBUkUZen0Ykus3K1ApQm56HUGdZU3OLGxBUWOfXnQGdRKF_cA3H4zrn;WWiomaiUHw0zUH7l
/v_Error/redirect;be_MINC3gm884wIXBen17LJtGb2956rnr_mKCaTkDv2to-eeOoAXmX6VN2kN;iYuaaGhIFVhfmwqP
/v1/redirect;sdfsdjhgkdjfhgkjdhfiueyr9348;kdjghkdjfghire
/v1/redirect;O5EnavKGzfAy8k88-FjuNFlvlNoxC8Nyfw5vSO4CDV6NFa0r-j_6f5fOhL_8;aTEMvbLyihFiIwDP
/v_Error/redirect;aCBfNbbhMwrf0YFKWV7bsvnozsCnvANMc5vHDeJ2DVwLLFK2oiBfuQW-m_dD;guwpOyjOq2aWPI1S
/v1/redirect;sdfsdjhgkdjfhgkjdhfiueyr9348;kdjghkdjfghire
/v1/redirect;6er53ayDdfvEGtCVoa93IhcauV4fQRvJ5QDNt5uokx0oRykHvuGTIhjN5dXd;Ewnpp5mnr4OnvloD
/v_Error/redirect;h8FeaLfPY1EXwsJW2irUSrj_Ii5OjU91Ht1wpVjqLZEFfR3etf3SPtt30YQx;VZQxvgb0RbahCDWy
/v1/redirect;sdfsdjhgkdjfhgkjdhfiueyr9348;kdjghkdjfghire
/v1/redirect;bFlFlK-pETPc3AR37OWwfow4arxRW53baxA9YGHucWdMad0FqgrIxF6bS69X;NF97rvqo_8q_EMOL
/v_Error/redirect;wU2YUAt8-TueJsP38LkKrZo5ovc9ptnsCHzlDvIeoIQ8qJZbPWTIjV3YshHX;EyUFDJfiWfoWz6gR
/v1/redirect;sdfsdjhgkdjfhgkjdhfiueyr9348;kdjghkdjfghire
/v1/redirect;DLhuZtznHgthhOb8Ko_Q12QcceBI6R-uCm4IleBTRCAeQLWTZ7rj2KTqd4rJ;JYNLqQMm55B9gybQ
/v_Error/redirect;wSS2qS1fPkBGVCA153YG36LtDVcSzoYEo0-WjlSo6yryuk4ZNxdmZsyZBpQs;KcE7TKmwFVH4onWe
/v1/redirect;sdfsdjhgkdjfhgkjdhfiueyr9348;kdjghkdjfghire
/v1/redirect;yoMuCGTfFOLxFCRjbzBLV99NHIWe9i6ZbqUkffxvofyQ9WDXZsUXxO1S0PN0;JlzwhMG7ap3uximk
/v_Error/redirect;fzxTDFZc5Ki69i9pni6TRG4jRJkkbcUM7FdEycVoyvYKbq_vN6CpUaE4rX8m;NRCV6ZBza2MFbAqP
/v1/redirect;sdfsdjhgkdjfhgkjdhfiueyr9348;kdjghkdjfghire
/v1/redirect;HUZxjixo0vLwVipfGhCzyhVH70U9e9XSMNC8s7TkP798K3FZSjvcnV3SRVnp;7KMaS5sTLYI2AxQ2
/v_Error/redirect;Ha5UghEASJXUpOupShOzPlxn3g1SSDRLoE94HNjYM3DynxrzkyXKJtfOL-zr;ko0oUnV-qVvTsUd3
/v1/redirect;sdfsdjhgkdjfhgkjdhfiueyr9348;kdjghkdjfghire
/v1/redirect;UrSj3WiJzfcY_W1LWJIr_cKH8IjEg9Dq6kD06hjh0a3hPhvDKd3t2YabFm7y;O72neSGO93CElNcp
/v_Error/redirect;BW9p9xgbQ7oK-DKC7V8WgSC3xfkAQq77c7G-uB44oMCl3RqQnXrz0BsPQAb0;nbz53e3CYzWk0wAs
/v1/redirect;sdfsdjhgkdjfhgkjdhfiueyr9348;kdjghkdjfghire
/v1/redirect;5TZ7oTPF-PBnFbLvKf_5I-7LKPS86XznX8xITSGu1a5m7UHBFGz1fG9IY0ya;Tjlc_Mw4mCv0r_uh
/v_Error/redirect;dvVhTb6uPz4otVYu5c4pjoFwxoh1Am-31ZPmg97PtPMGRyAVCulwvbUc8V09;Hh9l6jzZ-opBhyMU
/v1/redirect;sdfsdjhgkdjfhgkjdhfiueyr9348;kdjghkdjfghire
/v1/redirect;YqmuBWUE3TD3xRa-9xQOLW3KJ9uaBz3u2meYLSIv4-3nsPkBCthSvM7WLTyI;iF5DM8RtUXGiW24T
/v_Error/redirect;9g0ygJse2udR96m6V4xpSWmtDIB40GtuOVYc2LkBmF_CkQQetXjuq1OEEZZO;sprGFCHPLePASP6n
/v1/redirect;sdfsdjhgkdjfhgkjdhfiueyr9348;kdjghkdjfghire
/v1/redirect;cfMslDQESqF23SDivAd9-ZnGNdcOuNeObasYaXzL8-3Ad2ou9Xgm_kT9xnL3;qDcyVT6zIXni9T_I
/v_Error/redirect;iGwZl9bmsqEiUM-Iqk0zy2IG4mEtUnus6-iDH5Ji2dSDsUiYFE_HOZF0fSTQ;6z0S5JnehiTUJsHn
/v1/redirect;sdfsdjhgkdjfhgkjdhfiueyr9348;kdjghkdjfghire
/v1/redirect;DYDbotdrYYi-T3Qttk33so5l-2YvKRHX621uvy_zN0FY_GCb9DHZGHh-Gr3c;nJmUksLHvudp7w3U
/v_Error/redirect;DmRW4qw56Ph8KuCTQS3O70yuUK9LOXbA1CFaaavLAHDllQvrnnxi48A5Nt3D;WM6XO80X31xRIR9V
/v1/redirect;sdfsdjhgkdjfhgkjdhfiueyr9348;kdjghkdjfghire
/v1/redirect;RQhm1wpgFULZqXYxA14e8IcQ-hpf1mFSp1i1jfj6aTttUoVjQEyTxSf_UpJs;EiRPcTW5wzQ71k6X
/v_Error/redirect;YMYHuW0sarZMq7umOJ2okRNjdv0WA-31N57QpyfPLFo0zlYoiqm8gHSsCTd8;aiHvcGLy8vAy1O_S
/v1/redirect;sdfsdjhgkdjfhgkjdhfiueyr9348;kdjghkdjfghire
/v1/redirect;UYeEvq28vGZg7I6GhLF63hpKksQh-vdrcp0ldeLrpjnC5BNrr5cKVyPFPdJx;loqvPtQtToxFSfC8
/v_Error/redirect;ywmblf4TzZSXM111be4WuJRuCAuJSbpH4hMewJFO7Hzko_QI9mq8QXh0sqHI;FFKp56n_iEzGDypr
/v1/redirect;sdfsdjhgkdjfhgkjdhfiueyr9348;kdjghkdjfghire
/v1/redirect;Y56hylyFctzsUKPJo4dY693NhquEJEiMNsdi_HRkWsXpcvuYyVBlIf6sbo9C;80CkxW_yR1ADiaiw
/v_Error/redirect;luI_1k5V0zoYcR5q8AHU1n-wfEZN2qHIvLJ0wqqmX3rGuz_cnd5_Gz10jCYI;La6iuOrNoFe3D0Kv
/v1/redirect;sdfsdjhgkdjfhgkjdhfiueyr9348;kdjghkdjfghire
/v1/redirect;2N4iDkwIlXj6PwtHyIasEtTWT_P7vN76yuxS40xRicpvuVkPZlE7S_ZLmUZL;L-vT9gVR1-UAZXnS
/v_Error/redirect;CDu_OVWami0UrRmyB70nSeonu1UFWgjr2MUgFF4EP0hNUAc3zXSAi860Dmpl;FrnxjwCT4RG9ydXV
/v1/redirect;sdfsdjhgkdjfhgkjdhfiueyr9348;kdjghkdjfghire
/v1/redirect;7WxndDogM40Af3me0UWFEb2Z-_eF5g9WsfaAHT6My_lXbxfAsa4eWIIXZ7hK;LkzHO-w5SxJ1dl_p
/v_Error/redirect;3LcZSuhe2K0YOxCweGrrb5oMfnOILq0sKUPmVu0jt_0cONs8HtJkkF7K9xi4;KH_Ifl2-Yx4DR56Y
/v1/redirect;sdfsdjhgkdjfhgkjdhfiueyr9348;kdjghkdjfghire
/v1/redirect;WtleGn5-EQV4rtJPuKWGIwjRSnR0ZovhXgZyptEd8Qz8ucbBb4XR5P7ex2Wg;boHkOFlZSPa6GWpz
/v_Error/redirect;SYvKCvd4TUwZQJpwoENCIa0FCnev6sfn9lSJwX0Co08mZQMk943CBIRRq92h;sGRqO-alRenWjdNz
/v1/redirect;sdfsdjhgkdjfhgkjdhfiueyr9348;kdjghkdjfghire
/v1/redirect;pvSo_iVMsoME2ZG_RydFJzctZhXZ743FfTJI-0gQWof4_HtEU22KI68TNwLr;fQ26HA5r79CTdU87
/v_Error/redirect;UoTaY6An_0onSzJ75wnbZuoqWhBD5UrVEqNFfPiW4lx6dsNXDpZx5WqGG3U_;Hn8micNCMSuaBRL0
/v1/redirect;sdfsdjhgkdjfhgkjdhfiueyr9348;kdjghkdjfghire
/v1/redirect;ZEfiJzgOcViCxRxnKmrk7YdvFW35sYYNkh-ubGuKYee_Nd6Bmdc3SEomn6lI;HZhEkCN54alzFNVi
/v_Error/redirect;IYPFNM12qPTbQWpP9I-93kjH9NwTV2NlGjqB_H4bJ5rbewkvb_s9rdcBXuir;s0l3A2bzeBVSepuH
/v1/redirect;sdfsdjhgkdjfhgkjdhfiueyr9348;kdjghkdjfghire
/v1/redirect;4Am5K4BruZMyYtBDI1Ib4vdkfIUX5H5SUIkOaG5D-C5f-XnGmp8RdMADYSdg;LaV1KsSsQmklUSHv
/v_Error/redirect;ZJ2xkogZYd9fMAmKtuJEKrqcUoH2saYs1yATg2pgheYueCK5biE4GnqSxTOG;_qyK2uZHBf12jtjb
/v1/redirect;sdfsdjhgkdjfhgkjdhfiueyr9348;kdjghkdjfghire
/v1/redirect;CPSHyFilzhBmJYrmYWq4NSGkeXBHtqPrzme79hHbHQjT1xP7Bu_v87CGv9D9;juNlqKQaU3I__KHT
/v_Error/redirect;TqvYfrO0axyh0Tr9PEK99S_uie0nfieXDIygrXsB9DiPL3KxKkh_OOJe0mKq;M4x9KCg7XjNoxMW-
/v1/redirect;sdfsdjhgkdjfhgkjdhfiueyr9348;kdjghkdjfghire
/v1/redirect;c-lhsTDMoEpfZw8FRPjTzigC5f5eYEB44KUqBWxuVFN-zGAL7G-hdOIL88Zh;0gIDHcFY1weS4WMf
/v_Error/redirect;ky7jXlr6PVUbfe27_pLZnNWWFFsUgv2LqnhDTSEEmhJwBZaXI3tP_TzZxMrg;CGWJ9dglPiMKPJV5
/v1/redirect;sdfsdjhgkdjfhgkjdhfiueyr9348;kdjghkdjfghire
/v1/redirect;vpnHr2wXj0Y8ZPZW7g4-_f2ZH6cs249_cFG7k2dTEQYUPUrimry65Nf5bOO7;zEoTYyowvYTxgMZw
/v_Error/redirect;62JSiLRI3lasGnggMq7WYQXJALrnNiq80ZC8WOAsC238nT9B7eSNC5_Zgz0g;MBNM7bcof7BN49jY
/v1/redirect;sdfsdjhgkdjfhgkjdhfiueyr9348;kdjghkdjfghire
/v1/redirect;Akw5E_9pul496oqo-3wcPKEz3GayYFq7b4niD9SN7lZHf5Z5TMBw0L8hhHHt;affCfd8XfeepBHxn
/v_Error/redirect;OtzgHLy5uJBFnmwLm54bMSWVRgf4t1jRE5UXesc9n77rZtetQY3MzrBblJqt;ht1-CkNO55HkTe18
/v1/redirect;sdfsdjhgkdjfhgkjdhfiueyr9348;kdjghkdjfghire
/v1/redirect;eYEUWe05IDkGJW9EA7iSpXgD5frDjqd1z7JZkOX3I77l_pBwRMzS7rSzMsUq;mVyTapLWx5fzAcYG
/v_Error/redirect;M0YubRwwoEkjAvnk5Hqb6MCEmHVH0OEUyuJejdpBsHIu6by2mceqpoZ51bwZ;nAdtPWaeLYcjrFxU
/v1/redirect;sdfsdjhgkdjfhgkjdhfiueyr9348;kdjghkdjfghire
/v1/redirect;72LXwAKgb4KmGCKs7sIzwO6wKpDUxwPBC_PjFMerh8G9PPiTswv_LEHtW711;Hnd6rRWyw9j8Vk2H
/v_Error/redirect;fKGFkTA9V7NtDmjmBoAY5rS5PeSj37p0NgQ4UvJ-dGCKZZScCJVA6DKVIG_E;c0nLfhRFsRQ2uYOc
/v1/redirect;sdfsdjhgkdjfhgkjdhfiueyr9348;kdjghkdjfghire
/v1/redirect;L4AOwjzm1ebKN1EOW8O_dAa6_034aqEKtGHwbUn0otEH8Ks1C9YxU_COabOF;c-uSwkwwZKQB8qEV
/v_Error/redirect;MnUgcT4YxZZwLx9D3u0cnu3uX-GX-0Rb57wqYQu1SRSMC22G5FdwKwz-08c6;jAxNn_mYBk3Dx9Sr
/v1/redirect;sdfsdjhgkdjfhgkjdhfiueyr9348;kdjghkdjfghire
/v1/redirect;4GGMYr91rowhVxtkvgadmUJkb0IUC7pGYLyqWgevE3FBE5kkQ298M13_IlQh;RV71yXz0x_Qh-Qf2
/v_Error/redirect;zlMNWVoqYeMdxR14fOAxeCnYHW1Imb6ljpkb_ceEblYU-qtwMEXh0V1xdRNI;UU07GX3LEnThLJfi
/v1/redirect;sdfsdjhgkdjfhgkjdhfiueyr9348;kdjghkdjfghire
/v1/redirect;XTRG39NYNFbaaGiFpKiAPxYn075zcbPEI_eKmSbZm5pGCyv5TvBBRavYTZSM;JP7JHiKHl2omD0HM
/v_Error/redirect;V4SPi3omnDOM-LWIHMNqy1lrOv4leGFBquiEKI3iunJ0_zsFj2ivjTpOrECc;rHhcFk-SrcY9ZbG7
/v1/redirect;sdfsdjhgkdjfhgkjdhfiueyr9348;kdjghkdjfghire
/v1/redirect;_u9nBzqszFcHDubonvetNRsBIb6Y36bteZHEFcDlwHE1AqywKSOLVj3v4Ahe;d4kTi7AINFohXIdF
/v_Error/redirect;4jE3026bkM5MFkYpK3sGxALIGrEsVBW3dnqL2sLhzgpytsbmlJXA8wmVTa-M;7gfsmlxcoe-q7tnP
/v1/redirect;sdfsdjhgkdjfhgkjdhfiueyr9348;kdjghkdjfghire
/v1/redirect;KPdXA_Fo1y3502HoxJ3zxk5HD5m6tBkKlZFfdtoBdWHNwAgL1IGJAyaRT4kd;EYx2fUfoqxfZS_SO
/v_Error/redirect;vJ_qougIkS7CTmY-nYo194R3sawyAk3cuHgcXhRNVMbLDgIOuvIL1mrOBZHF;g29ZvWtL6FfliYyN
/v1/redirect;sdfsdjhgkdjfhgkjdhfiueyr9348;kdjghkdjfghire
/v1/redirect;g-yWMKD3MEqKdKvUEXJMqtzbVLHWz_fsR7Q49OaxLjIra_3enGdQ3uXo3h1y;5u-4lG6e9ex6za2I
/v_Error/redirect;032I9hoSLbGemITjoq5iNw_ee8NJ_MOzRRtDAkiljkvo4viN8E64VBJwU_1E;aUQbWLTJV6GtBDkr
/v1/redirect;sdfsdjhgkdjfhgkjdhfiueyr9348;kdjghkdjfghire
/v1/redirect;5sQH_CavW3tFj_XJU3-1Czq61q6yFvi3k3tr_9sGE4tAlA_qQZPeJRb6Om5P;WkR_MbkS23zZ4Cl7
/v_Error/redirect;w-bUAo5cgxn7Wi_Fhzef_jpbbmASX-CzwdNmgLZvMAOP2_sHBXPqz0v_K3_v;Y89kasnHa0XUixZD
/v1/redirect;sdfsdjhgkdjfhgkjdhfiueyr9348;kdjghkdjfghire
/v1/redirect;fwLjj7DkXLQ0R2ax0N84ziOLDYGNAhazjc2x0UYudJJ7SepiO_m7wVgrx6Ic;nDPaaxd7Jxh0lucn
/v_Error/redirect;QqZhTwFpiJuQCz-FIf7ooVRUp9y0jHWLZKtv6Y6GhrzhC2YUSPqf8_VJMYBi;QjCrT17CsjNv0lMm
/v1/redirect;sdfsdjhgkdjfhgkjdhfiueyr9348;kdjghkdjfghire
/v1/redirect;Gf3x_bKeiHNW23-_uHR7rnw3OpxoPuPidb8CLBV3FW2I0kP2XBuJtS9Tn8bq;7wHTWGB3X9D5iuvH
/v_Error/redirect;EZ_sCRjm79v_GIEIaUiYZKyPcWeJY0VSa1_Xyq_PqagIGCkU63wESf2I2RRL;mJ2GL_uz0IMD6NxW
/v1/redirect;sdfsdjhgkdjfhgkjdhfiueyr9348;kdjghkdjfghire
/v1/redirect;2u7B7pgjxlALxWK52TW9ggZDLqZgt2jNmlm2gU8lNSq0slXDdsFWnjgiZo2I;re9y2ns_eFjZlAcS
/v_Error/redirect;0sqVq3e3wy65s8vWSgZSln0nm2_iw__LGe6dBVIvhur83oGwd1unrjyf-AZl;q2_VsA0oi5w41AB_
/v1/redirect;sdfsdjhgkdjfhgkjdhfiueyr9348;kdjghkdjfghire
/v1/redirect;PogkolObcmL4Vpb6lT-7RRmK9_nx2lbQjZrgSCuUkfGVZfhPergxPheQqgVX;ezs5_XOcBB2qapx3
/v_Error/redirect;sG15V57FArKWZ7pOSyVajfq55EzNlsd10ApJVNikSdKhi3r3UOQOXLTr0Ghz;qUZ5t0YYxUU62c3w
/v1/redirect;sdfsdjhgkdjfhgkjdhfiueyr9348;kdjghkdjfghire
/v1/redirect;axK7A30_Wd_u1yA4jMXXmRE1As7Gt3-RJufc0YMawQN1sfmTcrrkjpFAltW0;czyBXK7w_zGaH5PW
/v_Error/redirect;h53xImp2tEbsRMA_Q1vsYavwXtUE1MMuPnfbwvtQ5a3u7CVU3JuLYTztv5xO;f55iJpRM3OXavgQB
/v1/redirect;sdfsdjhgkdjfhgkjdhfiueyr9348;kdjghkdjfghire
/v1/redirect;cd0hU1rbylECbHqbwcKkAVXidnXuwJ1q9IJzclXC0XFf0lF4jdlIBuNXq0He;42Bu0DaX5UdwySDP
/v_Error/redirect;ncAw_uxRJrSd3Hkowsa5o71nGkUnz9dvXr8wzcD6ZEyuhfn0NjrrLQUrwmua;S5aBbVwgaGLQA7Cr
/v1/redirect;sdfsdjhgkdjfhgkjdhfiueyr9348;kdjghkdjfghire
/v1/redirect;T0NCkPXyxvNj54p8dyEO1RiXpBVYVoEWNI8-4Hj_AEYTtQJe57hZkGz-hED3;p8ruMSnFVvafcWDG
/v_Error/redirect;1D18Xp22QX4bgp_EhCQkjvP-4AxBBPte4F6C2_xuJZg5Ki2uqjxtwZrfFXXi;R4Z6cirOg6tXtvF8
/v1/redirect;sdfsdjhgkdjfhgkjdhfiueyr9348;kdjghkdjfghire
/v1/redirect;fCRYJiGSmsybueOkM01XjPcv8eL-7a7dW5j4uG5_9snPedAX2E9v6Rqah4YB;8RiB_sOMw8-i_Scu
/v_Error/redirect;rZfDwCavcUHgR5N_-BztSbxaHBEn1yOPwiqFGShcp56sBIJdTWfAtqSj9-F3;2Q8q39m8bQVORHX0
/v1/redirect;sdfsdjhgkdjfhgkjdhfiueyr9348;kdjghkdjfghire
/v1/redirect;5DjuOwnuMfwyurW1pOtyJ_EQjMoYrhFxVDNrcsGGEpNh0HPFvtWgFN3qJ8NP;6TGaJtOfwcxA-hse
/v_Error/redirect;S6YVrAqDNVQuX30rsgQZQRrIHyGE-bflxECRwMRoP7fKMozuUTXEpOvCiski;MIodP67tfbTheD3J
/v1/redirect;sdfsdjhgkdjfhgkjdhfiueyr9348;kdjghkdjfghire
/v1/redirect;whwsRGy5eAqbiqNvSERsELcYnO3JMcbZzTmN_V0hecfhN8iGVb7MikcpOjNe;2LT9HNAhlt_Nm-OV
/v_Error/redirect;z-eNdtjTGObJKAzwSPNZuv003Gca87MIv0tbV-8IvbQn3HGAiTHpOl4g7xq0;xEpFoHkzbJ4pEe1M
/v1/redirect;sdfsdjhgkdjfhgkjdhfiueyr9348;kdjghkdjfghire
/v1/redirect;kak4BEqIiEnKtGVJMZ3uYuMhJlfFDLZEA9wTQs3KwzJOhRfhfdBpo9vo5RPW;N3xMwrwQBPGDvP7B
/v_Error/redirect;Kf-BKqJO0F_xJUjHYPs7K5HrYYlYKWgzzaTltkDlnceALnQPsyN8uPWphvgy;32Oc5s5fCc_Wbu8E
/v1/redirect;sdfsdjhgkdjfhgkjdhfiueyr9348;kdjghkdjfghire
/v1/redirect;cxHooePge35f7x3qR5Lo8Xkl4yh8vQWvnlGDjm7_jKTrVLaeOqoUvn1r5nVB;dZK6anmJOxA2N0e6
/v_Error/redirect;8FyK1bHpXFOaSDvxMKM0VZw4Xsj3UmiSkqXOpQWFg24ePl0TTIfP-H2RE00Y;XdEsl_bJmhXIyD84
/v1/redirect;sdfsdjhgkdjfhgkjdhfiueyr9348;kdjghkdjfghire
/v1/redirect;vZw3QTQK7vcLL2e9BNy84SzDPXwyuyE9FUtdZBn8sr5daiAxoIJ0BuItcxpD;NHWOgdd_aQIqby_4
/v_Error/redirect;uit1cHCdzPuVjah3yITPRM8VJyUS1RF9ZendOj0Ksq1dRIwPt8bYxVjAhF4K;yhHh8kc7YPZD4Bz3
/v1/redirect;sdfsdjhgkdjfhgkjdhfiueyr9348;kdjghkdjfghire
/v1/redirect;vIed1dHPX_HMSXvxm5RcejTQXRMWnP8xPLJOMuchoRG6P0NUJcUyW8kK7y8Q;XfotzVgok-rNUCVb
/v_Error/redirect;4NF35ln6qnBUkeGplRNYiDhjMBffDnV3RCvlzGCt9LEeLkCpNSh8qTtXgPuZ;QG-ShEKNt6EQ09uD
/v1/redirect;sdfsdjhgkdjfhgkjdhfiueyr9348;kdjghkdjfghire
/v1/redirect;nSr75TyH5DJWYtCONQDGxIrh5Q_DgGZ20NZ4MX-JNs8uPsQGb45SfVD2gCKY;L6eRUz6eSc_8lrvb
/v_Error/redirect;cMpYUyAt45e9_43ETxs558u1BYy6Izrghub6bpow6sXdL7FkNzgNTMRrGujw;y_o12pJ4HVjvTC_T
/v1/redirect;sdfsdjhgkdjfhgkjdhfiueyr9348;kdjghkdjfghire
/v1/redirect;6s4pkS_7V9wNCtB2FnL4ZZcjzjEbmGIHDEPWZzrQgU2LuBJpnjd_Xu0VgSkb;cK46Kmdz4q4D5EUu
/v_Error/redirect;4p9TgCjKpQBghKqnsHEZbtkFcRKawszBT_m65K9_w2I4fW77QD6xigBEmmu1;i1Wi9CLu0uis_mr1
/v1/redirect;sdfsdjhgkdjfhgkjdhfiueyr9348;kdjghkdjfghire
/v1/redirect;RngYZMTL2_5gxnxeP2qtAatlRtb6L12kt-VNfnmqoUSCLRuRhBBXb8lvm3fH;DhcNlT0e3ZZF8ZBO
/v_Error/redirect;hKps74mO4ML_jsk4fWAE6q25SjwJETDNfXsIDKALGolOCjfKJSAXFf3oMHla;Nm0dlLpKSc55XlmQ
/v1/redirect;sdfsdjhgkdjfhgkjdhfiueyr9348;kdjghkdjfghire
/v1/redirect;AtRhFWGcwzmmJVApE1FlM46JrZ50Pa-TD33DUVMD3CNWXEulsaM4hhsiusYr;HXtrIqt2OLDkTUZv
/v_Error/redirect;GPMuYMJ0Vt63LU5FqLH6OmgXozaAi-YhWQ9irQXcgB2T43d-LHewljdMXRCJ;FC8aYUxdspVJ9IXK
/v1/redirect;sdfsdjhgkdjfhgkjdhfiueyr9348;kdjghkdjfghire
/v1/redirect;bd-sXrwep-NUeRWf8cpifDuzydwbksaiKzkmW5XsHw4iv--7h60tUN7oNyro;FSWWt-BdUZM30kMJ
/v_Error/redirect;gt9z5zPKIJcWjC6YyByPMDSRWkIivkBAV9OA8-u2Q4eGGg8fiHp_4IYP2jno;V7fH7j10NG225ZwV
/v1/redirect;sdfsdjhgkdjfhgkjdhfiueyr9348;kdjghkdjfghire
/v1/redirect;2WoR6wtqnO5HqExpb18V9l3GQ9TxzHxw-l04Fw2CvYt_tttZ2eeM1Q2xWDFp;4_qJoY-dUZ5ec2Zw
/v_Error/redirect;grTWutuOlrLJsKLzs-pIKTBNLyrylKMdIw6fAyvgZl2rHUpnUeiDiFO3C4mD;nZ8E--CgQmob9Spw
/v1/redirect;sdfsdjhgkdjfhgkjdhfiueyr9348;kdjghkdjfghire
/v1/redirect;MxJf8uby7lHBpqLsLedYSbAejfsoWfmuYktx5P-ZmAQjAZgdDIrDs8nWe_Q8;qtlaZnb5PPlMkVB4
/v_Error/redirect;lVBwS8G3Myj1S1F_ZdqmOo_J9pgKWpcM7Sv_a_HLTsYr8yui37wfukW7G0eA;rTDHEV4twMKUgmne
/v1/redirect;sdfsdjhgkdjfhgkjdhfiueyr9348;kdjghkdjfghire
/v1/redirect;LTwrm8W3nZLoxCgsCbdvdSDl0Z7t_uU0k5S_hRq-VAleO3UzXGSoCcVoTLQw;LOaY7zocEuCcFyox
/v_Error/redirect;SAXVpFE3Hi2Y2CanKTwYHp2hwri_vgGsbyip5PYYPr9G5W4JTgwI3fus-9KA;D02Y_4zFLQyUENWV
/v1/redirect;sdfsdjhgkdjfhgkjdhfiueyr9348;kdjghkdjfghire
/v1/redirect;syCXj4odoRtT9EFbEWFVQStn6Xy0Bhp_OECTx1WYwOMaVWUgstQMbixEaWhF;z4hzNTiFJ4CqYMwI
/v_Error/redirect;7i_Kka8W2-OXSnjvd40wUKK0Muxf7sQegFECnxR0ZWXBHzCHcjKK7VMimYAG;G72OBl_FU3Bt32H8
/v1/redirect;sdfsdjhgkdjfhgkjdhfiueyr9348;kdjghkdjfghire
/v1/redirect;4bzZz0z3L40TrSWeh0wLZVrwWiXpQ0eqOPi4joxMYIWH3Gp7GH8KsKCLB5zV;eQt89tuh8p8q32NB
/v_Error/redirect;5j8-mOJ5VTWcKhiX6Rm2l8Kx8JhXoHevXq7sbr-N3G1DsxJgDrnNL4dxP2nk;h6VnFTeF-zrVooif
/v1/redirect;sdfsdjhgkdjfhgkjdhfiueyr9348;kdjghkdjfghire
/v1/redirect;zv2uVUEQJ3iLmrRCZRJpjZqgsHFY4fPbUI7QUzcGc5r_Qxyf3dWaFWVayZK5;tVTgj0fxRghBqjbI
/v_Error/redirect;2soIh4gFH4gvPWjWCp4OxO0DzOGjZCYeaoNcdDT9H8ghqJbcdyYOqAcdDkVr;_BoX6rhaUHEi2LlQ
/v1/redirect;sdfsdjhgkdjfhgkjdhfiueyr9348;kdjghkdjfghire
/v1/redirect;CZZ7RZD5__EKzq2E_BajIwDbDUwtqRcsgtZQUEaggf49nVMuU68s3h-rctV9;QUX8A37LTfAi9QP4
/v_Error/redirect;CfIok9YLyUwT0iLIcAeK1bbdel_4_9STiqkfg_AY3ahVL22nf7b33wuvBOby;Ttha3uyoPLJxiKs3
/v1/redirect;sdfsdjhgkdjfhgkjdhfiueyr9348;kdjghkdjfghire
/v1/redirect;IUrzHH96UCrPcVVCvEDiIJrQWsZfJPY6aiWODPLEQYL3ZELYpRwvlN9VPjC9;s02gNSCaZs5AfoYj
/v_Error/redirect;iEZJVZ0zOskA03L19QUrU0jexwkOPPT11D3Yt46e36mI_JSF30KuyMVZi1Ds;o4-8OnCw5Iniviyz
/v1/redirect;sdfsdjhgkdjfhgkjdhfiueyr9348;kdjghkdjfghire
/v1/redirect;jd38htqoyXsfwaQMK1on3pDejoxIESf2o0487_qkdz2Yjcmio_QFQ4OwTmYi;DqL-QdqiO0hWIQVG
/v_Error/redirect;UQ8BT3cuViE57i6PFdo_vjawxXW3kLCfxA-wEdz8no1Q7kJafF2yGfshM9gZ;G5SYk1tMEVWX1bR1
/v1/redirect;sdfsdjhgkdjfhgkjdhfiueyr9348;kdjghkdjfghire
/v1/redirect;hy_Vg562RmoWdYcI3v5G3CDnOhHBkX-QhKSBu2HDOWWUbOMGYazigQCYTrrO;T-KKr6xRhGFyJVP0
/v_Error/redirect;Y8QJV23fXcIdGvYaOvGnL5nGQDS1-YEa6Or8tZ6qcY_CzIGXFZ_M9lBpiCFK;2wZBOuQfnDwklE_r
/v1/redirect;sdfsdjhgkdjfhgkjdhfiueyr9348;kdjghkdjfghire
/v1/redirect;G5k8mtrl3_KAXJlqIKPdGLKKmojemHgt5V00qxLfpo3muhXFH1zd-xBWDLZS;P85JDY_VFTeBNtDt
/v_Error/redirect;B_jzvjlLDhvla1e88golyFJqj3W5NdwVRrT9ljiRl4zRbGVMHU4nXzJweuPz;-JqBZEkoL-A6pChx
/v1/redirect;sdfsdjhgkdjfhgkjdhfiueyr9348;kdjghkdjfghire
/v1/redirect;3GKgZ2OI_VA-AFFwgN--nAqxTTd7yGhoxNo1MSBWJDPTUarkuzzJy7wnDkYH;HYLlb9lS1FktJ59B
/v_Error/redirect;HywOBaIF2Ms_xnS_FRGX1qslZzRoCsWEzxp1ftmIx7oQAFnC0FtXBNft-bfF;XTJsZMXF-jHmpiAk
/v1/redirect;sdfsdjhgkdjfhgkjdhfiueyr9348;kdjghkdjfghire
/v1/redirect;SnGneQBPjO4LzZvFrOFj8Hfjpz3RCjd_0o_EScfMtNUrwVbGgYM9-Z2pk9YK;IV9UphXCz8lsJdyK
/v_Error/redirect;vZmNPndHqM7qVtVMYZAD3qNEniQt-dh-zXOwQR-0ml0UXNVAYLT3YMVE-S_r;vSynmgulwjkWT-28
/v1/redirect;sdfsdjhgkdjfhgkjdhfiueyr9348;kdjghkdjfghire
/v1/redirect;D5RUVBO8dWetoIBKOI9dE_gM6bMudikTvheQHaWSdEJq55ArME_IeZFmSE0q;bz2N74MgBNtdvUlv
/v_Error/redirect;JpSdTiMAxkO3s_-STPbpYI1kAxYsiOqqQq1J4b3lknp47CSzU49zmwIGiqQC;mMRr0Tx8YC8b2-gj
/v1/redirect;sdfsdjhgkdjfhgkjdhfiueyr9348;kdjghkdjfghire
/v1/redirect;vNGqUyP6KKjf-inhowgWpVDw_OSWR7RfI-Ej_Uwjwl1ijQGiPO9YwC9yJwOH;yZEzix8QK6Aey-5y
/v_Error/redirect;nXQfInfMWSvCNaI1ktFnCmiGXTEvKI4Up6UheDKAm6O2KhHysreOx4Om_JBp;mD1bftoCcbheVEkW
/v1/redirect;sdfsdjhgkdjfhgkjdhfiueyr9348;kdjghkdjfghire
/v1/redirect;JKwJ-N6DUqJaSn2koSF9oMegSHflgGJLMBfOuZyOZeOXffTxk1eE08H1sd3-;0NDrt55_xv1L_b41
/v_Error/redirect;UNf5UgreF-gMCKyyN9SlCh7eaRZa2e41Myo6t0nQPZOngiGZiIEZ8caUihfE;fTQOrKSxC1ghGlp9
/v1/redirect;sdfsdjhgkdjfhgkjdhfiueyr9348;kdjghkdjfghire
/v1/redirect;2ApfoE4JTmnTHwbNhdBHK6ny3MISCOCdm9i1bpNltQlLsJq1pK1v9t0mynRl;UsHVOmYkWkOxlyFk
/v_Error/redirect;744EsNZk6YYUizx7eSS9fZYoaQ8akwifZvJ0WqCFgaWcnacig2s6L2jJ_9pm;hz5J_fEzv157XhvS
/v1/redirect;sdfsdjhgkdjfhgkjdhfiueyr9348;kdjghkdjfghire
/v1/redirect;o6hlvSxSu-lJkfKT5pltDYusFnQqE3jEifieDAc_pcI3x3gqwvEagCT12pVT;_UMc4TmHMQp78ilD
/v_Error/redirect;6WohfCnIgLTS2oR4hVT_O32QVXk0ckMXP7Ch3Mg8f83BMrOSU30NB26sDv66;sJcHeNk_5UbnSwxF
/v1/redirect;sdfsdjhgkdjfhgkjdhfiueyr9348;kdjghkdjfghire
/v1/redirect;s9HC7zxtv2HqDX9hKkZBI_psrrPBGv8EPcUn0_4Tag_Gyzstnwlew6GBGAwR;hjJ9TP9dmk_Cg1nT
/v_Error/redirect;Ycuc9ODB0s2C5JXr_ltPsJ-ndnMIvMUL8pfp-OJkcpErp1L3ju0o0kuku0Pz;eZnMZoAaHqMoY_qC
/v1/redirect;sdfsdjhgkdjfhgkjdhfiueyr9348;kdjghkdjfghire
/v1/redirect;9QEEOQSzj1z-WzC7ix7XD8g5XRxByC6q9bPVJUUgkTct5Fzx1XKJW8RYdKIW;BS9PE4uHAamLB7f6
/v_Error/redirect;cMBZhQ_e2saV851HpmTc9MN7aF1pm0OOaZHcokT0RaPxsbvOdRhDgY00GTom;GW2r882A03hQxwFY
/v1/redirect;sdfsdjhgkdjfhgkjdhfiueyr9348;kdjghkdjfghire
/v1/redirect;Dv7nB6nhx5T_f49RXTvf3ske63LyaUGhvaKQs7VMV6gh_QbXNCZJGc32rmA5;05L7tDy5UXNLL7qz
/v_Error/redirect;J4Wq3YI1VAZ8E1gWD5uF6_vvfM_cUKhmlEJWyC33enRgbmVeXsgW7BBaIwls;KUpMdlFQ1fyTwQnT
/v1/redirect;sdfsdjhgkdjfhgkjdhfiueyr9348;kdjghkdjfghire
/v1/redirect;_c3XET_WrlHD5gJlzAQnq4bUq46Tc8uIcJ1CPWs8XoXeSQItBiCnP9xPsTf4;SGnVBc5UoEb5_BQE
/v_Error/redirect;Va8t0lYLLB7WK3VcipHwuqus3kggP0AnOWKL-pVxzX30nNri_Vcvh5MsIwFm;ZcIAlZB9H9Snb8xp
/v1/redirect;sdfsdjhgkdjfhgkjdhfiueyr9348;kdjghkdjfghire
/v1/redirect;Fueo9h3AjxpZaGDeiR2b5-k-EWstNgWoonyHITlR3DRm_q7CRGtFOyqKg3VV;WO9A56IAV0AF0pWE
/v_Error/redirect;Ly4WDOuYaNEyrO7jvup58bfVuJqdu5ZAGMB6W89LjVrUEASx1n6eFV7g7N5x;tOErYC7OQT45A8Rj
/v1/redirect;sdfsdjhgkdjfhgkjdhfiueyr9348;kdjghkdjfghire
/v1/redirect;B-lcrZ-tlPXyCHB2la_2QbmXSlNUVutCew1DJoa8KOOYq1qGrFdNVm__znmB;scQveMlFmDV9mdAX
/v_Error/redirect;d3_Gx9gJXCCwMqN4UeMa1DW7BMv0RTMIdWYCmxdNA4hyGvhvCFqiCpIrzmsB;ZyH-ADhnnCmL2fCD
/v1/redirect;sdfsdjhgkdjfhgkjdhfiueyr9348;kdjghkdjfghire
/v1/redirect;LUHcXBuHVeyXzAZI35r6TgpLkhHEXvpY0COYz3_hGzN4jaawVhqJN9-HXaBB;qeNTd9Vf_m0WLBfW
/v_Error/redirect;mShDzjoKSX8vWm2hjcjjPeiMRluB2xdzqTPdIYB4otZxmspI9JzQC3GM9hfM;jQmp3Q9Ikndpji_n
/v1/redirect;sdfsdjhgkdjfhgkjdhfiueyr9348;kdjghkdjfghire
/v1/redirect;mrk7LMFJQb2RovG36ee-gLsl4SMJSOkG20n1oVeM5epzM_lpjUTnsoD_p0Qc;T5JoRcqajhTZ3Eid
/v_Error/redirect;NZTCNyBj-UTCZwfMP_I7iCLIWhTEvTTnUUsEcjf8ANxMI9uTkReEc4KVt762;t9Uev4-BOl7v-hyA
/v1/redirect;sdfsdjhgkdjfhgkjdhfiueyr9348;kdjghkdjfghire
/v1/redirect;mJSLSQrGD7Srf2WN3tZPOc6WiXB7wHUqcaImhieUbbx9uSHHDB_rxgYa7hps;i26ViN_ry-YylnvS
/v_Error/redirect;a3ru49AP6t4b9bnQ5l1p4UANVkqGwnl-IurSNaasvpNQUyXQ_ynVjAszZG2d;kIncLQDL2RBAnjOf
/v1/redirect;sdfsdjhgkdjfhgkjdhfiueyr9348;kdjghkdjfghire
/v1/redirect;nCfwudwn3NinfLezM522_UKV7uF16bFCK7LgUtCCiaGyNm7witROuYoJjc4W;7HaEDXd0MODgd19C
/v_Error/redirect;8yiKJE1HfX0tXWI1n5vJQoNHAExmgDjP3a9yLSwgbvnOe3w8Alf1FUWYhhe4;_hhP4wPv7ezL2Tai
/v1/redirect;sdfsdjhgkdjfhgkjdhfiueyr9348;kdjghkdjfghire
/v1/redirect;I3-SZVBp2eem2ufE9gkADLrHy4SZ1Jz7UxlCHuZTRN8FLniWVSNZpxY0DCmW;ewG-KUM-puBUMhFC
/v_Error/redirect;LGJoyUuqfdIRB5OcfybqUI-e7EwAWEDJA3hHetJINFpOjjU7F_LTnDP2xJPV;lhoEqHi-4W8I10_r
/v1/redirect;sdfsdjhgkdjfhgkjdhfiueyr9348;kdjghkdjfghire
/v1/redirect;gHFr6AS-we_IYLUmDgSvL6qN8Y1Ku-tGHLt-koWIbUqBnpoJpy_FVg9rLGny;s0UahQTpzsTV_VJ8
/v_Error/redirect;UxlF4C3gqoFt5iq8ukhxQjIYa3t2ycWzRXkQ81jeoOoT_DHDeVjl7sCwJAub;wUy96Sp1XnIunN6X
/v1/redirect;sdfsdjhgkdjfhgkjdhfiueyr9348;kdjghkdjfghire
/v1/redirect;802VFSnATx1rDGPcRDse87FIp5ZFnS0cqbWiwfuEZTk6cNFb3xLyMI5OKblY;e1jWcR0x0_GaaMd3
/v_Error/redirect;3NFmVvtN2FpY8PVMP-78M77IaMm9aSRmtljtnSqo3BN6vZHx8XO1uMVdUtSG;Yi6t7Pyn-BlLjrtH
/v1/redirect;sdfsdjhgkdjfhgkjdhfiueyr9348;kdjghkdjfghire
/v1/redirect;nqkVevTfymF-VpkwGYpiyOQvVGMMx41vgFoWK8HWjGikiYSJSnXnEY8anstV;R6XtmqOCpb3hIigd
/v_Error/redirect;bVcxZo2j3xhTRdEWBsS3oIJC0wnCJffmTQJ9rJ2sZOQ7BXc3xldkahOW-kZI;Of9f7QMbuGSCbWHV
/v1/redirect;sdfsdjhgkdjfhgkjdhfiueyr9348;kdjghkdjfghire
/v1/redirect;i01Mfsj1z6pWOUOmG2f9XCk90O0FZYRvo3evB5grlTkcAclHvN67Z6h9YSxS;CMhJeWTYgoHGY5Ww
/v_Error/redirect;lmVx2-fXrXL71zSWoPP546G9HCZO4wYqStuP_GuNdXGKOjwwPB_trgIjbHSG;xRDGcQbYl9l7c4TH
/v1/redirect;sdfsdjhgkdjfhgkjdhfiueyr9348;kdjghkdjfghire
/v1/redirect;kzaV846sE6_6u3sFTwRry80AAH_aX2LFm-u3qD573ZPJGTYsdPOQhrdGCYPT;WVk4dBF8_sfOUMPn
/v_Error/redirect;kZ39x92X1tTEgHwCZ_VUCHkd8kYMGu8ndvxgkJqOhJQS8hjGYIIaIgop0T1a;6R8-5xoBufJb7_pw
/v1/redirect;sdfsdjhgkdjfhgkjdhfiueyr9348;kdjghkdjfghire
/v1/redirect;BxQUzB-jQj9YDqBIVSf8nACfYLxyaLOBVYdgPogk_QDoZ22CGDF_fo_KMyHJ;i-O3u-jUkLp60k-O
/v_Error/redirect;lcujk4Bqv5yBhHzdQ4KPHPs099mQ3HL6QjajVBd6YapC2LCl-v_VxeLyFY43;h3nqlgHNIAXkzqav
/v1/redirect;sdfsdjhgkdjfhgkjdhfiueyr9348;kdjghkdjfghire
/v1/redirect;1eNTNFGCLzYvavL38CMuBeuSSCWrVVwD6aJFYISN_LQ6gdbiDjWz1hpPlEsN;FV5Dqe0aaK0h32pO
/v_Error/redirect;wtZOXHPYuaKulGGC0Vp8KVc-mVQJjZRreQ6eVaCgiWAHOQeWPMv-zS3thDj3;e_9SGIOC9BCtsGd3
/v1/redirect;sdfsdjhgkdjfhgkjdhfiueyr9348;kdjghkdjfghire
/v1/redirect;5tevOsenA3fwOWf-iilD6ExZrHWhslXxIOoJiRBRoGrKfj1z8sfXpKhYYSzE;PzMSsW0yPBJfI8ub
/v_Error/redirect;kXQouOno7N0gafz1ZZkDHdkHgLa7BgND1MmYwl_MCn7KaPKam9OdccOLcWXn;Y5PRcCRp-yiv8Usc
/v1/redirect;sdfsdjhgkdjfhgkjdhfiueyr9348;kdjghkdjfghire
/v1/redirect;H_Pr8sv0xemLwACyb74pRr-Jv9pfDWCiBBlsxM7e5-T4iQ9kQfOVkBkv4MrS;bENHC1G_ADUHqU3U
/v_Error/redirect;mMIEZR42rdQDyw7AH_vwVRBE3ujE3xtdv-JFuENfE2WHmzdqxnAbOxDPLx89;Ngm4LAOwivAozJVh
/v1/redirect;sdfsdjhgkdjfhgkjdhfiueyr9348;kdjghkdjfghire
/v1/redirect;ZfaFXRSf2GfFXWMgq6R5FRi5B8rslJJ7R0ikMyVd9fdnQMkpvP0aV32bpIZx;mnx8cLf0cFp9ODo9
/v_Error/redirect;OEVF9gJZxjw8VUXNDYynrZOy3nTXrZSVo9fwfthg78SYHeQmMLFwzuyAsbE7;ddOTZFIfxQyCqcpX
/v1/redirect;sdfsdjhgkdjfhgkjdhfiueyr9348;kdjghkdjfghire
/v1/redirect;-7dLKZke5AEkKQh92Nj7QpOMvBN1VrGRgkVHfTeIcjHKZVqpIaEoEH85xvt8;UA5ZEg6Mf2E8kH9H
/v_Error/redirect;dRW19mHnDybdIzHLcjIFnT43XbEy7FjHLl-8wtujlPxdtJq6LVggtyw7K2QU;BnrWUHWXVa-RxjsA
/v1/redirect;sdfsdjhgkdjfhgkjdhfiueyr9348;kdjghkdjfghire
/v1/redirect;9oG8cJaDAgjbTgxgRyx52_IL7bER6NtU_ikHdhTYzyFMhdnQywhiSzKHg0XJ;uq7QEMEMzp8mvbrb
/v_Error/redirect;1DN3296KOYZBWaF9rw4hwdmvukqZ1GONs7CoPs0GoVFS5as94HK805HxzvU1;VMtmqsGaZc_PaRKm
/v1/redirect;sdfsdjhgkdjfhgkjdhfiueyr9348;kdjghkdjfghire
/v1/redirect;y3CfaqTg6FYqmLgGHUUZ4vY4dqbGdPRRIBp_asgi3e1bTZRNXI17M83bVsvX;Zaal-QoY3MTMrvlR
/v_Error/redirect;3xTBBi1WenZs6m4TZz1P42ikPAku_rbJDfJ2Ur1zCiWtEe18du4p3hpXtDbh;mxwt7q7HAov3Rdgg
/v1/redirect;sdfsdjhgkdjfhgkjdhfiueyr9348;kdjghkdjfghire
/v1/redirect;2techxqfYz-4V_RCzetbCrQC05Md_m7bNLeuQWlA0dptOzLZ6Wbv6jKGmgu5;JeJbKIF4UgTncUzO
/v_Error/redirect;Ui3Zz-crb3aIP1XDPH_jBxha9WXZalzwT791Uz7PIc2c6_GpOX5rQYzBzBh-;2mq-nn6gpv3Zs1j0
/v1/redirect;sdfsdjhgkdjfhgkjdhfiueyr9348;kdjghkdjfghire
/v1/redirect;XxmJVPEJ3f16tj-frBdssAwvpRHaAhNZfMAQbhJV1wKNm4y_yHlKku4nRy_Y;wDvwdheV57MKie-D
/v_Error/redirect;yEQeKPRE6e2zq0E2EWNkTzIWpv--0zrmQZnLCUj3iCZlbbIouGyoe5skagie;ENXAIEW6LgrB3oBU
/v1/redirect;sdfsdjhgkdjfhgkjdhfiueyr9348;kdjghkdjfghire
/v1/redirect;q5wUj8s6RoFPVzL5uF8pg04Yl_eO346chvxrm0LCyPN6T6SyiugnaRcfaZL7;N0G53VjMHAhTXosn
/v_Error/redirect;02h0z8AfXXISjocdAAau8x8QxgJWIA8_6P0-yupiamtjRoOSkxCzZEaP_fp0;xQHQ-KZe55mqFmAI
/v1/redirect;sdfsdjhgkdjfhgkjdhfiueyr9348;kdjghkdjfghire
/v1/redirect;L6FcZMByfNdZPxqvbxUat9eKkU9TE-c05NHyBwDVic9HSEJvG4kKluFWj-AN;nwaa9KQDKdesSnrw
/v_Error/redirect;F2qCyengLbf31z-kusAstiQOqiXkIiDRKPpJroHPgkyGbo_w5z9C0FnCqqWf;-qF-os7kkk74Za0f
/v1/redirect;sdfsdjhgkdjfhgkjdhfiueyr9348;kdjghkdjfghire
/v1/redirect;qXmFClOw7RQmb8Y6S6M97ZA7PsCDBYImGly6tB6CIP6-kX_CdcDoPefE2qJT;mOkqjrfhkr9Vuvc6
/v_Error/redirect;PgRiQ7mKyMIrteaBgNGHK71TqZrCi44CvVXVeLUzeQ8HXkHZRQ2cfwHoeteg;t8toaxAHF38cAy7w
/v1/redirect;sdfsdjhgkdjfhgkjdhfiueyr9348;kdjghkdjfghire
/v1/redirect;4ankgzLfHK1l9pViY1udIUMGZ4j1ON2nYN9lb5XLb1Y1MF_HrjR2aupCHMCr;JTqRX0n5ZWcbSpGS
/v_Error/redirect;dnsE6kUT4dskMbvOj0btQFLCgnLzIko-qR_9qJAV3EmsI_yMvgG2s2Ec4fUx;1FHUJhmTdsw3b9iH
/v1/redirect;sdfsdjhgkdjfhgkjdhfiueyr9348;kdjghkdjfghire
/v1/redirect;IZFgVEDwl6elySHKEMw122eG9qFWHpPL3N2dwSFfUGr0gZOnPxcbwe6504GQ;LstSky4GMFkP2gLk
/v_Error/redirect;OLmAAoucpxYlR2GTvsXYwZO5UY0z_fV325YsKln1vR_ipToXz-aUiadOvL06;yvLFHZhzkbr8fS3H
/v1/redirect;sdfsdjhgkdjfhgkjdhfiueyr9348;kdjghkdjfghire
/v1/redirect;bg7iPRv6XvECKuvviRYBBHvLHgVOZ6TRS2Lqbk-yAFYLP9Et5hFuP7GfuzMD;DtmBMDthi_7fUvnK
/v_Error/redirect;CPZnqb5dsQiqBjsuTuDjMvzkZD9roO2d2xkm5QA5UsU0WUW_K_cing6yO0gn;_tTIdTuzMSGnMlk8
/v1/redirect;sdfsdjhgkdjfhgkjdhfiueyr9348;kdjghkdjfghire
/v1/redirect;BpoxfuoPOVGLW0mJ06TdwqnYVK4Tmiu4iEz8igmlqnUUas0C3zrTNRBZoijh;sIxRhhsGM99OEEGe
/v_Error/redirect;_F1VuchOeFXWU6RPer_fSXnbdPzZA8blNTLaqS60x5t7gDy2f8xcjnn9xL8H;mpVcsF4i2Wu-N6_B
/v1/redirect;sdfsdjhgkdjfhgkjdhfiueyr9348;kdjghkdjfghire
/v1/redirect;HE_Oi5jVR3c8IcshyKCDbDx7NPCGP3WiVCnX2AbYbgwqPCxe6uLn0ngQPvYH;RYUr8WHjvn7OOP0t
/v_Error/redirect;FPqGfB3tt6a4NfhWLeET7-jK3mhK8m5uIIMMlq_MXaYdS6bZDAngzQs-pTdq;q6Ybvm38wU2GhBmD
/v1/redirect;sdfsdjhgkdjfhgkjdhfiueyr9348;kdjghkdjfghire
/v1/redirect;LkMbl4W3G19UoMjOYwzYoFwI6f4SdN7fM0jE-pb9mUEJEOUUaB6Pr8nM6FWm;Jdhk4kb3AdoXEKeT
/v_Error/redirect;RpVVm_OIKQ6XBpuaxcwFIwxdeI7y2aOynWu5BGDWClB_r5hhc2T_gS-epWuZ;v2-0p8k7c6LwJtBl
/v1/redirect;sdfsdjhgkdjfhgkjdhfiueyr9348;kdjghkdjfghire
/v1/redirect;TClhsjVusAAMxycj8taCEp7-nIgt26DHOr3HgPa9slpwaZO0fX-gTJ1dUGuY;wTHccMtxjPm-ojPR
/v_Error/redirect;sE8IHQIYyVeqgr9ianmQfTmKQjQiDTIn6qbzpJW4R5gYliogAzafy4iAHnSJ;gn6UpAfkZ5BdJcQH
/v1/redirect;sdfsdjhgkdjfhgkjdhfiueyr9348;kdjghkdjfghire
/v1/redirect;bMWSdGMmFVkpugBPbzcKUKRI5wS7Tj6SI5mSYcOEjXHAelRKCyOO7rjfmnGj;a6dkWUYS99ogdNxh
/v_Error/redirect;bkdDc8XRqeDvkiA_JVTr6a2BwvtyOqg8cylunizZRwV43AkvxtgjstEny9hC;t3uCqZMltLfg-7Ac
/v1/redirect;sdfsdjhgkdjfhgkjdhfiueyr9348;kdjghkdjfghire
/v1/redirect;Tj2w-QTuFS7FUUwrrYpOmwDUdIy4PxA0UuLF9lW-2iOZsklQ2_dPcUw0BUvc;2Py4dqIAuP_KrCxN
/v_Error/redirect;7Io-AwBJL6y6NLcJQTW_zT2gwDkGPU1xpmYS258gVpFDLbHji_bPRCnhG_D7;u5iZB7mLKVBp5Tuh
/v1/redirect;sdfsdjhgkdjfhgkjdhfiueyr9348;kdjghkdjfghire
/v1/redirect;NH4wuwVWSNjgGSQeVFMkXd8CBpeZ1sFF2dbQYUA0JPgDKioIB2-8xMPArOOk;zZPHJYPusQugQZDi
/v_Error/redirect;NP_lSjFsG1Jq5ZxnBVPF6xrsty6M75iDnZGNUVvcgEop2w_MA8_Gke2SnLG-;MzRZ4eTzVK7NEY2l
/v1/redirect;sdfsdjhgkdjfhgkjdhfiueyr9348;kdjghkdjfghire
/v1/redirect;xJhIi1UAXOexscVfo1wx3bKEMz6djfuKylPENHluI-MqgHfv8mBnNfSXV1ri;Kzk8RF33_lBO8s67
/v_Error/redirect;3bU-7YKsJn-QSc1XOHYmHDKiJuaqheTwAxRdKTRBBtTpY-QSvfowT6ZKlEc4;QnMDAq7hTlQItLtK
/v1/redirect;sdfsdjhgkdjfhgkjdhfiueyr9348;kdjghkdjfghire
/v1/redirect;42sgOQ1eNnOEk0WOKVfLGC9Faf4Al8z9GMgRXeQOvaZaNzWtPmgkqwV9QdD_;MZeD25_R1A4KQ_i4
/v_Error/redirect;7TkCJPRLqUHj-p0dF2DUyNVDpBeXP9Anw-bwlep5YNOOUbiF_-VkrJXLuayr;YG9wvLvc2BR1fnri
/v1/redirect;sdfsdjhgkdjfhgkjdhfiueyr9348;kdjghkdjfghire
/v1/redirect;2VzZV0SkOW7EaE6YuMMvCL5wcDIrIWeykd8_rQciKzLdVMEHuIpkFB-63vh6;aiMrepOmM6s1bwC9
/v_Error/redirect;FP1mMnUDA7PU4QT4zPJOEngEzeU6RpCXoRcIOcs_MctvzKy2bo0pF_cGMqWr;qEal1I45qXB-D2Vn
/v1/redirect;sdfsdjhgkdjfhgkjdhfiueyr9348;kdjghkdjfghire
/v1/redirect;Wd29dicN9A1NSfc1oQru28ESBlR85IceLz0ZCyQdbWfW7PQUErYvzkSDmj71;pwzaZVatTFXmUJ2C
/v_Error/redirect;nYKp2-ifZaaV0CUtTuXjDxZ8u38MO3ONMqfpF7HGQsMwTpSE4WbRoc2ZRPKh;YO4Ei3OHFIf3DtdA
/v1/redirect;sdfsdjhgkdjfhgkjdhfiueyr9348;kdjghkdjfghire
/v1/redirect;v-Ge7msjKTDXnlMDsz7be3SM-KvCZ_y0gN8ZeNxqNQ_ezUxA6Gpuk-ES104i;JtUCaDkaNQhJaZZz
/v_Error/redirect;Sj6a7tlHZO66dpW3dgSxjmknOR9GqgbBX1oyI1acwyz2KO2d7nrz-tf1H1CG;C-EaZKN1nzA9ldHt
/v1/redirect;sdfsdjhgkdjfhgkjdhfiueyr9348;kdjghkdjfghire
/v1/redirect;qSiV6pcPIc4yztfaMoLzcM70eQO9tCedU3Yu0N0Lbk_ujo-tvMZtQ4v4EaNg;l71xslxVrgpwf8Od
/v_Error/redirect;4wq6rRQiGoBgOusfWSx52wqYxIFx4gcFnPX4DSNxH6PN2G7fSs9mh3D8gjKd;FonWh3XPG1hCF-qz
/v1/redirect;sdfsdjhgkdjfhgkjdhfiueyr9348;kdjghkdjfghire
/v1/redirect;tGoBSWo66997wQZOTL4S8B0mdZzQbD81IU2-BisIi_odRgJqYpkkclph9QhW;FCGdtdm6I7ZJufTb
/v_Error/redirect;txAfc7VAdEJ47xsyQJqMlfVYLSr2mSA5h8WEGFjnOxt8oGQzb2Bokd3pf3_v;j1XEslTkTFBwG-vI
/v1/redirect;sdfsdjhgkdjfhgkjdhfiueyr9348;kdjghkdjfghire
/v1/redirect;8QfF-1BansGshEmBDE9mMy5EZxOlANkRor5bZFgNVwaFlJDEj_1AuFGdQShU;JILKbutTtBg-x4XJ
/v_Error/redirect;aksOZT-HrDtkaGGzB_Yv0x44WVPv6UDueK4CtyfKt7C2yDVPH5F_j_uKdu2S;rxipyLVhbX2_kE4C
/v1/redirect;sdfsdjhgkdjfhgkjdhfiueyr9348;kdjghkdjfghire
/v1/redirect;U8mA7_evm-bxfXpkolPlzYoRvZ1u3Ycqi85BjAR6YPtrEohQIQoLIKlFWktN;wotvjB20pAXAb-PP
/v_Error/redirect;IoaPIwCEdD4ypxKk3mVIJvVDqUxOEy9aIp5ldaxK2jqtRZHe0Xx2mRbEC2F4;3D3sLBAHBM0rpQ_B
/v1/redirect;sdfsdjhgkdjfhgkjdhfiueyr9348;kdjghkdjfghire
/v1/redirect;bf7OICUhU_nT6AR27PpEIO9qb5xdiwBPmGBf60prIxKmfoG9sW7fZxkcpRaE;4Vao8Um2emNm2O8U
/v_Error/redirect;iniA-QooNtYzFXjoO0ycI2Kbo20z3K9NuTVxISI6WlykdklnmUiuWPclS9CZ;Vn15RFIjoptWODS-
/v1/redirect;sdfsdjhgkdjfhgkjdhfiueyr9348;kdjghkdjfghire
/v1/redirect;MO0C0KEo3crOjgXUB8pdTYOopEXjHv3jp4Whm9TjcLTk1aH2P98Ru0iXxe1m;ASc2jaMShuIWaoOn
/v_Error/redirect;sTu0odIKafNKjM-vh43O3rlW_ZMLXuft98iWm_iABlQmSdseP1LYvq5Ehtqf;NX3UrIA2tpH6lQRK
/v1/redirect;sdfsdjhgkdjfhgkjdhfiueyr9348;kdjghkdjfghire
/v1/redirect;FVf6yOj6ieYqaTJH06W6_l93lAkgDkueXzIoWGMtQiXPC4-r76ZgejR-VRM1;nZ0ECtZmaUpIyKGD
/v_Error/redirect;JApa7HwPWDzZlRRWUkeSCLqTcKkJFIV61AjGJ_vyC4d8xTINRNMQ3RS2sImb;1vWYF6my_ZZ2OT84
/v1/redirect;sdfsdjhgkdjfhgkjdhfiueyr9348;kdjghkdjfghire
/v1/redirect;mZX4VtbNroSPNLvCaAFn19ssXCEhOuJr8iWF4l-eUg8Um9EjMZr6l4FRrbJH;KGEQo-LUl76r4tOz
/v_Error/redirect;AoscKiyYDDoLV0fWnPe3Fnp8QygdZSuTwsPXcuT-xu8SDWkHNbclZm2hpwhs;NwkjnPAsEtNbRi6M
/v1/redirect;sdfsdjhgkdjfhgkjdhfiueyr9348;kdjghkdjfghire
/v1/redirect;iZCXdUkFsPhvBtPBJlT4QfCRoashBKDSHcUj1culDjgRfKQt5pfyfQm1rniV;WeqXwMQbgRB8mJBv
/v_Error/redirect;c_nUR05e1ubAO4DBUNiZeOEGHzFyIu8L4DQvkFY_G7fIzW_LjK8zAJWHT9wi;BR5tZ2D3N9r6m0z3
/v1/redirect;sdfsdjhgkdjfhgkjdhfiueyr9348;kdjghkdjfghire
/v1/redirect;_u7LHpK_bgQ-B0d2thzs6iL0OySKoBJmzobdYSv2eCJxXpQR80KTpNfVTjYN;-oxR14Nxo027Qe8h
/v_Error/redirect;a5THIKeiUSGdLjc7i6X1i2pY8oxhDbwseFZ5rQXy6nHXjOKXC12bHWzZTJ_b;bmcDiRb7Dbk44mSE
/v1/redirect;sdfsdjhgkdjfhgkjdhfiueyr9348;kdjghkdjfghire
/v1/redirect;YNrTXs4VOyRvpKNSR_q5Pko5MIEQIWo2Ej1S_rcfrdr1G6X6JokBl-KBpXx8;jdMihG4dksC3x6nn
/v_Error/redirect;eDDzXkHHySqHRiD8Xs16cKElyD4FNYSNDxS2oUDuNxJkaWzmvOUS9nXOzvxM;2PJiBfgd1cz8N-h2
/v1/redirect;sdfsdjhgkdjfhgkjdhfiueyr9348;kdjghkdjfghire
/v1/redirect;BuwkCKf4IDxoxzQLezjjtaFnY-YQVJMQNElo3tSo79oVjfTcPIsG4E8ZgW_6;XSdND7QxgVdS-Rs1
/v_Error/redirect;IPG_CzTXMp6trgC4kb4mhJrXg_AjuxjEDMSE0DX1gwLqgeK6-ag0cQC_myof;xl22lRyv6_ZThJAc
/v1/redirect;sdfsdjhgkdjfhgkjdhfiueyr9348;kdjghkdjfghire
/v1/redirect;PfndCapNqVtBhsGf9mbLp10EKmlxXJlMAD2kkOBuf3tDu1UzywJgfe5a6t4Y;nwrA8avXhJsAW039
/v_Error/redirect;qDZu97rUPcNKE-HDwMj_F9F_z-7RcKWBvTYum4ZC2NhuQL5k2cG_4qH2muc4;6OrgSeToxeoOd83z
/v1/redirect;sdfsdjhgkdjfhgkjdhfiueyr9348;kdjghkdjfghire
/v1/redirect;aXHuDG59Z3yG4YIO_hfin4SKMNa2RzDGFTdkcALqybZwqq0Ndsi_UpD7uGFb;ThmUlAMqq9G5i0Q0
/v_Error/redirect;5y7xeJ4-6z32jPFvTqTxWT7Ccp3PQXqNffEM5drhlYTfr1RuI1uYZxcvcU3D;iUYy5Z3yDD0fPfIS
/v1/redirect;sdfsdjhgkdjfhgkjdhfiueyr9348;kdjghkdjfghire
/v1/redirect;RpDzyE2pFWXNKsD1uujlXvVNktB9bV-WFygtW378WtibU0n3GFvd7lXah21X;B5Jeepv-cd6Ql-Uk
/v_Error/redirect;lIfRPI3ggxWwK0UQ9pqXoCSdxffm341Q-HJHfyLe8BmeUMhmP2tLku_1n5IR;oFF8GkGG9UuZRomJ
/v1/redirect;sdfsdjhgkdjfhgkjdhfiueyr9348;kdjghkdjfghire
/v1/redirect;3p6KuPavBtxHlAFPxIeiN0kT7YA5zWqOCUEdQDeAqw5ouLy5s4TOxakUGPQl;1vgKUWBCOKfD0RGT
/v_Error/redirect;qlcHQpPzFSVLtqeeEdUCAdvZaYzwzEhZYdYFQ83jN3KgrOapdP5Xw067P3AH;jL0QE2uB17uj8mA8
/v1/redirect;sdfsdjhgkdjfhgkjdhfiueyr9348;kdjghkdjfghire
/v1/redirect;9VCOL2rTBECSms_Lj9j3p_pG39ZfRtl2h_ekeF6u8ROUEb7L_lAphp1O5Khw;krCiuWZRmuEA3zbB
/v_Error/redirect;z0ETyfbYwugtTpXXSyZAR4Q8yMR8BIHE4m34p-zJdgHFOWCyjrb703PVRJHF;SHQwbkL6evn-OTBY
/v1/redirect;sdfsdjhgkdjfhgkjdhfiueyr9348;kdjghkdjfghire
/v1/redirect;E6h5wlQ8ZU4M_Quz2200NqLX5ZDLKYII22Y485v37VxbdVfsEK0SWXGaoZGw;1PpmB1OVvIBhIHZZ
/v_Error/redirect;3AjT6tTBsfstXqgWujoib-GFgeCglj0Jgd-CUQZa3-Pjt-8a0poiMO5cNHiO;kWaYOC2PG6_glBSX
/v1/redirect;sdfsdjhgkdjfhgkjdhfiueyr9348;kdjghkdjfghire
/v1/redirect;I246cLpqUJfejQvJMz5KQoHv8dTKb_p9qENv1ifpQwuIdcVW9QNkFDJ-1kvs;b_O9_90v_dOio1eS
/v_Error/redirect;aadwxeP6OjAl7C1GmnFVYRxcCsvP84InPqHgKLmQO5G8xALTersYFKKRa8Ni;AVodvjbjVEYBX37D
/v1/redirect;sdfsdjhgkdjfhgkjdhfiueyr9348;kdjghkdjfghire
/v1/redirect;hitigVmenTiSnKZycpRzvly4LCgIAKevmqLvmqYTsJ-jdNmowmIKpFWIezUF;gMhkYSJJJILY65PE
/v_Error/redirect;YSaZnFduNOGYfRCuhMi_woxodnbpvcxVPtiuctVDr8Bk_dF8qv_FErTu7NY1;PTJ7MP3zppjQ3xWv
/v1/redirect;sdfsdjhgkdjfhgkjdhfiueyr9348;kdjghkdjfghire
/v1/redirect;chJTyB1l4cEWt9e1MYDFqHfirTHZn_pnS8Ubj2gLiA0gsXGsCgmK2vjUwmOx;nKCBSSb3ZPhxOwN8
/v_Error/redirect;7B2PFYueG_PN2CaYow2nKQGka7p882t11njLR24frknkK8prllKexf3-O-pS;G07ENEelfGsdjuCD
/v1/redirect;sdfsdjhgkdjfhgkjdhfiueyr9348;kdjghkdjfghire
/v1/redirect;WF_C2pF1sJCDjvZcNfdS1fWDtKL8tGO494Os6Ws6uQyZUp73oRsQnJD8EYJB;WTWxWbZ_nYVVJ4o3
/v_Error/redirect;RvKGVfmQ-oTmOhwZDN70xNG-epZUuSJSX1QyaWFLI5Lt8rN6_tvN53fREK2K;p-OL93bDxNQvA0wW
/v1/redirect;sdfsdjhgkdjfhgkjdhfiueyr9348;kdjghkdjfghire
/v1/redirect;vFT1Ofzu94ScT-0CDdS5IqbgkvNSTQJTq7pk2vtFKaXtJFssc6WXb7aw-pjT;h0wkRAF8SaVohIpd
/v_Error/redirect;9vgLQl1G4vsETGXWnOnZvnUrLJgRp87UtEVF_CmFkN4zFhab3uvKklgZ4wse;jhSpLnaCc7VpUxHd
/v1/redirect;sdfsdjhgkdjfhgkjdhfiueyr9348;kdjghkdjfghire
/v1/redirect;USzuRu_bWkX-F6xYT8Yklwh00DBmGY77HokXN3jxKt5ArdrELdpan6gUf5Ab;_U2isyMpC5U1AgVs
/v_Error/redirect;0XpC4sXBpYwpZgGD4iwxGnLKscOC1K4dyRHQbGyy8353QbbOpjS6asF-ofKG;fTXEFVNjKJH2rRrD
/v1/redirect;sdfsdjhgkdjfhgkjdhfiueyr9348;kdjghkdjfghire
/v1/redirect;I-6kFCDpEujHrvwfPz2Z7_OAuQ7HTR4A9Mgx3TSULBJD0PCAuxfSlisnwhkr;H0TVp-e2mMUrSqGt
/v_Error/redirect;qTNgAlxP201IxWYUsv34XGkjaDnR0zEQpThEOe13ausQOBIklsnn_jw7qFN7;Hyr_YykmkHfbjTXs
/v1/redirect;sdfsdjhgkdjfhgkjdhfiueyr9348;kdjghkdjfghire
/v1/redirect;Jzlz5Na89fJmdrBohSiy2eVBVjh-lGGztGnKlR73MnkFMqV6g9OLcJJcS5cy;Y8NzXsQesS3vFkU_
/v_Error/redirect;QSsZXoBJzjldU726O74BWDcJchac70Fk1WNK1lbBrNT44m9-ORPyy6ag1eNa;4aTgrhK3zJ3tBrQK
/v1/redirect;sdfsdjhgkdjfhgkjdhfiueyr9348;kdjghkdjfghire
/v1/redirect;A6epC4wsXZbqN3s0XWEMjzx6zKrGhvYv-tcGzMmJdDibJ7SWYZtf_J45MrJO;NScXAw9TfLzBPnfa
/v_Error/redirect;UkKkOX5QBqGED_IqEDmmd3U42NcIkXt3XYqWbJkHcPRaUCJ6pFpkw9DtJlpJ;UGPtSELXEBMMAHCD
/v1/redirect;sdfsdjhgkdjfhgkjdhfiueyr9348;kdjghkdjfghire
/v1/redirect;GuBUo3FC744upe3AG3zTg8E62faPlbMbTStRC_g1nXOWpiUIdDgShTpRhWSz;0hb0L1xpMEHZ6BXm
/v_Error/redirect;S2aZSHd7Xfm1Z45NoEdHQgduEQjXMKd_Ui3c9kD5R9XRY0C7ROnI5HATp62G;oqaKk5iLfm9u9oJw
/v1/redirect;sdfsdjhgkdjfhgkjdhfiueyr9348;kdjghkdjfghire
/v1/redirect;my9f_ZOW5mU5nvBBGNlHw89JDhqAutLf7z5Scpo35lW6z1n3Ij8CkDufYbCu;HZHC4axNqFvyHIpw
/v_Error/redirect;LhgpJ_5Mj__qHbZUKHx_D3PqvHr7jzSOBxy5-Fg3nmA59EKB4wVpk23TAQ22;oFUwMn3rWYSZiekq
/v1/redirect;sdfsdjhgkdjfhgkjdhfiueyr9348;kdjghkdjfghire
/v1/redirect;XTezamhEnieLlpeUptcwXh7DW8CJUBDC4wbR79TmPP5dMuXrD3a39Dy5Uk86;24EaYJuD8RpUpyk0
/v_Error/redirect;WUIoi_GtO8rL5X9mFX5jBnIq3a77jyXuwosIdoUb1ujo3D5-3NeGb3tHItS6;6TKdJNBOPrUmywkZ
/v1/redirect;sdfsdjhgkdjfhgkjdhfiueyr9348;kdjghkdjfghire
/v1/redirect;sS57HEDJh5P3apijc1WIyqKuN_oZTrl0nwYVRZqA5JKFQlEDvlNCTLC89Air;uQp2sFRl5C4uM5kD
/v_Error/redirect;2Cq9GrJwFWU5ZrwkXC5Bxez5RYPvNfPLFlD_SSr_htdWsl4MZVZyaa53VwLt;qMUsz7wzeB23fTf4
/v1/redirect;sdfsdjhgkdjfhgkjdhfiueyr9348;kdjghkdjfghire
/v1/redirect;UUePOI8d70IFUMh_yzb8DIlprjVETeP0Rai_vEYnDjc7LYnvGElwe3m-SDcm;l9y3JhTrFc5yhmFr
/v_Error/redirect;kxbH5aG230Xxj5VnMZhsaCwQZoN8-tv2uY5ewUgB08wVTMXFVth4OYTvgKc3;4VG9PtnhReEdi2nT
/v1/redirect;sdfsdjhgkdjfhgkjdhfiueyr9348;kdjghkdjfghire
/v1/redirect;NcWG1Zt7azF7Gb1tYowFbWr5F6cNTHk55-O5GUL1ZAGdNIzCWNBVbXq-ujd0;RiBnDP6Mhegodn9q
/v_Error/redirect;j7-xmPGg0h6K6O6URAG3AoTHSXljDHMqJRE5dAQ1q4PeWIZ1eDPws1vBboEZ;YVk46FtOleJIz6v5
/v1/redirect;sdfsdjhgkdjfhgkjdhfiueyr9348;kdjghkdjfghire
/v1/redirect;0tLvaMehEDMc7mJrZHIXJNi_hRDSkj_2OqWxbDC5YtKZZyk58EwBMkQZd_FD;1MeKfRpS0Xqwe1qA
/v_Error/redirect;xPeAxatbOggXs1R7Uck8PORe8OMF9qjkX4rMrmc8QJv1wLc3-yzbTRVIKycC;tXzjGSPbevx617U2
/v1/redirect;sdfsdjhgkdjfhgkjdhfiueyr9348;kdjghkdjfghire
/v1/redirect;8dis_UhiV18nd2FrLPXP5fenLGNuTvXIUgCi3PZ7fOZUJB9eFkJLwK9XqDoG;dGGTZTs0UGT0LQi3
/v_Error/redirect;Y_LeG0OM9x1NP1WwbwLV_JKJG1Vzc1zYhjbSKgC_Ebe17LUO6swuU-TKRMvX;ofSKJD-ej5My3NSK
/v1/redirect;sdfsdjhgkdjfhgkjdhfiueyr9348;kdjghkdjfghire
/v1/redirect;WHhLP2Po0H114PPpRPcR3mhTxt7OBl5nCKWa2bUZfoKTh2iVE_mfsJ6iT1Kw;QISZUdqdfEbhAsEb
/v_Error/redirect;Pcuo-IN4vbPt7n5nMhBta2t_HgZwuDpllISw7H_MnSYlUeauEHIoPbv_2HgN;HtFRyUpXYVZDiNHU
/v1/redirect;sdfsdjhgkdjfhgkjdhfiueyr9348;kdjghkdjfghire
/v1/redirect;CZfMNBwcUttsRRfQwNTjVUf0vTLR0R7Nku-o8u7W-tu2sWzwQnNDHS6iwgwh;m34XrTV2GNW5OVve
/v_Error/redirect;4FvCSlcL08JiE0KSU3Mj1eodGg4ZNlmcEZSk-qFbnVSsLf_VO2YfTC6LB7pY;QO__f6RB3aj0FN2j
/v1/redirect;sdfsdjhgkdjfhgkjdhfiueyr9348;kdjghkdjfghire
/v1/redirect;iWV_aME98iowFKSC9nVhzpPQhQkV5MPz00qH-YI9GBA09vLOSYSG8H8K9Q1Y;ud0duB3R-fNv-yWK
/v_Error/redirect;AZciVWMuY_HDWKo8SS5o0vaYbRsaJX4UYtytQnRBDKlk_vlyzN96UmjeFCYg;X-TdkfcZBF6KRS3L
/v1/redirect;sdfsdjhgkdjfhgkjdhfiueyr9348;kdjghkdjfghire
/v1/redirect;W3syWCi8cFUHdWVciArDWLpfkg1uo8u1j-4Ah-UfWcD-aByuipnRDCT330Wl;xkdNyRaztTiqbWNb
/v_Error/redirect;HlPPThpEdorgTEzjvVQGquuYVqST95dUaYHMq4jBs2LWMLYiuGX1T5MxfVMW;nM-64MztF3yWbNnD
/v1/redirect;sdfsdjhgkdjfhgkjdhfiueyr9348;kdjghkdjfghire
/v1/redirect;mYokPo0e8GoL9uxKMIORrpalC762bCaWv91xQq55ems4O_wXSH1e-SbJVtHN;ezkMzut0ULbICEbo
/v_Error/redirect;c-qiJQPF4cMqkM2uhYLqw4IOF0kRY2dqonATRPxXdb3C8sSGMToP9pAw0VuL;Sul9OOeg_wR_cmZo
/v1/redirect;sdfsdjhgkdjfhgkjdhfiueyr9348;kdjghkdjfghire
/v1/redirect;Oa24wAmAPmQW-uC4AkkKK-Fb6nUViw3nBvIJAo7hTqVH7KSou4QtWERf4XI4;_dTyKAVwc_rP9sAh
/v_Error/redirect;TrJgkECbcOEiudV2YgUzFddW3XtJM4606R5g8YhD2gKkFIaE022nR2zsylsR;P_NykWX0vj9BmB57
/v1/redirect;sdfsdjhgkdjfhgkjdhfiueyr9348;kdjghkdjfghire
/v1/redirect;2GNmwXLU0OG-Q__lusDEGvRuA_Bo_oLb_OSWnlq8u15Nf9-ZDcRb4qyto26e;wbpXgC8YOGXZQfog
/v_Error/redirect;TqUKX4P-uneBRuqdjk-se27zBFuKWwFkaly_nfKp0dKANwFzTmvMaifcZypZ;JzNvitxo1P4oHh60
/v1/redirect;sdfsdjhgkdjfhgkjdhfiueyr9348;kdjghkdjfghire
/v1/redirect;E3TAIhZ4hURTE2_i8VHgzCSFfcIy-7qaWdQ0eTiZXvLN2JPhtX1vL6oc1yaj;g19z1JIkjXpsG1_9
/v_Error/redirect;KoLTwZNAgipHBMcrZKUtcTeAkKfHheID34WC5mE27W2fOYiQjMPrcQ-or7wi;ZHY8YBZo9LTIHPC0
/v1/redirect;sdfsdjhgkdjfhgkjdhfiueyr9348;kdjghkdjfghire
/v1/redirect;WGWZ1Qhv5ZkeG5xIVn-mJX0aor4Z3f_R72wWS4T4depvYKgIqRsAxw_nilaJ;qY5vKi5bAV1LgaX6
/v_Error/redirect;b2q4l4mky8lpVdO-OAR63gN2uWsxW2m7iYZB1y4jeBGBG2TCOkQSmOyVVnmB;MRXA_J11IKJ0fGGS
/v1/redirect;sdfsdjhgkdjfhgkjdhfiueyr9348;kdjghkdjfghire
/v1/redirect;d5Yn1DxpS5awWvYw8nT6jad0epgaBWov3iqK8QRfwFWk2SyJkBF_uy-ojiKc;ku1Ajgrg7y5dpl3d
/v_Error/redirect;ISIEfT7Laiia2egt538s5r7vgHCXyfP2t7v5IuBGiqTo5l9Og5Y_cADAaCOB;cfCyUvolqferwyji
/v1/redirect;sdfsdjhgkdjfhgkjdhfiueyr9348;kdjghkdjfghire
/v1/redirect;tz4efFHlYXsbDkdGXhla6kfUzQ_F0jbi1EoYf9wX2eW8GoCn33ZfrTU9hIY1;8kUZPrSyaxNrD5CU
/v_Error/redirect;VvW-Edc9NAt_8rlvTpMm_qhMk67IAAvM6mzlm3l3NowPJ07vgjNTE4F7umqz;g10Nv80SAf0STYHu
/v1/redirect;sdfsdjhgkdjfhgkjdhfiueyr9348;kdjghkdjfghire
/v1/redirect;qLEEI4VoP57rxpQXk8iZqZH3Ax5JXobxbS0ncSxY7zrYFzMOHpvPLvdyDrrK;uN4UuubzEN76RETA
/v_Error/redirect;T1ZM0KuQdZ6NE6rYM3hGEfWcTqRtpiVPbJ9T-Ck4IEQ4PcE4pS-fHpif1UTp;6Lj8LmmFneCm-hS4
/v1/redirect;sdfsdjhgkdjfhgkjdhfiueyr9348;kdjghkdjfghire
/v1/redirect;FcnVmQ-JGFaGR-gONePKpaLwpCuxymWXm9KCeFk6ouedZPsACsUnF_ohI0q9;M9Myi_wHUJpgiwyC
/v_Error/redirect;p5p2_sXsclhplh9qJI2eCkdjuxnm3bacPE3-U-4zxGY59jQswmjTjveFXJaa;lpZGWNZ2xa1jT2-8
/v1/redirect;sdfsdjhgkdjfhgkjdhfiueyr9348;kdjghkdjfghire
/v1/redirect;FUMlctPtXtczGYDpoDPzMF7KnYzeOKUQxcspus-RtwbG_7wJww3kGeI5bEDp;mw5QCTk9qXKEYmuo
/v_Error/redirect;MiutmOmdh4FuGFaRj6FN9ZUF5VYSyEJelsKGGIzXDOOrJ2cO4M9PP3Q6PXrn;CpTwaC_paBuChCH-
/v1/redirect;sdfsdjhgkdjfhgkjdhfiueyr9348;kdjghkdjfghire
/v1/redirect;TTbMunAffalfhouomzMHLxfgtdn25yy2hgcrVRWyOe1mdDW_odrsGNs-BPMX;nIB45D7HVsDVptoY
/v_Error/redirect;hAAYvpoywL0PISGg-G3wLZHp-bi7AcPKf6O81uZp6MFjge0I9PXlFc4K6bAl;OesuxSgGNCj0IJA4
/v1/redirect;sdfsdjhgkdjfhgkjdhfiueyr9348;kdjghkdjfghire
/v1/redirect;zmI8VBOMImENiBCC9p28i8jHVzvXcA4sIhs3N40hvCuwwWE6qhhQ4Kevd8No;ycFhFBanh4qyW7ZZ
/v_Error/redirect;PsbQ9vt5qYqW-mzUkWp6gV0jfZB1s61p8SxwU_Tc6v-0WzTxk7LUQxgLVwoB;PRiagAqDV0rH0nbz
/v1/redirect;sdfsdjhgkdjfhgkjdhfiueyr9348;kdjghkdjfghire
/v1/redirect;epNK8mDXRGjCL3L_CUayGvUcD-w-d3w0nBt9lAWoiB-StVZbNndo65THke07;lexOdADV6yCRhVdZ
/v_Error/redirect;78Z56bSb835KYqD1VsjeHGYAtrinc7Tf4jA2KKJFtopU4nZrVEL5Gke8Gv7c;lsHIzXkl3-fiBpih
/v1/redirect;sdfsdjhgkdjfhgkjdhfiueyr9348;kdjghkdjfghire
/v1/redirect;-WB5TZ3CImn4DMFlbymymUYMp540R2fA0QQLTyetuu_kg0X3iAaAUzg-mCL3;19sKKhlUMDlB4uz8
/v_Error/redirect;9vT6hEDYq0R5zkVfEBLj-4U6bkq9EB0gqDA7mFyIh8z8LPrxkJUvBHz0lfgK;YNpio8MgD7_1YmbP
/v1/redirect;sdfsdjhgkdjfhgkjdhfiueyr9348;kdjghkdjfghire
/v1/redirect;pRi79o06pfOkRhZ8KwnKLjYmM1KfSv1t_DCtD0LhROfxlhVKjdKQEAb1GPGG;zCjQRtCYhdzbIVxi
/v_Error/redirect;JXJW1EFxN-dl6Rnbq41AXSKYquWhipZ7qcCEHa48YFvfvOu9fzqkdOIBSpMx;S583PdN1QgeLIiD-
/v1/redirect;sdfsdjhgkdjfhgkjdhfiueyr9348;kdjghkdjfghire
/v1/redirect;mgjVFZ-yXmjgdNCANwlBSZuUot0phAE7YUNOR88ctLk5C7IbCY0e7eCgmKlC;a9xgrwb2fmgGlEZ_
/v_Error/redirect;ShyGc8K_xRpaLwsL12GyVNlRyaKJ5gw4iwsVf0r5k1Nv1sXLAWkM4zQKJ1QF;1qIuwl8ezqBtJI3j
/v1/redirect;sdfsdjhgkdjfhgkjdhfiueyr9348;kdjghkdjfghire
/v1/redirect;fMnygccLf5I9VgObry8xJjZW2PUBafpKmvb356j-g8Og5oaMNO55LnB2i5Eq;QC3QyKaCRgb8jyFt
/v_Error/redirect;X3-CBV_6aeh5G0F4spa2R09WBhAxr4Z24eh1E9TFi8JqVPzNDwVc7ULUtESK;JK51CA5vNQWPOjmC
/v1/redirect;sdfsdjhgkdjfhgkjdhfiueyr9348;kdjghkdjfghire
/v1/redirect;PWzaBPgiisW4DcJ5StXeA2a-HuUIKWU9CpEs4D1jJsA43lcdphCrWv32hI1W;iQOg2H8uCbhqxyS-
/v_Error/redirect;QXv80DXg-9GnXuAagB1eFX7SHoClze1IYSTS622ZW4ZBmjSerxXGji0TpUmX;5OhydyVH_hsShJmL
/v1/redirect;sdfsdjhgkdjfhgkjdhfiueyr9348;kdjghkdjfghire
/v1/redirect;lWQ-WyBxT3aE8sYBuAsBUvx-CnnfbY0IqPstNpBG2wSck84y8JCfkF_AxRox;R3TGppLbtyTajr3p
/v_Error/redirect;HIZ-mQdcxdaWP3Dw5fOQj5A0k6bdtNSCx_rYttxGJtXIN8G8GVRz-2r63dBD;QESnodyKESDSqa5p
/v1/redirect;sdfsdjhgkdjfhgkjdhfiueyr9348;kdjghkdjfghire
/v1/redirect;yMR-7GQo9EpyoY2-vwrVACmU3bXEOSnYDia6tjBDTzxh-1e56k23Lw_35zHY;L2S4C63ewTkz_LoQ
/v_Error/redirect;UWGShSq-_eNEQvj2FdE80qvEPqQB49gCkPhOtOYv1KnCftwS5BepgF7EJiND;BhxHBdspxU9VzdXt
/v1/redirect;sdfsdjhgkdjfhgkjdhfiueyr9348;kdjghkdjfghire
/v1/redirect;FWiK_mJ2D2-KlE6IlKa2g1ouWi1KyqH58DTGVr-ZYXKeawgAzEHO-yWogIO9;a8qOBlBWH32aqavj
/v_Error/redirect;oEQXKt_6N84oSv-43q9TrK7OUeHD0DFiQlLU9oD6MGll5HR3ptVFiy6UpE_Q;xi_tR8ECA9U6xYid
/v1/redirect;sdfsdjhgkdjfhgkjdhfiueyr9348;kdjghkdjfghire
/v1/redirect;lZrzA_Z8BQktApppObXM3eldr5YB3L0pKhXgwzAy3oYCz7eb2CvcY1m-k7_U;ihhM_UrxmbGvUAGt
/v_Error/redirect;vdj5dcfHMIQh7YU7W5fOnX7H9A0TKvAzZnKDTz_V9sb9htEn1tlcLd9-mrbM;9LspsjzlTa4OyHhg
/v1/redirect;sdfsdjhgkdjfhgkjdhfiueyr9348;kdjghkdjfghire
/v1/redirect;Pf5F0_hg5ZZBmGSVkTqRdBE_KCV3HSbSyaM7euBVl-sJA_vkXvLQupgqZw0u;QfBfxNH8brnK0VzD
/v_Error/redirect;JFo528Jq0xhSiYKEyVntADRg0n9RiUoomdLfcapJfATJvVul4a53fXBEuPEY;ycbpPgXG6lgXF8iq
/v1/redirect;sdfsdjhgkdjfhgkjdhfiueyr9348;kdjghkdjfghire
/v1/redirect;2FDs5Pi4h4TuNoS68mwfDVPT8tY1f81KsPxPjOCnErzlB8JuzeS3Pis-XKxH;LqK7lfp9tykxCTal
/v_Error/redirect;NLT6Db7DhbsJbxagwrvodSiQ5PINldhGkI1lAK3POCacnJklpl01fJKAdlX4;8EN_GuF8xiQJKMt3
/v1/redirect;sdfsdjhgkdjfhgkjdhfiueyr9348;kdjghkdjfghire
/v1/redirect;QaJkYy3p90AbT91P1dTTjSfAUeHu5F4iIZ9pkzqFuZvR09ogCViufLHugV0x;SrMzOqZydMV8X9sm
/v_Error/redirect;QKtKeypHa3r0epm_q9qp2MqnmLI4HU1HZY6gp4g1c5tJ9ZPmNr2x3qCuSZ2f;8ZgOJaAAdruEy_2X
/v1/redirect;sdfsdjhgkdjfhgkjdhfiueyr9348;kdjghkdjfghire
/v1/redirect;PFBUNNyTkcM-NvPwhnVeXoFcAI7TA3uAeGhbm_zd2rHMHwYQVQIFV4KGtJhV;zX12t_orcxoOu2pj
/v_Error/redirect;eylmyce3qYdKVNvJN6YTCc4lSiE1BkN4alxECLPq4CkcUSA8PO_6ynrg8em0;DGjxfO2AhdnY5FEn
/v1/redirect;sdfsdjhgkdjfhgkjdhfiueyr9348;kdjghkdjfghire
/v1/redirect;12xUWWUeZexmQfd1kgWssZ5pATstaUdrcXlf3kryAKqRWcwUcx815iZmpGQe;YLIFVkPVhY9uAYCR
/v_Error/redirect;G92vhRmgOVjKL-sqWoH-yHe65vqStpOuIkYXwgcABEGJOkY_p5BAUX3obmNR;3Vx5dT9QOyRz0QHH
/v1/redirect;sdfsdjhgkdjfhgkjdhfiueyr9348;kdjghkdjfghire
/v1/redirect;12OskPA0h4dHLVuSrWo-q2Nipmv17iPeMJQAhvX_XnIcXOTs_-JN3MjbEqPI;WCQSdIbF0KyvTgio
/v_Error/redirect;wmQvgTmedMaCNZokPWMHU6hHHK25v27zzyuZbvpeOHKlWshOfmJvY8FVqKlk;5km0agvllsCg8bzq
/v1/redirect;sdfsdjhgkdjfhgkjdhfiueyr9348;kdjghkdjfghire
/v1/redirect;mqf3AW2aqTlfiSJgrcH8CT8O9AMO6QOsjxx_zTwUOX6n462dR4qt7EZNDdIe;2gnwRSnD3_bKSka8
/v_Error/redirect;3O-vsvI4Di3mkN7FdLMsan5vNIuUxAd9D8wYYn0xfc6ssVdHi-BcOD-Zb6SO;4m8Zpl86hpQKiPRC
/v1/redirect;sdfsdjhgkdjfhgkjdhfiueyr9348;kdjghkdjfghire
/v1/redirect;TkvLQxj1bN0urbFXM95atnm6iDYRKzwhZ3cwTr_vTGaZcTuuTRPXXL3EKlfM;pRtdMOiFer3h-2st
/v_Error/redirect;zmMnO5awTlHlpyTGnxEesQuE7V6Xu7lz558jgCuudiu5CAvAyNRJdM3pAX4X;Jxkjca9ge8qWo1Ha
/v1/redirect;sdfsdjhgkdjfhgkjdhfiueyr9348;kdjghkdjfghire
/v1/redirect;l0M2yxp98LosfjdjAwUiJUyuPhuCs0LngECpQ6E3iACtoPdKCpMf6v31lQ0U;CG6jJhcFIxSt1HH7
/v_Error/redirect;Ri7RuwYD8H_UOpjyFM9ZakAVEIo6KaawR1jg1JNO2XYHL2mB8DkLInbw_pUC;d1CfUK9OIkzXkYbm
/v1/redirect;sdfsdjhgkdjfhgkjdhfiueyr9348;kdjghkdjfghire
/v1/redirect;Dv33eH6oDFbQkojxcWsrb3ZHPJsSCCaQUAwkAWo-z5-YnHdWNo4AQkfsGhqG;VWK6oU-O61Uprl-A
/v_Error/redirect;lrYYdJ3KyoXZJWmc24tlUDXR-I_i3z9Y32sAFLMUJupd4WVllPwQErmsGeWU;PI4O0WuprRDdKul-
/v1/redirect;sdfsdjhgkdjfhgkjdhfiueyr9348;kdjghkdjfghire
/v1/redirect;LsW9IqacJ6ro2qaifii3exfKJva9vak03cmbfYGRFJjhL4faqtoTgTWvpn09;i92_rQApjWSk00-0
/v_Error/redirect;wgyI6Y4w_a-NbCLgIw_Mj5TQqZQObBPq1_PC0HoohGamuqYG-BhWNxie4vmP;tF7_8uQI-Iy7p9HC
/v1/redirect;sdfsdjhgkdjfhgkjdhfiueyr9348;kdjghkdjfghire
/v1/redirect;-wZLSpEtSbJUiO9e7krZDf-gBbYTVxg80Mk71gJHd6cOvqHP5BJr6Wh4R3rF;NAPDOk3KDMZROAf3
/v_Error/redirect;oovrBamOTyWc2fxzbRrZch3Bliv1kBvZFe5qdPWxQKXezzYL1lb_L6r35bZf;DzEcCV7cVk0LY8YR
/v1/redirect;sdfsdjhgkdjfhgkjdhfiueyr9348;kdjghkdjfghire
/v1/redirect;7ybGkT1pNbAGvJH-rjjb-kfYEjPuSoXKnX0F7x3RgtgZmm2Q14EkOx_Yog36;HwDClG8Nd_QJ7dd6
/v_Error/redirect;wXUrCgdQKPhePjKSLkyRV8PgWKS9-bh-_eOjgeKlffq6WKSnRiIXwqhPfTWe;z-2STc4PncaUlwcQ
/v1/redirect;sdfsdjhgkdjfhgkjdhfiueyr9348;kdjghkdjfghire
/v1/redirect;anwnPPI6zof6RKvo-PKUPtrtLBBjsJskBiYZVD3uWWHWg-vGk9rL-jETQ6Mz;hxr4yuWhTnKKy0bJ
/v_Error/redirect;vYomtPq0QwWXUvNwQ7TlhonY-Rajn00MDiVmLXjvCUeiNqodXxkIzTw9F0Gn;IFk9WluZr8r1RFob
/v1/redirect;sdfsdjhgkdjfhgkjdhfiueyr9348;kdjghkdjfghire
/v1/redirect;Mj3iOOJnLY7DGEIYhf3czkBHSmUY0KHDY1zEE14Uubxb1YRvCG0t_Jbmqn4r;tYnQLNcSy2yXbhnL
/v_Error/redirect;-Ht0m2Z0oMMIRaCR035ME1DAzsHxq191Tf65zPqtvXTgn3N1uDaZJWv0QJIN;vJitEh9C_vaB9JHc
/v1/redirect;sdfsdjhgkdjfhgkjdhfiueyr9348;kdjghkdjfghire
/v1/redirect;jNd6Bj1HJuygvFqMii23EjAUOyiZ3GjIX8R3SzAmembo8EJwpSc0JYBqz6OJ;feLDhKcT5a8xBrrQ
/v_Error/redirect;B_Ch7wATw2gt6KGO3dwgRTr2SdsPzZMMelF1vitr7G1XhYE4slSG2qhe0pAh;zltf9wtNO59BX1Go
/v1/redirect;sdfsdjhgkdjfhgkjdhfiueyr9348;kdjghkdjfghire
/v1/redirect;pz1c7yREv9fBPMPKD-ipWODu-DlInU_zAZLhlreINo9s0g5ZtQf4sa3Fd0vc;iVMRamV2I46qOSL4
/v_Error/redirect;JMSByayWhegAB14D3qiIdqpeaU1YXyUicUJ_aHYRLKtcRyvgP5m0j6-8N7tJ;nxLtpxISZZtjaqcg
/v1/redirect;sdfsdjhgkdjfhgkjdhfiueyr9348;kdjghkdjfghire
/v1/redirect;wbcJy3hfdSkDsFXc1Ro8ZnyO_sHPY8x6aq-5ONUku1pFlAeEjTqAMmO9vePy;1IXDQd3DCXdr_hay
/v_Error/redirect;8ayb3VLRLHySgFtPB8iPQ8WmE3Dzp7IKkXN_R15rMERx8g5EqKOFso26fd61;NaAkmwK1qNcRqnUs
/v1/redirect;sdfsdjhgkdjfhgkjdhfiueyr9348;kdjghkdjfghire
/v1/redirect;hWbYvqVLuvY_C9AMOX6ZG679SO3UWYWnrssKnrgfhbgv7gb8DF9Ezj2l0_Fl;b7gVkITRIwJTzwNy
/v_Error/redirect;LIjtbsE8iQXAd0gVZZ7880NC7XdoLGIB_5GktEao-e1k3cnMHe5v13fLAyig;3GfhvVSW7s15r97_
/v1/redirect;sdfsdjhgkdjfhgkjdhfiueyr9348;kdjghkdjfghire
/v1/redirect;pChzDFZ8E59afaxVxnQjoQ9D_kPb4VbwTypQLTxbUpsv5RoY1p0r001fgJpC;sYQjO35f3e-owmDV
/v_Error/redirect;VIacjpStvltMWigqFOL7q1I5DyHUf0eB_NbDRn66dDzlXXEC3n2NU11sZCzq;JNZVDHAfCDyUwAin
/v1/redirect;sdfsdjhgkdjfhgkjdhfiueyr9348;kdjghkdjfghire
/v1/redirect;Y75hpAZeY-5rSJ5Cfuqq_TpBAxkKLTPkQdoMls66aSJXkGIzSciv8PsUtGtI;UfA8GoxSW9gZ1xDI
/v_Error/redirect;MRyX7vNX3Batkf1WuIiFeyr7PwE-goC_cGEt6KVTSO6PKuAKZVWt8m2p6svH;LU3Ayb1DU5GWEG0w
/v1/redirect;sdfsdjhgkdjfhgkjdhfiueyr9348;kdjghkdjfghire
/v1/redirect;25zzoR3cG88QWOqPqvPucVUo33Q9w9gvsF6F600Ei7mRHFABrKkAyKomhtuG;W9vzVgoGJj8SiMMf
/v_Error/redirect;ICIWgyw6NruvuurZvZ341yI0K6yQPt_XH8GMKJfuK7tCJxxvsAa8-8XsZ2FO;k36MnxJQxFFIOXKr
/v1/redirect;sdfsdjhgkdjfhgkjdhfiueyr9348;kdjghkdjfghire
/v1/redirect;xoN91odAg1EINN8gji2v4N5cLY5e9mKZVVaexjn9QURGpjaEwlwXY61IpsP3;uIOQYrx7k-gr-e9I
/v_Error/redirect;3QvoXlRo_eCQONHGjJsG4U-ckIE-Th9HPZuyThPsibeLWw9I18-vaNKWc3sU;r0Oe9n7SswipzDPb
/v1/redirect;sdfsdjhgkdjfhgkjdhfiueyr9348;kdjghkdjfghire
/v1/redirect;d0iNIaW0sTFTk5Y3HEVnUbwu_33f95m7sTS6PhAt1pGFZw-1ib3BIKXbQXHW;cGzdlmXdTaNLX8Qg
/v_Error/redirect;4bfQk0KWbNQtXebHQE-aM4FN8ySVZKGLFanQf9qAJLkR_PfCojNuY7ZWc4EK;KyjtwZuDFcmQ9WVC
/v1/redirect;sdfsdjhgkdjfhgkjdhfiueyr9348;kdjghkdjfghire
/v1/redirect;auabKVkFtT6s_jiDncG61qZ7FYH6DuwzF_1NzC2ZllB8pk0y-3-nYco76pYF;Ez8fD0nAPauO2bA_
/v_Error/redirect;M-f_oQdesxrlHzT-wfSmmMbazcbYZHLHpLV5K3EbgkEMaA2mWjYa44R_hsz6;LHrTNFzBViPs9TLa
/v1/redirect;sdfsdjhgkdjfhgkjdhfiueyr9348;kdjghkdjfghire
/v1/redirect;FWwPJIQZJpBere27bCoeMjVg2rlK3zJZ7g1DAOsOXehsuxsJiur7MSb1jPKQ;PhZagGs-60GgUuhO
/v_Error/redirect;0SBPt2M5YbARFUByeLhGbj2qHOSv6B-yHVa0jXZpbdFVtuAzn3m4_VGhctKT;OkFaK0SNoM6pbTZ5
/v1/redirect;sdfsdjhgkdjfhgkjdhfiueyr9348;kdjghkdjfghire
/v1/redirect;3nQQKAqOrL583SlL5PP6GPnXJRvsCkR5irZYpozeaN9gDYTf8R_V-wAVNW-o;m6At-1yba4FAixH2
/v_Error/redirect;G_2gxPDmN0rBeNmFlDLrq6e6zdwuq_OeiLSyfvtYLSV0uj5LEjkNHm7s5Xtb;zDgVQe3Hks4ZRuUF
/v1/redirect;sdfsdjhgkdjfhgkjdhfiueyr9348;kdjghkdjfghire
/v1/redirect;BxTWwB1NPyWrzDVHnTDQS4BzrAqF-QVbejG_OTdR7cVvmRkNJ_bs9MX6iUSj;F4btU-XXeSJ5cDHM
/v_Error/redirect;orkMKDuFsKisynqDdeQGgrZxl55iw9J7uorfsfb_qK0gqVdYYmD7PmbSo0cC;fDl8NDJ-hS-lwP6s
/v1/redirect;sdfsdjhgkdjfhgkjdhfiueyr9348;kdjghkdjfghire
/v1/redirect;eaLK4Xy5fefbrQbPlSUMjx3BZuKZedj-_9vsqaeOVlREYZwe6Z8zfKal1ykb;A8dhiW5IWU2jcnjV
/v_Error/redirect;Uet-q1iKgx2OmPoyeLWjYI_ZlI8bpPDpjtW9qYzGju-Riox3S4Xqb21QrNOs;V8FliRK8jlee4uKa
/v1/redirect;sdfsdjhgkdjfhgkjdhfiueyr9348;kdjghkdjfghire
/v1/redirect;bMsfrqGWf1IwSg5oVN2NhZrda2a0Z9HW-9vo-15r3T6Ri4qxArDbvx5VN6-q;bS8D38YzmbgtysEa
/v_Error/redirect;jTUHZt4IWUNF-Cp-29z592d-0o0Y_qYG81KthLCe9EkwVzzuYsNBN_qGi6wz;Ukzm0b2VZvg_q-PI
/v1/redirect;sdfsdjhgkdjfhgkjdhfiueyr9348;kdjghkdjfghire
/v1/redirect;dvqP2XwUZgGJk0fHLbFXog2fvYMqc7cX98ah2e9mVSWe-wUWYnIqe3nNrUrD;Od2pc4WoXh-jSqlM
/v_Error/redirect;EfB6dUhaY_ZFS7hfseI0h2wx3ZXY-puID-jzphb-IlPyhdOZ68SZBJdYQaDy;bBsuR_eSYrleyfg2
/v1/redirect;sdfsdjhgkdjfhgkjdhfiueyr9348;kdjghkdjfghire
/v1/redirect;hwRhk6YYO05M016dq6eHVmvYbYOv75c5rY0IhPlGXdso85OoPAySMpQMKKz8;8pFaJWshRjYS6tvK
/v_Error/redirect;nqZW10lcsFvlcc3ftCAVZk8sS34uinKqLvZJR3BBniEpaxkdTSlHT56wKKAg;KB3ObR9OFknwfr9n
/v1/redirect;sdfsdjhgkdjfhgkjdhfiueyr9348;kdjghkdjfghire
/v1/redirect;jf_9_Nf-QAi1me49xCh0aVkHb4ZAj-KeEq8bCVZlo1RKjlSQklfbHp352rPI;1n7Wr9zaFjPvMqHL
/v_Error/redirect;TGa7readf7rEslb02VErMyxldW92IlxpzXXSDtF2BsSZzFLYkcG9LmdcIBg3;Ypkw9KnRjXUxoREL
/v1/redirect;sdfsdjhgkdjfhgkjdhfiueyr9348;kdjghkdjfghire
/v1/redirect;AnFyajiO5tTFQdMP8NAOpBUXwQNx-iv3n6Mj8T2dYLd6w-18tNnxJErsAXJc;hy3IQdnmqAcjdBKz
/v_Error/redirect;6QmtHTaj0QiyRbFzFfa13DTvdqRJvYk2wi0MYLxaRfcS5ijkyN3ZCspSkdBQ;4a2CoVGU1MIRzXJE
/v1/redirect;sdfsdjhgkdjfhgkjdhfiueyr9348;kdjghkdjfghire
/v1/redirect;UDSk8nmEiW1i-PynusCIG2l8hESoZjZHkFwK-03XVEeMm-CBP5TqG0m1I6Hy;6a1EIWe6JyMaoxNW
/v_Error/redirect;aGLLroFzlEYcYAXJLGtzyLErDbI0_xe7BGZzQyDdGFLkNf-t7XnfPwih--Qg;SqbBoZK5Ynm4ezjb
/v1/redirect;sdfsdjhgkdjfhgkjdhfiueyr9348;kdjghkdjfghire
/v1/redirect;NWbtuPpdmhs1nfR8EhH8aCGG3y0U6sWdunj4Vxnp_A177VdTqqfTfYOTjY7J;LN4lpF2jvMms7iIR
/v_Error/redirect;kAqQccYKonNNG5UqiSLDfinYD6BduIS6Gia5Cc80UlWZTSSYur3vnOn0Kdmx;FNm2IbPnX0I55t0R
/v1/redirect;sdfsdjhgkdjfhgkjdhfiueyr9348;kdjghkdjfghire
/v1/redirect;G6PpXyHZeS0x8H5RFrSDv-ihMZTRBuenmQ0UHiWF71tQA4MSGuvAk685FJZp;eAENPWOK0xyiOrKB
/v_Error/redirect;mFAxWG3yGarisOwd9LYdm2h6tVrivlMsZkSCA-Ts91RgDgMUXQn0fecCeliM;2swrisNqwe1BV5d7
/v1/redirect;sdfsdjhgkdjfhgkjdhfiueyr9348;kdjghkdjfghire
/v1/redirect;lMaTMLPeScIhPY8KTeP9Cj1FG9PHCogQRFrW0AnQyktg2amYaU7xmuHgfJsQ;zLkNCDwy1N0cgYqP
/v_Error/redirect;PwIl7J3dkRoqdGbVp_vhTNIxKUGAhQ0MYTscLpz0r1ke9IX7HvwtRcoRWiFX;u8YzbYgLThSkPkx8
/v1/redirect;sdfsdjhgkdjfhgkjdhfiueyr9348;kdjghkdjfghire
/v1/redirect;ja1DRw8cVEkvyB1aKIylUmFEKc05vwJpr4r-QeIBAptpQ2naijpLpoxg7gbP;qEaR7mnj6rb-cnAl
/v_Error/redirect;OlPvoicDlgG5-da0uEKzGb3lCioXmYHfF4yOnPfAJQ_xjTWijM3w7mZ4TJ_i;QzP_46pbZJOi8BLs
/v1/redirect;sdfsdjhgkdjfhgkjdhfiueyr9348;kdjghkdjfghire
/v1/redirect;Dur755e51LBsT5IcS2HZ-ivBExD3pX-F9Vt_SC2HWkDJfUilUbv5V3JEFFCK;yCmpI4g8ZBoaHvFH
/v_Error/redirect;FQAccPktimHtUya2CswfTbs1rVTZ41YcvPwg724nkjcAJrBnfhoZaMOiHPBy;G14tGnkC-1Zz2GVT
/v1/redirect;sdfsdjhgkdjfhgkjdhfiueyr9348;kdjghkdjfghire
/v1/redirect;TbP-YmzCk1L7SW9eNzwkOfMdPCefz58WtznfvODPoj4vtK48FbTHb2-XyF3Q;2wPc6Ljvz2VnGvIK
/v_Error/redirect;2tECKxbe7y3qe7HUaOj29rZX389HGg2B9-v4ohvEcrfTQX-TXQtEMe6_Kdtz;OgcLSdEXk0Lho2HZ
/v1/redirect;sdfsdjhgkdjfhgkjdhfiueyr9348;kdjghkdjfghire
/v1/redirect;1PHb9cRI2VDCDistNutmP9LveDejLjJvHwkl4K_yGHMx_MBTNl812dttGApr;knbeEYbZgXt7SAtJ
/v_Error/redirect;B_Yo-1bdDZtWwadGMqj99Z-zUaYkiG0_iMz828a6XZ4sdaEbHXg0vYqytP4j;T1cMcj96GqWDXxLB
/v1/redirect;sdfsdjhgkdjfhgkjdhfiueyr9348;kdjghkdjfghire
/v1/redirect;2GOGwzMIuCDP62GGVrmr_Nb3vkDva5WP60MFXdbMDv6K-_hydxSsZNV6bwpk;EKWFFjUHui32rm7z
/v_Error/redirect;IThshG_5OcS6UAEsdk6MD1ELAt8xZl9Bdw0zpeupq8PGrbw4BatVZAwGkAz9;AXH7wRV-w6UJ4fph
/v1/redirect;sdfsdjhgkdjfhgkjdhfiueyr9348;kdjghkdjfghire
/v1/redirect;o1pqCSMys6GzLWihMwuuXBqSLatmmClZ6FFXnITJPS4aniehr0xXxKm1rX2C;1oZWqEx3UTE7TviC
/v_Error/redirect;N6Vwk1tZKmI7rU-4qVUvBzSzgpJbIUOtoUPRm_RaLXcYtcHe-Hw121Pt-EWZ;5J8MdABxLfImtxp0
/v1/redirect;sdfsdjhgkdjfhgkjdhfiueyr9348;kdjghkdjfghire
/v1/redirect;N5MhrJKxY9mSgYzpNJCwDQqZryJ83n3EeEOL1vNcHcyja3fH0cY6NNaBb39L;NxId-otjMVoHjUwU
/v_Error/redirect;m38uhioEscSDIID1eI-zvxnAGu0h96f63TILVa9SZEIdwxEysjodEbz9zbyw;hPHwEStV4Bj1lNM3
/v1/redirect;sdfsdjhgkdjfhgkjdhfiueyr9348;kdjghkdjfghire
/v1/redirect;5nYWBYaFU6EraLt6oGORRoUktZb056FG8jh0KcNIKXylOxCXV_7KrSRgYLJq;w58k8i05jehfgllQ
/v_Error/redirect;fFExVILn7ZVc-JPa4uur8C_2gj1ORFiq79GZr_iPCiM1OlQVjKK_nuv15tN6;Y1igJRLCVEosENoj
/v1/redirect;sdfsdjhgkdjfhgkjdhfiueyr9348;kdjghkdjfghire
/v1/redirect;3GjDj8TnFNAQ70U9-7ybAbcYS-iGqr1OdHPauhSd0pAiLanrayNNkn_feG01;3gFbMlGyV6M0Datm
/v_Error/redirect;Nv0xexW6e8SlOHXm747i3CZ-Oan0XherLguACKm2_I79vXgtGdNJkHLOtyHF;XqcQKm00Wac_pwvz
/v1/redirect;sdfsdjhgkdjfhgkjdhfiueyr9348;kdjghkdjfghire
/v1/redirect;5mbL1qLdTyve392NB_qrPBT425dfRRcrFk8QBPCAbw4DqlQ_P8pL_2pLeCod;anCE_KdQ5oVJEWlg
/v_Error/redirect;72Bk5kuV9tgrswNKhhXIehuBKdvivfJ6kUXCkAo7QigEEfyMHr4Ci6_O2Bo1;DkRKSQINJSZ1Qc2q
/v1/redirect;sdfsdjhgkdjfhgkjdhfiueyr9348;kdjghkdjfghire
/v1/redirect;i8N3eUBhZCgTklv5V9bHZWVNUrzg445bw7qkIGmwM5pGnHNgyZfvdR9Ay1bf;huOZtBDwSAEgej-Y
/v_Error/redirect;6hHyABmpZBsOk0x2NTIf9dsFYQi9qwz5vLVyMf8SpRdNvPvqYY_xG5Esb2w7;YHWOH9LN4uBRzDYr
/v1/redirect;sdfsdjhgkdjfhgkjdhfiueyr9348;kdjghkdjfghire
/v1/redirect;6n9lLhM6kYNzGMvvfVl7Bmjf6dmFm9jTIsozaKlKv-y0QZ7caUhlWfZLTmBE;mI0tVlRfPZrJUBe9
/v_Error/redirect;KhgmUHqD1-NXngvJ5w6RDbge7kdybRqGsGXHW2AzBarnAVsPl5jftaWJe4sa;khLYRgzgDq62olTJ
/v1/redirect;sdfsdjhgkdjfhgkjdhfiueyr9348;kdjghkdjfghire
/v1/redirect;FmkT_f6RoByJ-i1fDSO_LiQXbSfvYQgF5VdpZqPjnCRVPvVZ0oSSeIG1qfMO;tLbxdxbfyJe2_PYa
/v_Error/redirect;iJTNN5yVWUSJYe5cT3U3r8rcxRoynF7GmU6E5qr5SBU4wGmGEsXcvf3SqMuk;xPdux_xgVh_o-IWI
/v1/redirect;sdfsdjhgkdjfhgkjdhfiueyr9348;kdjghkdjfghire
/v1/redirect;nVXIdTVOZy_D4NRkvdGpu9eT0EsdLxSDwBVM9utUvPk2PUCbdEObOFuqnv2X;k7BgFFiNW1a8zq1m
/v_Error/redirect;vm0nSirJI_m5ZCGb6pAWx3Dyisksqb-SK5gPrgMN0NF9P9kLgAmlbV38rvF2;sAClLYdeDIDlT_Px
/v1/redirect;sdfsdjhgkdjfhgkjdhfiueyr9348;kdjghkdjfghire
/v1/redirect;D1TR0bYogidyfDt6mPk0VERRucPa9OV-QK-OUFRQsvS8N431weTumlTsvhBi;sfS3HPR95l8XZZZM
/v_Error/redirect;f2WAA1gPZEgwP07PtlxD9buM6bCielr5rZMdMj4uX1tffWo7Ekb45JfP3Qxo;R1BqaBU_yDbuUhAK
/v1/redirect;sdfsdjhgkdjfhgkjdhfiueyr9348;kdjghkdjfghire
/v1/redirect;hQmjZQSgzYfsv-_a2y4Uzgqilc_LwbQh5wFGCep5pj8WWEvHp_g7MIA2AMfm;HLRFU6lw_zmBQ1I3
/v_Error/redirect;2Beo4OFvOKJrjCGaUGgE0uaugDFlHHmGk-3BFJcvWuLNV0RZ6Tyxa-lu9Y06;0G47onlJJe4LSxws
/v1/redirect;sdfsdjhgkdjfhgkjdhfiueyr9348;kdjghkdjfghire
/v1/redirect;SKSnGCn2Om3KAUVEpfC4TChOPBm9JYJB0HAKgb2aXj9snFVL-GV-wY63c8H9;ieDFdpTFq0ZUoxpV
/v_Error/redirect;pfu4nCnNS1BHAaf3tj-DNb2I_P0BXHB6NKb7qq-oRU5SeLcUcB4qnZJGKN1I;7mwZ2NLGP06fLoUK
/v1/redirect;sdfsdjhgkdjfhgkjdhfiueyr9348;kdjghkdjfghire
/v1/redirect;2LRM3qWp7caRIiR2zZJd6xk5vRMrUGCadGUqRjAzveOgoAsF0uH6DRA2og6a;QQ3Jjb8DNDDW7NTP
/v_Error/redirect;1Iezy5Y_YVMXvMJK8pjdExyn7ddgm88MUKUG9CKlR2X7IC1vgG_8JKB8I14w;c2LdCpOMpYyzelFY
/v1/redirect;sdfsdjhgkdjfhgkjdhfiueyr9348;kdjghkdjfghire
/v1/redirect;pxUu9ZMnVxucxp1P2aakN5mSoUl4IlK4XseSRHwtIJL-mDCe0MlzULh5gSqY;ICAkglOJMCMkbkDs
/v_Error/redirect;gdmOvZ1peTGPD7mUP-8x4_nkHUXtnIlr7i_Imp6bPN4LzkswZ49YyunTLOCE;oierwZZSLI1F1NnJ
/v1/redirect;sdfsdjhgkdjfhgkjdhfiueyr9348;kdjghkdjfghire
/v1/redirect;ElfIjQtfKgOUYtcSLtj4Uyn_iYZJPM3oE4kIaR2apwPK0KwZbEuG9Lm4Et6Z;yeI5JFY9cAsAgIhv
/v_Error/redirect;FguYQfyKDbX-fIh0hBr99TSIh8RKl8bvaj5hFbeXfqDL3IvMNHRzSzT8XqzT;9nqxhqrgi0ahXSEU
/v1/redirect;sdfsdjhgkdjfhgkjdhfiueyr9348;kdjghkdjfghire
/v1/redirect;iHgLSi7kQLg-iyvAEVre-nk9cec-WJDHRoA2KKKGLzbjPBK6lTFwx48jXO8O;DllmvAOercjbPKg2
/v_Error/redirect;pB9UzD53DLvRC2sCr3E97WHxP5ot80C8klfvA07ApaASSGDdubfMpNCGZO4c;25MuUOKZ11A3TZcK
/v1/redirect;sdfsdjhgkdjfhgkjdhfiueyr9348;kdjghkdjfghire
/v1/redirect;8evn4wpdjVHwqWlVpTumi0lqqsfj-c9trDwlhUcsaTHiB6ZNwfrc3RC6KIbw;ZLf_QAcyl-ZFuIyO
/v_Error/redirect;-lcxHWvKM2rM-zG3J1r3j_ulxWhXPIr8_48EaqDsS243__Sw10albwI9w4IG;Rk7UOyBAfuwhvUaZ
/v1/redirect;sdfsdjhgkdjfhgkjdhfiueyr9348;kdjghkdjfghire
/v1/redirect;A77OJqmUqzRAU0XNmjwGZBsfo9ZbosdOmnBGoZPQ8OGn2fNaEz9iRvrB4Nr2;fwWQAUJSiw4WFrFi
/v_Error/redirect;GVsfExihjwEfNkhnMVA-EdzGAsUWbw1LKxiWN9GgwX1eOZdTcofoiD5vitTx;pge-p6hzFjfPTkop
/v1/redirect;sdfsdjhgkdjfhgkjdhfiueyr9348;kdjghkdjfghire
/v1/redirect;3SMeg5cKUOkgoy9qwhRx8-sTEZhgUmtNM2FR7w63SY8QPBf1BJCQtu2SFMCY;rTvRRnHz2jltYXpl
/v_Error/redirect;pQPsv0zZCs5jcfffSdYYLtEsD9lI3NAKj7Ju9CDy-PJm9JhlBn6ET0JyGsPi;oM17Oy0LxUzinQbh
/v1/redirect;sdfsdjhgkdjfhgkjdhfiueyr9348;kdjghkdjfghire
/v1/redirect;Cri_Nqek7IVTzd6uvNMAq2nBP09yRwLc3eD3o_VVvhEMetvyjqjqoxOqu15I;goKhizp5mrn9S1Z-
/v_Error/redirect;DzepATxtOFvgJVrqqMRSIADVoVx98eq03TFumt1NZenxSyFZ3phjvFwMOZQV;6kPscdLMyg84Dw4w
/v1/redirect;sdfsdjhgkdjfhgkjdhfiueyr9348;kdjghkdjfghire
/v1/redirect;mHsVMaxF-AJAmsrV-u8BtZ0R6V2hvwnr2ihROrAugafxcAwXvpQ8Alxyb9KQ;O1T8ssXP3VBQ2oGa
/v_Error/redirect;Kc1j9gG13LuHRgq7VCLFUhEHXZKLOZ2k24ar3gt8ecN84RlBk-qCczIHEGcu;XcXIWGrGiNkGefFS
/v1/redirect;sdfsdjhgkdjfhgkjdhfiueyr9348;kdjghkdjfghire
/v1/redirect;L25kVgfCXWA-S-b6okooP_u1LkqJtKUk8pOYKzinlByrd4jU9tfjlBK2YXdx;I9xi6vHHRQK1agCj
/v_Error/redirect;LDP5s3_8In2FzvTiVCE1Q5qGt_YyZo--STjqf1uJ_gEYlCMKj5zJk4NSpbej;BWIcJSKutTk6wGML
/v1/redirect;sdfsdjhgkdjfhgkjdhfiueyr9348;kdjghkdjfghire
/v1/redirect;54ffYcPvXkTmqfUXSm9GeIDOCNK9n39O5mZrBzDNV19ViQpGc64l4vImMcMP;2wL2j7YaVbwR_6qk
/v_Error/redirect;mUJASopm2xNeM2dAzqLQ4CXktcX2TBdLyKtxvtdF-BfnF8D9RrNz3D15eeGF;Kv_2RYmDeRLsWLeg
/v1/redirect;sdfsdjhgkdjfhgkjdhfiueyr9348;kdjghkdjfghire
/v1/redirect;Sgj4UwLZtIQ9qAAE09dvYmdiItcyZT1kcUdH6277er6GLVCFBmdnKWRSDPEl;v6362BgKs_iroxGN
/v_Error/redirect;g6l1eEiUPfEdZbeT-VaNTilJuiuEdQpO3_fwHDutXicRM4TIAjRU-XY9AtJn;WtEJrJoQ2C56UkUb
/v1/redirect;sdfsdjhgkdjfhgkjdhfiueyr9348;kdjghkdjfghire
/v1/redirect;hFOAOrXYoHCLPqYwbnoXQgh8oiQ7zLHXN-_41lB6DQYfiqGh3u5_fyfKZywD;fgWAlrQprcD7cGVe
/v_Error/redirect;cvljd5y2jHVz8u6cnG_cqLjNn7Ztwp51M-0k5x3Wf13qDsyvBvz2tTGKHYOW;6g2VHsWrb-aPIMZ2
/v1/redirect;sdfsdjhgkdjfhgkjdhfiueyr9348;kdjghkdjfghire
/v1/redirect;mEHozHkT0wSaq6OkLGk5MaxZbKr2MDx446REFyUqnEFVg1X4qAVX9OSkFn2u;0lK0PLOGvF3IlGU7
/v_Error/redirect;N4-xnlWmruCd2au0eyPLz-YK1pbeF2VJtktwc4wpNq38qpjB19ph4Y_j76d3;M8auttlM8_HWoL0m
/v1/redirect;sdfsdjhgkdjfhgkjdhfiueyr9348;kdjghkdjfghire
/v1/redirect;OBXme0F4sNJRMucuXwcRuhCDWuOiFpsKgAP1x8zyribvsk-UM0tWGfmTSZRg;Mhoklbnnt7l3HxdJ
/v_Error/redirect;qeFNwpku2GlmsUQ3Q-wKZXWC9vPu3BRnZ049htBOUiU3pf78GKGWp63IGKOY;UBXPul38vtwS7-xf
/v1/redirect;sdfsdjhgkdjfhgkjdhfiueyr9348;kdjghkdjfghire
/v1/redirect;ktJvrYLMTh9l9_zALdn_0KEKh4tD2RNzHgod5FJ02MFiTLqWoQpJIzaYqWBe;5NNOzR3iLQ9TAMoY
/v_Error/redirect;HA_lgK-E4pDFqAy5XomCtPdqJwuyVeEGinsX36nqZJeP1UtNI70ZckMeESY3;FC8a8s3ajDeIjrcq
/v1/redirect;sdfsdjhgkdjfhgkjdhfiueyr9348;kdjghkdjfghire
/v1/redirect;nS_jFRDF5d2ygv_PnEa16AK7XvAlAFu7CUnkOxtP6oSY6yJu9uKMhJSHPOWy;5EA0SbLYd0rARHNC
/v_Error/redirect;ZmOR_rLz334aVhCPvG0nAxuOttm6_4lifTk7oE1bHnRzgfwvjq0Bn32I6RBL;8yBIXFOvZRUkqdaW
/v1/redirect;sdfsdjhgkdjfhgkjdhfiueyr9348;kdjghkdjfghire
/v1/redirect;fmN7KCOBYhCtoM3CZc5MZhDHoeomEPyd0vrsof4W6zQZ6QTwtgo8mBzHn6U9;dKWTSs7qo7z2Dekl
/v_Error/redirect;EmKsErEsU4qYrbN8rLzPUTm5NqUF1vdbVK3d5DAuR2VVkpCxUFY6S7-G8P9h;cXmodfvS3-hzZIrb
/v1/redirect;sdfsdjhgkdjfhgkjdhfiueyr9348;kdjghkdjfghire
/v1/redirect;5LMncZYJCgfRm49WBNKeFrf7Fd8ykF50c1ZT51SvGWIFKb_ARp0P10Sr7Ab9;JdHYAZaRoF0cWy6Z
/v_Error/redirect;Ji9KNt04URXG-BU-Rc-ib3ChYSVYgs9O_7J0A5i1EZ8xj44TjdCzDsxDcnUT;H7N5ikG2v3MjQ2A3
/v1/redirect;sdfsdjhgkdjfhgkjdhfiueyr9348;kdjghkdjfghire
/v1/redirect;Q7pw9vmtUWexSnvQzFQuHEJXh_bp4hBfdl050ejj0ilL5qdEvw-HxfMogZXx;ic_NC0Dq8vwUAHfv
/v_Error/redirect;g4g4q79wHnQpJMhMigk8PJNMaMLj3HTSN67h2DFyTlz3nW6OU7DQjmpssduF;FTqWNFQ0NhSDUDH_
/v1/redirect;sdfsdjhgkdjfhgkjdhfiueyr9348;kdjghkdjfghire
/v1/redirect;s7CylxkrokRQAyX-RXKlord9zLi8MQ_q9gwc0lfAKCiF9LEuUhTjC7E0mofw;2H-GpsxLSXB45dZP
/v_Error/redirect;CVzvLxAXRLxniyoY9LRT3pU5flP1AYzNg_UOMGtRgjAxZhR5NW_SN4WOKYGj;sVc0ttPARg2bKEXX
/v1/redirect;sdfsdjhgkdjfhgkjdhfiueyr9348;kdjghkdjfghire
/v1/redirect;3r0WNFlAvyyfm0GrYCjDaUF21_mgrinS2pjLWQz1a_U2ssOcU1JT-uvbuPKQ;xv-NRSx2Cqge7ZSL
/v_Error/redirect;wGbS6HbDtK9WAlZpT91IAZ4_jNWbeZkpKZhMjiGhwe2ItiB_au33WGE21Mv8;_LEbRTzNeYB_GPUM
/v1/redirect;sdfsdjhgkdjfhgkjdhfiueyr9348;kdjghkdjfghire
/v1/redirect;zWBjVBihtzdD50BVpV2RQdTjIHUcdjo8Meq1qHltuzqnq67nQsVfweyhNW7E;AGDfCOXs9rQkuerF
/v_Error/redirect;fGOU0TYRodeBc_2NcnsAQo2Kh6jD5XtV8O5cUwFUuPUiBKoZ-qewkNCxKWwL;0MkJS59yE97HiOun
/v1/redirect;sdfsdjhgkdjfhgkjdhfiueyr9348;kdjghkdjfghire
/v1/redirect;hVmaPVvEf-0DB9RafsUh4YuLUA1jwc8X53xKi297kwLZLuZWtdJtmRR9-NNP;31OThXXRR0i6DGkE
/v_Error/redirect;EVa0cvxmUFAJ-F2VNkbLVxTPIUh8gL9VY-4bUY45-A0naxmZ8nc7d8WE_E6a;wAgNModTfZV28AqF
/v1/redirect;sdfsdjhgkdjfhgkjdhfiueyr9348;kdjghkdjfghire
/v1/redirect;3R2GAQTIjgQ-Juq52kq3abfFk4OIdNFJYUkjbgNo4U1HJdK6x0HOVlihDT0_;_AEf5vO17FAw12U5
/v_Error/redirect;mbnAhdMkqOOQ9sf5odeEXRCGI7azw_nXtRkDSarGfERQNw8viLsxMnzMxqgJ;IJ0J-j_X5qGhnsFH
/v1/redirect;sdfsdjhgkdjfhgkjdhfiueyr9348;kdjghkdjfghire
/v1/redirect;5xWU_mCHqg_bHbHe08ODUdRYfhAV-XBobkL9YPk0vL7aRkWqnUd7gP_bVp8s;CLzmU-TAbQXrkr3X
/v_Error/redirect;ClaWUJyxbxrDyjIArQDGfS0nXrW8jfXVKXYLhGQrPfpIbRikq4odV3ov7l43;qwXC_pLCMAk2epgP
/v1/redirect;sdfsdjhgkdjfhgkjdhfiueyr9348;kdjghkdjfghire
/v1/redirect;NA3WKOcbkTqUl2FXcnJ3kUjU80xQuZS_ff3zG3OmXFFTcZ_M76UktllJuvja;u-pXQ47OuKnuKjMq
/v_Error/redirect;NeNeyXVBWX_ociFk9X4ppMGxgmO4UZpnoNopUyXAPYgGQgv6Q3ZAEfez-nI1;b-DsBOaJPLanS74B
/v1/redirect;sdfsdjhgkdjfhgkjdhfiueyr9348;kdjghkdjfghire
/v1/redirect;q8NLkHb_kNM7dxJZE6vyAUaR3VzPQh0pcMUwWnWA7JG7Mj5yeqnF2RLe5byk;y8RDapcHC0xmHwBl
/v_Error/redirect;SiTn5CkqGNgDLfF3MysEAOWum7mWZdP_G_upKzoJ_-O_5J9dL_6Qq2HRA4Y5;lKUWEqecKC9pRfHW
/v1/redirect;sdfsdjhgkdjfhgkjdhfiueyr9348;kdjghkdjfghire
/v1/redirect;rd30ObP3ewFqUNIQyb8VXN1BLz7jNn3Q3uWc1i0wAleXY7KYVstDmKJrxIvH;12jIFzzQYLs6mH0X
/v_Error/redirect;IEX7LedzSyB93CgaBO0ub65100hry_xQJZSHHL-IgiZ9rlzAPHqGvncXJdtr;RO8DzuxnEYh8t0xS
/v1/redirect;sdfsdjhgkdjfhgkjdhfiueyr9348;kdjghkdjfghire
/v1/redirect;2PoJ5-6f8ZbmKbVFRelbpwB4v4RGOKEnXkJTr_p1Qah9POgtdcZmbmYN6igQ;ppEuBD-1CDmWB4Pu
/v_Error/redirect;4S1lKAKoDQLpG7nkq3gh9qOwNXpoj5cZTA_7owdKQ4an9CQ3Iss4s-33pWMo;emgKTEdBzs_YzDVF
/v1/redirect;sdfsdjhgkdjfhgkjdhfiueyr9348;kdjghkdjfghire
/v1/redirect;cuUx0wK0SvU1t_jqq58UC_1UghF3JFzM8cG9dsni2wbkW_ne_tUZQSSMrLQT;TckdeteArY5hJQMo
/v_Error/redirect;qgCewtFd0gXd5TQVIM4a3_wuwZdY1b2qADlkoI5qKhQDnR1-ZbICY1h73re3;omttdvCVPkAdjJDj
/v1/redirect;sdfsdjhgkdjfhgkjdhfiueyr9348;kdjghkdjfghire
/v1/redirect;DtrMq9rIG7zxh6YNv8BY3zGYNVA1Pgz-lQMirLT3COz89fzJl2tjuU9MYg9p;2TPzKqew73-KpvWx
/v_Error/redirect;1rOihm3PXQOg6ywtx4gPCnSSlhiJX5LOk4VQmaVQlTAKOAFqwficarPLMdlj;rxQXhmUczxFurvV1
/v1/redirect;sdfsdjhgkdjfhgkjdhfiueyr9348;kdjghkdjfghire
/v1/redirect;Vts6AYrY_NvT0b5qJWcLf_7UHC1ySS64uvo_ZGCrseSgn1iPhk5vPXZJ_d01;SccNXD3CYHNNbg3s
/v_Error/redirect;ENuLfHLT5vLZbEI2ldMkqlHXzMTjOQL0h5-7O3LgFo9mbDnIaqEVyB5OR2UD;O7la9FTVHx6Kjsrc
/v1/redirect;sdfsdjhgkdjfhgkjdhfiueyr9348;kdjghkdjfghire
/v1/redirect;gDDuvSVw0_C5kBTh0HXXvdJe2bT4CSWDuivOLeg7wyrJ6htWRdihTEpGGFUs;nXCmJH0ZPeSADd6O
/v_Error/redirect;yVy6VSijQKjVb1M_3j3bU2EtSIMToYkwYMiTV01BgD7iBmhphEFd9SAPgzFd;c-8uN_mupr8pZZnh
/v1/redirect;sdfsdjhgkdjfhgkjdhfiueyr9348;kdjghkdjfghire
/v1/redirect;n7spWVDliUoKEynZKjVqpOlrwDj8hJv3Ae2TcpVy38KzSkeyFM7Eggo5rCIS;mOdS6vRRk9o3J6_R
/v_Error/redirect;rQEgxT2lsl2OFEbjl_9_A2KsAiXJ8wuNwQXLCz2Yc-ZQqZ30rw2TqYpK5KdL;0rQkhix5-5hWAy3O
/v1/redirect;sdfsdjhgkdjfhgkjdhfiueyr9348;kdjghkdjfghire
/v1/redirect;o5PPPurGR8y66B3Y2AFEwM0LGyW6hSvbO-KFOQsjShAhSeBBjfzNNzraFaW5;tW361tR28k8_a9RX
/v_Error/redirect;yzCXR3GDvVmQIHfmj0v-p2RojXkQYx5YUoFZuClNBgPH0V20nP6blVybID5-;2IMU-uHpRSIN6WZx
/v1/redirect;sdfsdjhgkdjfhgkjdhfiueyr9348;kdjghkdjfghire
/v1/redirect;PiCl0Fl9vx9nfN-tfgUddnGbs_7FcWuVLqraS4YHdmx93z4pF2X8A7ZuEriP;N98pwcwPb-TC05Wl
/v_Error/redirect;mlJAJgjdC6VXiVBYgpAfYXjtuUvcG1N0taX7ElJz3sxcDEb69Mk3fTypw9Rf;s4hsqoUKBHWgYT7p
/v1/redirect;sdfsdjhgkdjfhgkjdhfiueyr9348;kdjghkdjfghire
/v1/redirect;R-M5zDPcj-ws0j-EYVtPMKHLFl-APBT2tP1s-GMcaLDAevNZqbrCbwwXgmiw;05y7pzd_-_42ixSW
/v_Error/redirect;EkwjVQknehIWHipq1cRd4LJkZBlDA6okBRBTvvg1_NhvNHOoIdAQUWd0flCZ;4cOr8q52mNjKmNVK
/v1/redirect;sdfsdjhgkdjfhgkjdhfiueyr9348;kdjghkdjfghire
/v1/redirect;jCGsRtgfq0XHFx6ybrNYHuMYAcVRzUWX9M9uAJoG3J3oqz52f0tfUP0GNPfx;2UbrON7RH1lwH0qr
/v_Error/redirect;pxwl-XU1_vwtyuhCQBbnbJUUr8HlwuiQL8oI4uZyyghgT8Ffy1ceJPFCYIAZ;PqG5yr8FNKm9dPWj
/v1/redirect;sdfsdjhgkdjfhgkjdhfiueyr9348;kdjghkdjfghire
/v1/redirect;Zc-Urlojvk0c1ASQnE81nLTzE11RFVxrX7tMu3i6CNfHPq5_C97fZ7yWrmLx;Nw8oOTm7bWZ93Ox5
/v_Error/redirect;CFZSPuJk3WE713C4Oc2vNxgWEwcBaB4pE6e1rYOLZxWVJFO_1afgjV_AGf6Z;JsfK3lln3xsq59jG
/v1/redirect;sdfsdjhgkdjfhgkjdhfiueyr9348;kdjghkdjfghire
/v1/redirect;2z9W42Aieiyc44X3MYSs1Jkr7sSRSTRsHcxv_6lOX5R5Z90lNYzqyTgfJJ_m;sVhirQ6LdxU8cKuJ
/v_Error/redirect;Wis9unhFOiiXYWyl38mMd_0SdxqSLKCjmYD0ZiSPoQ49dORGEAT-fYFUpXl8;tAZLhgyX3MSmTvyC
/v1/redirect;sdfsdjhgkdjfhgkjdhfiueyr9348;kdjghkdjfghire
/v1/redirect;mnwaRHXUprkvR3A-u3UEQ27-EZv8eOp5sajnII8kvgmXGkkSCo21MJZkNZbV;jSPHnM_H_lnHb-De
/v_Error/redirect;-0CXqNyyKuQwqIofqJpu5HQwdWdJdmgDCt6Wy81DxbgaSiqVcdI3y86D1w7F;PCTt17bCoPCVlWLZ
/v1/redirect;sdfsdjhgkdjfhgkjdhfiueyr9348;kdjghkdjfghire
/v1/redirect;2mWAad57F5AxjfwodXsWYu53aeKrPyh_IHKirtulEMQMHzQOLIYfrunnZWgO;1uElzlD9r3VPSoTe
/v_Error/redirect;ghkmEMw6t9bSp0xFV36g7Lj3n5jkBjHspTpJd1NbYqZGkxgHUwjzG3t4DTyF;2Kk16gfgmSPqynfi
/v1/redirect;sdfsdjhgkdjfhgkjdhfiueyr9348;kdjghkdjfghire
/v1/redirect;riMiqtK9OXOyIJpdoggfP5xkowhw14PriDvxXsSb6ugxIgiEx1VZ0hUliPHn;5WYOO_n39VySpIGR
/v_Error/redirect;h7bhG--482DFq-gFqnQ4eOrFepkZOdlJTn2bBHXHC754miB1aysJ_FzZ1bIa;ujL2yy1likI_9jAO
/v1/redirect;sdfsdjhgkdjfhgkjdhfiueyr9348;kdjghkdjfghire
/v1/redirect;9Lz9PBVcXoir_PjMffFHGjdjGqbl2F-Ai6I_BMNQZ-ZP4BvAUJTDxEsw7hCK;sMURqRcVExW75EBn
/v_Error/redirect;9brtr7BGwiGTYC11_vPoWD3gPpsN2CldoF1weXs3SaXGQoKDRF5XiSlGTsdI;uv5iPGDAVXevijGM
/v1/redirect;sdfsdjhgkdjfhgkjdhfiueyr9348;kdjghkdjfghire
/v1/redirect;pMdP583QNtgl15F5DHKAIM6AXaSR7NIo98dMdtoDzJ_Dr1IAcdfM65O3Bd22;woXwk8B4WEewyrF-
/v_Error/redirect;WEiDrRsWzWMWP_b0AxeG9I7IT9kMd9dm1-pO66WgWGL-Ycef2xNLLR-59yNw;0ZwOvqN2s5nDEDmI
/v1/redirect;sdfsdjhgkdjfhgkjdhfiueyr9348;kdjghkdjfghire
/v1/redirect;I18CJaT0axH6uZY8f-ok6N3G-sfEc1ap2yILRJ0-2u0cg5dth-Bwk3XO09xq;jfcD4zV72OsIa7Wn
/v_Error/redirect;p5mMHKF66xg_ND0eEK867SZtKOaP3VxuEawwfJ4kBMCTE6x05tzmTIZTnPpj;dmqfgsuiCg-hVnSI
/v1/redirect;sdfsdjhgkdjfhgkjdhfiueyr9348;kdjghkdjfghire
/v1/redirect;UQFBllUbMcvYFwq7uqHrU7Yxm6GhVs6ELmboazEimJNyHMhWrLo4fl7YZHw9;nzc0a7BqV0Ph44b0
/v_Error/redirect;yHxVw4IZe4oH21CZBIsCW5mIWkxMP8wP6idGMtt1-bOTi_OA2nFYAMMQ2Q3T;ODz9cZSHA2tHaQVx
/v1/redirect;sdfsdjhgkdjfhgkjdhfiueyr9348;kdjghkdjfghire
/v1/redirect;8yLJjJTPyFaSFU2fHTmB3rAHBSLQviU9EwZKTMvCWqtVNOJFgnVJA4ByL2lK;qnrtbi99xnJHBUw1
/v_Error/redirect;slFNoaFqc1RfFXdHJVg2-Vw8olPNVkIZHssD7GYZuT714aP0IJg9XlBgA4OH;EF8i57Ns1g6RJgRt
/v1/redirect;sdfsdjhgkdjfhgkjdhfiueyr9348;kdjghkdjfghire
/v1/redirect;8sgq8RtfVvuo4Viy_phMt7XOhSEn9upCLF3JJD9OP_bCwqU0UrX6meDUePrn;IofGFvKiEgPWwAyP
/v_Error/redirect;1hW7iQ9HquRxTD5XCMkyGBXMZ1BhvKbJTXQsPdEXmdY1Uwg7fBaYj_1ZrmaC;T9cASLJGpXaFGnL-
/v1/redirect;sdfsdjhgkdjfhgkjdhfiueyr9348;kdjghkdjfghire
/v1/redirect;UCKg4HzpwuEecCAX-Y0Sd0_vADpQRZ5rd3T0Dx7dV2XD-LPmdwVuG1MfPUvm;fleCn3mcI6E7NrSN
/v_Error/redirect;CHOmUFo-IsnnQItQBOFOTX2S7aNuJWLMBLIzr-NryOTX5Sbuj0mZyi5GgteU;CS9TNUpZSDIfIAoZ
/v1/redirect;sdfsdjhgkdjfhgkjdhfiueyr9348;kdjghkdjfghire
/v1/redirect;ZqiTYnsYKT8ziaiwfxhMlVmu8gMH0xTQhEqUj6aRQJ7wIqPu2lOskwsNRpXs;olj8Onr8bEts2ycO
/v_Error/redirect;HUbisVIEbY7E1GzYkEdugxZIVYzthkTSvfLWzlPYCoj4-rr2GlZ-UjnKFenA;vjyMy-XldfDn-x5W
/v1/redirect;sdfsdjhgkdjfhgkjdhfiueyr9348;kdjghkdjfghire
/v1/redirect;9cK0wgglfTswB-dynYJt-Roz2yflM8Fpzf-GwTSqWE8N1bq8YU6CAs66Nmum;6q92Y8ClFVGWfs0Q
/v_Error/redirect;g_WA_6MhNbt4D42utqyZ8qmXEY002wsVCeQya_hMxDigNCJ9jpnXBLcyJp1d;BKy03iccXh-a9Vf_
/v1/redirect;sdfsdjhgkdjfhgkjdhfiueyr9348;kdjghkdjfghire
/v1/redirect;-kUqBKb5ZejBA7j1Ug4zf5YcPaXx8HkZLK-xQGemwNWkASfo9PHToT6fpVcf;b_xU3N7jqeGXY1L2
/v_Error/redirect;7sQPoDUTtMR3XtbfNCryvpSOKttExOCAdyUIKB9dP-buZxq05Y7xuV7SsEuK;CYuich73XBEU56cc
/v1/redirect;sdfsdjhgkdjfhgkjdhfiueyr9348;kdjghkdjfghire
/v1/redirect;32cfWvc7xyiCOmEQ6bnzv32VI0j9U-0fmexaRQelvi2M_MVHExw5s2kAi6pk;M0d_EEzIQuO-xM4-
/v_Error/redirect;rnfn1eEDSVHE4p0eAjWqMHnPfn-QfXBlgMim2DnqpSzTjkcANX2_5rLr0WDw;5y70DPGsEi_GxYhG
/v1/redirect;sdfsdjhgkdjfhgkjdhfiueyr9348;kdjghkdjfghire
/v1/redirect;lkHd1kCQCyAFPC-7r826mT-69QjQowv-xg9qsvEhy_07L3QWjazj1fBE-cNI;hfVxEAjU_ES5zOKx
/v_Error/redirect;lnoDVxH-jHRRJvcPogOjFIiegpD0S-kcOnIS_TR__Xx6Azlp1nkZgiJy09hi;-LQPDS3B3I1DmzPb
/v1/redirect;sdfsdjhgkdjfhgkjdhfiueyr9348;kdjghkdjfghire
/v1/redirect;XDXGCRxOtzSInIe2Mrsj-utsTrassQvtt-Zw4xqVdy4V0YAgymsQYuonUASm;9dgQsJq2vLsIXt4d
/v_Error/redirect;-jp9TFrfCsp7CACdLYz3TzM5vV0VakZTxZGrjmHEZs-kPFE1meVGekFJoDKT;aAWXuTmoR3zmc0gI
/v1/redirect;sdfsdjhgkdjfhgkjdhfiueyr9348;kdjghkdjfghire
/v1/redirect;EFnDlqxuQjs7TQRrGZaEiNP-X3hP-aNIBmcEdg7GTWahQn0nOS8zlfbjjzQZ;YW9y6WX_xxdsuPpC
/v_Error/redirect;udbE6QSXqdJQNQZmNTawU7708cWJOhEy8AGc2p8cS0k1OcqSVv5SN0p5DHtz;zT7gGkFYEe79edMG
/v1/redirect;sdfsdjhgkdjfhgkjdhfiueyr9348;kdjghkdjfghire
/v1/redirect;daodlZPPvpsNEU2joK-SIQJcWHWNOQMvsHr8HyoBNmsfjjjMIEBcbldXss4n;u4peesO_h-NnRI1V
/v_Error/redirect;9JHwWE-VwosCjLMpc3UpyVgeoMctYzJnRJv0b688TFrY3lytS2v-Q46SDag-;okjmbnFvzq9QICr_
/v1/redirect;sdfsdjhgkdjfhgkjdhfiueyr9348;kdjghkdjfghire
/v1/redirect;Y-BC6NhPlsDwX_nfNwjx4-q62I7-9-J7-ff8fjIkVbLSB9khpNZuK2J3xotZ;vuzg6_rONMix1wmV
/v_Error/redirect;axv-hcSlGekBxx-W3wJHI6f73P1UGSjfCl6Lr4btsxx15u5Xljt82r_-pzxZ;9tGpNkTT8jsWIFXj
/v1/redirect;sdfsdjhgkdjfhgkjdhfiueyr9348;kdjghkdjfghire
/v1/redirect;hVwGs6m6ywDSQ5TQ0O4x7Oue2tETryDOuDjrYZgtWG2jC3EAiWcny8x0PWS1;2iLq-lAC0F0Y1rWz
/v_Error/redirect;CLHO6oDv0O6WHonmHqZflQgUTV_3KPDEG508ugS7p4NAucEMfOtaZ43UXQcJ;JFi6962mUmyJShVU
/v1/redirect;sdfsdjhgkdjfhgkjdhfiueyr9348;kdjghkdjfghire
/v1/redirect;1icOUQONAFij-5nUPiYDjYGwVgjaF0iOSjhmFv688sBiUGAV2LyC6HFODFDA;bZMb5Di6NlnDloE2
/v_Error/redirect;x0hjTIs-nRc8sziYaCmCBMfAfJrT2ttFSTkLZteCUkz3YraRtqpUx-4hoyLG;IDSaiYt9EQICS82G
/v1/redirect;sdfsdjhgkdjfhgkjdhfiueyr9348;kdjghkdjfghire
/v1/redirect;sbgnC4kS2Fs3BGbO4wRB1ajbgY5N7ymKVC8nq0oE_h9xgyKuia7hWYcR_Eim;_wKfYLnO1sDJwWd9
/v_Error/redirect;e4Fm07YjAtVFbvYVS9ytpR0zs4RZKLnTaHmxNV_WCr13eSitkSgrgULSQZhk;Urwe1q4M65RKjh4h
/v1/redirect;sdfsdjhgkdjfhgkjdhfiueyr9348;kdjghkdjfghire
/v1/redirect;w2gDDkCKQsrbkMwEyEQNJ5zjIQ0gQzBboRvbW5BTehCAi5ddsbg3Fvp6wRYA;0zFf4fru23Z8Cdd0
/v_Error/redirect;SrpIxw_QVPYmdOb7wPGLI6dAvl16ud-OgFtviRoF_bqd1yGFtHCvcS89zeoJ;BBK_SvSAk79RUSvm
/v1/redirect;sdfsdjhgkdjfhgkjdhfiueyr9348;kdjghkdjfghire
/v1/redirect;OdJr06tOr0q6YIq2UOa2MD0z_QARKw4Ex0vzOXYRLCzyNuc-liwSAWBPWMYm;uThNrVJaT1v-b1Qb
/v_Error/redirect;-I2tjS7aBK6asYKwNv8z9ir5rDkLHTAz3ahf3NL616nNcvFicBMy6NcU2mcT;5jRSqK7nxl_xDuEz
/v1/redirect;sdfsdjhgkdjfhgkjdhfiueyr9348;kdjghkdjfghire
/v1/redirect;h6C-uuFRD8kx195H88CJfSqVUz0tzfTXQbiTqaysOgcSDjRKrlV5l36aSW9B;ZDzV-QDZUSACc47S
/v_Error/redirect;5vQ__zDEocc9Ak7eRjNMJORFWImElNFD94LyGfd4FphwrwWv91kUspr1nYgP;qkXJgN1nw92MeBJo
/v1/redirect;sdfsdjhgkdjfhgkjdhfiueyr9348;kdjghkdjfghire
/v1/redirect;APTxqx_KM-otoqYJsKe4CIwi_9LCgW5Q1-YjkgL-Bn_dXZVn26SOIaOlckED;ZMzqVlDsf2onFv-g
/v_Error/redirect;cYgxirNgw--wlYc_cfQ3DxTXFjsm0K4kna1rAqvL2CkrDy98XNi6tU4MuRhp;3qlfsSJRZvA012f3
/v1/redirect;sdfsdjhgkdjfhgkjdhfiueyr9348;kdjghkdjfghire
/v1/redirect;3qY8BzTU1dAyiXlavRCX7sZKxdQ3wmf2yGfq4_3aUd3BwSlQqH2hu326N9IQ;aoNXg0PNFxxFmu3f
/v_Error/redirect;NXZw4mjMJdsDE2msFt3BbZUgZ8Diyw1MLXKXUp5VqwW4J8aj35XULu9Rv8v5;jwgZJSCubrsJiEUv
/v1/redirect;sdfsdjhgkdjfhgkjdhfiueyr9348;kdjghkdjfghire
/v1/redirect;gfgKHAJXbSYz1l25MTdi_fYCB8a5ksQxvljLuGoZtSJdcvKu3C83iIuD9CLt;vibma4rY0oR37fKm
/v_Error/redirect;_liy0cvlUvciYB2BVxMfM-66xwD8JyKIDZeSAOBasTI_EWX1JCq15I5dlXtO;0j0FPACHC7hrurJ8
/v1/redirect;sdfsdjhgkdjfhgkjdhfiueyr9348;kdjghkdjfghire
/v1/redirect;T-Z-CH0wJqjzppT8hxbKtay9VXIkSMXR1qS6MzxM_bKo6FE4WlrAy37LSN89;7wZ2mKsKfb5UzefI
/v_Error/redirect;ISTxNOjSRqRB8IjhnNGWkkdftTSSF5p_f6966stfc3xqqklZTq-pG5x7W9JG;7fEiWCrJ6-xdjFz8
/v1/redirect;sdfsdjhgkdjfhgkjdhfiueyr9348;kdjghkdjfghire
/v1/redirect;EoLRv69DmOvPlSieln-P7jrSVL0Tq6T3Cswvp8UjSwt-vWEAcr-X56EbUxwm;HrsO71lKqePHDuHG
/v_Error/redirect;Oj4NwaYbFtLmptrXpPkqm6GJjVFUx2vbZesAC3DLWh-6Y0qictYsXhZmfI04;FKS1nFYBQJNAgLoB
/v1/redirect;sdfsdjhgkdjfhgkjdhfiueyr9348;kdjghkdjfghire
/v1/redirect;gDya6aID5-3A3AzsTuEFh0i1gJGUvbNSZYYvCfJVL-oX0BCfvtGTs8VO5rp3;2sG7WzBKgv-mbYSO
/v_Error/redirect;j6T6XG31ddrB5Fj7HTvhKfWFXWuoLFzVD9UhzjbzdClZNZZ_JUKxCFwvywVf;8h_n-_AFE7aRIxD8
/v1/redirect;sdfsdjhgkdjfhgkjdhfiueyr9348;kdjghkdjfghire
/v1/redirect;maSOZeolP7_rYUA95q8SPpfQj4lsGSs3jZU7x5MoKgGDNIyKOkl3slp-BWlA;i43wwmJkyepzODRz
/v_Error/redirect;-PJvPkQmUxVWBJ4zUdSiFlwy7C-ppOYgj4fqycvhr24LcANcPkCCDckREoXz;g4CpAgYLdyUPDpZG
/v1/redirect;sdfsdjhgkdjfhgkjdhfiueyr9348;kdjghkdjfghire
/v1/redirect;LHHMCOHr6ltWj7UmR52QYyUdfzi74xmZu2n2dWz7JVicV4I6EX4TDg-Wd4yW;F7JZJMqOWa2fPbVl
/v_Error/redirect;6Hgf6iBpfDarXigHVohBpxP_QGPoNsUaetrAwiNw1A5U8aA03-NmE5iqKfoH;H1dlr1RXTzcyIzHV
/v1/redirect;sdfsdjhgkdjfhgkjdhfiueyr9348;kdjghkdjfghire
/v1/redirect;3_EzGLFvh7OBgbA4-_oeTefBz4Nn8P_U97Q-eDVEvUua7Pu_3xVKJ1SwSsl_;aSK1g82V-H4IgKhA
/v_Error/redirect;cdAvbzAYFs_iJcie8gfciPtR3FOVmgbTaCXhBpH9pnpY-zY4_gpIVmAw1eaB;JYAiROygHjV5JToU
/v1/redirect;sdfsdjhgkdjfhgkjdhfiueyr9348;kdjghkdjfghire
/v1/redirect;luzFB22aOADvxT11PhStkd4ARM4Uy8Bc8c2zIezsOYhpaKyG51QR5OfjJq6i;F55XQVIx50wRfGHR
/v_Error/redirect;8yCEIADd9sq_Nnyy7HuzgBUrzRwXI0-RjMXwjtcHREZnk3gNKtuxCsLGPNQK;0paGb6XpyAmckX0D
/v1/redirect;sdfsdjhgkdjfhgkjdhfiueyr9348;kdjghkdjfghire
/v1/redirect;NZfqGN-5KZeXw0oX0jhqnqAZGYTJij9c2jkaPxWbQjtZ4SR5KI3ywtQyNbBL;34PnxSUq_lsZWBYs
/v_Error/redirect;44Io9hA4UJO9DegCUYKzoOVuF6KWXj4JS0CUsE84zYB1tMV_STi84WzS12L6;iZxL31IO5lkDY4ue
/v1/redirect;sdfsdjhgkdjfhgkjdhfiueyr9348;kdjghkdjfghire
/v1/redirect;peNGnKn5wSbLUpBC6L4FO1pVKHXyptRYuIOHKstM8-uxxtWLIz7cp1BOc1fu;KiuBWxcxkzDpFbMH
/v_Error/redirect;pNx7Jtm-gpybKYxXlR9Nk6jumPN-fF1lHUwJiwTpk54lrA9Vt40jOrR5W9qw;rC8tjZUFmfA7uY1U
/v1/redirect;sdfsdjhgkdjfhgkjdhfiueyr9348;kdjghkdjfghire
/v1/redirect;DXMmh4T29RNdrF-0O6gaZAugKs3YRbZ5HoRGKtT1vUSW3CERI8kxQ4cJWlN4;iNjfO2CqKVQHtCl2
/v_Error/redirect;XGP6vA05ic_HUBuFVZcU-QKgxK1QELiil3pb6lud6YeufuvUSUiit-QhPTfZ;PRqw1SSS6JNkI3Uh
/v1/redirect;sdfsdjhgkdjfhgkjdhfiueyr9348;kdjghkdjfghire
/v1/redirect;YAh1oIlzhR2kbM3cRV2miM_7u6CK9SJGD4Tjd5qs61B46TQgTS6_9KcItr-U;H_mKJZD01rnEOaCO
/v_Error/redirect;x9WP7cXWonmIQCYHR94SdUp4nuqh0tsG_m_d4I51rD5NQPvnw1z3hk0XlS0e;spMy9LZlwk1RYJ0h
/v1/redirect;sdfsdjhgkdjfhgkjdhfiueyr9348;kdjghkdjfghire
/v1/redirect;V7M7MjQJpLSOI6SIXLcurANmqTA1w3YITgZygiKnUBo4GIvhftSCdLrDxb7O;NcWrfyIM8cbaV2Di
/v_Error/redirect;QIRSAxKcrrXpclYAssYpC1PwyOtrrl27Apvn2O1_Kio37SY599BIKtxY_Ld5;fnNshmMQF7K-o-Iy
/v1/redirect;sdfsdjhgkdjfhgkjdhfiueyr9348;kdjghkdjfghire
/v1/redirect;X6hPu8MpkhtCTVAVN6tyLfs2ue1Ny0ijhCb3Q7u48AR1V2lemvTmj4xdFwYm;m48XoMGgGTbY4x1p
/v_Error/redirect;zUhSnWWcTi0tJOtO6uxjLm_Ld0fZMQ0DzSE5MJ13IatGWmrZ_JfM9H3cRvfC;YW_OecWp0nq8D6nu
/v1/redirect;sdfsdjhgkdjfhgkjdhfiueyr9348;kdjghkdjfghire
/v1/redirect;bhdehCoGYuEX71S_f_ZrX1xBBzAtRGNAm5kr_W9jKDx4lBGcTPnxHwuWaxUQ;0Ld_EBI3-IoRYyP7
/v_Error/redirect;nJcf67la6axTsZYEOG3ZT9Zdh5ejQoLAYijj_iLT1hyGSb5FUyYkiZkb5yt_;p-86u0Ar_BtMyUAf
/v1/redirect;sdfsdjhgkdjfhgkjdhfiueyr9348;kdjghkdjfghire
/v1/redirect;LyMpIJz-axyPYys3udxHYCg4toRQE2ja6b8TlzMQkMC1irjI27cGykLXesL2;4XWiq1H9W0jJLsEL
/v_Error/redirect;vSbg8PZJAGFd-i2wHPM4ZSJwrFgOHkKZ7YWmoVLWSKKqdY5GinQW0PENcREY;ms8dwYf-k5vMkU0G
/v1/redirect;sdfsdjhgkdjfhgkjdhfiueyr9348;kdjghkdjfghire
/v1/redirect;uxw4AVPgD2u3t2IaAKi8wZZSLJBNLhHNGpeLt0sdYpv8KpyDMIMlHAaq9cg1;g5_S3zG5xXGeRyH3
/v_Error/redirect;TPjcxGIpfgKfT-3EviSKZuBVuaO3Ge9YVCpEg0Es310W8g1Q-8XZrRhBFZdu;BcGLrVrWVEVjBfu0
/v1/redirect;sdfsdjhgkdjfhgkjdhfiueyr9348;kdjghkdjfghire
/v1/redirect;R9KMyClS-MyVVwkHTgy3r2u8WGRNQkovDaAGFTNaXqQVT7NVklQoO37Hz6td;lYFZ4rlUjAKcS1eH
/v_Error/redirect;WcFtjpS9bR45Ss-i2hsv4QtE-Q3p1dHZ4GbuljcS2YaBpuBm87tK1I2zqnPZ;crruYj1Wu2JH4VtP
/v1/redirect;sdfsdjhgkdjfhgkjdhfiueyr9348;kdjghkdjfghire
/v1/redirect;oJjZ7POf-cxS58u38Hbco7G-ryrQ3Fjh8LyqZBVm6bWfmdtsVbOwIBFJ6hBT;Sh5H9yVkX7Rrd93n
/v_Error/redirect;9HPsNQBLd1PK_2EAbJyBlBtDn9RmyfsnYZbTnssfVOoSx7gmIqmTPX6NKX0Z;NleryJHNOk45CSEt
/v1/redirect;sdfsdjhgkdjfhgkjdhfiueyr9348;kdjghkdjfghire
/v1/redirect;Tv_ZX3l__q1y7h07B9sXWnHsjC2_YQpUDTCsQhiuf3iNBDS5ofYynMrz_oyP;Z_9VAKaXo1fgJXzp
/v_Error/redirect;5cZnnFrRZiElYW3cKZDuoNyesH6aCYnTseLcvy-Zbx3-TkHeWYE-xtb68Fb3;bBYnsHeUdHgvbW26
/v1/redirect;sdfsdjhgkdjfhgkjdhfiueyr9348;kdjghkdjfghire
/v1/redirect;iELmqrPhwmLitXPikGuEiyXRgvNAqAGybFNlmfbZhl34O6kSDA86HT-GyncD;csTDscunoUT_GM_L
/v_Error/redirect;gTAsAb7k9k9tYo-qTjIUtALfo6TJNal5E8fQy9bSQCpcuYUUoAlOeqFZTNKI;xvlbKigYkhWu__PI
/v1/redirect;sdfsdjhgkdjfhgkjdhfiueyr9348;kdjghkdjfghire
/v1/redirect;A0-qzl84AY1TxSe4BksPiNdmfn19yVlkScLFC5pq_Un9FT0Ih-RSzgKajF7A;91CDdRpp3CtO7WAY
/v_Error/redirect;9DeNbnAWg9NfjqSJh9-t1ei8bTZNHhKDUuQfevPqpXW7Lt9bmTCIn6eYeBD2;9yoSqvaagu-f5E2U
/v1/redirect;sdfsdjhgkdjfhgkjdhfiueyr9348;kdjghkdjfghire
/v1/redirect;2kkljkIHY4D-FoTfJ70NcDxrBUYCIdNOGt3xD-FsrgmaKg1lVUduV5q6FL45;zxjGaPwBtsxZnJzQ
/v_Error/redirect;Yf6K_kANj25tjzrme9RMFSpD518jBv0ojghUvgBWXUTlIvf05VRvlI9QSC8s;S7lT8dpiHxjZtG2X
/v1/redirect;sdfsdjhgkdjfhgkjdhfiueyr9348;kdjghkdjfghire
/v1/redirect;9K3N1VCpeJj0DOOjglBGvCwm8Y-ym2A4BF0eUY4RYdDgEHJFhlopolHLPIQv;aDuf-iZ67kDrA73E
/v_Error/redirect;1zpKXzlToSibF9y69GiBHtapJJb-LxAdXNkIyxq62C0bDWqboVmA6oYOIV0B;l6B4L9ve_Pve06mr
/v1/redirect;sdfsdjhgkdjfhgkjdhfiueyr9348;kdjghkdjfghire
/v1/redirect;ag7ziGAOCpgjKVsipIctCnkHWTnkWOeItVPfX4u8lyZmMU29iSXUKq2aNoNO;VtwnU3xUwUODOLXU
/v_Error/redirect;mKR3ecmhzOKkdpdKvoeA_75R5Yn8i3e1TO068e39uymSG_P2FcHs80N7ZxBo;nydpTYqDCHvEhT5X
/v1/redirect;sdfsdjhgkdjfhgkjdhfiueyr9348;kdjghkdjfghire
/v1/redirect;NmPgK6LOOh7lpQV_adLbTKuYzhdugiQReNOeMd-QqmXD_z0BDGiQt2z86r-B;awUj4y-WzzQoQqaf
/v_Error/redirect;btloRA55pUpUsBwj8S1U3fg_v4RHagSHCDOAoRCj5YN0T_mAdhJvCvDEQjN-;pvLV-6De0_U9QBCF
/v1/redirect;sdfsdjhgkdjfhgkjdhfiueyr9348;kdjghkdjfghire
/v1/redirect;tK938J8biYZkPkC8nGUE_8QuO-gIJgonhvLZFRK0OJr5-5DlVqXW6Gf35Edm;qe5CkOIZZehOsbap
/v_Error/redirect;4jj_XmFrF0pp7UkwfqVXroLlVN9XiDgK-wm2RYFOmNxeOCOs7Of8MrCQL3tp;xNpydO1zwByTICgT
/v1/redirect;sdfsdjhgkdjfhgkjdhfiueyr9348;kdjghkdjfghire
/v1/redirect;46JhIBzVJzdptzaaMQz3Qvo_X8OOuZ9_FnsL5A8F-Aqy4U8oGYH89k9zAD8J;GBqoCFHOKPdBCqLr
/v_Error/redirect;JRvsyO5Cf-pihD234ljubBJyG8zhHO4g5XeHR5m9uVDIaBx-QLf4KLTBoUrG;SxVg5gstwwJneEJb
/v1/redirect;sdfsdjhgkdjfhgkjdhfiueyr9348;kdjghkdjfghire
/v1/redirect;b0ABgMYexBZfNcZyszKtyWuBMo-vcgSgLrwTydWYw9eF3vCDJRp1eBGDenaK;JJzbkvOZUGCR9OT4
/v_Error/redirect;vZR6qb2O-bUsRKlzL8jFMgCTp3HmZXc56NwlGWLJhBaJHLVpbhiXCrZRwTQC;LCqp0nsfvgysNts0
/v1/redirect;sdfsdjhgkdjfhgkjdhfiueyr9348;kdjghkdjfghire
/v1/redirect;UIKw9oiE-Ns-0uI4btJrInel91SnW-g1IA-TIEJ-7hLBX17mYGjAwtWS2PD-;8iEislpyEXhjfFqq
/v_Error/redirect;1TF_FrAG_Qxr_BBs-EubGpo8BS4QI_rC7FOa8Mim264iekg5k_lZv0_XYc2J;7CiECdjEJ8HWsfdY
/v1/redirect;sdfsdjhgkdjfhgkjdhfiueyr9348;kdjghkdjfghire
/v1/redirect;QyD4gLhbB4Jzxe6yRsb3WpQ6E8EVE36inslm51KKz2oyPzH2EcEAMyYOMvp9;SdwuqS_PBM6jn3RF
/v_Error/redirect;PqpQqYDa2nP3eeOqGheZJqBObK_M6jpeL_vGXNQqBMtLmrtO3yrICrQ4wKKr;TWVggr14intqPmo4
/v1/redirect;sdfsdjhgkdjfhgkjdhfiueyr9348;kdjghkdjfghire
/v1/redirect;Pa9ad7UmTVyhoPrzcGcGZsqS50ejlx7i86NlRYTawmFhNKUwtkgdKxKszfuy;hFijtU-MkeksI5VC
/v_Error/redirect;oJ2qyllKhcnonwPhKEYFrJR_mY0nQfeUEqHGknawL6fEhoU_dkh9JWXkMwgt;IeUEYS_6hb9NwI15
/v1/redirect;sdfsdjhgkdjfhgkjdhfiueyr9348;kdjghkdjfghire
/v1/redirect;kncXPTh8qhmkEWa2JP8_pHlPQ4aHtU6JFvLb48MsFJ0DKZdIBzce8KNzFCp-;b7evwILHAWzEcKQp
/v_Error/redirect;GTo9Gi3_94iZubhDIoKml1pQcQG5DSjQiSYxPXh2vw5AX1SeqgkAmosYWAKp;SPK8TJnYJJJ4uNAI
/v1/redirect;sdfsdjhgkdjfhgkjdhfiueyr9348;kdjghkdjfghire
/v1/redirect;NKziFvqOYudtpnC4B4WFxqh3GdnoTVVxWvOI7EaaC8jCTpMinpHb1cK-JdXT;Wr7gJOGcLUmBqBSj
/v_Error/redirect;ZJaDBQbL_owKgBUqCbltQmDWGfwhAWUkvLoUDlCZzqM4rsvJqlvAbNbAFOL1;Fx7WfClgh4zH73s9
/v1/redirect;sdfsdjhgkdjfhgkjdhfiueyr9348;kdjghkdjfghire
/v1/redirect;OaO5IleKyL7MvUiroj-bXm2zNyr0uQsTaiyF219jAMKUz4JZhU84q--3py7p;yfo8R_wJl1Wm14Cl
/v_Error/redirect;tA4xwiPnr3CIpDUuDekl9TM5WkfXoF6x8LHxNB6mcqtT-GDQ_OEueoc2lo8D;1kZ5tIw4p_zLwqci
/v1/redirect;sdfsdjhgkdjfhgkjdhfiueyr9348;kdjghkdjfghire
/v1/redirect;66EueVqrhmrfY1K2MRFoW_77Gy4jgN71iVx3BPx22KPWhpGrwwiqwyV-W5EA;O3WMGmTsg9wFSYmw
/v_Error/redirect;uQCs0yJuuuARHZ4dHplDwXzn7vTUm5STlD0ILvRnIBT8DsUIqXRagl18ERIz;MWbcxebnhVFAE9Ci
/v1/redirect;sdfsdjhgkdjfhgkjdhfiueyr9348;kdjghkdjfghire
/v1/redirect;fnkiieYP4eu0pXPCJ792sOH_V8NSsppwrWi2-7vAoCjvyXgp7Qg2H_84wlV3;op2TMGMjwOu8L6XW
/v_Error/redirect;owV7i7seZzR5-1YT_hKSOuXPwqSbbtw3LdkcC9jqDbjN_ddbMKkEeirErnjp;Skh3TLDLx0flzrXM
/v1/redirect;sdfsdjhgkdjfhgkjdhfiueyr9348;kdjghkdjfghire
/v1/redirect;gNOEzA5Ie9rTCFaIumMbHyG6CZKjrDB_M-3Kqm8-N2hKckqtmxVNbjhwlBo_;QIvaayZL9kjnMm_W
/v_Error/redirect;y3uJ9xYhsq5rQdzq-n3eTaD7wXAT8d2KJFVYRXQTIgKwZXzAZBFN-yKwSH4R;ooA173vmD7ChAbNQ
/v1/redirect;sdfsdjhgkdjfhgkjdhfiueyr9348;kdjghkdjfghire
/v1/redirect;OP6Lh2ot3a3v-GDWes4COE_qilZOM7uJv-p7PzXkGRuNqhbwcLF5SGwn1eBK;B-0S7Ud_VBrNUhVC
/v_Error/redirect;6lRfWSO4YyTdKhvz6FgTZn-opf9Zho8Iix5R2GqkRHcAsswfTqQ7lp7IdgdA;S2s8liKwhdjRnuRC
/v1/redirect;sdfsdjhgkdjfhgkjdhfiueyr9348;kdjghkdjfghire
/v1/redirect;dlTmRzwyQoFxQ1tfddBCaMA5m-PpuJHFx0O9GNjH5SxhwxIqAqmgiF9pHS2z;xqbbVCCgyyWNjavJ
/v_Error/redirect;mjRMVzjuAMhHLOh85a-QBp4sxOmrCtQyMguFeJM5QbLmTRGmbNUJ1we_zUKf;tk8mXHcZxS8Hkd3n
/v1/redirect;sdfsdjhgkdjfhgkjdhfiueyr9348;kdjghkdjfghire
/v1/redirect;ogHcbiv7pzYpSiPabqjs9fAd1sdYYuN332jSlQaGHxvYv4Kih2Hy_RcoNkv6;7CY8oZ8LmEEez0cr
/v_Error/redirect;sX-GkllOcKPlguHl8u_jyEt-SSfe_UWruLQeZrvrjvRPN-eB4WwimEHkcQec;CIp0UF-4hV_C0pL7
/v1/redirect;sdfsdjhgkdjfhgkjdhfiueyr9348;kdjghkdjfghire
/v1/redirect;rMRoVCLnFLJ0zGwFW3XEG_JNSbWisRG9PkOp28XdzZbR67GS8nOPV9Vup9O1;zbHzOB2X0kYjxPvv
/v_Error/redirect;L0gSodBR12rdBSbaHsnTY6C29ilW6723Wz1rDN02ekKxk_qs9L-yyTi-D9B6;Nq20ni8BEpOVzdCr
/v1/redirect;sdfsdjhgkdjfhgkjdhfiueyr9348;kdjghkdjfghire
/v1/redirect;wgw5EDdJXHukX7-JFJ3fjGB7cxNoNn_gTtDhwhgh-DChHcEOPMALkaoBTvmy;CGqGDFAX54W5AHaq
/v_Error/redirect;zutBNPuQP-gZN2kIfiIpa09mTSUMcJluB8m7TCQ1gDE6h3SBazC1VawHQfYv;qiMqLeYy0nQQhzya
/v1/redirect;sdfsdjhgkdjfhgkjdhfiueyr9348;kdjghkdjfghire
/v1/redirect;G4vg_CbA-DbzqtzGCTOI36V8EVSYAOIzUCX4SHY37mrIvfNeFXoV44NFhGRS;yHYuSUid5RbRs8yl
/v_Error/redirect;qbehEitnxKSfgKQrc_gDoHOAXb37kb4Q9nFV2biNcRdIQTrtCqMritFqgViI;HhqW3IFdA_4Xk_7Q
/v1/redirect;sdfsdjhgkdjfhgkjdhfiueyr9348;kdjghkdjfghire
/v1/redirect;6HE_5LYRMcvaZlHBgK5p6dl9ENgPzfausGSnptExQtFOZMBlzZmhW7HtgO8O;sxAUSjCnIC41VHY4
/v_Error/redirect;7nAmhx8Lbos2LPyVCDvqDmdsIyWf4n5bSCCqGiJ83D21RvMnlOQAWquVTYek;PiyUWwPJ5hKvUWOD
/v1/redirect;sdfsdjhgkdjfhgkjdhfiueyr9348;kdjghkdjfghire
/v1/redirect;FLrHsaLxFg3ln9DMbtAb1QSNpiG8ek5umvUiaOld8f0zx-QF8tPjVpar308N;u0jS05JegizAFzBl
/v_Error/redirect;sh1WzITaJGz4QLsi-kXHue0FfGYM3HEXElv4a3ZZjKKHaiWuFNyqewHi5hg6;DDzVTW9vWNyh_o-R
/v1/redirect;sdfsdjhgkdjfhgkjdhfiueyr9348;kdjghkdjfghire
/v1/redirect;V6glAN1lkMXnc2n79-VrK_69q_jnzRKbRtefHc5FiBAbKTSe3KfAxJh_DnU1;XoGLIi2Bpe3syiHg
/v_Error/redirect;dkChg9m_Zd_dHloLpdJyM9mtl_7bVbat9QtJOKxjevktmgy-Kqt683QQqckF;-zaFPK1GCHacfwEL
/v1/redirect;sdfsdjhgkdjfhgkjdhfiueyr9348;kdjghkdjfghire
/v1/redirect;bviwPNSXK9IsNaDgZ-fl9sdSeJ8i07nEZmPUK-mBqr_tmgyoKg9bJp5vmkCq;GJHaEfAZdHprf-u_
/v_Error/redirect;gIJU8ieYZRj7ge2vPCNQCY_99gt0FtJClUmXakbcZqpmN35z8A7XFfSzUS4u;P_gR-29R7MMeoFmG
/v1/redirect;sdfsdjhgkdjfhgkjdhfiueyr9348;kdjghkdjfghire
/v1/redirect;SGe7_XWrYMYVr0ukv4KYhY3fKeCYD9etbsds_wmkFtqWaD5fxkleT3tcZgej;6UNnQoZSZccz5LeN
/v_Error/redirect;vCsIKQv4MEvSMgOP36if4YkVifbqaSn9PrhQqGa-PmRvQ_djxWsnXHXA2Tm8;tnf3Y3VdtvKIyMYM
/v1/redirect;sdfsdjhgkdjfhgkjdhfiueyr9348;kdjghkdjfghire
/v1/redirect;L2oaBFB5PO8tA6a4K5TtmFikr1wqVwMj9jwflcyu6CnkPkpmzvB3BPLDgxjZ;_ycVJPAYF7sJR4ZJ
/v_Error/redirect;mPFnfD04sdMxsRB3P6mN9KkoIRHsiwGTBF6Ev2bkUDbeD4vozeyvNBvwgBQz;smTtRsZ0ib3Eoinq
/v1/redirect;sdfsdjhgkdjfhgkjdhfiueyr9348;kdjghkdjfghire
/v1/redirect;nVnJI8IqQT7xg-pXh3vJCjIrY-86Fz8Feq9lfG4dCu_p95qU6G50NmDBhJv-;bTKRrtnS_wVAlZpm
/v_Error/redirect;jA9q12Ec7DOB7lctW_B_5BqvjJYfEPlJyirXUioSse5lSNnt8gY4cuTj2qTE;Q3fcJc2LxTi3at77
/v1/redirect;sdfsdjhgkdjfhgkjdhfiueyr9348;kdjghkdjfghire
/v1/redirect;BM7WHVT2Dh8hoKQfH1sz2dqgxyg9BRAwsgqRcvi_5Bz86pBLbPca-WoYg_QO;8eoLIeX6nD22tNsn
/v_Error/redirect;l5OLILbBT21z4xt-g4YJnVG4clclXlxvG4E1Rt0krATjsF84Hf3MH2gQ7EMe;gcmnMNCW8famofmB
/v1/redirect;sdfsdjhgkdjfhgkjdhfiueyr9348;kdjghkdjfghire
/v1/redirect;8RuJZRo4IHelC1MaSPDZUKY0Lsc95MzqrbCAb4qur7iPSBKmNa1-o7VliLSK;lUC-vK6yCgFQmx8P
/v_Error/redirect;3emmc_xnekGwzh0EZ0p4YzY6xKKBgaSHMnyI3xT9UZa7xox-y2N506gycmBn;PVbMOB5v4DIgWa3G
/v1/redirect;sdfsdjhgkdjfhgkjdhfiueyr9348;kdjghkdjfghire
/v1/redirect;6qGwan3M7wlrjp8q7Nen0ubNx6adRsg53pk7BKbX8kyk-2DswALmvOp1JbrE;ywEBFAY2Iqrq4hG7
/v_Error/redirect;7nNmRCdm5BnTHucTwBsPlLwQDXsv5OAHDJmph7VQeFVRDdQjoNyCYSRpF7Tb;wusEBMChDa87FoB1
/v1/redirect;sdfsdjhgkdjfhgkjdhfiueyr9348;kdjghkdjfghire
/v1/redirect;vOYtPSkw6sIBDjIU8Xj9iCYNdhkLbX4nGkq0dvc0f3U-6Kch5kTFm07xHnpu;h4LdcIXyYiRyYSc2
/v_Error/redirect;eVyjP3c6DHwuMr2xD60PUBAtJcLP4EoZl1ZTgPAdhUuwBNbWUY-H9q3X-UKc;yMRu1NaUXxAbBHhU
/v1/redirect;sdfsdjhgkdjfhgkjdhfiueyr9348;kdjghkdjfghire
/v1/redirect;fmeFjW9D4LcEM6ixm41QiCXuhxX9GA3xQ-YqBqNvHdsk4k4-qRfuJzOmeEba;qiv41luDwdgMFMN5
/v_Error/redirect;YD_tU3v9M0JOIL2Bn2fVsDcK_X1myHxIy82Ecnhco7RjxELAMJpgimKYYjOl;O0QMY4Wo4rrZPdQg
/v1/redirect;sdfsdjhgkdjfhgkjdhfiueyr9348;kdjghkdjfghire
/v1/redirect;FPQxo-IXH3kmxO6qyd2GLKQYesPqj5-UOpZP-P0IgAXET-VAE53NJlqfF2OR;qK0TZWv4zAP0sFia
/v_Error/redirect;PQvPSEobJ3UtmC2vvy0i1vkqoqZwZRKJmV8gfVNIeuyFGTj3OktzEmfaJZS4;yB7X9NN2XbD5DHFT
/v1/redirect;sdfsdjhgkdjfhgkjdhfiueyr9348;kdjghkdjfghire
/v1/redirect;C6AMF4RvSZ7eywSeNZY814X3TcEqp6hbOI3tMsvLsth9C4UBoq22OWhRuOj4;Hyi0NCWDFD3MoctN
/v_Error/redirect;SojdhoMc_aI05ES2HZPT4Qf5sWOdlPlnm8xTq30IXxOwsJeAboNrNSB074HE;KPiUy8rVnpjKlhy3
/v1/redirect;sdfsdjhgkdjfhgkjdhfiueyr9348;kdjghkdjfghire
/v1/redirect;xUvdfr9ZKCX72U9D1kQUTBBORLWIzC9XNAN4XY4Hc1kX8Pn_VaCX0G8uauer;JlDnbAIqu54Lup9s
/v_Error/redirect;xKF6NQsBrTj7EidnylIsXO4vHtFmlsa8pC-q0rdLo4yJrFpww6MaH7pmbffI;MA8V57bOP_v9U2JL
/v1/redirect;sdfsdjhgkdjfhgkjdhfiueyr9348;kdjghkdjfghire
/v1/redirect;gMfyIZ3QmTVOpRiIggWNSaJe-kVeGRFeJYyYpzXqrIFVHo7TzVxqlq4lYO8I;rn-IQoAB7orZoxYI
/v_Error/redirect;G9G8hjyX_jJLDroKS4R2TGb82Y5modFI5WVoWJy7oUuDYfM92MX7ukoQ6Ghn;rhkZL7tBEPkly3Hm
/v1/redirect;sdfsdjhgkdjfhgkjdhfiueyr9348;kdjghkdjfghire
/v1/redirect;K-MbzM0d3mbU6MKMpgKhs2PUnM2wyZbScLY4HT1yZoT2KzySuJgNPDmndr1F;QEcC8qNplFNJ42fp
/v_Error/redirect;kIb1nGsKXB4ogjIuSpJoAyCFHQwLNosJ3iCE1K1u7-Wd-_ZpcehXXXs4j24A;3_KcKky8fE4AK2mv
/v1/redirect;sdfsdjhgkdjfhgkjdhfiueyr9348;kdjghkdjfghire
/v1/redirect;Qb1XKt7YlSXixa-B1JK0B7rqLCOsIuvaDU3ZqG6kX6NZtvDN87OIJpoty9Ic;M59yZ3UiOKRJI77B
/v_Error/redirect;7SH0T6emzTHQKGpSJ3Q89t00L85LVMfutEk2MIeI_fvZgJktvip2whQyOjhP;EIR2hBFNWg60m3sa
/v1/redirect;sdfsdjhgkdjfhgkjdhfiueyr9348;kdjghkdjfghire
/v1/redirect;JRCJDnWUxoLgN1JaDMG1en1NobHeLm-L5LXoDXrnyPa2QmyHvzMEyKHwrjsr;EyCqZ7g0w0xKkfvy
/v_Error/redirect;sn9d04QFgFAIQQjZvWV5FwXsiuur6cuKyDlQEOz6qZ3QhkWSsa5sIJYbyN6N;Gp_S4E6LVmxQV7aw
/v1/redirect;sdfsdjhgkdjfhgkjdhfiueyr9348;kdjghkdjfghire
/v1/redirect;F-7HWRrxJgc43tDkjg6XaTdVHIRjgSepYPwd60UCbdOnka6xEHtX-Ism1sKN;PA_Mz5J0OOi3z4IU
/v_Error/redirect;JiP1wl-8NLBmn0_i8Ltn0LuJWsMFaE7exJOObiwnm_88UNGywytVaQzt7zvg;xG8XpgENx1BYE2av
/v1/redirect;sdfsdjhgkdjfhgkjdhfiueyr9348;kdjghkdjfghire
/v1/redirect;pQRYsmrH_Ql5n_xOslPIUa_nAS47lt_zcyA-DLFsiaI7r3ODOHJ8UlfVxX1v;e4KotK-xyiOlLSoS
/v_Error/redirect;ww3SvN3p-PZ1ljfkZb8NBr8gEfJVMOh7NV3Q3vnQVM7W6uecZ0Qd7Q4J9OES;DVB5P1NraHg3pVLH
/v1/redirect;sdfsdjhgkdjfhgkjdhfiueyr9348;kdjghkdjfghire
/v1/redirect;qQgCDI4MvEIGA-KwsRNKncDg92_cBAgIhWNL70MjX0Zn_ec8qfpwSdaLJvCS;Z3OVcXaxTUgE77a1
/v_Error/redirect;SjCwZbqtFykkkYKkiC3WzvH8ES-mlPF_ggy0wAHzqE20OP_0avDBQGhGQKFk;u6xxwwqyDdAHLPhN
/v1/redirect;sdfsdjhgkdjfhgkjdhfiueyr9348;kdjghkdjfghire
/v1/redirect;mn_EMJ-fkQ8aTZQvm7bjuCbr2RTqoIrRh4tPGVVTemNUlS4b2wO90kiMkhUb;jARRP0pPgYM4eTGd
/v_Error/redirect;BZK-NaZTH06VDl5cUUVkHPLQhqEwWSrJwnP5CZyhvlTxH-vEAO9j4jrE60OV;AJ5oVjPLBccMyFM8
/v1/redirect;sdfsdjhgkdjfhgkjdhfiueyr9348;kdjghkdjfghire
/v1/redirect;t-peJbYX5Iwx8zq8DA6oJYohBdy4pmWzDMqrUNuskxKDKF4r1W9ANDzeA4I7;9dhz8rkAWP_Mi-jV
/v_Error/redirect;0TpgFKLicXBFz5L2zVIIrLqTzdumvIrL2OQnPMMabkfpq3YgijwGLY7t5U1c;VNNsYLmJPBw7s16A
/v1/redirect;sdfsdjhgkdjfhgkjdhfiueyr9348;kdjghkdjfghire
/v1/redirect;5Oht5DVJlID6jfllMXD2MvGMUuewSHzhSk0rc9CVO9q6TgeJVUDtEME2jhby;tZ61NPcKtEfvWoZo
/v_Error/redirect;xiUrV93JuB3lpXDnUDcTSAp6VhS9VHFSsQK6JhcCImKiHJk8saxIuTG7i3BJ;hz_fo0qX-g-mml2t
/v1/redirect;sdfsdjhgkdjfhgkjdhfiueyr9348;kdjghkdjfghire
/v1/redirect;jnNRjK9xtMA3Uk_09_CUehCY0VdXAym7WXFONkc2GLMnWaS0TnxraRKx5Yij;RFIiWpgi-uFHitAJ
/v_Error/redirect;EupftlRuRpj038HChOyb04EIHoNeyUYHK2YWhiw95JXG3y7UdYITLoxh9_YP;BUgYdwOcn9kLf_1k
/v1/redirect;sdfsdjhgkdjfhgkjdhfiueyr9348;kdjghkdjfghire
/v1/redirect;ByGacrjA661WMrYtUvT2uHR8ls_JUfm43h3shQyBxEmGNQQjQL-lZ_unpI50;YnadsmSx8jMLDt2K
/v_Error/redirect;8jZulMCrVl5Jk9y_rbHxbWINJIKGZO76A6MwohrT93nFzM-5yKltwTCDDNKj;mjRFSS1XFGxS7f1N
/v1/redirect;sdfsdjhgkdjfhgkjdhfiueyr9348;kdjghkdjfghire
/v1/redirect;DuuJ9jutf88jQtTUeUpVOWY_8H9G5MGE6Wn1xPysEuJTXtl7OkqCkmWLDjr6;mfo4QeoqUjfIYT6v
/v_Error/redirect;mCMJZ2IjosrflXemNb4ngxtKulBXQnJ_aBJOr6XUeLXqbuzqegGpIhJqtG4M;egbspv9AOyJEH6-4
/v1/redirect;sdfsdjhgkdjfhgkjdhfiueyr9348;kdjghkdjfghire
/v1/redirect;xoDTrI_92hgQWgQBPGSBGg-UOb7k0EzDaYtOiFIxmRhgwvvIA9lI6vuczjlQ;lIj9fX-LpaL-L1st
/v_Error/redirect;ByBk8PTcrdDkHytI2ZNEoLzNDikrl7R6ohUPZGxv8ac4jS35U5qSaITCNrLb;fc-sG-PT2vF88mlY
/v1/redirect;sdfsdjhgkdjfhgkjdhfiueyr9348;kdjghkdjfghire
/v1/redirect;ZTQNFeKYSA5KCpbcfQSbYoflWqhvNNhJnOVJglNqwTH5T6SqUEfOfOtw6JbV;lFH1Fhq7TReV8Yqf
/v_Error/redirect;w2DSuAieiPU89Wxcfjc4hGEmYoY0xyYzV4byy0G5oYVI6Vv5wvHpa3RzXEHW;EMQA8Id_CW8eYD0S
/v1/redirect;sdfsdjhgkdjfhgkjdhfiueyr9348;kdjghkdjfghire
/v1/redirect;dukjitFR9_5puWdS4Wckev4Ph-E-DWzVerE13imhgYBSh7PT_WzQhi1Y6C4z;Asf4uVKnXvankDAy
/v_Error/redirect;HIfUQpWP8LgQOwxmCj2phD4s3sEeIT1vH-tsl_h1NODCBEqQnWz76pZZzm9P;swiYpL3w2Fiq66-F
/v1/redirect;sdfsdjhgkdjfhgkjdhfiueyr9348;kdjghkdjfghire
/v1/redirect;F3VUwz_Bd3OBn4OU-4wQu9braNaOq9BQbnsaocsKLYHNa5D2IkWqiTOraVdx;BgFN4RjuwAzKr8Li
/v_Error/redirect;4K_TUl-6zF2zDBmey9qtgZwfTND8AUAk5PPlj4LKVUajpM58v2Glk58LG0BJ;duEYXyWg891m4MDG
/v1/redirect;sdfsdjhgkdjfhgkjdhfiueyr9348;kdjghkdjfghire
/v1/redirect;2bfUuZkXuNzAd3--ntH2ssiTXZyjQ2_iQ85C_bBenKjspfgXA8_3PquupwAV;ow-fUAXQJmyEq7Vm
/v_Error/redirect;f9h8ymapc2S9ZWP_Qbxb3yOkwSa2h41uIQ4Z8Vu_8OUTo7OUrRNiPwDBC7p3;Uzo9onFMGQ0agptM
/v1/redirect;sdfsdjhgkdjfhgkjdhfiueyr9348;kdjghkdjfghire
/v1/redirect;um3-mFGNec2kCPg7N3fgYIU1lBXdI5Wiy6JOTa1QxAnf__C5agqeYavez3mK;VWAdNz1D29DrqWLe
/v_Error/redirect;K3rmqlqPxFl2tg_qx4Gle3g69P8g3tVYltXnaxJTS8dYpv1PKFYvfW2Uy_qZ;fAMRAzgPJTJN5kAH
/v1/redirect;sdfsdjhgkdjfhgkjdhfiueyr9348;kdjghkdjfghire
/v1/redirect;R8K-qRwa3QKajsUhaXFu_gLNOmxdEC62WjEY5-9H3q5aLnNSU95_6mwGV0PD;N77xRdx_vDpIM_hY
/v_Error/redirect;y0_dGIkpLmQECkazbScuVpUKlvJKEt26hniR_beBmqP63Vjd6RIbdwwjJr2n;yhe-h5p119ffaZH7
/v1/redirect;sdfsdjhgkdjfhgkjdhfiueyr9348;kdjghkdjfghire
/v1/redirect;A2MxGsYHJS32g6p_iA3Mxf35fYv6ijfekrylTUeUmGIjFH3X4T9-nFp4BBnj;YatibECBXULzdrSy
/v_Error/redirect;ulBIEB8WaQXK08eZeOdbcVDlTSf8PLMB-wdcKH5TqVf0JuW7FKkS9ZLuLCvb;HrIm323N1ZXLuBLO
/v1/redirect;sdfsdjhgkdjfhgkjdhfiueyr9348;kdjghkdjfghire
/v1/redirect;0pB7x8ZiNxLVG-7r9o2YLkgSySs0cMVValldW2E_E-LSF4kPJGT1WLreLkQ_;vGcbc83H9kMPFeFU
/v_Error/redirect;RSYPMz1d-YRsUQwXJIbp_1pJJbMIyZToxLA137d8jxoRf6JcVesp3_PjUkwx;7IHKJJ5pEgBuFLUu
/v1/redirect;sdfsdjhgkdjfhgkjdhfiueyr9348;kdjghkdjfghire
/v1/redirect;aUUVLwCoCqnB2yF5QwpZx_4zELG2AVmbQwBmar3P1CY0qlO89a-NTzz7AC_Y;6uFcGKqIAbDIRjWZ
/v_Error/redirect;Y9TeMo4VEiuAu4cGwnpnAS5Y0FbiWgyD3kTiLFDVfL4r-eZeiy8ftia9Sw_p;x8kuXN72FrlyHp5W
/v1/redirect;sdfsdjhgkdjfhgkjdhfiueyr9348;kdjghkdjfghire
/v1/redirect;ItzQz8b1z09V2pzP81fu2LkdLVd-HJS4TujR2b2cfhHTjmSjKzdiPrkmNLVJ;ADj4Rnpw9nZYHnUX
/v_Error/redirect;rjJ49HsHQbJFBtOKwjUuDHFYBqGiQy6K7v0w5uaCOnIhT7_khnPQAIpDe8Yo;QGajTDWoEo_MuK4z
/v1/redirect;sdfsdjhgkdjfhgkjdhfiueyr9348;kdjghkdjfghire
/v1/redirect;A4CTVZ5EBCxNt9onhKIm_-CUxQecmHTxbuL_SRJ-0FJCU_K1QE_TV6jxulMi;_nP1e1WU6oj0sp3l
/v_Error/redirect;NcwcK-_qUH0ppqAywxHrbzxXZQIvB_BUxDyIexJxBZ_-uFEpzkWG8DqgjKPq;kPwutIwNypcC9YJn
/v1/redirect;sdfsdjhgkdjfhgkjdhfiueyr9348;kdjghkdjfghire
/v1/redirect;cIZZjpuBZNKWOSLZp0xy0hI_YFb39P1M0QfUpJIMJ10K7fg9C6q2XzFt2Ssl;02-v-iEilf8tV09i
/v_Error/redirect;5yWbqXKJe6Dn_zRI3Ag78o9e-qI7bHcd5I7MJcm23EsiwMahINmKaiZl_vma;siWCY964rAHrhMg-
/v1/redirect;sdfsdjhgkdjfhgkjdhfiueyr9348;kdjghkdjfghire
/v1/redirect;y3n_KcZ68ZMcn9ntaLSs6rrfK12krJSiN9iMTov0v770W40csNPnZix_a5DO;hNgyBdeC88Zdb11l
/v_Error/redirect;CpFgunimoRf7l6A6aM07PahVEE2SWBQsuaGLU-P9FYDhOvrUQ5SkBvZKtUCw;4Awl2KR2IlqLV4ol
/v1/redirect;sdfsdjhgkdjfhgkjdhfiueyr9348;kdjghkdjfghire
/v1/redirect;DeGE04FRk1b4kQWYZPdrT5WgLhvav0MDPKQxlesk5n4_kK-dh9j8X76u0h0C;L7feYIGONqExDMnI
/v_Error/redirect;A9jSXBWiuL0v38YNKc9CCZGPR55EbtgpQqHCwaDVVkmjc7nB0zvz7nAvIwt-;Vl_bFCa43Faj6PbE
/v1/redirect;sdfsdjhgkdjfhgkjdhfiueyr9348;kdjghkdjfghire
/v1/redirect;mvUYYT3C9nrX4gAp64P3nHpGfFwvWG7jvHC7ixigjhvwa3p54A2wpTiY2p97;1Ge77MadEiBLtZ9_
/v_Error/redirect;wDVip5Td2VdiPWzXBAIkyjUaituhT4hO5Z_bYMH_4jt5HolzBZus3ZP-3Wcg;qs4n8LNERBuro9jS
/v1/redirect;sdfsdjhgkdjfhgkjdhfiueyr9348;kdjghkdjfghire
/v1/redirect;5RotQbbE94LKdQ7aEjGT8_FvGsH4he411lAgcErEdnzkLRH4lM2skpNwv5GE;EhWlkkKodOfzb9O3
/v_Error/redirect;n2hqHu3oHa__FHJeTjmn_lVC8E8_injGTpKdjjBL-LEaK2QPH77_0UumM2M2;USSjJHCTImCt2fx1
/v1/redirect;sdfsdjhgkdjfhgkjdhfiueyr9348;kdjghkdjfghire
/v1/redirect;7jmtY5PziHS5DQhIW1p6FN_TSNBgaDMpZS0DTpvsJqlMfEUp62zWqfbr4r7T;IohJIu_VoG8zetrN
/v_Error/redirect;ByeJEtebRlbv6Tbw5HJ3ks9VG954IYPgUFv40l6VZ6jtAXN45hx89SWvUtNj;61goV6dSMFVa_ofz
/v1/redirect;sdfsdjhgkdjfhgkjdhfiueyr9348;kdjghkdjfghire
/v1/redirect;dceMahZNhcYnKfYRboOjSwZ4cv3wuWQdIl4MhMIg0huRcAwKN773Mk3q-A3E;7_e5Fx-yQjFtlZGH
/v_Error/redirect;M461dDyepQ1vUlp8-AnQmhohr7LY6JEOKnEPuKTsbjhBrEC-M7P8bP8J0_L1;VcwxjkZ4aVc66hVI
/v1/redirect;sdfsdjhgkdjfhgkjdhfiueyr9348;kdjghkdjfghire
/v1/redirect;nmWGZegzGK06bjt4_-6rcKOdyFB799VXnUEblei8B1NwlFAIyacdeZ5qw8Da;bsaKM3fPAPBgqBRz
/v_Error/redirect;QSPxkMQUVaFFgJp2EG9mZc7pr3besrHYzRX95tx4Wp6pCAVxEI03YXG58d5g;fz-cIql4258UpWoL
/v1/redirect;sdfsdjhgkdjfhgkjdhfiueyr9348;kdjghkdjfghire
/v1/redirect;3tctAMYdiVoMaBL7kGz6qHuIiup4Sv3_5Tk8N39ywoyJlbFKP2MqmEQ8MX9H;wAasff-RF8WWIR6a
/v_Error/redirect;zDN0I9VmE39OTbSKqYSQmSPgKGT1-ht4BgX717aKx0O8cU-irr2O1PNAV-Ve;ZSL3HVR_LrcNpwZp
/v1/redirect;sdfsdjhgkdjfhgkjdhfiueyr9348;kdjghkdjfghire
/v1/redirect;zJUU42ZPXwis1XAt2aJzgyUSUL9VNdDdC0rrQ8GYwBRPdnV3cn7wbbwDyiQK;nt6-Bliep-WhuTUN
/v_Error/redirect;Ro_V_lh92Fw_rWY2LxzHNLqOeDKswAHFvQKlUdpIYDDmaiOuUMC4Urgse-0s;AK5MZW88--z5xj9-
/v1/redirect;sdfsdjhgkdjfhgkjdhfiueyr9348;kdjghkdjfghire
/v1/redirect;fHUBlOfnsdPpWxdTJFYAWiN4xJTwCkGnI7TqpTABzT0eEMubsyLllLj6QZAn;2QI0vrQVixbF2Lce
/v_Error/redirect;gbf-kZpeY79cefBhhtL1PF9m1UaDfrR0CMXEV50-froRyu16hUCEXKW51C6Y;KnvKhCwZ9EGqOzPm
/v1/redirect;sdfsdjhgkdjfhgkjdhfiueyr9348;kdjghkdjfghire
/v1/redirect;5quHuZ_hLe-ULFse6uaYKxv-AHBVY_laCvJekcFXEbR8Ro0xdmMH-xUrNSy4;93uSQMRuEgzPV6mk
/v_Error/redirect;qP0dHyn7FLGq5fvlJTZaP-fRGeL3yj6uDb9lqRwJjCPdn_xt7OOgfsly3lfs;y-3A5wFWDHx_9BoL
/v1/redirect;sdfsdjhgkdjfhgkjdhfiueyr9348;kdjghkdjfghire
/v1/redirect;8R3AmQqdfV2uwv_BvdxnSbbV_QRo5gdseT11ybkSp2UyAqJ9Q4dvDEoI_0K2;BD4ZtONylIw4DaVd
/v_Error/redirect;8oxmktrxdDz3gYNDQRyj750H3_qf6XMYyFYMmCPrUGamStB4o07HxrihDBlL;tVDEuPx73jbAmHOj
/v1/redirect;sdfsdjhgkdjfhgkjdhfiueyr9348;kdjghkdjfghire
/v1/redirect;ICqu3__j0K5lhPEIdm3k0cDa7kbUdc03gLiWPmnJuNAf1tBXN6TK4S3_LWWb;opsc1zXDYMUlvel4
/v_Error/redirect;ezz_0s7cSCC04HW6iI3LgaFyEp0hTCLS4-qu5yeBaRHVTJed8MwahC7VDgEF;ojjk35kdPb3rbIYe
/v1/redirect;sdfsdjhgkdjfhgkjdhfiueyr9348;kdjghkdjfghire
/v1/redirect;9C6P7jWn7R_xnYJxDlyBnqqoWTiwg79dbgApDeF2iBYwm-DG5r1JHq_DGcpl;jDKodwZlQ8D0lk75
/v_Error/redirect;DKN1wzVIbzNMKzrVpESDwcx0FFqoAyDIwNsEv20HS8D449uYWV281Wo16TcT;LPsP0nxjGl3eLq7p
/v1/redirect;sdfsdjhgkdjfhgkjdhfiueyr9348;kdjghkdjfghire
/v1/redirect;Y1tiqvD_T1AuCoNousx2FejpU-mi1YJ6cpwR6mVQIkYOEQWfBOwtOeLrjghe;8vVz8KF-kZFswjXY
/v_Error/redirect;4yqggh9bgcN9TGk1Zw8GafVt9K5isRQvNiw4NsxlcCzav9vxQ8WcRGVU4aMO;RfyVweT7AioRiPNy
/v1/redirect;sdfsdjhgkdjfhgkjdhfiueyr9348;kdjghkdjfghire
/v1/redirect;Am4NIFER7SCocby6tcPlFo3eTAXOEYLshaZ03y84u6clQ3S_BIsxP_PiUe-U;IsCOJixYfwr6w1WR
/v_Error/redirect;2qSNlt16Ah6iw6n4bHWCfMjeUkH9Ui4ldvcOfkrFrGEgqPilBbdyCCwc6Qys;7qxc2apobywk5ZZ5
/v1/redirect;sdfsdjhgkdjfhgkjdhfiueyr9348;kdjghkdjfghire
/v1/redirect;A2QCiH2_R9zDoVU39n-s02NpN0x5LKjhVjzrzFEWvrwWNTPoJ8HFOVNsE1Xx;aTd0U4RVqtt7u2L9
/v_Error/redirect;u-ahKGKNRAmUHHEMoCULkpARGzdRUflXG7mXIc5WeJmRM1lmZP3cI3P_tQgQ;AN8p2Vw39_qmzUkS
/v1/redirect;sdfsdjhgkdjfhgkjdhfiueyr9348;kdjghkdjfghire
/v1/redirect;XnAKfBdk4zJdJcfUg-dUTeec-97bx6nSmfh9_ffvpgim_-uxc9YXxBdVpmX0;iTW4epCTTnURgMbq
/v_Error/redirect;XdHs5PWGl8YEM3OImpsBdhZTD5dTj1pjngHBOA7ySHhULlnrTVPtb0Vg14ke;tCl5n5Z0okiIIo_7
/v1/redirect;sdfsdjhgkdjfhgkjdhfiueyr9348;kdjghkdjfghire
/v1/redirect;-Nc8dEEx7y2GL_J45x-eOES69jJcZ65vQKXCKS_8uUnntW8Gb80DIQDPq9kY;rWci_XCPlwXKC9kV
/v_Error/redirect;9zY8kuKPxQqEb4kjjpW4nidROEaojGkSk6dMwqLAk0Fld38B6lgIPfNrl6LR;bX2EvJXdNwjZqEUB
/v1/redirect;sdfsdjhgkdjfhgkjdhfiueyr9348;kdjghkdjfghire
/v1/redirect;1RvYfhzjvtpBHN5R9-92z59iXrvb6LHIgEHbrpwcyuqF2IOz0pfE5WoZSvyC;Jp758L7pYbYllv7b
/v_Error/redirect;R5iR9vYqfL76Mrdo2A8tAnJ73xxOUHCwH94GCygzsrtlZouhceO8vduMA9ls;nXwxyTXSW7jDe6OL
/v1/redirect;sdfsdjhgkdjfhgkjdhfiueyr9348;kdjghkdjfghire
/v1/redirect;3kZ17uWlqJGvV0SGdfqma-QwmSIxBR6h_mDDPDklFvRhj2kXjrYZSZ1leIs1;Y1p9o46aYsWnJO51
/v_Error/redirect;18woXonkNOsySwaTOzZHNVzIqrcBFOg41JFm-o1q2G050jzc2rnUeSNP4HlO;P20AuehC_iAqkyGO
/v1/redirect;sdfsdjhgkdjfhgkjdhfiueyr9348;kdjghkdjfghire
/v1/redirect;xwNYcqCEG5uNVKIYgxdPozS4zQf9mMIzKONa0xQRf8XfzbvndXiRxWa5Q4vU;tteIxUNMftan3ThI
/v_Error/redirect;-LbgBdUf5nXE_6YNp93o0KSuboCKMpFxiYT48vwXzm4jTnTixEY7LWqtpEPP;45c9NPbPgzU2O0V_
/v1/redirect;sdfsdjhgkdjfhgkjdhfiueyr9348;kdjghkdjfghire
/v1/redirect;BfRgrC0A555Pv3oOJMLJTzUw3P4260XzYMcyBtKnfqmLnAwZPJ7y8rtgE6ti;C_uKfJ-etkwEimpX
/v_Error/redirect;9N6yQdNpUfOzTF11-HEobbHDTvtx2An6et16sxzIWW29-inVEfbOX0kIJbTW;ATUGFeSz6U9kvR5G
/v1/redirect;sdfsdjhgkdjfhgkjdhfiueyr9348;kdjghkdjfghire
/v1/redirect;wguU-IZsFPHnyYltL0HtUjQ3yfoH88Htaom-EFfWyjDt6a3HHaepd8pYdC4e;wq9Qh6jWCzv_NPQY
/v_Error/redirect;RWsS-h_syx4WAXcg8_TibB5dQ_SAdHAaNT5xN6nsgvha7dLA0PWIyjJ3I0ol;hP0gR4XlWU_d5AnS
/v1/redirect;sdfsdjhgkdjfhgkjdhfiueyr9348;kdjghkdjfghire
/v1/redirect;d6QUUzo2cDjPw6Es-TnWUKMnpRtczHkQ3F7fk3ejXf9ogUgL8yoO250x32Z_;m-OxtUzyO4eg7z-e
/v_Error/redirect;lAImgbZPq23Hs1z30Ha6Q9hAd8NEySFUpKZ_lZE9mvJ7Q8XUqzUcYzVZzQui;AAPM-ceYLpFToJWB
/v1/redirect;sdfsdjhgkdjfhgkjdhfiueyr9348;kdjghkdjfghire
/v1/redirect;xRgayORjR6Trf2LCZRr5Cce41EyPJ2dSzaBl7Zo8hfK2CKdzXvgrk_pp3dN4;17mrnJAe6v4f2Jgv
/v_Error/redirect;fFoVgWNUv8GxFlYS7s6fSLEWzHVw6X0ipMrqHgUkTxSNw3wcr6PCx3Wm8I1Y;Ri4NlED-JbyEfa-A
/v1/redirect;sdfsdjhgkdjfhgkjdhfiueyr9348;kdjghkdjfghire
/v1/redirect;MTkmbO1e_vwREyjDgIoDoUdey7jhzvFJdds0Xlg5Qa9mXoGETKQQ4hbQu4xO;lbVrMUP73IJdHza5
/v_Error/redirect;cDTIrfSPxjVjPQCDmC8vr0yVVRPE730zshTylyGn4Imvnx8Vf4MwVZRZFxao;WwLwd-C-TKyLqDHL
/v1/redirect;sdfsdjhgkdjfhgkjdhfiueyr9348;kdjghkdjfghire
/v1/redirect;RcjKQbDZp_KRKb5vb4iBibXTziL0ZE5ajdP6TgNCiaJcpBcKYgIAG6aOgdiX;HZyWLBHthLd-pfnW
/v_Error/redirect;-OfwK10oCvg-BgxohOAIF1-ZCoFqPlLyPx_KWbQ6bO687z91UEKLIMzDuGI7;CgLX-gKnA5x0oT9G
/v1/redirect;sdfsdjhgkdjfhgkjdhfiueyr9348;kdjghkdjfghire
/v1/redirect;yyabeip5IA8-N0_1v6QPp2r_iZ-J6Hqg1noOjvh3wlknJQ76mvyAoQDmR3uH;K87kiB2FAc30gbYa
/v_Error/redirect;xt68VpAVGM4VinlkBClACzG9E8jx_MfcNPttorYcg8tUNPlY2PMgmabg90e3;sr0lUp75Oh_eAtKa
/v1/redirect;sdfsdjhgkdjfhgkjdhfiueyr9348;kdjghkdjfghire
/v1/redirect;DfhyVxwnt3vet1UmMl1wGbrRtq_FrfX0PiEawaRSF_yZ9RWBN0ZNeuWXhksC;In4rStoQwe6bh1om
/v_Error/redirect;neunAucNk3PNQHPP1Is9kdcEbCTJUSJJdQRYbvFCDO3n7Z9z3ti7bodnmq5A;n0VIvdWp2skq0cyz
/v1/redirect;sdfsdjhgkdjfhgkjdhfiueyr9348;kdjghkdjfghire
/v1/redirect;27t6Ws5WWNiIHUSEqSytSM4PzyZQQ0eqWH8Vcy9oZ5tp97mh9PAB8yc1V9jD;BkKOhHvvU_mo27AJ
/v_Error/redirect;a51uRz_E_rhM84fgT6T_OzmKymictWQHp9dyKumZfNoaOerU6796rVzlOdqm;kI9UQX_UhT4mwQ1N
/v1/redirect;sdfsdjhgkdjfhgkjdhfiueyr9348;kdjghkdjfghire
/v1/redirect;LsEkiYUPi3qvC0DUNjGscQrELO6QlB73GVIyGiSm6NGCHvqcDeh0AizZJNeB;v6AAMXC8xQsNX8Sp
/v_Error/redirect;Lk563TvyIjtom6v2PKruyGP_lJFeGbrTOg8rrn4EOKlS5in01Xz-PTLJT87_;OuMTQllkhECLgwK9
/v1/redirect;sdfsdjhgkdjfhgkjdhfiueyr9348;kdjghkdjfghire
/v1/redirect;ZRYrL7_0ovFtFG7b3iyfLVBxiA_UR9FIKjD8V30zWmG3sMNK9nPMlSTFowgb;28jMmmDKFqHsqLoC
/v_Error/redirect;izpLZTZ4U9qX1fh4UnpsrPiv85l2m_QRP-bWeZ4OcpSM5H-J87KL52p2h4xB;sEZX5LZo9uTnAesa
/v1/redirect;sdfsdjhgkdjfhgkjdhfiueyr9348;kdjghkdjfghire
/v1/redirect;Ycn_5YLXTTK7_3ZxzheglByUI4r7XBpjoGMgIiw3z4VRZ2LEh-0ooW4t09n6;3JkqDkMQUKXQZhPo
/v_Error/redirect;_ItPy7Ri9nLZiXgl3tjjroxmUHhIk4FxQ45xOnNprbTaeq35r4a8kSL4Amf2;y_VQiQd0pcNUHDbS
/v1/redirect;sdfsdjhgkdjfhgkjdhfiueyr9348;kdjghkdjfghire
/v1/redirect;VgeOttCacoRUdwqXgShVohZykVwHh_OVETfgWAcy5sljb_rdVKceViikIm8N;xRKmAONw3KdE-mdg
/v_Error/redirect;VlgkMuw_fQfdueHGysRbYGhHkbZOJbpu7kgBm1Y3r77NQ1mC_LOciUdbVcUK;RFnZ3-h_MT2zjidJ
/v1/redirect;sdfsdjhgkdjfhgkjdhfiueyr9348;kdjghkdjfghire
/v1/redirect;Busf2X5Xi-MDYEl-8VN4_KHidknDzTbS4p5uawdTxdFx9hi3fGFtiIVNySUh;jwxBC2_-3VQesOtC
/v_Error/redirect;TROhNlnTGe9hRbrbMJKZBHbEPR_7Iw-dHX60qDPumps5fX2PUoWRgwmzYf50;ELdvgn5Hm_qp1pYx
/v1/redirect;sdfsdjhgkdjfhgkjdhfiueyr9348;kdjghkdjfghire
/v1/redirect;scmjCMDtGE7KPCylMgz-ki9o1dTVuq5tXSNpTIQFfdvb5Usl8Uzoxd3rpp1J;MVAq2NOznNkiAAGR
/v_Error/redirect;cgLIxXJbqaTL4BsOEJyH0GQPlbrAX-DOPLASBtGFT41kduJycaasjSBfGMfj;4AnXiTQrfFHPyABD
/v1/redirect;sdfsdjhgkdjfhgkjdhfiueyr9348;kdjghkdjfghire
/v1/redirect;toDsHwJBPsgVZsZ0oMuOfAYHEf81aDgtvtqPFLYB4SP6voNbN0vb2fighlTw;oGleCZ-RWuxTZe5p
/v_Error/redirect;sFQTQdddXhurmZ7VpSXKFD2tlFX97v42mer9TfzWBQNp2wnrMlbKD7uTOZcS;GDvHa9GQpCLwBPfX
/v1/redirect;sdfsdjhgkdjfhgkjdhfiueyr9348;kdjghkdjfghire
/v1/redirect;Fq124KajW7adUEMRNJrEoGv-ghNBRHWRG92ah0LgTnJtFiYWtxCuYANAHg7C;vRd0NIuuz9LiTY67
/v_Error/redirect;ABAQlzzhnfuHf6p42wmBa8oKf7l8_s24j_M-oyg9nYt8-9qZ_j_dgrDdj-Uc;j98CgHHnseGHKwqr
/v1/redirect;sdfsdjhgkdjfhgkjdhfiueyr9348;kdjghkdjfghire
/v1/redirect;xP28prwL49Q5MmPI5qC-vq5l4c4_g4Essc3BMqmz_vnC-GEi1o0xSFnMkB4a;39QiLfyU7s9WaodU
/v_Error/redirect;0HU75ck2xoh_5MxJjQzSLuN_nlEkp8FnbVBQeCxC77OGas3EhPZt0MrrPMKu;Sr66rK04vamZgt0u
/v1/redirect;sdfsdjhgkdjfhgkjdhfiueyr9348;kdjghkdjfghire
/v1/redirect;7VZ5aDRPbJ3PVZFK4c5zo1okodj8M8bQSfiFBsiIWRDkSvwVgpnsiJdp8JZ9;DxiQVqYZyN4l6tOm
/v_Error/redirect;Ei9AlrlxoBBb7M1RpNZ-9gIyXR0Fnf2qXOcA1NXk6z43mE57LRFjp5s-lgmj;tCqZNzEXd2iK83TR
/v1/redirect;sdfsdjhgkdjfhgkjdhfiueyr9348;kdjghkdjfghire
/v1/redirect;lybFBksNgpfG2Ooaj99DYAw0QKf_7-_1DGUb4gtMzVp365idn76E6xeYnSEv;bEzwpTntXGqoG76Z
/v_Error/redirect;-PxBBkRE-MmqsKPUwBJ3nQ3x08cH53yQbd-_kR2tba9Xr9bfOhYdGyU0kA_5;fkEfs7Jo5gAFLjyI
/v1/redirect;sdfsdjhgkdjfhgkjdhfiueyr9348;kdjghkdjfghire
/v1/redirect;fFa5u9aHy6HuntlvCRFA4ilF7BkAN2nkB0fkGUEo4VsezPo8kJhICOOs64Mf;r3EkA_eXMvTPWFCT
/v_Error/redirect;V-DxkLvKq2gyXOmivSY949XJJNvxv9XSSW2j5s5rTchLqxA53SJ0Qd6JXKbr;TEU6wQZt4G2cGvGd
/v1/redirect;sdfsdjhgkdjfhgkjdhfiueyr9348;kdjghkdjfghire
/v1/redirect;dE_P4D3ZHprhwOteAiprrGueQFm0zGOhr-1jbve4mwRdngW8NTjZELPR9Bes;YanIOPWgFXbJvL0s
/v_Error/redirect;WSGX6Sl-Q6Qf5QRPvoz7llO_E_Z18R5SMPzTEmli-Cz-MK4Wt0aTABo1sKjq;DZGbf9vZJHuAvHvs
/v1/redirect;sdfsdjhgkdjfhgkjdhfiueyr9348;kdjghkdjfghire
/v1/redirect;ezwNLYklAmrOSwoxawh30HOSzCHdlizFjtNfK-3oqCBVeSsTZJLAwsit1Wcx;ff4oTwcGTRZSrjnj
/v_Error/redirect;HoBFjqcrh45C9KJPrDBslOhh7NbHvJkmxSo316O_NxqvoqcA79ilLrwi868Z;_ZS9HJiyPZf4gju8
/v1/redirect;sdfsdjhgkdjfhgkjdhfiueyr9348;kdjghkdjfghire
/v1/redirect;1XPTYYzQGaUTghrUN9FHPDPkWIynTtoTRZs68t53J3nK7_ozSAD7JRx53u_j;IayYHq3qXnx4w4i0
/v_Error/redirect;feCd1vFLbWdpfHo25Y2HfUMJAlM7qF1flGMz1z3qo8kR5qYCzQXNMdLZEDVL;HLFFGQ0XtZNgUyKU
/v1/redirect;sdfsdjhgkdjfhgkjdhfiueyr9348;kdjghkdjfghire
/v1/redirect;SLUMiMfxdxXG5shwNc29GeU4mqIhKIJoA2vmoGga8q9AFJBgt7XgftmqFToe;D69aghxkjBhMhjOK
/v_Error/redirect;K2OpJyCSwi9hrCleYAuCZmyXUNx9ERVyEknZ4LfayZH3aN8P2gHeD4jBcYC7;GoJsCDF6veH8mz0g
/v1/redirect;sdfsdjhgkdjfhgkjdhfiueyr9348;kdjghkdjfghire
/v1/redirect;I6f5djyEt7r86bDFDdrchJaj_AWVXYXlKNcelobY5RZrAYZ5PEUVq2A-Hhrw;7yVBj_khSU2Gn2yu
/v_Error/redirect;w1zGzLShQqX-UFes5JzGJiTJGYbXadgiPIJoCkinHTKUlf3CdEHletl_qAkw;OXJG_7m3WmltcMoJ
/v1/redirect;sdfsdjhgkdjfhgkjdhfiueyr9348;kdjghkdjfghire
/v1/redirect;_WbtDd3KwJzeR0zwZDGg3oDFMUoqcjY3xuZytosAHMkGtN758jFDrcy62F6J;BPkGGvNLb-Sjm_24
/v_Error/redirect;B1enlJkLyco_WYuWYjrEnZyocPG0new1XRGGWAvKr3AprudALNDjvhRiOBb5;HEQGIPrrG7flFo2P
/v1/redirect;sdfsdjhgkdjfhgkjdhfiueyr9348;kdjghkdjfghire
/v1/redirect;R3HNaHLm7sWeul_SFQzw1FdZBHoI1RMMOEEXDuZHZmOz0HwkM6HiDuFL_KSa;VRs3neYSLiymMSjh
/v_Error/redirect;B6UQ6PTPFQcDp8kdEWmshpun16HNcaqmCG6wIeW83tzfe06HWKDoIxAu4TMe;JqFDM8QNSlgP6gNW
/v1/redirect;sdfsdjhgkdjfhgkjdhfiueyr9348;kdjghkdjfghire
/v1/redirect;vR-YO66ihbbK8Jdh0Z-atSlC_OozRFQjCfJumCITIVle-3wjUN7VdjUWOnJZ;tcvxG74diKOzQZH5
/v_Error/redirect;YnZOxpX-CFvgq1Ttsv52hK_u7_keYkgCS6kCwWThci63gknM_U4iiyvWj2b7;7rqEgvPeR3l21w0t
/v1/redirect;sdfsdjhgkdjfhgkjdhfiueyr9348;kdjghkdjfghire
/v1/redirect;hTd8J7TtxDxm_vbNruhlh1tEuYjsHHkjRQigFu_opOubXU-kkNH3Nu-zN-uq;gVluVIJVIj360Uvk
/v_Error/redirect;Usz-Tw4LDZd9Ce4OKn4fW4OOVvOr2tSs7Wy0dZGVAPjPoHn1_hGP7OjmfD9l;JYu7nG_Olb-fW6WA
/v1/redirect;sdfsdjhgkdjfhgkjdhfiueyr9348;kdjghkdjfghire
/v1/redirect;iGnizywop8WqTykqM_nDhGQABWCwMCY7vtnptOi9vBNGSjoH6VePSRLAmVs6;Kl-TkZOYrERsQwcg
/v_Error/redirect;8GL62EAWuxQMG0DRdnUZhumDrwDpK0UtveHl8jczt-Pae4DNadGUGGWErWf2;1LFIUeVX2vGwZ5uN
/v1/redirect;sdfsdjhgkdjfhgkjdhfiueyr9348;kdjghkdjfghire
/v1/redirect;7PayotM495vyFGqPBrJHAO0DlOloVnguKuYoU-b58oqb3rvmKtQQwfSUnckm;IMww42akWhT2Sw29
/v_Error/redirect;sKSUZORl1XRfyKgPDS9USQGk4rp5sKECvhpTJiiI2JJlUu-NlPg3iQTN82B-;1j4sdqIDTIzDuRqi
/v1/redirect;sdfsdjhgkdjfhgkjdhfiueyr9348;kdjghkdjfghire
/v1/redirect;gKK13HHtcU-Ww_GEmhCZiQecOOks7yK98g1TeYElLO-wDDVB_hWdHXmpIFGj;40cqMm4fJT-eOBZI
/v_Error/redirect;SGpTkUGCq9TciYxeHC1D9QWinYr6IOc8e1qSP16ZqzZCw5L88a3dPzu7yKSh;TLqM0HgzwBPaG8uO
/v1/redirect;sdfsdjhgkdjfhgkjdhfiueyr9348;kdjghkdjfghire
/v1/redirect;iyg4vaNqcZn_ArwI9R9VwIIpNtRQlR8U7pZi_IW6RX8eYEkjVgEjzP_XH-SL;-j6p1yIPl65gVamQ
/v_Error/redirect;9Vg3Qnp2MJRARsxD_ABO09KrVvqVx7VcDYs6DZA6DUfgv09cZMElot04SjBJ;ZQMTWmeYQSd5dgxb
/v1/redirect;sdfsdjhgkdjfhgkjdhfiueyr9348;kdjghkdjfghire
/v1/redirect;-jz6MwNTXAbH98E8pEtJ70tzoUUlDACZFcmLVWAvFdT6_aU6pcDycW88qPIB;5h6A0nateADUNTN3
/v_Error/redirect;1PbGcaGn-AIe49hzAT1fESelF9BcUcKoHwD4w43msDm_fFKEFaAfEhwQh4MI;YqmisJ27O52-mlA1
/v1/redirect;sdfsdjhgkdjfhgkjdhfiueyr9348;kdjghkdjfghire
/v1/redirect;Cj09_DMA7lmkMqFCP0cQVWmzwJqpVUFBmkrwSzJm5UavBOt6912l50Yk1LlE;BpZ5gjGyzfs3-jbR
/v_Error/redirect;pG_1NGTmRLb-seSMv5LKOAgJBYEkH97XKiUc_LBDyqrjekAjvpcE57BfdSLM;1jR9gF4R2FvIov1q
/v1/redirect;sdfsdjhgkdjfhgkjdhfiueyr9348;kdjghkdjfghire
/v1/redirect;CoK1WM8xcVwsg-AERmDBR_PiIw3s8HXRg4XeG17j5-kN0LJvXRRPaEjvY3qT;9upyAkihiBEBMSos
/v_Error/redirect;APMWsppCRqdKityFfeX7KzhdVT8-lcjn2SkE7QxB0HjGxSaA1yo1Bhv775u-;QG_GVMZfWbrhCRD9
/v1/redirect;sdfsdjhgkdjfhgkjdhfiueyr9348;kdjghkdjfghire
/v1/redirect;2skWKL0v_WVQzFbBb0Mggt0SVBVcNWfSfhrA31H_GDpvpqty9tAyWXKbHTYi;EAuTpfOYnF4dWDUf
/v_Error/redirect;XDRx2t2-PP2hsbM8KiEl2GK8jaVJqHqFLAg6D3ecyDzNfZXwJh9ImI3Ve3zN;tvdIBVNaYg97NAXD
/v1/redirect;sdfsdjhgkdjfhgkjdhfiueyr9348;kdjghkdjfghire
/v1/redirect;e3yQya70RXkPKNGQ9aUjbf-ZPb_hVDnNypZ9ar6lIx_Zj6F6QrGtFRv-PHbe;aeERhb305pGjsVkd
/v_Error/redirect;bpIEQLKGrjGmOhITU9PY6TlezNxDt775Nhlo1H4PY9osxIWQOpiWksmhdeMy;pR-BZtFD1YNjkl8c
/v1/redirect;sdfsdjhgkdjfhgkjdhfiueyr9348;kdjghkdjfghire
/v1/redirect;jFjnM6GWi8kVfFUb3HVytfooGO4MZJDd90GLxMinVv9a_lWtiMl9_1TB_wOh;JciF3vMTS-17dY7O
/v_Error/redirect;j3bYSivyUvvzQ8K7ojrzAGmQ8LTg_lrTimq2IXdLnKvMMwbCsbll6PmOuPZX;DrKbj-pr8l2zwRP5
/v1/redirect;sdfsdjhgkdjfhgkjdhfiueyr9348;kdjghkdjfghire
/v1/redirect;kdQMM1GGOsBX-cKpnZ7EEUSxNQZMvtkC59ESKkIU16NIZn_rf6o6ZW0c7aOd;1NquD-LVpU0Ryilj
/v_Error/redirect;06lwsghJpYLLkES6Qv_T3ZhD56n-PPYZ9mBQCuh07peIod2D9KZ0u00obel_;jK9PuJKLioAhJFMe
/v1/redirect;sdfsdjhgkdjfhgkjdhfiueyr9348;kdjghkdjfghire
/v1/redirect;7AtOEnoadsKZEDWaGqXGegGRr4fTnsFTTPlzYDKz_ZdcGV44BwHbPLepvZus;P891CZpy7VDs6e-j
/v_Error/redirect;ZI6Snr2G0P36J7dSz6NtIpmVkf0kL1uyKl72suqYqvrnia3jY7stbsZRHwXc;txS7ALdLlUQezc6_
/v1/redirect;sdfsdjhgkdjfhgkjdhfiueyr9348;kdjghkdjfghire
/v1/redirect;hFNhzsS-2TQSTvnlBIcZrB4F6kPK_zTfniam-qm1cO0AHzao2Xjs5lwd7DoX;sGjXrvzb8gsxVn8Z
/v_Error/redirect;Sif-wB4g-6QR2l3xA_ARfg-AtEDGbef5xC9UZQXJkr_VAD_VCMn6reYFXSvG;rTVLCWxZA_KPdAsF
/v1/redirect;sdfsdjhgkdjfhgkjdhfiueyr9348;kdjghkdjfghire
/v1/redirect;NRpMeCn2KJIFj9R_nrfBomo1K8gVW2Dzqtg7c5tfGqK2JH0J_KEz7EgnH40B;_zz52riT5_DABHOW
/v_Error/redirect;OqTCCoIdbIeQWbr8oWLeTebwyDHNdsf7QbDddCNkfnSeYuKxM9te2YJhYPRN;uq5VARUj-Nxtrytr
/v1/redirect;sdfsdjhgkdjfhgkjdhfiueyr9348;kdjghkdjfghire
/v1/redirect;CoYEcpWO1eJ7rSaxgvJPn8lx63lF6enQrJnIfgWVXSxSZxhp8ya7B5EJFiD1;IE3G3jEQwIicjr-d
/v_Error/redirect;hmSQ8XJB9YbQ6Ov7NSzezAy8213ITteWmdxdqxFgShHoEMG9dQtJ9ENvwYOW;nhUhs82GgFobjqws
/v1/redirect;sdfsdjhgkdjfhgkjdhfiueyr9348;kdjghkdjfghire
/v1/redirect;HzzWTlfwGAkww7lT-fENZb0Y4x3OLVPH0CfGJS1nMxdWrArUSQc6VP4w3og1;W-pqiaFLYiGTHSM7
/v_Error/redirect;KxwMVLfYuRb_uiCYq_YOFv2rZnSGYcZK2uXnYU5clWDFVtnAnJ_FK-IMNwUg;GgWjPXQ48JGUaLL9
/v1/redirect;sdfsdjhgkdjfhgkjdhfiueyr9348;kdjghkdjfghire
/v1/redirect;1qf6Rw3wgsnRndfykp8z1TLW1eIRVOgf5DFShyigEXiZxZvI8Bl-w0znTZQB;ib_XC8Ut9-5xqVFY
/v_Error/redirect;ScZs5816EgYCixZCAfhj8YdBReVeBx-Kl-ykwiWMbxCOaBXb9g1G01JtmMM3;U9fMNycSceLx_qwj
/v1/redirect;sdfsdjhgkdjfhgkjdhfiueyr9348;kdjghkdjfghire
/v1/redirect;wiVgkonob0soWKftudkKFaWmMLk_1Oss5dg8I1LNBrLoq44tlKxRTPdHuKo3;_gq2bqwk3WvPacXu
/v_Error/redirect;lpg76GhKy9i4HHllqqG9KInwhxdF3oWDHgU-aIid0i2r8M8F-Ymm74g5GVSy;UwHF3Vk5wmO5mVJx
/v1/redirect;sdfsdjhgkdjfhgkjdhfiueyr9348;kdjghkdjfghire
/v1/redirect;V6717HMD_OWXS5PQ1ZeH6HHklozxTQ9ro5Ww8rrMoP84_9RZ6JPbLoxAFkuz;PsbtsVdNle1OVq_m
/v_Error/redirect;Uub8ivMFFqbjlv5DguAxJGBQSYLsQ0JIdob66Iewqo9EdcN5LA3hmoTNXJz6;MhkYnjRP_UwlErJr
/v1/redirect;sdfsdjhgkdjfhgkjdhfiueyr9348;kdjghkdjfghire
/v1/redirect;oFzQR6uxb6lSDtEp2y5NaxinGb8XBtcFOL3olH7l828mJQsBrmE7DXRU5ARu;jn3XNgag0TijbLkW
/v_Error/redirect;rDyx8gviH-BuiEGu0CEfbgQwGRwef_l0QPEl9ZhytheYav7JanUw-2_mKFlI;DW615hTV-T8rgyBp
/v1/redirect;sdfsdjhgkdjfhgkjdhfiueyr9348;kdjghkdjfghire
/v1/redirect;NVS-qM1RNqC_mGuoT-xTHqxOrLCvZ1Q5MoFKrLKVjpA_4IZPTaYhYgVRGMDC;YNdeQYd59PbZ-oae
/v_Error/redirect;IMR2Rm9SMLyxiZI9rvzJdAN0lKppCT0u3feGt9FRxDIMT0p2B-F5EJVSznVc;_BCbxt5Wqpgdu5jC
/v1/redirect;sdfsdjhgkdjfhgkjdhfiueyr9348;kdjghkdjfghire
/v1/redirect;ls7COyD47mct1mr_bH20ehoE6E487RuofvRT8N85xGD5IMTOVDOFM6f8BHeu;5gACbMrNs7M0P2OO
/v_Error/redirect;zuaXGFVgejPpWeP10Rzg9XFKXhfAZxfQmqCQpSfWzluGDH7IRSbqGLqBMMau;WFeYbmTKFyz4yKC4
/v1/redirect;sdfsdjhgkdjfhgkjdhfiueyr9348;kdjghkdjfghire
/v1/redirect;eUeUAwwP9h7ctRnDlW2bP4S9oUIemnXIyyoAbyJc2zAVAo-pwWsxKdVArYic;-XTNEfXsIanX3NbE
/v_Error/redirect;gU-nFSiwgdSqOLSzmy_S7lFZjE0i3n2awrYCQRDcO1SvkTJsNr4uw6FzUMHW;P65ucBoDIJjbtY3b
/v1/redirect;sdfsdjhgkdjfhgkjdhfiueyr9348;kdjghkdjfghire
/v1/redirect;D_P_vmwZJmSzpKCWTUqsh9ZhWMYSXfqV2mQEdGClKxvL5_Ko_5Mmt2eYz_mN;NvPjdVzR88iY7pd7
/v_Error/redirect;nah18C32AmspG8viIVUrmNeg9SNQv9RdkLmbRllfvkbrxX_OcOO-uh-KJQzK;ytnuNfyyvFAH0ADs
/v1/redirect;sdfsdjhgkdjfhgkjdhfiueyr9348;kdjghkdjfghire
/v1/redirect;Hgp5BL7R39XqCANNUOrDPdpL-bj10EfmwTQuOOiTzcRVRa3XW3-F1-QefTgw;XzPlGhqyXB9J2w1h
/v_Error/redirect;tFlMYIt5AmVfGoUhodc3rMOZx9gQquk-IiP7TI-LVLzDQzTa87a4PDTrIMxo;VkzuUohMNOufk31K
/v1/redirect;sdfsdjhgkdjfhgkjdhfiueyr9348;kdjghkdjfghire
/v1/redirect;h-_HSG3XOzziYTF4sOCPcB7kL7fkFODzcdBb4YCdSYYss5iDsn1ppZG83Kne;DBS6YhtqgJGR-UPG
/v_Error/redirect;4SeRcXYjCNW9cDba9eI60VMepcOK-s-AwoiEOhnuUtbZ6rP5BJ5mHTlxCgD7;RWqzczIDsmDUFQTz
/v1/redirect;sdfsdjhgkdjfhgkjdhfiueyr9348;kdjghkdjfghire
/v1/redirect;u5DHezwCAokHmHXDZCxQrBcH0nX38uz2lETN7DhOwpHcvfRlI57N-s5mqmQC;ouOHvu9xcDT4Y7G-
/v_Error/redirect;EOwVieafEXiBLIk4LchXr0z8h0ACtnCBUawtxqkqa2HaoMSrg3WAkQTFu6qr;5W690JKmc-pr0Q2S
/v1/redirect;sdfsdjhgkdjfhgkjdhfiueyr9348;kdjghkdjfghire
/v1/redirect;yfOhbBZDVaS0DnYfw0Zcd8SKp4vBz6CDXhK-g66ViXunmh8ArIImzC-opdnA;AXxlGg9G8oJLTCRs
/v_Error/redirect;-nqL4UScsbMGkFWOBWk2hxjgMNqla1G7uJ9bOmQ-_awTFjZa-LADtKjKYqtu;EDGEaPtmsnxDTlgp
/v1/redirect;sdfsdjhgkdjfhgkjdhfiueyr9348;kdjghkdjfghire
/v1/redirect;jM43HBjdbjW3V4kFrhsZdWSyRm2zEfY3HmYHjlC8E8xaDWovGlJ4dYzHMpkn;JpsWqBDKWhz4B5A5
/v_Error/redirect;FOkStE8u0RdWkxwFjcwudUXhNPt8LPXVWKLCFEXnuPBBfy3cu18F0qMJH_Bo;qxaTODirVtdWu8MV
/v1/redirect;sdfsdjhgkdjfhgkjdhfiueyr9348;kdjghkdjfghire
/v1/redirect;N7lUBgA_bJgwb0JAQqreby1DHwKM5Czv_3inAngka_j68P517MyvnAHXWeLo;dA0I7mESHnAGaNiZ
/v_Error/redirect;t7xP1JULmvZ74vh9AFGEpCU6x1fQdjpk2DLrHY8-tlLjs8MwlgoEZylxgktw;baSxN_vj6k1gaxRX
/v1/redirect;sdfsdjhgkdjfhgkjdhfiueyr9348;kdjghkdjfghire
/v1/redirect;HyK3hdh_yM2t1Womn20f9sE3Hf39zOpEcd66vJDD3qChrXg1oqO3baIUmejO;aMmqV1svhg28Z6Sm
/v_Error/redirect;1GqzX_Vit3hULEP4bsDQFRI91pphgmWEL79-uQdpkq8oiTms11BOJrrysMvU;VF0gDHnLY33C3u_D
/v1/redirect;sdfsdjhgkdjfhgkjdhfiueyr9348;kdjghkdjfghire
/v1/redirect;ZoFGCKFdvDTtu-QhGOeXWz7uLqvIUJF1anZUcE52ShTrKbNCitp6WeM1c-U_;FJb432A0EO7PO4kN
/v_Error/redirect;UCZIGJmxeN83X9G0t10WGVbpaTN7X1XrpsJ0R3T3a_Qk_jq5ey1DiQfXVQyJ;5TSQPwQZVDZZiHxx
/v1/redirect;sdfsdjhgkdjfhgkjdhfiueyr9348;kdjghkdjfghire
/v1/redirect;UKFcpeSG4xC_Vb-FR_79XNi3e7UmPdUidVOEaSq3BzaqD1DbSlkcU9rj_Sks;N2wfpDpyEDZwSf9K
/v_Error/redirect;-2_0O3-fgUm1J4ilkUcDZ9Dp66h5y9Z9f0ytEv637d1HMfWSLubAyj5Fom1b;Qe5w6xQQ0DATMeXl
/v1/redirect;sdfsdjhgkdjfhgkjdhfiueyr9348;kdjghkdjfghire
/v1/redirect;4LVYLrWuQ_2L4ApX2oTZdp4mf0vhFwQ1cUkvfp5rHlw6j-gx8tBOe-hQss-i;oQWHOLNvZIFBfuoF
/v_Error/redirect;-cu0oB6vigKd-FrqQ_Rhl6L5MnGvSLy2YPEvVM7lYVsGWe7UFuLjST5pSyd0;LI72nGhsEdlvR0xT
/v1/redirect;sdfsdjhgkdjfhgkjdhfiueyr9348;kdjghkdjfghire
/v1/redirect;OXwjeFnLd4lCuUzwPnrSEah4AT5jGqVBNc5UFJRD4AXuz0lyvqEVeedLNGrH;fDglsUzZY98OwPmo
/v_Error/redirect;mOJQbiYyiIjXhwnW7EYq_ylmuGQqyvX1PYYkwuizkuz24NqsoklKbRTP07AW;F9AYm3uuzZVdMyOV
/v1/redirect;sdfsdjhgkdjfhgkjdhfiueyr9348;kdjghkdjfghire
/v1/redirect;qhi8S61FRIagnMTPieR79FDs_ksaLZ2d2ioRRZ_72_5tk-tkb3c3J7bDoqdp;GRD7GPE1cQrZa8_u
/v_Error/redirect;adHYjUoC1979iaFN6g-KcH6JLoIq--CMXjYY-cUbV60r-UOhdvbuS2CMF541;RYS0H0F_s2D2QS-j
/v1/redirect;sdfsdjhgkdjfhgkjdhfiueyr9348;kdjghkdjfghire
/v1/redirect;4Fxs1HyA7bearK60FJRF2jnJ6a-Sh7du8JTj4GKYclcJd3m4WDLFjgttS7kf;WtXLi0aeNg-hhqNb
/v_Error/redirect;V1gLSV_COItWiAKRH-IArVWr2YZul_7M7t58QWFQyrgZ4t6R2jg5c_rY0KaC;OsCaECbyhW5KdFtR
/v1/redirect;sdfsdjhgkdjfhgkjdhfiueyr9348;kdjghkdjfghire
/v1/redirect;XmMlkPUns2dYdv9W9Ohsm4Na0HbSx4CkD1Ski5Xizci7Rud9xWwLVODBCdzV;z11s1uM5pnni2z0T
/v_Error/redirect;A8XMDFTbwxylp-5L3ri9q4Spn3YgCLwbsHO_Yw5rL679JIGde9DraBqFs0iy;CfUZEoH8xM-25Kq0
/v1/redirect;sdfsdjhgkdjfhgkjdhfiueyr9348;kdjghkdjfghire
/v1/redirect;xfLeu5IPK2RAKhVQpy-hVo1WbFR7-BV5-eczo2LLjrtBLCvcKe3ks5_hrjpi;s7VgsRHww2Bq6Cbi
/v_Error/redirect;VE7Xix17K9Xd-m1Xysq97n4d0V9_-Hl1dEiQY0Gab5HVZIqEoMAt1wb48S66;Vk_dpiEQ19XKvBVu
/v1/redirect;sdfsdjhgkdjfhgkjdhfiueyr9348;kdjghkdjfghire
/v1/redirect;74WhAsNFkQR1g_-RYmIzq2uYZ9JQ-V1B8LolZnQ_weQ9QEg7u7722Z9tGkF8;OT6ptC6ffjaSDpz7
/v_Error/redirect;pPiX6kXl6E64EZQwdeRX_B-yrViwTnN3zXF7NR9Etk4BxF4TxWtrokbUuvZ2;7mkEB7cK45Sv0AaL
/v1/redirect;sdfsdjhgkdjfhgkjdhfiueyr9348;kdjghkdjfghire
/v1/redirect;W4y9_9loIDRQhpMB8nR2MO3HLT6cs2xCs3HGWjQ3O4Uz1mfnV4okzvwO6BRx;Vs0qUTCRf9NYcRaD
/v_Error/redirect;-hlIfZ80_Bpq7VLSZM4rSf_YAyj-yew4jnS_gG98syzyILYgyuFOyOxGR3-a;ZhX4kFwlEb3zHqKL
/v1/redirect;sdfsdjhgkdjfhgkjdhfiueyr9348;kdjghkdjfghire
/v1/redirect;_i-NXawXYiZ65wijgPNM7C90XVCBzRcqULLqOAthrQ9-FH-ChYNIWF5ih-bS;kyOUeYXvwJiO97f1
/v_Error/redirect;4C5cB0hf6kjHVVijvqCqVZgeXCFRSVwCN_Jf6fy_7c_ZbTTa5uojlXLcsy3J;VbhufxgVyFncVbWo
/v1/redirect;sdfsdjhgkdjfhgkjdhfiueyr9348;kdjghkdjfghire
/v1/redirect;J9sFHGLsYIbWYHjjmbmC9jmq-9ptYcoebja3Cb0YHyg8g4kBGjVk9xYJTKf2;TeNfaJLRz0u470K-
/v_Error/redirect;ge9mYJ033HsQFvofOFCUQfKH0xvMmbIILQVKxVhd5L4J4ySl7FQ0SU62aXDw;rc_EB-__S-VexTf1
/v1/redirect;sdfsdjhgkdjfhgkjdhfiueyr9348;kdjghkdjfghire
/v1/redirect;bHrcTP_aMgTlHMsy3xZ8YP8PKjT1QJtNPwWDdXzltg2QrcbbmnIMF7H7A-AP;sksXHkP1-0WrfWRC
/v_Error/redirect;pbZC8PiDN_uFex0394KioVz7JVettzPkli9dhuVwLI3CjI4J4lJAGHJPV8Eq;rH4IEae6YHRvStvD
/v1/redirect;sdfsdjhgkdjfhgkjdhfiueyr9348;kdjghkdjfghire
/v1/redirect;Ohl2RZ-RMUHeMkxhVwagrgj9TYme-XXh6wEElHEF_tIU9INiRQIgOc0qiuQp;8ywm8ABDwkfMi9Qg
/v_Error/redirect;balqMjgVL2IZOsex155At1Zsg60o3vliUruyJWZnU1whkK68Vaamh4-eJuVo;Z7iZY8cuW9b_qJWv
/v1/redirect;sdfsdjhgkdjfhgkjdhfiueyr9348;kdjghkdjfghire
/v1/redirect;op6DWmNFZ_QuhTGLdrIiHvfjJsX_Axu-RPpDkatg9aQ5C_uAJkXF4cSiuzzV;6494eeiuoUfKl8dq
/v_Error/redirect;PAp4cJmu0lGdMihp29adGxuXjOo-GDcsUwRVbndvtwEFd15QsG1GDjpxZX7k;jSnYa3ACj3YYRwhS
/v1/redirect;sdfsdjhgkdjfhgkjdhfiueyr9348;kdjghkdjfghire
/v1/redirect;8_2P9fZqs58Rg4vSupy3bHL0KAViR1CtcQi-M05wd-xlGajp-4BUYQSWbuix;p6eIz2-ySkuAtmyT
/v_Error/redirect;z7GTGipK6yPGSOrXTqsiKhwjKdf7NSyPDcV261uPYfezHH0LIU3bHO6E_Rlm;EDS8Mj_1I_ePM6y2
/v1/redirect;sdfsdjhgkdjfhgkjdhfiueyr9348;kdjghkdjfghire
/v1/redirect;-8GcEnq3AiR4xQkGRHMYn24-mhZzJV149y2pyMOM-LSLPPuT-cxF90wQuPH5;QfrZ3MMf2Nx5boll
/v_Error/redirect;FFd2dyq5JzfUpBDE7wG1C9J4qbfCLe2hLsoY93NrjRvqb6iVAGyA3rBD7kYC;gOtIAJkHgP7qLWIx
/v1/redirect;sdfsdjhgkdjfhgkjdhfiueyr9348;kdjghkdjfghire
/v1/redirect;OyGtbqdtBESx_5gbA2MZTY800sqRm9G4Zd01U_2LZf46I1BcZxM8Cns1Gob5;48OTZTNMPz_RbKEM
/v_Error/redirect;pXlR8YcLe0aHQi1GCi2TaztebktFH3vdojaEokwCyxfAl4IMWDVfR_L9HDgB;aILjg85ZLx6NVcu5
/v1/redirect;sdfsdjhgkdjfhgkjdhfiueyr9348;kdjghkdjfghire
/v1/redirect;4pVj1TkrMocpkl9cH9mRxHFhHj9TySZOXsw8zxIABR44Xq3CXVq7txgXXzbj;UYQpo9kuMXaTmsH3
/v_Error/redirect;shjshIqTi8ED3AKuvugqTkxlCEMwQQ-NNHsYB-wqDTczUswhIUirK8B-5sjX;vKV5K9sUWcVW4spN
/v1/redirect;sdfsdjhgkdjfhgkjdhfiueyr9348;kdjghkdjfghire
/v1/redirect;zq5vDULdNS15c2TtSShPuLI-avBMBUC6YdUsG-ZCFECTAiSmG3bYjVHHU_Ox;VlslDcTuYj4FGQJL
/v_Error/redirect;dCXRsF4q8puWRqbim-8pmR3ezxsrpsPp8RoLlT_bsGtiD0-7raQVHCOiDWvK;W8LiLRhU3Qh-sdpp
/v1/redirect;sdfsdjhgkdjfhgkjdhfiueyr9348;kdjghkdjfghire
/v1/redirect;DSNuZ3LNrk0uTOSAMtbGHGDHGAtWJsCDB9aTBaprxI7ZyRc7__4STD4P4hA8;o4Yjj6nryNpDReuD
/v_Error/redirect;1JmGQMpm3LraW_Q-iXNUCf85cbHZzEE_dG7KQwBEu4Id0V4sg6LVm2w16Lb7;kDKDqGmx2a5CMqbE
/v1/redirect;sdfsdjhgkdjfhgkjdhfiueyr9348;kdjghkdjfghire
/v1/redirect;hYJRBRJG1G5XCNgXVTIbZ1p6ZhMD2keu_L6iX993aOSOqw-x2gNH7EfmXodg;bZ2EB7G-nYje-n9F
/v_Error/redirect;bnjLQ8XyyISHJ9JoaZLJz7xfulNeIhd-ItvujFqty6HsOw2SWUlPhh-Kz3y3;oYJwv4cJqrBkLOEc
/v1/redirect;sdfsdjhgkdjfhgkjdhfiueyr9348;kdjghkdjfghire
/v1/redirect;PzAt5SDncGUFTQsKiZAESJtGAwiDRpwdL5c-ukxMFwr30EGfeKnLDvrYlYg3;it8l4QJtrTw53aN_
/v_Error/redirect;Dyh2FKgEMzRNMLS94fSfi8GqhnypxZyGw8OIFbi5engksdD6hKiF-ohG48Fs;gQhq7HRXydWUyhgf
/v1/redirect;sdfsdjhgkdjfhgkjdhfiueyr9348;kdjghkdjfghire
/v1/redirect;_fGGs_McY0Mq3GmBpdqVQg6QHBAPpV8AIIesh8GEIbtAGFXTLwM-5dnu3n4u;uCl0DlOyApoWhspD
/v_Error/redirect;euCfnHAQjxm_VadIKtvZH_RGMcNeeRK5KmtHO6XT6hp2Hdpy1rwD6Aw76c8Z;yscNkzOk-iycrMRW
/v1/redirect;sdfsdjhgkdjfhgkjdhfiueyr9348;kdjghkdjfghire
/v1/redirect;O_i9sIJZCfK9GXYpVsmYzk1XRmzopHVfUBPQ6ne6JVzh6UwylIYrn3lRLagQ;b3S_CLXL1-n39bqm
/v_Error/redirect;OAb-pt8oSt8Fz10sAUafHKz8PgpNUWla8p_dplekBvpFjx6mlf3x32RVCAZE;OyW2ZhJ2YTu__VE5
/v1/redirect;sdfsdjhgkdjfhgkjdhfiueyr9348;kdjghkdjfghire
/v1/redirect;6e-Ge88PCIdRlscejqtxtZe7O_2NNdmJUxH-k8wJzkxUTd5zx3e3AlnlGcOK;sdeyaqDWPHlLBof6
/v_Error/redirect;k0GvnAqnPNnvbpZckn2vjDkaSG5a8fIlHgpKjsUxy_2TF9e9Z5dRGqsX3aQj;18SH1CbE93q3A4b3
/v1/redirect;sdfsdjhgkdjfhgkjdhfiueyr9348;kdjghkdjfghire
/v1/redirect;nKKiGSBq9lpMa8DvQOqqBKwnzzOKn0LsN1s1OM3Y9GtsWjTnPVbgULCpXQ8J;v7StAb3ug-fc14lt
/v_Error/redirect;Z-HWgsKm3ej8o33epvkMhADA4H7Fhh5u6lWkGS9iZJqBt9I_5nKmrVS9r10F;I7rub_o5njAU4G_w
/v1/redirect;sdfsdjhgkdjfhgkjdhfiueyr9348;kdjghkdjfghire
/v1/redirect;y9R9O0kTQ9FiuWlLieg2vILu4NLQQv1KxOtUhSsqKLX_E90UJ_STyzljicg5;jpHA_4gPLHfqWJs8
/v_Error/redirect;gHRmyHSkLqlAq7jwHu8SBTsAm7gcTODzjAMhQttTPQgI-bV8KSKuF1UCslBY;J81-F0D9HaDan2yR
/v1/redirect;sdfsdjhgkdjfhgkjdhfiueyr9348;kdjghkdjfghire
/v1/redirect;8tNTZa-eZQldO73J5S37IBqSOLi9AqA4UotaDi7AaEcWRnfmv9xipuvikVZO;IjXASkPO0ii_Cn0X
/v_Error/redirect;pkbHtxa-sOxnj1tJ1x52709TRJNra9MfyaZxy4eYBQuX4-GpClhY4Z6UQiy4;O2cPlJdMhATw_exD
/v1/redirect;sdfsdjhgkdjfhgkjdhfiueyr9348;kdjghkdjfghire
/v1/redirect;xXtp6aZj83desUHnQ9Cu615aCiz38Ca3s8Vgz_f1uA2LsD-A0Oqo_tgEfvIt;T2B8eK-LH_f9vSG6
/v_Error/redirect;KiQrF2oCw9Yw5vCy-HuCfDCObsXEYytwzsU56P5ls97FkOo6exaKPDUJwLgH;yEJKLp9XOxv7iH8-
/v1/redirect;sdfsdjhgkdjfhgkjdhfiueyr9348;kdjghkdjfghire
/v1/redirect;05wyrolY88GdvLEOhUdIWeLDmH-Xwy1UHSVKHxkB9STKcANGDMf21a3X0xZO;oZ-NQYDjfVkcXKWO
/v_Error/redirect;M14GsfF89T1c2UZSc0RU1qeIfs719pfdk0T92NTFSRNvCR0a5mTWvADC3GPz;zPII_pqaMabwYiUJ
/v1/redirect;sdfsdjhgkdjfhgkjdhfiueyr9348;kdjghkdjfghire
/v1/redirect;CS69P5R8KpVC9DqdyvXX9rPvMZeV8XgS2swsBuVqzVfF6pS1RGVp86T50dSA;0-CL10VAIE3xOC9I
/v_Error/redirect;TaMKsrLcw5-su1p9rRWemauwjqYByHgZ7QzTsfNKt8o-1z-SS-c4mGCHx9-B;PyPDsjW982JuGi0U
/v1/redirect;sdfsdjhgkdjfhgkjdhfiueyr9348;kdjghkdjfghire
/v1/redirect;vRB8YY7aMuw6BL_9Y28gaCwOlDtiTM9fZDGz83Z4uSmTaKXHk-l9S9URJs3s;-alx6xpfqBgnrsIG
/v_Error/redirect;HQYOauTlb-UYknNiOfPgXkvicqg99yr2gc1kDnEA4vYZOvVqM9h2c_MwPFZr;to62qpD3fmvJjeXg
/v1/redirect;sdfsdjhgkdjfhgkjdhfiueyr9348;kdjghkdjfghire
/v1/redirect;NmFn69us241a-oGerAb9parMf-EaDexD3mSodGXgH1V5zqxZkjZl_68cWfiL;1nlQuMfY_QFM_Pa_
/v_Error/redirect;bQMyLlHIOXNV0AYWDKYjMEuXlImfN-3uJwFVtpQotXXQiCmho8I51s8IWgLv;MYe1s7x7GglL_L5m
/v1/redirect;sdfsdjhgkdjfhgkjdhfiueyr9348;kdjghkdjfghire
/v1/redirect;Y-3a36NDN-BD_eWlS3O-IyL5HCm5y_4Ty6_2tcvJRiIx0U7dMh0Am_8law3f;AL5krEHsR5L_NE0f
/v_Error/redirect;JLSpiJOb7hxdzdoEKGkvupaJcmWCcGlOIINaTvdCgqSWCFCPlByE_n8j55uF;FOBa4AhppdbzAAfp
/v1/redirect;sdfsdjhgkdjfhgkjdhfiueyr9348;kdjghkdjfghire
/v1/redirect;PXYLAmVe3i56xWvWU1tioe0RjLZM6_3ZD1vcLYjokqmbsipjFgD-L_sqk9Cr;9LS0SaztnSqr9dMW
/v_Error/redirect;4kKUWHfs8LPP_oBM4sOvGheTcZvO54trAbaMX5LLCRwdBCVQcKD_rSfytfcp;clGe1d88-cqPBDYO
/v1/redirect;sdfsdjhgkdjfhgkjdhfiueyr9348;kdjghkdjfghire
/v1/redirect;Bbnn9Ztc6bvESqluZnXqfa6AdfsObqKd1crM6L_FYvsmMVKx2B0WFKvs5-kw;UfUtdvq1fbHA82Wi
/v_Error/redirect;Tv9pz-80A8PL95bN7VN5QV-Z2-5WtQcnGQTvkrIwMpVGcm7R_zMl-dfUk_lD;xjZltWjVR1W2LW28
/v1/redirect;sdfsdjhgkdjfhgkjdhfiueyr9348;kdjghkdjfghire
/v1/redirect;ht4lFEJ2lC0OC_NIyVKAeF5ZB7icK3UIiVQh--iDqM5wx1ktHNZeC0xc_BXU;mKgXqpkBawSp0MCL
/v_Error/redirect;N2Vc3gqg08jV6e_5xBHa0M7RRmZenNAuZHHHYmB7e0bsVOshoLaIMi2bV8nI;VAHcDMqwTd94W8l6
/v1/redirect;sdfsdjhgkdjfhgkjdhfiueyr9348;kdjghkdjfghire
/v1/redirect;GEvWzq2Ttln-lCDHgJBGQbZiX9jFZugn33E5DIprzBVBemSCWfqhC_InS3TM;yw0l0DBvnAmmeJ4k
/v_Error/redirect;KOXRHkacqZLKNfg-vnoOrijYUrpPIuDCKGce2yqhKzSdgeCg0bC25Jf2_ES7;7oOea9-Us8vhHdGu
/v1/redirect;sdfsdjhgkdjfhgkjdhfiueyr9348;kdjghkdjfghire
/v1/redirect;gpkIFTU2sZ26sznoj1xOzlBnTvAZI9i6pTLeQdN5vAdjue7ArG_in5EGRoPv;eaTThWq-sx5RsEYp
/v_Error/redirect;JGdMW2aTLWPXKOu9BNkY0WS_pPevalsxMlVWGwAwPAP5OOvnYQ0ZaCAeTlaW;G7xxXGrvrGiRNYFI
/v1/redirect;sdfsdjhgkdjfhgkjdhfiueyr9348;kdjghkdjfghire
/v1/redirect;CEHc5V3hNdoZ3O7OpJBhqZ8TN_1yVPFFTaMnWLAwRc9_3IUMXLM5K4UvzgUT;yAAUsIK7NUUYDgSC
/v_Error/redirect;AZ7zjDu-N-PdjfffIAtPfS3grwPfgNa2PAv68rDc7j01nzmuCcApda2v9fPz;YS7tzjun-ZBGB4ZO
/v1/redirect;sdfsdjhgkdjfhgkjdhfiueyr9348;kdjghkdjfghire
/v1/redirect;Hup1iCXwJ23UpevlL73CyUObuuZxDIs4OvQCJm-jsV0WQ5F_3GdT7I_9ev_F;X8blgeEgBMXYK7Sx
/v_Error/redirect;N_dX2-8nNfiscg6BVZS029WZ4Z-sKI7rWHXRQJxNi3YbnUGp-fgeQgTLocIF;px5lvPcZS4GBNhss
/v1/redirect;sdfsdjhgkdjfhgkjdhfiueyr9348;kdjghkdjfghire
/v1/redirect;RUm6deH1X08n-fdKFGRqVte61UQVzMrjsj3m8cnIyEHWtU_QFxw8TRa0Egnt;GM9Isi8t2b9oLtZo
/v_Error/redirect;XXNAP1chJ8cJcR4znraZ9Phy6xS2uLDNRAjvSnq79TAY82ait2reKLfF4WHt;nByZh-d49yGmGjm2
/v1/redirect;sdfsdjhgkdjfhgkjdhfiueyr9348;kdjghkdjfghire
/v1/redirect;c0dXvvnjyKE0V1EQWj_e3ad6h4IWqBDQ00Kp_nV0Ky55_LLSkOtDVASn6Usj;dmEy2WNSc_a6RZz6
/v_Error/redirect;o_UIa9k0YqQwJtGdJDOMsI0lbQiQLr9l1oB923KQOTGON7EGzNUCNQDxqDc6;IDs5emyqBQOTGZi_
/v1/redirect;sdfsdjhgkdjfhgkjdhfiueyr9348;kdjghkdjfghire
/v1/redirect;KcGCLu6BKb8tpYgYOCUBCkUZD2Uw62AnmZgfJ1kf0HgZ1nlVHhYco6vxQeeb;750kgw3nU2OI5Jvd
/v_Error/redirect;lohYCRkAZhJZe1Y_SdFU0fcG3idZnjpn-vlMSofg34IpOZmrcVMEBavEHibx;3mIWuxWGkHsop7y-
/v1/redirect;sdfsdjhgkdjfhgkjdhfiueyr9348;kdjghkdjfghire
/v1/redirect;aHZpVHwc7QjdKKmuhieU0F4YDobK6sGAOTsXIYoxBBDw76ZW1dfL2UIfvDij;koi_-pI0JItjHfC_
/v_Error/redirect;AW2nZWZfrDo43ereMVz9xe3KBj4enDF03rOqyJv60iSY8BFzlAd2ftIh5U--;8NVdq8blMkO1tCaJ
/v1/redirect;sdfsdjhgkdjfhgkjdhfiueyr9348;kdjghkdjfghire
/v1/redirect;WWeERGagbnjbTi57QFNLIfp-Yh399vxXpToKBdHb07f4IPp3tXeKjTZHS9VA;xUux6e4SVivsadc8
/v_Error/redirect;0oUT5z_YQtfEu-9nwaOyioSANtXHKr1JwqdYzSvxAe-E7y3yAYJLIbqEHtf3;2qW8yh1hIimdWqGu
/v1/redirect;sdfsdjhgkdjfhgkjdhfiueyr9348;kdjghkdjfghire
/v1/redirect;pPN3LR7NfyjOn_mH89V-TZvRCUpPLoXikoHwtPLHuLMXuy1-xIM-phYOcmbl;DiE0gXJwI-aO0chf
/v_Error/redirect;k-73DUu5OVrlwsSbp1JvuCC1jYKZjoqkjnxFVzib1sRBYaD0MEVQtkLPy1CG;BDWzcWuwS9TvR0K6
/v1/redirect;sdfsdjhgkdjfhgkjdhfiueyr9348;kdjghkdjfghire
/v1/redirect;aay3nxw9iNT5rQjl4Zxmsg8Ud_XX08aXTHtsYp63LeXMGteV8JxqTK_Xi2fI;OU4zfGGsRIFFrZsT
/v_Error/redirect;VXz5X-Wv4T86oeY10yG4u_o-2CPxG9Byjah1q7h5TSbfE4AdXNLq8ITTw9A3;nl4NLR5ZekVVJ8Dv
/v1/redirect;sdfsdjhgkdjfhgkjdhfiueyr9348;kdjghkdjfghire
/v1/redirect;QPivlqmx5ySnMO84nnuT2XibfMUFGe33RAeoKych6KqPQmTTmz2cQm8AvXYz;74ZsYqzMxuUqEVNL
/v_Error/redirect;U83gGIiShnJSOkUp9TzFePr0bR_gWi-VPGIk4YkyRDgQjVujIISaanSXc2ll;al5IJDQ0-ZHNxPqc
/v1/redirect;sdfsdjhgkdjfhgkjdhfiueyr9348;kdjghkdjfghire
/v1/redirect;5mnb5nzNqSmLgdn4kK_PBe7__SjxJFm96zo6OQMSLApArO8MQX4EK8Y-Oalk;EGi-bSpXmiIwPtnw
/v_Error/redirect;VyzgzRAKSGdSRWELZgi6ZatbIrbQDYl7KOp0JFADFbiOkfzYJetmk-YFGo3K;wunw93MVA94gb9DZ
/v1/redirect;sdfsdjhgkdjfhgkjdhfiueyr9348;kdjghkdjfghire
/v1/redirect;qWLhOVFkPWOFAX_FeP1lQjjy9Q0ZQ6bGH5uq6_FFLJ5BLwM-YxWR4xfGUg0h;ZMKa8asoMj9wsB_3
/v_Error/redirect;fAcGUNjK2H6pw-fjQ2VN4I8lfjW8N6y8YkAerN1EguD-pYZ_zDbBOLwabK58;9fvxAoVjtsdlicbF
/v1/redirect;sdfsdjhgkdjfhgkjdhfiueyr9348;kdjghkdjfghire
/v1/redirect;T8kq3z-dVX2vUupi8b6xYAbqSU1eBTLTgugPTk8AdrtQdouVnQ-SVWRK2gOl;OyCZZL2Q5Ra3PtKC
/v_Error/redirect;4LvlgO6v2XIQ_CXERz-1om0iK36D2U-mSFvnxyKmlpqTyoISZdLufamLZcNE;k3Pmsqco5WAlKoNk
/v1/redirect;sdfsdjhgkdjfhgkjdhfiueyr9348;kdjghkdjfghire
/v1/redirect;6cADHoIP7c0sxLr_C3W6C_Wx5jAlJXb3M6dzXn0lVm2fcdNXVsyjojmxN88N;l51KHb84Wn-xqqJw
/v_Error/redirect;uk-6vdF1In31eow_ntjK2f6hOEJiHwgaEHmvr0DKpvNl0msE8VTYoykU8rzX;yHI3sTVZ3jghSQdT
/v1/redirect;sdfsdjhgkdjfhgkjdhfiueyr9348;kdjghkdjfghire
/v1/redirect;oudd7M5ENFVIgcAIb_VSrV6hpby1fphMj6sIGPfV52Iyb9jPT0C4YVq63c21;Z5Ot3MtY-55cA2-A
/v_Error/redirect;rE_JlRSzFO0bI0a0QM_EPjtNpRsjT0zvnUQhmLbJN-dVaJx0BvfzKtfUELP6;m7W-_TsjwIx-sriu
/v1/redirect;sdfsdjhgkdjfhgkjdhfiueyr9348;kdjghkdjfghire
/v1/redirect;rypok3EXO6JAIM8QN8rmiDRVU1yDryvda0oXLkFEdiuI3sdcPj5_U2osw1z7;xU6wlDraMjZLW25R
/v_Error/redirect;nR6PLW-7dXw2eBlfNMjLduh8TvVeGFKe2cxDC1txg0JEFSydOOTqnLaDHc3I;rr_QP4GZNLntMzQt
/v1/redirect;sdfsdjhgkdjfhgkjdhfiueyr9348;kdjghkdjfghire
/v1/redirect;vMWNp6XknMRBoGCEW5krdtpGNhmqDCaoExTjFzwtcn9Ub3HidWAjzEkDvqBC;chp5PJAhxpYIk1v0
/v_Error/redirect;D1clhlWjAZ__UO_rb1KhPc4saK6OOMWZlZdXDq5I_tXcL-J-do87Jb4hkz1M;AoCqJZb-xtmBsKsD
/v1/redirect;sdfsdjhgkdjfhgkjdhfiueyr9348;kdjghkdjfghire
/v1/redirect;Cu7bIK44piKT62HdiMNpUCgRefBJhuKtktHVrERgwj2EHSTejvHObrIQSb4V;oJwrkkF_06zkvEmR
/v_Error/redirect;85TiCxlyU4KPyE-FBrhS-p5_DgfNzt5ynKI0vdDyPuiGXjnr_qSnKLvGINcS;t8x3qCFkGmHFK9Ka
/v1/redirect;sdfsdjhgkdjfhgkjdhfiueyr9348;kdjghkdjfghire
/v1/redirect;cg3Lg4S8ySK6i84eBU-ansBb0aM6XBObfyO5k36g5Zc165w4qxsvJF7FUyWn;wpA81GBKpG--83ZS
/v_Error/redirect;_MXYZhVo0G0iS4uPK-lZFlh9svqk8_9pQTRrQPbODafiJHPtswuf5fivTEfd;wmWFsYWYodqPu2gE
/v1/redirect;sdfsdjhgkdjfhgkjdhfiueyr9348;kdjghkdjfghire
/v1/redirect;1x4veizAl_e_hKKm_gjgRWHWYh8U9DRDpg79rzyl9pft53cYXYHsAfMI-e0h;j6AVjAWUDgrE6BhW
/v_Error/redirect;gmQ1MMN96VrprzETWLdArkV-RPBspFDcGOoprXLcci7hPPK6HCuawpeKTZva;UubTNWFtPkvBDCXP
/v1/redirect;sdfsdjhgkdjfhgkjdhfiueyr9348;kdjghkdjfghire
/v1/redirect;cCNkRLiw_AmnQzpURPwNu-FBhMh2uErLWNL3RfWVPhUZi_MRtVVp5C-YW9Gu;9tF2e3vvvOUru8C3
/v_Error/redirect;BUsy4PmvXdZOXHVq0ajpjSB3xhbdMNTTZLPyXS4Umy2piFkKHH_gN1mX-hl8;ADswJtu2VGWLR73I
/v1/redirect;sdfsdjhgkdjfhgkjdhfiueyr9348;kdjghkdjfghire
/v1/redirect;Y-vUJMdiv0J50zgiAAaPNcBTM_gnEj7oHKVrPMhAEQpashvuM6IoMNiQq3Cl;BkfyMMWIJHgOxO-p
/v_Error/redirect;BjKPLqULaeOWcuAogKrpRI-fwR4IxDhaTF9rz4jBLSaG3jjD-0t97j4vmdO-;w9GCzcV7aSpeAxS2
/v1/redirect;sdfsdjhgkdjfhgkjdhfiueyr9348;kdjghkdjfghire
/v1/redirect;p1byuR7JlamywtSZ20AZWCsLJHPo2oHRlyjw5r3mo52SL0vLiYBFVWtSB154;oZ0rym35Uvsr7HPo
/v_Error/redirect;PrMS05yfncBuEB1_YosnEEpUL964ELFI_cdzeum6dmKJaPwNxiNSHIYfsNVs;WMFoHLNPuXjNWnhx
/v1/redirect;sdfsdjhgkdjfhgkjdhfiueyr9348;kdjghkdjfghire
/v1/redirect;KoM7pSB2FF5XIPD78pcNKhleqBTx3X5Io7_2zHjoW5IkFj1rpEmQM9UeD0CA;gvYR3-1is53YOCsd
/v_Error/redirect;eJJLEIcW03UkYp3c2rRx8_QOBw2q4RbQhe3uQE-ja5tbTlmid0weym21p_oh;QaLv2ZEG7HE7sn96
/v1/redirect;sdfsdjhgkdjfhgkjdhfiueyr9348;kdjghkdjfghire
/v1/redirect;cxRqrxp7yN6I780HJWPnAOdPV8Ch13al70Fv4AJYbnA9WszBFnsq51746s1O;L2BU7fnnwPgk5pBg
/v_Error/redirect;184w9zP6gwbsFq79NU-BUhd8srwAUIhSE0LMBF-B-fA8CGU664SNyLqc1zKJ;1oU8R0vZlMTjSdgS
/v1/redirect;sdfsdjhgkdjfhgkjdhfiueyr9348;kdjghkdjfghire
/v1/redirect;3Rw1EBfA3shw8P1EMM5E4shSx7Z5YStpVEKPay1QFKjnsDW4ajOTZ2hU_0rT;JC9wXnteZ55QRMsO
/v_Error/redirect;M5Gh8b2PxPOveK0zMZI4X48S-SKwcR6xBl4U-s6NDU_znYiICaiBrbH3sybE;ilblPZ9dGTbrTegc
/v1/redirect;sdfsdjhgkdjfhgkjdhfiueyr9348;kdjghkdjfghire
/v1/redirect;CkcxqdKTcLEYW7KM5Nm4BZDec86HDU-iKI4RP1Ld2ijjJHmCJit8VFGUEw4W;3zKPQwLnIcPraDNd
/v_Error/redirect;Q9L8v2F7TsZzahJyLZZP6IbtMafj5HYipAsmQ2ASsLgLueVOz6xEdO3bno_b;kqzmtoh165vSUSN5
/v1/redirect;sdfsdjhgkdjfhgkjdhfiueyr9348;kdjghkdjfghire
/v1/redirect;xrwpaKqa5jgL7d8FFJFy8o2Zt8arezCQhEG0FvxpX5GoZXMbMAn38nn-EwmH;smygXVTGcDv8Rvqy
/v_Error/redirect;iypdQvyN1KEatx_pKSoxqGhicpX8EnEW_3Swr5ZerbamXiL60kyimR0V9j6f;5VmBmmOO299CHFFG
/v1/redirect;sdfsdjhgkdjfhgkjdhfiueyr9348;kdjghkdjfghire
/v1/redirect;379dt_IhB54oJt3BC9KFq8UZmPB6eVGLMgpnU30gGZE-wM7ukhCwsrKL3hh1;w2EP4Id0jTCHPRlB
/v_Error/redirect;P5Qn7Fsju4WOE4-Ny8TCvPlK37tpN93Ye3DPAZEkbk0JNLAYNrGGfHSftnP5;_go4xWpShiO_iFYw
/v1/redirect;sdfsdjhgkdjfhgkjdhfiueyr9348;kdjghkdjfghire
/v1/redirect;hPFEu9VPNYKiwYGr9lMQjRDQE9bnYKgWTdCaC65gKY-PgqH7p0f3TPUfVPtc;lqXoxHI7bCnXzfRN
/v_Error/redirect;VGLuVbaZONb6ai56L9OQ9-_dOhFBFYyxajXxNRvl6KEo-DQRBkr0euW6QJgk;4Ryg6jg154jYu03n
/v1/redirect;sdfsdjhgkdjfhgkjdhfiueyr9348;kdjghkdjfghire
/v1/redirect;oC-wPtSIICQCvojYTUXbzkAUQB0c5JhZ9u2uIy-QAIwHYTLXHw5_Z96C8HlB;rDe4xak5zmje5Uqu
/v_Error/redirect;TvHfDL0AJnzwGPrWjvuW1wlZjNodUSKL0e42oM-G8qxVUc03FbsavsL69-3q;hn67RxdcCig7Hfj1
/v1/redirect;sdfsdjhgkdjfhgkjdhfiueyr9348;kdjghkdjfghire
/v1/redirect;D7KXFVFL5GbiqrlywBZe4WXitmqDn6HPWQGSknSoIafyJsWXp7iDd9hQR2GC;csVTI_i8LV1V8yjK
/v_Error/redirect;eoqqbXrbwQLqkLNr3WHvsWgGGcyjnmQTtp5R7eOrUhmwQgPLUQ3GMG3dClqb;a8EA3fehS_RrcAm5
/v1/redirect;sdfsdjhgkdjfhgkjdhfiueyr9348;kdjghkdjfghire
/v1/redirect;B-VuJ7JS9RFS_0WlaGm2L-7ZO6WdZxNPcUci8f81Sdgt_sfuX53-cS6b2pb5;Fb6kODida5GyfH6P
/v_Error/redirect;fhx6DLDz_kVxPNQl30r6s_QTKYg7XK5Cv2zylhCLyQQedZ18tLRaFTEB3iBJ;csc36-EB8OT5rszl
/v1/redirect;sdfsdjhgkdjfhgkjdhfiueyr9348;kdjghkdjfghire
/v1/redirect;ZmPNZcte2iygKauTMVu86boqeapGovZhh4KfCC2VY-fEQtbFR-Dwk-Lo8Db_;jMNY-WYF4OZtGI27
/v_Error/redirect;DCtJtsjj35c3_jlPZurVAtjXAEUIEFg3WJr2pfBe4wlIXrUl6KDxK3SDglNh;8K-YRN8riF1NmMpV
/v1/redirect;sdfsdjhgkdjfhgkjdhfiueyr9348;kdjghkdjfghire
/v1/redirect;C3WddfpGTyDGlHUOLUliHhZ7GzErlZom5MjhLKysGMhrLL1mQ_6i8ERxICYK;GefPfTts76Xy-l80
/v_Error/redirect;lkpPIrLo3LBZrrPNgSiLXWgKzAF6WKXhdacwn6bMPQB8AsHLQsq0vlLSflDb;NDmugfczRcL6e-R1
/v1/redirect;sdfsdjhgkdjfhgkjdhfiueyr9348;kdjghkdjfghire
/v1/redirect;ywdJ7KjwISv55Q2odLwaPUuytrG7XABriFz3bLzg8tgUZTVMveEnXfF-2nUx;7IQ4Z8poZrpuXAs2
/v_Error/redirect;JekJu4RmmEz1gkysJDGtAcoc8-wHKbczNkBbgYMXdBkHIzzj4bJIVcu5ccEE;e5XZZ3mPatNoXdbi
/v1/redirect;sdfsdjhgkdjfhgkjdhfiueyr9348;kdjghkdjfghire
/v1/redirect;wFREPxnUEIUbG9bT_4vzDWARcrPb3eAs4yzEMHGv6Tn6zO_VfD7FHQB1jMtm;KzhXYvWRSYLTd_yQ
/v_Error/redirect;GXmPAUryrDCaAInxAU6AtUQl_l5780khDRSauWzE7EiMIf9dibIlTBix3eCK;m-ZzLRWhK-rnKYXS
/v1/redirect;sdfsdjhgkdjfhgkjdhfiueyr9348;kdjghkdjfghire
/v1/redirect;CUmDfEn0MpAV-NANns7N6eJip3U89oCF4eaxPlMWIlpwv4CNUA1EpE9ky1um;1I41IB7cQW6T50FX
/v_Error/redirect;_fVbyog_ztervRS7t5KroUK0yRJzrm3TwY9Njua7bMqpqBTVnn6NdGSpc5P8;hKQMFbnP4HQoGBuV
/v1/redirect;sdfsdjhgkdjfhgkjdhfiueyr9348;kdjghkdjfghire
/v1/redirect;ovdqKiMTBZCcJFjebX5oIzIn1snENblymWC4u97ROI5LJaG6nQiVCxA5v65f;IxSiLZ0kknRs775K
/v_Error/redirect;U5w3rvRYUrj3D1UYt6U14Er5WR1p2MSdgKhCa2whPFr8-lKIEryRdFoyvdEJ;-4rDVnYxXm90_rRn
/v1/redirect;sdfsdjhgkdjfhgkjdhfiueyr9348;kdjghkdjfghire
/v1/redirect;I6_j78K5TF3XRNqHMsRM3-WRE_unq78N3XjEtU2UBoLd5CfaUsnsr5OgelN7;60MTa7RjyhRzOF_Z
/v_Error/redirect;Rp-mzn1IzeIKSmWUen-7VrfBy45jJX9RZsfcRx_noovkZr1y9Dc3BEf555q-;Ii7UDTnKc-J8J7_r
/v1/redirect;sdfsdjhgkdjfhgkjdhfiueyr9348;kdjghkdjfghire
/v1/redirect;gECIKAhXHX2ikjRICg-HmRxdrI2iJ9nYnExN_xzuBEFvagJ6I39qYqn_lBs-;YZAff4-94w9GMcoi
/v_Error/redirect;1OSWymLBGlDANzJ0Z9CgNTvjX06Zuqq2DlaVSjW6jw5dVgvMvbJm7C884fPs;GFotYPAKg_GoloEz
/v1/redirect;sdfsdjhgkdjfhgkjdhfiueyr9348;kdjghkdjfghire
/v1/redirect;0v08D_iOmcuCHOVsOMxHr466zNQgxLg1xbhx5kg5WWQ4H2NWKMzQmzG7TGPT;fY69rXaDDvANxZ0D
/v_Error/redirect;iMzrGxQLR9N8Exnj_zfXUutHv6dHGqu3_eHiv6zmYSkkX1lBKeHzZFZowFuU;jfz91CVyfS8kMJ9E
/v1/redirect;sdfsdjhgkdjfhgkjdhfiueyr9348;kdjghkdjfghire
/v1/redirect;792G7ksUi7ib-lO-f_dwiOYQTjmATlXR6DNVoZzJz-J0ruRyuhiPO5MODtTP;Ly9QY0mBXl5_bu72
/v_Error/redirect;8npkrjojMEZX_pd8aWh1rW06ywbn1KRFaQJyXR7SpMxjTvO1u7qn5wrd3eY1;XfMy2xNKhQfOCOyQ
/v1/redirect;sdfsdjhgkdjfhgkjdhfiueyr9348;kdjghkdjfghire
/v1/redirect;kDY9ouX-unzguQ3Vy53VhMemPv8sBWBWFGRGll3NsJHIrcgt_CHLysRohWlp;cok68njno5QKw4pG
/v_Error/redirect;hOYnJzeC4KqiWFEDFYy-g--qIkEU9XlB1c5nh-RPxdUzqBmhf7zSmI_63Dwx;vC43NnVnmJVi_Lsi
/v1/redirect;sdfsdjhgkdjfhgkjdhfiueyr9348;kdjghkdjfghire
/v1/redirect;NhFJ81q-dXkJLyy1oZ0e-JUCMRk1aKEFpKU4PD1FIYdOI1xEBsYg_I9vtkmE;yIHl31AoP5U-m-fa
/v_Error/redirect;vAC3nZ65ZcFeG8i6dfezlt2UkBT1w9FmQIyGTQfaH2cZDNLEQXIyQmlKqChk;GKbPHrLrKu7zRl2u
/v1/redirect;sdfsdjhgkdjfhgkjdhfiueyr9348;kdjghkdjfghire
/v1/redirect;ZZLypP2HrhmU0JSOSjOgR53X-1Z8wi7pIM_4LiKUw3_uzx-FGRKIY9pRZfaD;WrjkY8UFEpK4cSMx
/v_Error/redirect;BFdqR62iH4p_HgzGrrkavEVXdrfkxdw0k4nfDMeO5l0Dnqu-ZkYBvNl6Sipp;l4908SoKPIhtgKer
/v1/redirect;sdfsdjhgkdjfhgkjdhfiueyr9348;kdjghkdjfghire
/v1/redirect;iP1UIHcWeZOKquS86nI80bjWvLi6mqB3tiMZDflMxEmUOYcX2JzeLgl9KDbT;5-pfM_YId3NkQUN8
/v_Error/redirect;OG8HKJTAW8Vhuh-ODRG8lBjm2k24YK5jaDPOJke_ET_qWa4kvxSnkL5IzcuL;s_X2lTVTydKw2dh5
/v1/redirect;sdfsdjhgkdjfhgkjdhfiueyr9348;kdjghkdjfghire
/v1/redirect;bBpJ29jQAo9UKRAg4o_ggCGpm1JbcqUmajE2T5W0msCa5HzyBgY4R9wmOZ-y;Pa91rY-3EOcU0Nq8
/v_Error/redirect;SUL5EkUy8xnKxPOmcPz6gV8niS12ReecEdU2TDBxhTwH0fgzzHCC4kMblzpF;UYBR1_QzxBWcGFkX
/v1/redirect;sdfsdjhgkdjfhgkjdhfiueyr9348;kdjghkdjfghire
/v1/redirect;TR9BdiMWdpL7QUB59RPnyACeEuXKwF5xAA-V8-WwDjsn19v4PJ_y-hwMW-Gu;B4VeZLvuNdupl0RK
/v_Error/redirect;MelzPZGkdS-X-vwg-SlvIMp_ZChkB9e_lYEdQsgMZ8BRhFcfleJhxSlGvd9c;bto6sgxJajAhNJp8
/v1/redirect;sdfsdjhgkdjfhgkjdhfiueyr9348;kdjghkdjfghire
/v1/redirect;gid3PO0CblIo8Kza0be2l46ULRt-XwmTgyCwHOLTh-hYdfseUfk1iiHEc7xc;Sy5l6aC7o1df_u7x
/v_Error/redirect;3wVGvCeGMZVab7qJQp9ow0AObSiYOrRTefw6NLMWqTNNJVfkd-I_QV6Yfm6t;Kdm3zmvntYNo7hvC
/v1/redirect;sdfsdjhgkdjfhgkjdhfiueyr9348;kdjghkdjfghire
/v1/redirect;0ipVb6ck1n0voR0lur5iIBtWIiYtkgEEZhNS63oCvu5n98S87AHMxe5jJy80;GSsdRaMPmlp46KtK
/v_Error/redirect;4_SC1x6mZ152xxFfqJj2rzfPRyknHMdEBMovdbSDgN6upWZ3qO5CRebPvmze;GToSIfg3awPe0H7k
/v1/redirect;sdfsdjhgkdjfhgkjdhfiueyr9348;kdjghkdjfghire
/v1/redirect;KMjZs0gBUpzfHrR9gaEFjoBe8WDYfIFxqvzJQvop-e22f9WcXU5WliKeGRDi;_QwugUel68oHTcoK
/v_Error/redirect;--7_FWbgHNkwkJH_Ya310Zw-SyoQslHVofgvy_quEnjzjJbMtwTsY4kJTqHx;ZZreS_Q_r2xDsubI
/v1/redirect;sdfsdjhgkdjfhgkjdhfiueyr9348;kdjghkdjfghire
/v1/redirect;GrbtNqvt-xBWBru7l_59cDf_CdEe4LqXiTqcB7mdEa7zHFhrSGjSEsm8Xjkg;APIOk9jYDhwhtmRE
/v_Error/redirect;GITJOiUcXYCbh3xlI6shnDydW0R5iykXPiSGD3qsrccTbkqMQ7_6KSJBB9We;U2JFc9zpREU9_Q4p
/v1/redirect;sdfsdjhgkdjfhgkjdhfiueyr9348;kdjghkdjfghire
/v1/redirect;loI3VgGjSUhd68Ep2pd61QecUwCrYpAudVUu0i9jKLgrtNP-m9L9YbPgoZnS;x010bDoL_FKk5yVQ
/v_Error/redirect;x9fEFEVjiy71-flZdctvDW9SkSwRPBMnyTaTemPuaiW9yxscV60uSXJHSer_;neIkGV696BD6g6Di
/v1/redirect;sdfsdjhgkdjfhgkjdhfiueyr9348;kdjghkdjfghire
/v1/redirect;Sa8lHBRfXRL1piYsNN-03qjF7AHEhyTbz7lPN3IvAgbtLGNnbZZXo5Xj6YPd;6EE4KHPe43LYr1pe
/v_Error/redirect;fYyTA8AllT_V8Z1fpBE59l9o1pWs0qKMf1zhstvSu_1h6OsItwq3zzjNTHaV;3goBR_HPpNok7F3y
/v1/redirect;sdfsdjhgkdjfhgkjdhfiueyr9348;kdjghkdjfghire
/v1/redirect;YkpY6PX0WciWSrsa2J74f6yZFKQ8tsWZ1Voyp8_E8F2exwuUIFSHV4oJ5A7N;i6XLco-N2LWwXFrQ
/v_Error/redirect;Z-0xnjIIPidtUbkAJDsuiNeazRiraF489cW8HtVMMSwKEG-0UrY0dbWq4emU;NPmmucX6wK79CLEu
/v1/redirect;sdfsdjhgkdjfhgkjdhfiueyr9348;kdjghkdjfghire
/v1/redirect;HPTrxOjiyd4bOltaRThVfgIDA0WrbUz29yAjJVzBgrcPEXPecsxI71ztC793;FZGvzorsi10uM6_F
/v_Error/redirect;qW117qnWKHaFi2bZNBhSragBzAMziflCOWXqYHb6o-8lIaZqdDeLoGlMRWK_;EX67uJctoI5BO0mP
/v1/redirect;sdfsdjhgkdjfhgkjdhfiueyr9348;kdjghkdjfghire
/v1/redirect;wvH4OqbtOK6gCn1_9RzmAwbbKdLz3G46FSfysKZEZ-tpyTGSzyNofIXl79uo;2XTHBmMWbXtWnXk-
/v_Error/redirect;E1M7X-tsWv4gEhV4OUSpdyV92eE2P3jXEz2L9hvhVMqyFoowYx1sS8mCRO0K;R8iAawqzT8rdgL3r
/v1/redirect;sdfsdjhgkdjfhgkjdhfiueyr9348;kdjghkdjfghire
/v1/redirect;FvXjej-mxL8irx6iN5r-YD8JeXn1RrQjw6rkRzoxK3B2PBflbohOz00mHY0U;YVb0yv8_EnCnTVpr
/v_Error/redirect;6hanK-x4MRL-HeD7l5P9NhewVX5Eg0UDlw3gXRb6Ma5RyLZACXRCPGmD5EHK;PVlXhiBgTvJaqjpN
/v1/redirect;sdfsdjhgkdjfhgkjdhfiueyr9348;kdjghkdjfghire
/v1/redirect;ROo3HZTKM8AY6nBYb8sAykL-GfNOr28Ki2c50sWo0UYTW0W3t81w2p_Vyoy8;ihci6Nb0zyCN31s7
/v_Error/redirect;MJWIgg2d9a95A2KWxPyJc6QLly_-V8z3n1egFgqwHe4F6MpeDV7aLU4juF_s;BfjjOzr4xx7gIuVn
/v1/redirect;sdfsdjhgkdjfhgkjdhfiueyr9348;kdjghkdjfghire
/v1/redirect;GSonGmpUkIQlyK3E0q3WxP60ZAMdz1zM6NyCqZHpo8yQuUG4NjYyDhF3hjGP;rxsVHWxgSZomsIjV
/v_Error/redirect;3WQI9hHsLO06uAC-ffxnlYCt3uu9ufDUQTVKwZWnTepzAzcQ3ZU5G0LJL2bU;jQbs3_2L76taLKz6
/v1/redirect;sdfsdjhgkdjfhgkjdhfiueyr9348;kdjghkdjfghire
/v1/redirect;vqiPdLyniPwQF4TPomuOyvMSByYFBIgH8i1aUPkQ1-PbOqfI6wdXnbev2Qhq;Miv2MQFLU6ZhCoVr
/v_Error/redirect;ys8-T4sGI_6BNAVQ3_rGeBUogoyHt3eIrHUxZuDr5-uRh2pgRRXzmJdfqcz4;1CssQ10Dam435imL
/v1/redirect;sdfsdjhgkdjfhgkjdhfiueyr9348;kdjghkdjfghire
/v1/redirect;YX-70rTjH8WbdCi67R6xN8aZwMkdqU1vh3g0aBzopIdqL87_kIs9sxWBRFd-;W7K0k-XJ7vuQj_lX
/v_Error/redirect;uwHF7fJmWwlezMz3n0x2INMTL9B94l9iNBymy7q7P7A8EJt06ggnLb90F7LY;OQk43TL96FfHm5JU
/v1/redirect;sdfsdjhgkdjfhgkjdhfiueyr9348;kdjghkdjfghire
/v1/redirect;ZrCBK_O0PjjfBlf5Do8nkttXJzJW0vOk_FhPhvbun5Gpnc2rkuuIbRR6Rye3;kTVx2b3Kx1IxMpri
/v_Error/redirect;rLijGWhkfeH7MW8wGE1cN_qEG0XCqtxYHwagZPZFjWp-FylYz9vR_NzZLpbw;QuIwI8MdL67Tlxzt
/v1/redirect;sdfsdjhgkdjfhgkjdhfiueyr9348;kdjghkdjfghire
/v1/redirect;UjSjXvVdnu5O2jXFuQuJ38nMm7ukmjBatARGzktSGqgZOU3lCnmLRIRKaOFf;UoeqVqY7qexvkIOr
/v_Error/redirect;8Dt4_MmepuKJENQMV9ZXbybZgWzeY9Giny4o66uWbcwa8EhPs8WtaIuostFh;TWkuBSWY_MxHsysL
/v1/redirect;sdfsdjhgkdjfhgkjdhfiueyr9348;kdjghkdjfghire
/v1/redirect;P8kP2zSl-w8b8exvWgEPm2GepTN4weC3typfoz8rw1NuvgBe4Mse3Aq7GMmw;2SyoJf6OxPLsPHFx
/v_Error/redirect;yWedhAtreBfiDUuaNzO2mtjlMVULJWX4qpLIGEPZjlPbG6ummUqW0zt0kLBF;3ql0rYKDK5KIMaCC
/v1/redirect;sdfsdjhgkdjfhgkjdhfiueyr9348;kdjghkdjfghire
/v1/redirect;FV78thx1uzB7QpRF3VQqXeIWRobsy4GBM9cFbjhLyF26hEXulLN68OwMDeqH;FBTV8Q2WqrRqZ-Iz
/v_Error/redirect;QwdaYJcD0xLrubKR-ffleE46LOUAi0uHIU6TjZNQnsCrs6CWgtMYlmwCfJyi;h1XpuitTuyJB1-jW
/v1/redirect;sdfsdjhgkdjfhgkjdhfiueyr9348;kdjghkdjfghire
/v1/redirect;1eg970k3L5ky4ZwM5cQILE7kKYZfvViAfDdl-a-fSwnswgmwB7Lylsj-EOUe;Zb4IrLCltjardWOO
/v_Error/redirect;WWFaOKyOC3B_6-KueI0uluwPDci0bi5KsPkj3ZHdDr9Y0rF4x_0kqhClY8jM;ObiaslNWPFUjSUZX
/v1/redirect;sdfsdjhgkdjfhgkjdhfiueyr9348;kdjghkdjfghire
/v1/redirect;em3jqyUjRB0B33rpOcdsLzqKRS7nxrQXE0cE_pi2V-4C4nuJ3b1TzOsmxN9d;fdrE-BaVVSlGmP-a
/v_Error/redirect;mGs-cHAhWvGh7a40oU8mpS3HCiHHE5mVuQlR2QMcp1yQOJHRpzuGwZ5e0NAh;ZI5-vTVjp3uA7uq4
/v1/redirect;sdfsdjhgkdjfhgkjdhfiueyr9348;kdjghkdjfghire
/v1/redirect;Rnc9xQg1kwRHM9yPN7lquJaF8DNhpsMFyuvhSlj31JOOwSke8bflYLOmNhA5;CFRmCnRBG6cxOVXs
/v_Error/redirect;OYJYv7HqkiD96vLJNLd01AOGfhxg1NRv2i8fR6fw_Jx8kckByb05jFDXZrhy;3qBkJ9htk-5_VqfH
/v1/redirect;sdfsdjhgkdjfhgkjdhfiueyr9348;kdjghkdjfghire
/v1/redirect;jrzfQiDF_v3VM7hqbQeUJu3Swhz3CgMvN27pEn1-RJtnZewIaHWr0BNecjcU;ssuzah3nX7VDnMh1
/v_Error/redirect;2BnuPqs_Ve3HuJUKxdStSrr8yqMENHQWAyE4ymLSeaBt7XzVBTXx1fPf3du2;LlfiMdgXdz-BniHc
/v1/redirect;sdfsdjhgkdjfhgkjdhfiueyr9348;kdjghkdjfghire
/v1/redirect;d3ffhQ8a80jmD46r0I0gufO6vAq3K2tn8zXH1vNGLw0xySc5bJmDUqC5vtd9;gef1j31CX3SAu2z2
/v_Error/redirect;gMeXQZ70w6gBNVwqvzbw8E8iOUy3aVfPzhY9vGqTzYUl1boOeok3P4mMuXrX;Fg1DwqdWuYddyN_v
/v1/redirect;sdfsdjhgkdjfhgkjdhfiueyr9348;kdjghkdjfghire
/v1/redirect;CMPmrUypRubC4gXMRHZ0pnQ4tIb7Demivdblg21qE4j421TC4ZMbKej7XALh;E7uQZM2akxBGmtHT
/v_Error/redirect;FRetsgdfsMgT9yXdCdfgJQWHV1dEvVxMQVZDVUhVfXHrQu3TA1H_e6nmOhb8;DfJ7wsk-LzBuUcu7
/v1/redirect;sdfsdjhgkdjfhgkjdhfiueyr9348;kdjghkdjfghire
/v1/redirect;ikmM77E11oqWSD_0XMWYJaS8kZL62u-WcFnRO35rGNVUmduUUfNGMQe5zBbi;Gv0_uWIrJZtF1NSh
/v_Error/redirect;GxTrPmm0-amMffwVV0Kw35nT0G_LvZ5jAzP3tjOJx5rNylC65pPT8gasVcbJ;3lC9hKqsXHMbMvq-
/v1/redirect;sdfsdjhgkdjfhgkjdhfiueyr9348;kdjghkdjfghire
/v1/redirect;VQ__36KWqbuhV3vzYD5gx1VE9RQl84J6a1_V8hMRUGEE2tYkx5BZA2--20bj;K9keA5-elX0QT9Uu
/v_Error/redirect;OLueLe14Mz-c8fPijhOJ6TbaVRhg4nP7Mfn9B2FABNgQnBCKhGwxWcF4HUM_;ezwGKzohenwPNBgO
/v1/redirect;sdfsdjhgkdjfhgkjdhfiueyr9348;kdjghkdjfghire
/v1/redirect;TaS6py3qbyeIZYQDQJuorzdr0BLD3zIosC1wto2H5fG9brTDV9xmbf6lvnws;ctI7bApUJuehdYQp
/v_Error/redirect;zJvOkG4pQbS-tFv4IEbtvZhOt7oWuCsW2l3vax8Hq8PFH-n5gXmrtm3STngM;mL4hAd6fHIenGg8I
/v1/redirect;sdfsdjhgkdjfhgkjdhfiueyr9348;kdjghkdjfghire
/v1/redirect;1q4aU7cwOHY1eKOxc8xGkqFrnM75vkLXWbOibLkthp8EqnI2271cqtawJoAZ;wvOb01OmWW97e3zF
/v_Error/redirect;0IlMi4qJRRKe-l7V3G0ExZn-cdYENb-umf29SgqlcGrwEODZNBRwZ4BdwtE3;F_U0LIlgLOBEwWiO
/v1/redirect;sdfsdjhgkdjfhgkjdhfiueyr9348;kdjghkdjfghire
/v1/redirect;X3TUD-PZd-lE-qO2-5PzyHEGbsFueB3Pt1CkGv-W_PhfJ3nw_LB6FeTj_OZ-;7BJivfukT6VtLS9t
/v_Error/redirect;CFGVPsNZB9uD1ujnTatvoeajVHOVKZJXjw0JDsMWZHiFWUrtXHDzrYv3KJsh;04l3iBXBCxE_PzNQ
/v1/redirect;sdfsdjhgkdjfhgkjdhfiueyr9348;kdjghkdjfghire
/v1/redirect;oxVo2Xqp9r9DkDhez_T2N9iKsuxIP34kzgVlKc6UNr7mCc3cJCvK2C6J3lxq;UOVIpNMoXHbAaxco
/v_Error/redirect;isa_05jtrRYAwh7OikJGeXv_i6z0bvxs_i_ISsbQJLcN8yz6Dt2wqbZ-apO5;SP3wcSCyPe93tq8Z
/v1/redirect;sdfsdjhgkdjfhgkjdhfiueyr9348;kdjghkdjfghire
/v1/redirect;B2-a_l6Wdm1mllbe-E1Q-8V1sNYDOPo6BSGZ2Skxre7SqLLuu-tJ1oO0eFFR;FYaP7-TYf6N4jFvH
/v_Error/redirect;9hEzQR1Kk_t2HPB5Q0KhWmpY7mD4G5Jb2iQFuHd0pDxukgAmB4pRvz7GLFRD;xNy39e93E0N3G8bc
/v1/redirect;sdfsdjhgkdjfhgkjdhfiueyr9348;kdjghkdjfghire
/v1/redirect;3NtmpOwe4aG9ziv3pvPoTdY3J1sSkQ-fOFTEBQ6PMeyodekVWSg2SKBhLi48;YsPIp_-khy_V9FWC
/v_Error/redirect;H1gKb4mH4UnybBCkYSzEjJvb8z6duN4aGMzuibSlzB8izF5kMrrLY3TLAyf7;3lfjkXS44UJjI867
/v1/redirect;sdfsdjhgkdjfhgkjdhfiueyr9348;kdjghkdjfghire
/v1/redirect;ubn3SlUcESroCY7ESP4P3uvTUIZTb0sF87Jqk18ODsPeY319oILkXE7IiUCz;8VKHTPUNnCo0dyDx
/v_Error/redirect;o2NQTyaH_jXYWtma5ZSXCMLDQj_JaTCZ7pUkTf_pnoeJpqzGtWIvFj5gxKwd;pfYbH8LTkODGU5Gs
/v1/redirect;sdfsdjhgkdjfhgkjdhfiueyr9348;kdjghkdjfghire
/v1/redirect;bS5Zqc2CkItX0S4xhpwYbh3zs-DOduAtnn6049wu8GO5AR78E2DNXc9BUFBY;E-L8j4UbneQQ8PjS
/v_Error/redirect;VHTzafBfagKiQsCfr9WAXR0ZpRedMb-AX8PeV_aq3hyoQJlxJ-VjcR9iMK6W;Du02la9LN2S6uLKm
/v1/redirect;sdfsdjhgkdjfhgkjdhfiueyr9348;kdjghkdjfghire
/v1/redirect;Oze4BxZZp1TApTVhhS9jVer7eebKfzsbTcxnfCumrrF0Ps6DW67UoB5PhGvE;XKxb0-WZBEnu4Mu5
/v_Error/redirect;Y1O6MzYrxU088z6fBs9y9lCW1L3FpWgE2XJP-CXL1Jq1mE_S22KRKv8F5vaF;HkXiPI8SpGo-Nxw_
/v1/redirect;sdfsdjhgkdjfhgkjdhfiueyr9348;kdjghkdjfghire
/v1/redirect;a3zTzL-xqzfJylK5gk1jymH_C7vFopqq5zq_gFVWAAhU8Hh-J-9G2vzOt8s0;OG-zloDtSek1H3az
/v_Error/redirect;_CA2cHVdOoa7uhuVoDV5mqBh1yWGDh2L5TQ8fUuF-Xufo5RJMcajene-dayZ;BnksKoG1riAD7ipA
/v1/redirect;sdfsdjhgkdjfhgkjdhfiueyr9348;kdjghkdjfghire
/v1/redirect;byD8bwLMkgIHiXDNvoftnvwkmNE752DOGmf-gApLH58UDAIxgJ33WKLKaEvb;EpAsQKH_udottw8s
/v_Error/redirect;XOU4dY1OHsh2Q8lOcxvGUROUNVsXywYGJJ23jpJRWxCWXHsR4RSlucI11ADP;IU2KQAMraMqAR_tH
/v1/redirect;sdfsdjhgkdjfhgkjdhfiueyr9348;kdjghkdjfghire
/v1/redirect;EHW4Oxyy4dt7QKTcm0OPR_HPdkV54sHY9y2x8FjLLQ_VKul161kLleIIutgg;Fo4sO3fIf-9jMVOl
/v_Error/redirect;uyiiN3Ug1bfrJi-bk6it0uUJIOOXE5a1DJjZ7Q9axWDBmmZvtufhWSMfsda4;LtdZTjI1trAVVM7B
/v1/redirect;sdfsdjhgkdjfhgkjdhfiueyr9348;kdjghkdjfghire
/v1/redirect;YAG5rZAOhB_G5O3n62fftqLHj2ZG74hwHrw85dSwZxoPuhPuJdbn_7nkHqg4;yvgsjVYWtuL1NmeY
/v_Error/redirect;f3rc7fV0gjXGXKf-CUE_X0zNF_ra2cHLOkzi5vOqAdOpvNH77AvUgj3pVW15;hOXFLA5DqreHbUKk
/v1/redirect;sdfsdjhgkdjfhgkjdhfiueyr9348;kdjghkdjfghire
/v1/redirect;ekAim6T7PaXmsHwf6nJ88tJTvsZ9upQxrrAVlqyjhj-V30DbwGIW9VNPmLQQ;mZM8lTe2qA3DMQwZ
/v_Error/redirect;PxBftI6Ndy1dou79_yOdiJOQERD6fLKaiJfFqzP014zxubon0J-uPPg-HhoT;A9Er9qXoHzpSkFNd
/v1/redirect;sdfsdjhgkdjfhgkjdhfiueyr9348;kdjghkdjfghire
/v1/redirect;7DvrBeMxxzwVwguLT9FIGssEyUgYgzOX-3XvCAWjmAeJvSImllTzMefjL3_O;I2bqxOChAgGk09jG
/v_Error/redirect;czHnPY8lnPE3E_d9fG_6pPrZydYdfV9ioymdKULqk1sQA6SCQpmPd0CdnPwN;C-NkS6snA_uApnVK
/v1/redirect;sdfsdjhgkdjfhgkjdhfiueyr9348;kdjghkdjfghire
/v1/redirect;RNz5ScpHt2V9iWO22OaAyt9aHk7YMhtbPXpQFui6k8ggAsHyhpjWhX3FHmry;_p74UvzRkLrTafGE
/v_Error/redirect;jHRk1S8rhC5XknZVT6sX4Uw1OPsbYludT-uyWK5VBKYyUG78I1Cx2Xf4iSb5;lZ8TpS6LpfG_XiJj
/v1/redirect;sdfsdjhgkdjfhgkjdhfiueyr9348;kdjghkdjfghire
/v1/redirect;a4_2VSIQg-i93yYE7JR4vAQczAZAv2wCxDdaskMThCgYegvS93wLPSr828AH;rKbeX9qbeFjCx_mi
/v_Error/redirect;7jdvN8OrHKjlbwKvRNJ4iWOp0Aj7XtK_IOzhvT9tcI7nsNJSujTmBXFQAVf4;0J5mWFYOBoV7eJ84
/v1/redirect;sdfsdjhgkdjfhgkjdhfiueyr9348;kdjghkdjfghire
/v1/redirect;KvcdPDCBTxYplnRJ-pdfVz6o0BNi_nc366k8YgyvhYLr1G0-_iFDoPzPZoVt;0iCfokTw3U8t-jx1
/v_Error/redirect;9EV-r0d81rnn6wlsc_1BOt7lsS3aTeJpnWJfi9bnuH34uOCPz1dm-0WIjh4I;Kqqy43mywVs1GPak
/v1/redirect;sdfsdjhgkdjfhgkjdhfiueyr9348;kdjghkdjfghire
/v1/redirect;lWQPyXpkRAh0IxamxxEhQihgHHW9oDSyGmRcAfq0l2oH6dJbS61SCrzG-bE9;RIIqzl3ajCF1I8GE
/v_Error/redirect;2d2HP57ocIU3LT3qwTKCV6L6b2ML6YBOY5EyC_TyJfgZw6A9fA0RAUMyS3Xw;JfhH3cKHsHjYFCh7
/v1/redirect;sdfsdjhgkdjfhgkjdhfiueyr9348;kdjghkdjfghire
/v1/redirect;UIMhsKjkfuz0UJ16ld5bN8QnXVLoCwSe3FBo6TmuZrpx_kPSkf9Xe19UXWMl;1YaC_98wMaGVNWpV
/v_Error/redirect;rpqBdrm-wRx4ETRd4Ks7zf200LytZ2kDXN-WZN43XZVJdnGiJ_cHH_Shwyec;cm6OmlaDj91StsV7
/v1/redirect;sdfsdjhgkdjfhgkjdhfiueyr9348;kdjghkdjfghire
/v1/redirect;GRPiqJgsbJi_71H1c42vopthIEV2FLkK0UFFe1Ul2BJnpplP91xrYdkinIn_;hdUyW6qie56nNrHa
/v_Error/redirect;tG15CSvr8YwZD0tFhp254QLmbaYDe9VZO3YEyd1T2HEFiLF9g5NIugS0GWUd;MsAHJSIA0p3OkuNb
/v1/redirect;sdfsdjhgkdjfhgkjdhfiueyr9348;kdjghkdjfghire
/v1/redirect;F0PvdchYlNKT7Wpq7wmK9NBb6_9U0ScPpYHrXUwgexYMtqyCyfZKPUtm5tJ0;i0n3aUhbYi9bw22H
/v_Error/redirect;Yw9DAx9a31_c40aiZMsUtN1RAo-8R3xMTeNsAkdt6JpJV8gYJGbMQHdTf64L;opOwROh69_jmIGzQ
/v1/redirect;sdfsdjhgkdjfhgkjdhfiueyr9348;kdjghkdjfghire
/v1/redirect;v9XfWW2VPBhmbMVCQeh2FTF98elE7U4FqduNfUua3PmRfbSz_JxifqtsQDYS;Wm0xdFYBh6eMR4A6
/v_Error/redirect;8Cu-0Mr6GIhKJPLXAF8q_9YJMPRn5h9ho0JZXegCb8Hf2xpS0laoToJbXjXc;kNeiNEeLB6di883d
/v1/redirect;sdfsdjhgkdjfhgkjdhfiueyr9348;kdjghkdjfghire
/v1/redirect;KmhVXwgc5X09EKOP0q7DeDDqJnj26I_by8HT2ZhW-dU-V-Zy8_-tSbs-hiWS;w9ASNfuPmM-bxeEh
/v_Error/redirect;yp3S5IvLDEL_mUOKkSnUbyqUqz81Qho8hN2slQ_XhEuuuKWEpvtG3Ljh6jh5;edKFdyZOZeAu_vUd
/v1/redirect;sdfsdjhgkdjfhgkjdhfiueyr9348;kdjghkdjfghire
/v1/redirect;dJy1Ki9jOH2v-pm7HYViaR8WOSMo45EUe26YhsiLaDuy6zN1PdTLEbqcm2qx;yunS6qSTK8N4fwZL
/v_Error/redirect;PPMbe0cm2WfB0lu9R19HX36A-aY0M-OR-Kj32p87fWwwWknj08bMk-fvJA5O;Zw_TOYJSMfzTV-jL
/v1/redirect;sdfsdjhgkdjfhgkjdhfiueyr9348;kdjghkdjfghire
/v1/redirect;xc3LSjz9GsOQKRuwy25goHhCLfvw80ikqfxsq45Mx3gHBUgH1CCWLlkxQ2UQ;ExgCNIlNUmSeWih7
/v_Error/redirect;8Q9dDT6Gs_fWodmnhnu3BBqVdWCV1wuJKB04zMrW6NgAwRv-gFS1uaHwD91w;2tWzg7g5EU30PVQa
/v1/redirect;sdfsdjhgkdjfhgkjdhfiueyr9348;kdjghkdjfghire
/v1/redirect;hWIo5a94km2ZKZfBl8x8GsaSGZQgH5JfpEPKcV8GoZo7pfM277MBIz9CFbxP;4Ugb0dvvPJtVmnp5
/v_Error/redirect;338ree7ZJ5FTwyZusp5wUWhY3DE0nujYvJJJG2DKy1r3TE5tDTBzwO2bGgaa;5YVD2PXPp_ztiBzL
/v1/redirect;sdfsdjhgkdjfhgkjdhfiueyr9348;kdjghkdjfghire
/v1/redirect;mOYsleXwlN58JHbPZAOeceeByxqEyhhJ0cXB9nZLyiPNWtQpn-q_FnB-ioq9;9ygSXUf5vUbQIY1i
/v_Error/redirect;ay99U8QmYMEiIwReL3ZDzYudmHgGn8SgrBN1QVwRDlmy70yf3be14vfJ8_kJ;YFLvRiTGrYUL1oLw
/v1/redirect;sdfsdjhgkdjfhgkjdhfiueyr9348;kdjghkdjfghire
/v1/redirect;I082Gpwwed3qxctt_umACMog4w7_TtGhSCm0D1dsJNgraE2GIXO2z9Joa9iF;29dblmRcwpFbLKbQ
/v_Error/redirect;Zmq7mD2mnU2erGOJc8AnelzFiiwOwQ_2cZAh6nq5adbG5bPr9PJbfJSQyh_3;tWjOALa_VyLrYNmU
/v1/redirect;sdfsdjhgkdjfhgkjdhfiueyr9348;kdjghkdjfghire
/v1/redirect;eaL837j_Rh-OxH1VFO3DgJ4ngAT8eromBGZTM7qw8_p5rjAI_4FXpTC0r1Cy;p18sqw97f3oohNxf
/v_Error/redirect;IIE2T7vHnMW1B22CtkyQ4FlwovySiDBPznKb_Kwz9c7DEs3N9oLrfm38XcBn;tr62oXTFJlCzmFEM
/v1/redirect;sdfsdjhgkdjfhgkjdhfiueyr9348;kdjghkdjfghire
/v1/redirect;TWhVFrAAqju6k0EDY2iJIIz82ywiN0BDytOgy22VnanLMTgQlE1wXra4Zltp;sy9vr2E2-1Zi2FKC
/v_Error/redirect;8m9fNVjGw_mp-SdaOatlyptwgKQkExMeB4yEF-Sc8jdUEQkZKu3nlSb1NDaV;CvzmF92MlG5mItox
/v1/redirect;sdfsdjhgkdjfhgkjdhfiueyr9348;kdjghkdjfghire
/v1/redirect;b-Bod9NbOa2XXAEF5PzruAhD06b31dzil3focB4qUzmNU45Q449qavtXpDJF;eqZxsgfPJTZ2hFo3
/v_Error/redirect;KZVxocKjNZBUJpM0oT3NRW5tH-D9OmfBKM0oDtlndQ9Kv1PcC7a_7J71tupk;dPfWKXnuPdHPWO57
/v1/redirect;sdfsdjhgkdjfhgkjdhfiueyr9348;kdjghkdjfghire
/v1/redirect;ua1jMYPlqlsl-g9TXAAkh-rHScKsMWMkDT-ddrJmoT55xjgVjorT7CtpFfnP;FxJSiTENI8pbFzFx
/v_Error/redirect;kH4ttUuvuZZRyw36_4RtN3fJeiJO9359aGpCK-7nL_Nt19qoX8_jryWWiPtN;J29KbCNPpvsqk8zT
/v1/redirect;sdfsdjhgkdjfhgkjdhfiueyr9348;kdjghkdjfghire
/v1/redirect;QXdr4pMfPXIhoV4GqEQSdIXaP5HHnmBRkd4cwZKmeUEVYq3i5RvONM9DP1wC;pY39QEp_PjOMCA2-
/v_Error/redirect;xQzcuhCEFIBFRE7b0hZehGAIrP8JNTn48lLzHK09QDmI0guinWgcZTjb9RcC;mVxxnDECoMbgT52h
/v1/redirect;sdfsdjhgkdjfhgkjdhfiueyr9348;kdjghkdjfghire
/v1/redirect;4nUxseETHh7OC6xH66QM_s-9OGuUbyccqC0YXUGTO8iwO2sQRVrWin5CTgN1;C16QDA4tsgU1gJUl
/v_Error/redirect;8q720bVjfoTpLaK2kL4eGSQSLjFYPROYxibh-9ulEC7LeLZd6PPY6t-7QnbU;UefYZopqL90hTsyw
/v1/redirect;sdfsdjhgkdjfhgkjdhfiueyr9348;kdjghkdjfghire
/v1/redirect;Eyyzl2Mkn2MltapEfg4B0BN3y2_9V68jLI1g4AWoeaNdrDMfgoqLfWbBe3Xy;124cPE65KQgG2rbv
/v_Error/redirect;OLiS-MjgdXnez8qB7RHUupatZ6PQo32mB3Vp65SWFNCj2rUWI2sq9AeYYZni;dPxUdihrLgXh_JWa
/v1/redirect;sdfsdjhgkdjfhgkjdhfiueyr9348;kdjghkdjfghire
/v1/redirect;YYNJULDKcGoNjnZI1FrZPTRsSkMrlpnGN3jKyFwmxDEsP4jriIAOiBT8j850;14QBHZvE__1NNK4o
/v_Error/redirect;yAUJ1_pUOZTkHQeo31ENGpRnR-q9OErptWaHUkOikwL1-6HtBUEnYopRiZOI;8_YCzjdInG-m21e2
/v1/redirect;sdfsdjhgkdjfhgkjdhfiueyr9348;kdjghkdjfghire
/v1/redirect;bGjtIggM63NS0kfsjsKXAa9kmzYQDhLjUMomBX2g4ymHCn9-E1cX-yeox8UN;7-FKd2_8FSTSMCpK
/v_Error/redirect;B7S5ipNEaqR-0G2hNfe1E54HpbapL6BQwYXY4eFoztV8mbIUr8Y56uYVFg4s;LRfMLGPSRaQfaNY7
/v1/redirect;sdfsdjhgkdjfhgkjdhfiueyr9348;kdjghkdjfghire
/v1/redirect;fiGFFlkZwGrLGzwaKY0po0eIsocx7c2AUKo7e84MR2JxxU7BX6aF94chx7Sr;ZGeKD8uyWR2SVdhK
/v_Error/redirect;AekbCzQrMJy_J1kLB91BlXB_LDHrQ4_9l8CW5nCobY4RlZtPPPMtwcmd-f5L;hMkVB_fzOJ1HAGdH
/v1/redirect;sdfsdjhgkdjfhgkjdhfiueyr9348;kdjghkdjfghire
/v1/redirect;0OZdrTEBBCk0EZq_x3_TJ01YKrjoZ5xJmPg0EGDRfvqoGrlh7ccr5NbXaRwI;O4TWkdyLhI3wE3-t
/v_Error/redirect;ArzVzSaqUKzgOhisQMojO9c0oz57rCAa5N1RcwTJAqq2_HfOxxA4oGvfu88w;OCpPqTSMEN9gjgeb
/v1/redirect;sdfsdjhgkdjfhgkjdhfiueyr9348;kdjghkdjfghire
/v1/redirect;4aIq4kwz7YaOBCC1G2P0E1qvoBbF9scwBpDvNwsDIJpkMDLf1A_l8dSNXuS1;On1K2MwxDqb9Y-lJ
/v_Error/redirect;6A8VK9ZYl0uxVW8x5_xJJXpV26RR77Z7HeHR_PhIEmQgY9hAOssUMOc7-2ag;X8iO5YGVEKlkR_zK
/v1/redirect;sdfsdjhgkdjfhgkjdhfiueyr9348;kdjghkdjfghire
/v1/redirect;j_LRiM2vHrhO6sTekg1dcT9M835YQnUAc0PxEeb6nESw_W7pJ90Jr7KqSPBe;WSMDdqR9vTRRkJB7
/v_Error/redirect;_WD5ybeBRRNimpAhRqTrUSS7rtBSczJBUuYoJgILtPc7GjmUOoy-LUfaI3iy;vsG_bmbq58FOwjx1
/v1/redirect;sdfsdjhgkdjfhgkjdhfiueyr9348;kdjghkdjfghire
/v1/redirect;P73z93Q7D0Vj_5IPKE_jY5UHsLNA6sB7PiST4RG_wQ8eqb5b1vwdd_wgcx3k;hzp5GOB5-C5Hmi4d
/v_Error/redirect;MC3G82WlmoM2IWYbO4JeUxRivCQf_fICV1HlY5k5CfMlz4J64U85YLTbqPnk;q1fETHPqaydnVIVH
/v1/redirect;sdfsdjhgkdjfhgkjdhfiueyr9348;kdjghkdjfghire
/v1/redirect;XZVkdFo4UFfHQRt0_j7opMHVEhLjEXwgROefRmiaOGy-mxkTJvS4DEaJ1b4w;dO-bW1rpOa6s1DZm
/v_Error/redirect;lJ2atu6G2xvecCZ-9zCia2t7HeqO39GXdbT_QSDGTllNbTi7JZDmcE5HrFsu;WATngfkmHnhUc86_
/v1/redirect;sdfsdjhgkdjfhgkjdhfiueyr9348;kdjghkdjfghire
/v1/redirect;1h7N6cv2uHR3idJk39tQHuQ4Zf-eFSJPPyULAbh5OAKNo2ZPBq0wrBzSO6JC;u-aY0EoEPlBh_epF
/v_Error/redirect;QibmGav5iXJQyw3BNZPb7DhIfrw5YnmutjF13O9N0TdigGZ1Tvp2N98P3vCg;vaGZWGkVaEi0CrYu
/v1/redirect;sdfsdjhgkdjfhgkjdhfiueyr9348;kdjghkdjfghire
/v1/redirect;cGU3rtJRHl9IzgR_FNG1L0I-p4Za-2Y5d4hEoKGtpTggcnjYcygkzM8X9as5;a6BzgLRUk_bSKvYB
/v_Error/redirect;L4DGajTbYPf5MadhmVQhqsjUcFZCL71w9jFMF2mq0sx7fRv6KZ9x81C26Pz7;cZiWyktwD2i6npFv
/v1/redirect;sdfsdjhgkdjfhgkjdhfiueyr9348;kdjghkdjfghire
/v1/redirect;wf3x7ddZl2Ky8lNnSC2yeMuQnnJV1t1_RiPLhrokJC7kEl5VFIi5Ni9gNvYD;-VBf2y_M3oTSRyLM
/v_Error/redirect;PPl2lVGxCU7fuRGPFfrqA8AtvPIVzW4L0HM9Nmk5AkVCsYiKOwFNjZTifgC-;ew0k_fqXOXesw6SB
/v1/redirect;sdfsdjhgkdjfhgkjdhfiueyr9348;kdjghkdjfghire
/v1/redirect;R3VULkj3m7OPo0zDDgwdb1CQk9ZIiv16fwoosH0ZVyi9rRBxxcNa_QdaJFfs;Svv4RPk1DBEVOcO1
/v_Error/redirect;G4zd7dR4hqflsyTbt4_7zjfXsPn-heMcQj7Rrn1QINOBqPZiHypiqnbnX0yj;nUHPKXsZBZPSBT8E
/v1/redirect;sdfsdjhgkdjfhgkjdhfiueyr9348;kdjghkdjfghire
/v1/redirect;FOcYB2MX8xFduQOQ-NuYm_q_6--Igqe_UI9sa8_urKNhGfscLYJFjxNyfnc2;7XRHFcqh0QobZAb5
/v_Error/redirect;NUATYC5lO8h-r3Cd48LTHdxbP85Co9FO2Zdm4XU3Hk-P3WusvLsAyK3co-18;XxB3ldKuekZkJss_
/v1/redirect;sdfsdjhgkdjfhgkjdhfiueyr9348;kdjghkdjfghire
/v1/redirect;nhq5aNlDXe69uOfTOPWB-nTBxjlbnqoUorIfYprGN7pHlV63_lXtAEraA2Yh;QPMb1Tm2BpQISTL2
/v_Error/redirect;aBMf_PKEDBA00SDNxdOAtZMbsdzAtHlLoKbNI1cF64x65010ExY7Oi4yyCu1;YFMtbifZi82DtUkc
/v1/redirect;sdfsdjhgkdjfhgkjdhfiueyr9348;kdjghkdjfghire
/v1/redirect;GolRVxCn0u9UB1QlKBjex7Fh6jgy-u_KCfN_eyVNNkfD6DaMhcx1kn04RJE2;An7e_G-JGm_yh3oA
/v_Error/redirect;s9s9578OworpWq_-45YCFOV_IJ7pd1jPjwdpWsA3Ixw-5QYgY5_AeDZZeCHJ;E9aKVnlPPOrbsjK-
/v1/redirect;sdfsdjhgkdjfhgkjdhfiueyr9348;kdjghkdjfghire
/v1/redirect;YpLqwcv8kh5bu3sHjcZrzm4A5tziaOMAJGnAVNFav-WeWIG7NzS0eDzwmXXt;NOt3jLFHokVB0C-5
/v_Error/redirect;G_eGQeapeRQeDr4incgXLl6OyJ681ysXqnkchBlmtL8bCuM1XsHZ4pO3833u;xx5TsGsnVJ6--QsS
/v1/redirect;sdfsdjhgkdjfhgkjdhfiueyr9348;kdjghkdjfghire
/v1/redirect;uo3ShM8pQEmGeBwyYXepFj9viDkzcuG2Jae7IdSUVfm14FdKXV7eASaLiF-w;_1hh202I2W61P8h-
/v_Error/redirect;jLAzOM3OFXwUA6v7BmhjLUlGUbKl3lQW0IQgUwhh1eZ4NQ-172eC0muwos3Z;eyV6xR-VICnzIR5T
/v1/redirect;sdfsdjhgkdjfhgkjdhfiueyr9348;kdjghkdjfghire
/v1/redirect;vYiwdxTbg-Poz_9r_kMouZ91-OeX8y17iNkbSFq5w9C27Ey01E1lUjfWkfD5;hLknL9kqHXng3JaK
/v_Error/redirect;VeuUoVHSBhvt4FXJeDx6f7xg-zmxuaYRKEFjdMdFYMKOpK7LA1ypUxdjstMo;_o_lpahX6f8uqXLX
/v1/redirect;sdfsdjhgkdjfhgkjdhfiueyr9348;kdjghkdjfghire
/v1/redirect;8Du627IeXevS7f2-9C7CvLq2jJU8IRb3tcixY6yGNOqEId_Xaa-X8IDuJx93;3DPS1HAtYz_BVpte
/v_Error/redirect;5QSmWcc7bPsQ40Ne2P4v86ZH0YpO0uye6wb7-J3phIPccDcxG541WWdzl-1Z;0zL_20iqusLnVbBK
/v1/redirect;sdfsdjhgkdjfhgkjdhfiueyr9348;kdjghkdjfghire
/v1/redirect;bO863_dqlH6VKYt3uH0kXC3ItkPCGljZOH2e6kmoLeeiWhdaa3KJmINGmFS_;gTXiRncnoxkxIMlI
/v_Error/redirect;YsWT8uBOuqDw7Diq2AmX4EDfaya04pvsVqz7wUCW2fKFXvy3dw5-qrpv95pQ;3FvVBl3W5lCenCQw
/v1/redirect;sdfsdjhgkdjfhgkjdhfiueyr9348;kdjghkdjfghire
/v1/redirect;UKnhE7_eKJxTySJ2oaJo60RXcCJji5SD3EhfMMOtCLe2vgN83ufUD_Sh1mWU;3z9DKJD4EJEoUTHb
/v_Error/redirect;totsohNU_v_tsa1sfDbDmczOp-lgqgujveFJ5CWz1g7LDOAjN32rJlumiQum;exML0LaFrobh1E5-
/v1/redirect;sdfsdjhgkdjfhgkjdhfiueyr9348;kdjghkdjfghire
/v1/redirect;V4T2jbw307eOxy0w9RlltP22tRIV6x3rVoGqF6U3Wtr3wK1hAm7qG2W0qxs0;FRVEq9t36-q7Hayc
/v_Error/redirect;50nRloN0zfJZ-V43SsIwNn3hu0H4EYsr7qIWIJ6QfoR8M0mfyGuaFFvPKXyr;sjcK7FqkVsvsEMqY
/v1/redirect;sdfsdjhgkdjfhgkjdhfiueyr9348;kdjghkdjfghire
/v1/redirect;t5zL_XGDi_krApDBYF9X89Bki5ff4T29rmCLmibrODkplCPR2fGk4TroAI_l;Re-OuChyLAuuqpf4
/v_Error/redirect;jWr8RTP-17rEI5MLcrMUWYvKS8LqHV0FpohntlNVN65o1g5B9HBVzPy-MYg3;zbqmil2p6Pr8OXRO
/v1/redirect;sdfsdjhgkdjfhgkjdhfiueyr9348;kdjghkdjfghire
/v1/redirect;bt3BzrfqCe7yl_We0Ijl6gviLnE33frivA42wGc0Y3de4H3kDMb6FEz65ybN;8nK0RxVD7txoweRq
/v_Error/redirect;3FQc0zh1RAgkq8ZdxG59yvRNQSJmzW_G5kxR0ofio3PeTC9kWE8zUAekuiG6;qhllHVlsARwME1qv
/v1/redirect;sdfsdjhgkdjfhgkjdhfiueyr9348;kdjghkdjfghire
/v1/redirect;fmRblrd9mw59T4AjlBDjufxqx7tcaK_hAE1X2B5EKYAzqFyaTvbClN68J3Jj;Z4genrfBCcxsvTBH
/v_Error/redirect;EOW4Eic33X0Js-O8K4o8ALSwxpWGxbJWtOAdtBkGxfFVIxwOYWvXIz9ytC_S;mZDriZWJUQvvLSU8
/v1/redirect;sdfsdjhgkdjfhgkjdhfiueyr9348;kdjghkdjfghire
/v1/redirect;113ZGBAA-qgf2kKB0WfuKf3iZ2QIJ1di9FVPL14QUVma0aBdhqW0lo-jaZSf;FwVg4mJ2JcDGhrOz
/v_Error/redirect;wGVqpWkrmTrh4y657jWBVGPOd-1X4Ovrfap7tsmkUgDk_AAzT6X2x6_jSWvF;vHslBRzH0vpHw_ub
/v1/redirect;sdfsdjhgkdjfhgkjdhfiueyr9348;kdjghkdjfghire
/v1/redirect;syRwXtLLpct5b_u5czXz_GZlULx4LgN7D49bjRzDkU1gLX8uubzGDryGYDZ8;qDIPs54Gyjf7j72-
/v_Error/redirect;qyBQiiwE3r0fS-yPSHys1kmeghvJm-egsxpkcBsk0WDaWz8-kQDQF1X6FGut;G7x5rK6z1JUFejN_
/v1/redirect;sdfsdjhgkdjfhgkjdhfiueyr9348;kdjghkdjfghire
/v1/redirect;UjBwkYDOiORNlDz0X0ISMOB4H2LJreeJODAnpu9xwJW8OhQTsi2I9x7uI6mB;HfcBrDgxVdAEKy9n
/v_Error/redirect;OUjgKyKZuoeudLazVHMimaFQ0s8oVqxfA1NBXkTGSnzvry7USDO5CPWqsKx8;jSrsCAkNjiS7Oqp8
/v1/redirect;sdfsdjhgkdjfhgkjdhfiueyr9348;kdjghkdjfghire
/v1/redirect;qXVRkD6uJi7ceHcKkhcqA9E5WIfLG-dhVX8Yi1O-Hg7HxTJUv6dsV5hKNm1X;zoLoNq-WSMb5gpkV
/v_Error/redirect;RfPWsimCt4Bog34aZnumQvKGr6B3-vh_YHAka9zj7ZOP-f7tpaX44JNpd9o1;zBZrjl3o3Uiy6ape
/v1/redirect;sdfsdjhgkdjfhgkjdhfiueyr9348;kdjghkdjfghire
/v1/redirect;-7IxJbYLewYXUGMJhpBztpWn7RMY1iASvu9K4zsjcWB5ZriqsKN66ZgFc4v0;6iu5zyIqL6s8UgjU
/v_Error/redirect;PMp3_kDlNqvYqISTEb_Hs0ojUEhfBz0dUkWTKYL4a-L-w1ahZdmlrSgkjDhi;m3xGGWmu5ANFAfUH
/v1/redirect;sdfsdjhgkdjfhgkjdhfiueyr9348;kdjghkdjfghire
/v1/redirect;9WFXzy_sTmO4pJIEIUPuR3OyfZDnda-7V1GXj0TojpZem46kKVibcaNT74vP;kgxTJdI9qkkTQsBt
/v_Error/redirect;FrEJVPBW6blkl0tdqnVd6kZSuXbWljjT05bf7MJrrM4SUmQ9DhHcVxeFZoCI;0SNRszIt3eY3kA1J
/v1/redirect;sdfsdjhgkdjfhgkjdhfiueyr9348;kdjghkdjfghire
/v1/redirect;6Ni1qd0eqeiped6_5yOwX_IxqM_f4qJenfxR3jeQD7ONhVb12ShZrUk3Q5p8;DlXOdLYalu9nMT0t
/v_Error/redirect;KXSemz0w7PkBg79yKhPppkrTR84MmGgeqNczu9flaC7YtMiOAYOY8MyWtIsC;jRaO0C8h5UC7shFo
/v1/redirect;sdfsdjhgkdjfhgkjdhfiueyr9348;kdjghkdjfghire
/v1/redirect;cUHaffcVFmbI1H-5F_ducT_Ps8M8AkvAB7O81X7sSWGVmvWSPoRoaKlPcRnf;nwBuISrmyDjdmI8e
/v_Error/redirect;0WQvOOxp4LrIv46Q8nNRENQQhXHV7BWD0A_zYwnXqn9ygWEl12QKaiZmkyhm;pYinGRxDavAkpW4P
/v1/redirect;sdfsdjhgkdjfhgkjdhfiueyr9348;kdjghkdjfghire
/v1/redirect;tVc1KmIEmQryTZ7ZF5IrqO1iEcSE26w2oIGKDqORKNGT4DtbospH9K5Pih3_;mkmjjAC3IMydQNnp
/v_Error/redirect;jtoBP2lCyqyB1zirhcDtxUgq3m6osjFAi96n-W_M42OTmr39F1V1u3zzcwsk;qz2C8keV0TaOzn53
/v1/redirect;sdfsdjhgkdjfhgkjdhfiueyr9348;kdjghkdjfghire
/v1/redirect;bjBUyajE2gKvGT_mFzVczf2RODpfV6HSOtvtfmFDUbsTZIwaWgUFhG1A2hIG;VbqYXfbz1rcZKtSl
/v_Error/redirect;JA7A79_Vt_xPHjXwp-Gmf2LwcPZVCSBZ_aXSmJT-7BkfvZh5r-epKQb2PHPO;hpoyeoHBV5JYgjCr
/v1/redirect;sdfsdjhgkdjfhgkjdhfiueyr9348;kdjghkdjfghire
/v1/redirect;OJpmBsUNFZsGYMWhlTfajB-qs39hhMGwaNaOYiQyfczGWGNnofEBCwg8UV0D;rYXbcrasCs_nsrp3
/v_Error/redirect;okUQNpIGvC72JXtBZwcwQrtdexrKOztTryC--rqWF4M_cjaPs4o7JNChYdKS;Cl3nH7jk1uS52OdM
/v1/redirect;sdfsdjhgkdjfhgkjdhfiueyr9348;kdjghkdjfghire
/v1/redirect;2ZrWNRgpf_YxiVKkteZT0JVpvuJh9iIrrssLE-nmliRChYiOBjldAnOlD5Ns;08wiLE-AKtNPd4YA
/v_Error/redirect;Kt_VhZhX4hMJOwu2ay_lb0JX4Qni7brc7l87lhj3dGpSkQB5xkHEWXfiepn6;mOOy6Q_ZHM4c2-3h
/v1/redirect;sdfsdjhgkdjfhgkjdhfiueyr9348;kdjghkdjfghire
/v1/redirect;viTauj6Vg9rT6ct3lYvulHmwWnwgCqR9vW25-ZClddqxg9IymhzKAytfwN-4;--Qi1C8vjyrB9E0a
/v_Error/redirect;WTIXTD8wj4at8ID94Yf6KwDDEBxkPJwrr4iYyQaU46cW9bwhWDL17yeuvGNg;KdR7sxskL5Puiji_
/v1/redirect;sdfsdjhgkdjfhgkjdhfiueyr9348;kdjghkdjfghire
/v1/redirect;ZQnt_Odg5L56augmGvi93A7RXeyWPl5pnRNhsRxa4L_wBNz8yBfNBPsDzPZj;4SVSw0XghiSmQ7i6
/v_Error/redirect;KwF3rgaq_XJwwXXcTavOG8kmf49TVMJMQULAR77_--9xKG4vCxeNYhZwh5iD;0beIe5Hax37-aDZc
/v1/redirect;sdfsdjhgkdjfhgkjdhfiueyr9348;kdjghkdjfghire
/v1/redirect;v6gXGzGxX2plW_ZuhcUOD5czFDVE5u8_wfaEngVHJgjtidMUipUtcJbxzLVv;Lz8_PreF8SiGVYlV
/v_Error/redirect;rbBNG15pzp78kaAQJIzZTBbGfNmFFdWghuQIhDy5_2ZWK1LA0Vjc4adSJqGQ;-kbQiuR00ab4J-UE
/v1/redirect;sdfsdjhgkdjfhgkjdhfiueyr9348;kdjghkdjfghire
/v1/redirect;Ggcz-l1qTpvbtplEGI_Eej1mNFPa2PWr1RZeL5hpyiUZF4v1SK4Ur_wpcFeL;r1m3h4secowQSdru
/v_Error/redirect;ngJas93OMiLSLZbqePPBuw0EYTJ7_wxwtapuR6TML8se_OcfLlKHy3L_BlLS;vVOmxzFos59RAouk
/v1/redirect;sdfsdjhgkdjfhgkjdhfiueyr9348;kdjghkdjfghire
/v1/redirect;uDTFsYjUsrE-SgWwJlbTAkmr_oLDkEWeA3ZCBZAfZC7eEo-s2eT_8z7GGjGv;o3c_-gU2T7bW3HWr
/v_Error/redirect;isUoOCmczx5jw0Hx-wreFVxr6BYv7FNouFZBsCh8KOzVlav3bRh947TLMnQO;Cj8-sgvFBbA4akQu
/v1/redirect;sdfsdjhgkdjfhgkjdhfiueyr9348;kdjghkdjfghire
/v1/redirect;e_rjYO5ywbaaPf_gnVgzsrKKVbjj0J5pDaP5thbYx4KSkhLm9pT5UDZTEkOX;RXMZmRfZas60iQF0
/v_Error/redirect;WarESqk9h3foBpJc34eVu3UMQ8_yGBOBI5of18bEINVn8yWi35OwitZWlS0n;-2ogc9r7qfpbtDIs
/v1/redirect;sdfsdjhgkdjfhgkjdhfiueyr9348;kdjghkdjfghire
/v1/redirect;aSAOaJSyTlVzAFjaCJUcxOBDaE9DvsvEMsV9WsXQeKmgT5j-an0oHyTXmlrW;CsNZha3TXwpcvDeR
/v_Error/redirect;AM2Ew6FM0BqgBFea2nUzTv4g0SsHToI8C7q33qf94yzv1C3yJDpRyqFEmsDy;Z9hlfAmoy3OE2B89
/v1/redirect;sdfsdjhgkdjfhgkjdhfiueyr9348;kdjghkdjfghire
/v1/redirect;HDHv-4eMaurfmZ__jwr9H0dKQxD3A4aedsEGHxZ94ipRuXgJBJMH_wA4Hynb;_RckKe5eSz9vWbV5
/v_Error/redirect;4vneYQcXCAXSB66sTEtqKB0Ag0uHGoFpL8KTDYK94cB1AjN7PhKhg5Rd2t46;Ettsf0ytdz8i8-Eu
/v1/redirect;sdfsdjhgkdjfhgkjdhfiueyr9348;kdjghkdjfghire
/v1/redirect;-ejJ7_ArESxZzDSXriD5y7xeCMDkipE0ZJ8dJdEC8C1L-hjxK8SqQc9rWxni;LpUNGBsIb-2449SE
/v_Error/redirect;58HzK7-Npfrlw1_FcgeVGNgZyJOzGE8twU3h91vBS2U33Tt6sE43CT-b66RH;5JRYVo8zBdMqHTFF
/v1/redirect;sdfsdjhgkdjfhgkjdhfiueyr9348;kdjghkdjfghire
/v1/redirect;u0hSeZIurzORewi_hpwtwXkEZhpEq2mEoCGYVmVRziTPbjK4inY4AY3PCiRk;pu8blG5bpvEOD0pb
/v_Error/redirect;zLG1hvHy4PX1QFsvawYVJY6aznBXVFum96FFUpUZjndJbcZmXAk6phAIMeMp;_fpEvvG3HlYv0p8n
/v1/redirect;sdfsdjhgkdjfhgkjdhfiueyr9348;kdjghkdjfghire
/v1/redirect;5s1YDcnuwEN5sRk8HmBaEAbhbDk4kKYvC-V89VKV61ALmV87Qy2Mz8CdD8zU;r-TJ1ukIzsTBp4jv
/v_Error/redirect;Y-eXf5NKF4M2xW_k6c2HXaMXiH0oBX32izvmVrMqOdoIyMZ_U-4SzCKFDwJE;dJmEZAAwTWuGlVBQ
/v1/redirect;sdfsdjhgkdjfhgkjdhfiueyr9348;kdjghkdjfghire
/v1/redirect;AE90XKCJqSPvr7kSrvkJDyLOsfrBPtwSeNUHB95dJjcJ0LbFrqAxqZIDcS84;cPNl_FQaCvbGzztJ
/v_Error/redirect;_NlPWvcZf8cK-l7ULHNe4HUJ1LJLcXf_c5y9ApbOSDXlLJGQQsUJ8GsOilYn;RS897Wkq0arBYZqJ
/v1/redirect;sdfsdjhgkdjfhgkjdhfiueyr9348;kdjghkdjfghire
/v1/redirect;Mp0oGia99U__lpHkyhmyBoNqe3EAkaVwvzHuTUNaVkVNsTwGIT_Qis214JbW;7EZCtK0i5Mz03T5R
/v_Error/redirect;9_-dYZUIJplp-DpQo9TZDBZw96yIVmbOYyKYRl1SFjaKtQbQiu96_E0tq59k;YDWkUaiK2yXtOyvh
/v1/redirect;sdfsdjhgkdjfhgkjdhfiueyr9348;kdjghkdjfghire
/v1/redirect;0fYSjnWt8IMn3iZ4HdEuiuAARzQVwTkGMW6cl-2_t21ugJxs9ApZ0zdwLaRt;UzQevt--TSdZ4RYu
/v_Error/redirect;9Rpwpg1R9FArCvsRp3rn_1-FCBa6aDSHNqynHK_jaKG9-fvexbodSFy9I9nQ;zOgCaxVadDS3gFlW
/v1/redirect;sdfsdjhgkdjfhgkjdhfiueyr9348;kdjghkdjfghire
/v1/redirect;84iOsER33TtQSaetw0GmBwUwKasgTAOzZLvUACTc8gPMpyNnj5QLunioe6q2;WIQY-MqmFztBJ4CF
/v_Error/redirect;aBe8MbpQrRNMzMoDGunDqA6k1osj5y20b8i4qkgrRixQZeysYVC1oT7B3tKL;RWjPz5zApvpDOY03
/v1/redirect;sdfsdjhgkdjfhgkjdhfiueyr9348;kdjghkdjfghire
/v1/redirect;7R7PzKu3VHeTLNBkByVceobjTUOwFaZk1mJ92BjciKQZImfOqyRXSh1C-6I8;to0grnjoUzApmNJl
/v_Error/redirect;UtNn1DouX7zDipsNGLNqiA6S12BmOshEKdC4ODaAIiDRkWLtEw76X3yoTFvg;7y5iUES639QbSaN8
/v1/redirect;sdfsdjhgkdjfhgkjdhfiueyr9348;kdjghkdjfghire
/v1/redirect;dh50j924fX7QDWY_LbptLQCJuAk2WNl5bG-B6nSQV5rU_46Bzu5V18qYxPiT;14qkMFxMThhQ2V5s
/v_Error/redirect;bpw7YI35dGYDngtOLoFusK3H-WrU6D3aoCrqUfzVnn67r4mi9irj-Yw3lbAY;GF160KHJN-reFFDn
/v1/redirect;sdfsdjhgkdjfhgkjdhfiueyr9348;kdjghkdjfghire
/v1/redirect;GJqtDioW5UfpcpUGepKVPcCegxRvUsE6-M42Cd4oFn-NqidlbYNiYImtTlwd;6xW1bfAuqPvXUVeK
/v_Error/redirect;_0R3yAwzr0TLeOHZMP-icC1GB0keddDcpkkd0BfgbXWx9mpxWt-tcFYVMJe3;e5WBqXF-WobU_aiK
/v1/redirect;sdfsdjhgkdjfhgkjdhfiueyr9348;kdjghkdjfghire
/v1/redirect;2TPUzfiAxcdkQVy2DnKxYwMLrmFUNLo6nXeeUZ8RukqfSmxTv-TQKoTzpGz4;owzMQjH_dh2HcveM
/v_Error/redirect;jN7pkc3TlcgtH7v5LCVZxOPbonSIYnkFCIP4r4jhhA5DCbosmYheKIxSF5U2;ie0GJ2iJJpRfOhOh
/v1/redirect;sdfsdjhgkdjfhgkjdhfiueyr9348;kdjghkdjfghire
/v1/redirect;ZK43Y45zAtltGCE5KcDs5a2o9Bl-YWhKMUaDq77Q1PuZE8Sew4I8dUuApAoV;LeArW3j6kEIJV3L9
/v_Error/redirect;USUPKZaa4OKLOw2dBd5b9X80r_JOnOKwbhe526BvN55BqFTFb9CaDl7LSH3b;UGLdb_pEYAkS-PE_
/v1/redirect;sdfsdjhgkdjfhgkjdhfiueyr9348;kdjghkdjfghire
/v1/redirect;bVDmPIhUPMtehD5e-M3zYlvKv7gMgeTM0TKEHXAfGQeOJ7mmDtD2BKaHtG16;bqIIb7-OxbG-JJMQ
/v_Error/redirect;0mZXcHqr3EYkXMoX4TWBm-dhGW4qwA95ip6zPT1153Dphv6gaOHqpG0Z97Sa;qcG4ZcrPBbPh5Y7c
/v1/redirect;sdfsdjhgkdjfhgkjdhfiueyr9348;kdjghkdjfghire
/v1/redirect;ORqF4SYcdZQD7EjcotF4Rxm0X2Rr1SYB1QuXgPcVt7ZCK2O_SdGOonhzUhq9;94avlsbdzU3XkORe
/v_Error/redirect;7WRO1_z-daGXPs8pU56iXWV8U1B_k24XQ1dgjt_KSysh5ZUU0dWRadQOCLX8;5jIPm6fmuMs5fzRu
/v1/redirect;sdfsdjhgkdjfhgkjdhfiueyr9348;kdjghkdjfghire
/v1/redirect;pxqOAWNF1Fn1kkrLAZVYr0sjNXCXkzWBlphuYuxZg2skdiYIivO0_Y7N_oPm;7QwzNrDjBh_5UfSJ
/v_Error/redirect;2KAUIIvT6nmfjLqS8KDD--zoMYiVWB9NeNn0rnqVn_8akEkWCw4ewlgvdqng;ke2TrdRoKClqwalG
/v1/redirect;sdfsdjhgkdjfhgkjdhfiueyr9348;kdjghkdjfghire
/v1/redirect;aDbaGMwmG9I9yTGZ_LmizzlfnU8H1Fb8GcuKLo1ZgBkiTc-u2pTEwqMr6O35;jomrmmXn6LuYa7si
/v_Error/redirect;yhVTWkcLPrJa-yIyjlB2Y2Si5abH3Q6IJzshtY7I0vEtTBYG36BgDAP0olFq;86ZYa8dZEjlahIrA
/v1/redirect;sdfsdjhgkdjfhgkjdhfiueyr9348;kdjghkdjfghire
/v1/redirect;LfbJY5tRp6wMXjbBBKEES6T4k8Idnf2yhIe9xfk_zytm7IXyKLtnuTakHXyX;tunGk6M7TNt9nXL0
/v_Error/redirect;Hxu9JAHVvepjOcRuoxT2_cojfVkshxJ60Y-aIJMUGRm_LIuI7gx3t4ssjdvc;uZYOD8zE6BBMe12_
/v1/redirect;sdfsdjhgkdjfhgkjdhfiueyr9348;kdjghkdjfghire
/v1/redirect;gEicP009DmX1SawFdzIIkh6GEtp-WTA5V_VTg9vu-k3Du1Jc8uokl7rsIA6w;0-yXU1Cv5o86u0wR
/v_Error/redirect;BcMGcMSOXnuHHMKHGz8SdyRxE0KxQCWNGH8dm7waG7-gP66yVL-FeqZya7r1;ulK0cz_u3VoYG8Ks
/v1/redirect;sdfsdjhgkdjfhgkjdhfiueyr9348;kdjghkdjfghire
/v1/redirect;BLycxD_KoDuhYHV8hmrQMuOHCW4z1ADNj-WMLWzDk3LMvlPWDdR7B-Tl_tRV;8G9wY0H5f_49M6DJ
/v_Error/redirect;04iNOJPtVMF0rnYDb42i6LgUz9JVj4YL3tctG6Wq3KEMBm_OtIblQCfwVUfn;E9qDldqpMMUksJGw
/v1/redirect;sdfsdjhgkdjfhgkjdhfiueyr9348;kdjghkdjfghire
/v1/redirect;HUwPdQuEccecx0AQdAI8q4-gUIFyhCJrEmLqN013W9zTO0VsEtOCehOsP11A;zWApGUxpqdJULuuP
/v_Error/redirect;3pmV3oGPQedEryJRoeC2QXMVbwyYWe9n3DfM_EVJJP6DVwSFG3lp3RTlf0zl;5X0HFFfmg__eOOla
/v1/redirect;sdfsdjhgkdjfhgkjdhfiueyr9348;kdjghkdjfghire
/v1/redirect;U70IFhgbWCxC0YTSY0ruKikLj3o3mk39tFXyXsm1mgMaEdKrsWgxROPn3SU6;ZUmreESZlb2QWCbw
/v_Error/redirect;prynEr-cGXVyUAV4B-C2U11vBFgMGLlUWW4XfKRweFOpeSQ_16HOkXGaa7q0;U1ZINqUe5f-11WMy
/v1/redirect;sdfsdjhgkdjfhgkjdhfiueyr9348;kdjghkdjfghire
/v1/redirect;_YHu20s9Z7YPn1roMjD_VYEtQcisyRqtniSZrKfkrH-AyyR6b-eCQZjNMYMe;hlfl23y3IciDcvND
/v_Error/redirect;xLkKB1_FtN5xQnC95fgBPWo5RYELyLmT4dxgkK7BkVozAmCkx1BeBHPbP19C;K_sCrH-w7lBU-24L
/v1/redirect;sdfsdjhgkdjfhgkjdhfiueyr9348;kdjghkdjfghire
/v1/redirect;xTiJgVhNYEcPIM39tEehcPhRsRpGfSf_z_7453c6jkkEnDaA5Who8yE9pQlF;9uPNKZH6hKA3mtUC
/v_Error/redirect;uJ-YhDqyhlg2ALMrwbszDS84g-amZZu23R2IOH-AioWA8iuxRTihn-zzuoBK;bjr-lOR8iZomvH62
/v1/redirect;sdfsdjhgkdjfhgkjdhfiueyr9348;kdjghkdjfghire
/v1/redirect;c6_vTg1jtzIEHNAQMfXdm2oRYzZy-smfAjl7VTYm1ezVajUgbgRcNMulH5H3;5jJ4daiFzVoVLkQu
/v_Error/redirect;WEdtpTJ63b2LT01Apo5s0btc8PZ6NoS7y7ws-Ichz405cQSTW45z5bU5BgOq;qKSDkPSi5C2GOODS
/v1/redirect;sdfsdjhgkdjfhgkjdhfiueyr9348;kdjghkdjfghire
/v1/redirect;EmVqizxrdBOPbR0_EmirnyCPgBJ2qFCtzOEw5Ls1B71S4eB9QeE6gd1pYKgh;LhPzew3koAs5G86p
/v_Error/redirect;4y_XDqVS3J1rDrPg8UltyNYpkitFqMOAfrqWa0xI7cbgKUSgwDtwX5bouzHq;A9w9y_s_2w5xf6R8
/v1/redirect;sdfsdjhgkdjfhgkjdhfiueyr9348;kdjghkdjfghire
/v1/redirect;3zpgOjOgPnlpFrp5vuCj87Mz0R50qN6RBtkY_nPk0qfQY4CWvX5CddduKzZu;5-ZaEZTdx_TYWN99
/v_Error/redirect;jugnK73N-lgG3wgtIQArIao_DpD--jW5KmZPP_GGW_0iiA18oXy9e4g0L5e8;OLaDfsDpM5wXHk1K
/v1/redirect;sdfsdjhgkdjfhgkjdhfiueyr9348;kdjghkdjfghire
/v1/redirect;CmgzGjDqDct_ueTtEuah_8JY-sBaxnl3tLyPQ3LMzfMZr9FNWdlluycng8vM;VwHq72RAWv8TbLw3
/v_Error/redirect;aTnk8Vso5x2AkS4Ukq0L4lOQy3xy85b_Q9f_77DKhZyWaKKfpnargRDD3a5U;IdcB1TLRicG_ULew
/v1/redirect;sdfsdjhgkdjfhgkjdhfiueyr9348;kdjghkdjfghire
/v1/redirect;rbauK652zMx3v0ZQTXzuH2ZRv7iVhA7UD1UoOVsBFZA7wHKcYzyLs0TO6R0_;xl_twaDuKgILx0rc
/v_Error/redirect;Ty3gXi7f6nGMoW9LaY-lbxYb__XGkTO-WnEygqKZp25djO5nMs25b7gkrTsD;lV4gGZ2fF4MoXqng
/v1/redirect;sdfsdjhgkdjfhgkjdhfiueyr9348;kdjghkdjfghire
/v1/redirect;ZLaTHlmQEOxg6bWqWTa9N9meFaUtrBpxaQ8CVcuxwmY4pM2mYdDGfUK5jQE7;Y2yh6vnmdFJ1Pvz_
/v_Error/redirect;pf8ZWzgcrbj23b-pZhitUC-m376ZeRDqukHzAj0mt9xGe2JegzIJWlizBhyB;cTsYhKV2JLHT8rr7
/v1/redirect;sdfsdjhgkdjfhgkjdhfiueyr9348;kdjghkdjfghire
/v1/redirect;-iPbZgwlqkt4c1vIoAdqhDUxo3KnxhChKzKbEb0UVTqbaByaIXbOhwllTqN1;VFf9FO4EnGB41n9a
/v_Error/redirect;3QP7KDzo87Zz4N4PDm-5SZHOb82uWVp6pJ5KqmxNPE0bPqJt_Jf795ky1rar;CMWzVE5B3xoLQHnz
/v1/redirect;sdfsdjhgkdjfhgkjdhfiueyr9348;kdjghkdjfghire
/v1/redirect;toir-1QUveANj2bXxx1xsOLjzCfrmIzXCgkZ7cP4xRTN1k0HCc54WCQ5yQeR;d3SFhg08fQdr7Shx
/v_Error/redirect;qfOBiV_9OohD_VEPhD_4RhpT0Orz1QZgtocDBCksTJVIDMfXg83gwz1H-fn4;0FX-qGIgXqp7SEW_
/v1/redirect;sdfsdjhgkdjfhgkjdhfiueyr9348;kdjghkdjfghire
/v1/redirect;5pzZN_w0aQCI23TR9RuEvoOOiOyU_IRX9u-nTEW6pw_TxhNJvijPPNuZeYQ-;9VE_wqyMfzCPzByr
/v_Error/redirect;bolcm8Qavtk8uDCg-SqryQHYnJYNVOYTt47Ht_osxu8OMx-dIN-7Bvxa6s_x;SgIPTbmnc39_S64D
/v1/redirect;sdfsdjhgkdjfhgkjdhfiueyr9348;kdjghkdjfghire
/v1/redirect;3A6-S-V2b0_lSSS8MapqbH1tqop7zojRpVeaPKuPsayNAz5k_dP3aNbXoCZ2;vj7f3IVfqacLiSC3
/v_Error/redirect;kCH6kv5-5F8xfO1wICK_CjUTfKEgb-MRlyK9LoEhcoZKC7Cht0dPvjqX_SX7;9Nk2kUFQt2YkURyh
/v1/redirect;sdfsdjhgkdjfhgkjdhfiueyr9348;kdjghkdjfghire
/v1/redirect;7NWz42hZNoTtCLRVsOOj7LDBBtP0Do_qX4CB3RJxnRnLUyTeFT7OR2IwzpzB;vDxdsT3J3V7C4dkB
/v_Error/redirect;ZP44h4iA3kZYCBKbZ7K2TGJCUsT1Mw6xT5vBNaNNWaDxQJ8VI3kwHIdNC9AG;8zVN4aPSXEOOe_1r
/v1/redirect;sdfsdjhgkdjfhgkjdhfiueyr9348;kdjghkdjfghire
/v1/redirect;H3Hhz1UNWPrhROdsy7dRyNIky3Egp0416CncO71RX-ejMqjfFDQAFNZwW42q;UYlpv9muX4syxDN8
/v_Error/redirect;KwLwH_n1YT8HaOcTAaARw6F2qIjMWv-OTNxtuYj027lY_2L-Q9_KTJDt-TtB;NTrQEZ-DjwB1aEOH
/v1/redirect;sdfsdjhgkdjfhgkjdhfiueyr9348;kdjghkdjfghire
/v1/redirect;yl3syNJCgkzs7Pwj0sGmJ8EzUZFb0iTD26r2ibP2zxRzEgeQECa2cRMc6NwK;vNaRMwwL94Z-Hapt
/v_Error/redirect;0qgrJKQ-iLgBYZC-otDFSHWJdDwbV6_es8w3jUxMe95yf-Hq8kyJRsLjInLx;Zhg5vSS8AhfTAz4q
/v1/redirect;sdfsdjhgkdjfhgkjdhfiueyr9348;kdjghkdjfghire
/v1/redirect;5VzoXmnZNLs1oZNE18WsTSS_ktgKIFOmBKaeTkkCy2h-40nV7rMf_HpfsfsS;hO9CXbivCYJPoKcX
/v_Error/redirect;8EdZsAzJ8HVGLgxlb7dBi3NBv3EHlodQ6DXkTkAv5SBUFglmrnkTUWiQ2S7f;mDmTE493RZxDI0MQ
/v1/redirect;sdfsdjhgkdjfhgkjdhfiueyr9348;kdjghkdjfghire
/v1/redirect;r6PWBib2Lmi0h1LPy8ibEfgmgPJdRpIb9SbUnuiaL6GtO_sQsTOq1W1OlLOo;l7HT16d6RANqqH1h
/v_Error/redirect;E8JjzDAz3fQ8u0OyGb4U3rzC1xHqrqKNLu70xC-4yDB_8LftObPB_iHkxC-X;MvjtSIC5fgCwDYZM
/v1/redirect;sdfsdjhgkdjfhgkjdhfiueyr9348;kdjghkdjfghire
/v1/redirect;VJ4M0wLB5PxH7wyUcIKkTg0CbC2Er9PgETLr6c52qkJ6uCa2Mn1HmEuExZLO;qyFjsF2rTUnx73iH
/v_Error/redirect;oDm4ki1Fyu6eWlohLE9CpNvgpkDkUy1qYhUCAY_Fksz6okhYsN3gyW8lymoQ;FKvt7rkc2dt9OOkk
/v1/redirect;sdfsdjhgkdjfhgkjdhfiueyr9348;kdjghkdjfghire
/v1/redirect;II-wVObG5Yl9sTo9HeMS-QnRUMZumjmiPoaT4ZyOIjEfTzzwHdmKZQd5h6ue;1JiIuewecI8WGDrT
/v_Error/redirect;1QXUmG9tTZ-JR4jiFn5svL0p-JquFixGvhQQAG_NJt-bBhMbkQM10K7BYeeq;GocLkcKKKHfRavJc
/v1/redirect;sdfsdjhgkdjfhgkjdhfiueyr9348;kdjghkdjfghire
/v1/redirect;p_CsCY1TxLwcjUDmpGCALwus_TieOTrHIY1Atci9faP-3nQDTETSoaw9QoYn;hsSB4f41637dlwJM
/v_Error/redirect;72ruZJdUm7zfTzlHgP6mGZJKgPxTqYbu-cuY6chKlQ0n2tYXmzQw47njJW4Y;M_H_pTE7EDzO7HzV
/v1/redirect;sdfsdjhgkdjfhgkjdhfiueyr9348;kdjghkdjfghire
/v1/redirect;vK3B6v9xhVvFxAqqePED0jyhCmz_1pqP9m14LtNStyf4SQbeyG64Q9Os8T4q;pElc1qJBYBpweNGD
/v_Error/redirect;ebU8qKLYvkHi18w4mr71g4Ji3MUuE0yhlbyD0oS3RSBEG9JGltekvCWhZsqT;c8fCd4furwXVIs8F
/v1/redirect;sdfsdjhgkdjfhgkjdhfiueyr9348;kdjghkdjfghire
/v1/redirect;GSJnchlqp60TqEp0XORR1b1tDfzbhyeuMckN_TOYHPVHCQpfAKFcn277glwf;AOainn0a8PvgGeud
/v_Error/redirect;ekpb-hYLrD0quMfnRwIHgpq6iCcQNmU_l9qUex9jQT3qTo2fq02sCSL5ejbw;RJRg1Y9TUjW3zN0d
/v1/redirect;sdfsdjhgkdjfhgkjdhfiueyr9348;kdjghkdjfghire
/v1/redirect;M_6ZU1vKLI7zsrKDbcqHSjEnmcTzYgdATQxxGMWylOWiYRPz2fThh5Ozdivx;Q5E39tKpE6W_0CFH
/v_Error/redirect;v5zKUyE-FXvWUdVN90Uk9Gy_bJZBfDj3fI_E1yWpP42MizKABiqpJkL5jkiW;09J6L-GV3GJgkdCB
/v1/redirect;sdfsdjhgkdjfhgkjdhfiueyr9348;kdjghkdjfghire
/v1/redirect;NvgwaVezIVdIMkR_6Oi8U-C6QUWfTWizXp0FVFVNbKdiggwDgl2G5oR2qAcZ;RueWa86VgY60JWuj
/v_Error/redirect;jgZWFSnK113mc9sK2-7bfNYq3h19MsAeOGQQtid9f_R1VBdlt3f_4Ufo007H;uh-yUXQPcmfuKUZ7
/v1/redirect;sdfsdjhgkdjfhgkjdhfiueyr9348;kdjghkdjfghire
/v1/redirect;lOQm3rnHTb6nWu1RlJAUqycmGOZRv4jiuQgkuGnhym1qGkDD3XwlIdUbd0Rb;otZn8_1bb4ANWhfX
/v_Error/redirect;nulT0IbhGgsHF9a9WizduPwfS3jZ8CQwM_IO0_Ac_Ji8u_0IeKNa_3eEgliq;HQaJ-bRzH8vXg8bx
/v1/redirect;sdfsdjhgkdjfhgkjdhfiueyr9348;kdjghkdjfghire
/v1/redirect;8VSvWaDstA1nnq082x8gMZmWBw2w1taszNxmzg285_HLqYZTqA60x566oFO0;Dan4nkzEaRa2bz5j
/v_Error/redirect;-ZiLMqjF0KpKB5IM6KAX36siktCmh2SDXNg_xdzmAOjTFGqf6pnbF1augUzl;R47rfI23H8bJ12Bv
/v1/redirect;sdfsdjhgkdjfhgkjdhfiueyr9348;kdjghkdjfghire
/v1/redirect;SLdoACgwuZaJgHmKhd8mdSw-RYfl3W4-REJLpPU73BwppHN0k5C5F88H9L5w;B-7W8k084BLf4fpf
/v_Error/redirect;1hfctbI0X53Bl8py779XPgo-tKZJqf4OTrSngzExa_R03gW3xWSVC1pMbQN5;ztuBKasK7FihmicH
/v1/redirect;sdfsdjhgkdjfhgkjdhfiueyr9348;kdjghkdjfghire
/v1/redirect;KBQEbQ2hnOQMQb977B3CyFccpSfB47fQczW19xaPrS52zx2t88Sopb8bftfY;pxz4D2tzarsBvuqD
/v_Error/redirect;Em9pJQl269In4MtuMDr9ByuibVT4CrD6BOQjr6MmuhwDRQ1AKlM38n0fkKLV;fGw35JTaZbmPSj1o
/v1/redirect;sdfsdjhgkdjfhgkjdhfiueyr9348;kdjghkdjfghire
/v1/redirect;ZsntjCKg_3b02Vf822beTMzEmZLWD7TifdF287yNhV28XqepUAe0_oDd0LNu;bmuhVUE1wt1Msk6z
/v_Error/redirect;KqxlUg3AybvhYHHDM4f95U_XzKV_6MprkglvuQelMLMw-yOzcYoOw6GpEcPs;veZ8_54opM5iV6Cu
/v1/redirect;sdfsdjhgkdjfhgkjdhfiueyr9348;kdjghkdjfghire
/v1/redirect;ph8jV2sSU0pSL14jh9SrEOy2M4z4DetwEObl-a9-nbY3pG-KbX4S_ggRNSJI;nBRasPHv2ER_HtHY
/v_Error/redirect;ZcEHI2yJDEsSUs3DaZcaZFCh_HQBYpkTOL_1ZIWWT-FYKRmAHiCD7NcccvY3;EJUppLwTlPYJAMgs
/v1/redirect;sdfsdjhgkdjfhgkjdhfiueyr9348;kdjghkdjfghire
/v1/redirect;Mlxf9Sj5dL7K689SLoz6KD86qBeMtXdKV4cX9IrUnFO60e6vzLeQco8u_VF7;P-7HxpIStIo4_QNS
/v_Error/redirect;tF3i99PW7iWkXOJ8uQAD_Z5S7BZ0_eCHlt85GN-_isRgd786s1JOUNn6fV0w;pd6Mkf-CJzsyDqfj
/v1/redirect;sdfsdjhgkdjfhgkjdhfiueyr9348;kdjghkdjfghire
/v1/redirect;fJaXFKuGtFhLExJ5BCv7299qklxVtwR3FlEmo2VpzbXQMG-9UIzd4q1ew-5t;fQ3rInQVqbpL7N_q
/v_Error/redirect;265WbDr4isU4Ls1sc27qWnQKXKKANZNZR9M40WtTQ6LLHUrbBT1hQ-sLjIJM;cbZo--eImc3iBuZn
/v1/redirect;sdfsdjhgkdjfhgkjdhfiueyr9348;kdjghkdjfghire
/v1/redirect;-L_OdV5VQ0t_gcKa7bLY4dc_BZLjs-wBvpAqp2tCGosDmaj_LySMfpP0-WhP;A_nEy5Dv4Yab592p
/v_Error/redirect;s7RxV1c7Mbj1HkOmhOVztRdjxw8CjLiO3rMXRZPHFI_RRjSibzYqllNCfnem;YWd_nSImyiXDDylO
/v1/redirect;sdfsdjhgkdjfhgkjdhfiueyr9348;kdjghkdjfghire
/v1/redirect;qKABpSoDy3jlXM0oIemGzawQcASJJGqDUDxcDkUs29KLnvTN7aCN55acMcfg;Wje02pW4viCPBROS
/v_Error/redirect;iysgj6XYCH17GtlkdVZ0Qn10hP6JaWwbtpWC4EV1bU6_JiStQA9lM58Y7mD-;Mf5Wm6HNS4RS6zXI
/v1/redirect;sdfsdjhgkdjfhgkjdhfiueyr9348;kdjghkdjfghire
/v1/redirect;OhErDDhrRbrboxUH9TLR1yOaxDcMM5RO7zeUQpneGf9RbEKwYshCURffTHF1;KqBN2_onU0IPCQ_H
/v_Error/redirect;hUbr41MrZTZdxe383Gu6175QZFIRch4ZfjEvDUdM-RHgj1IyTykgS5Gh4foO;M9OPgbxN4lVtQkX0
/v1/redirect;sdfsdjhgkdjfhgkjdhfiueyr9348;kdjghkdjfghire
/v1/redirect;yqIHxLjJaJir13LBrVEbro23-RAv6ZllNFYQ75GmJHgLFoOwaZl7Hb3FT1qd;t8fpof7EYEZ1V96b
/v_Error/redirect;GAZC56_QyNbGOJqszq96KA8Tyl2uA1DHQJmGUrxUlcdPvVW5TOKeoBwx_aHJ;UyJXHhBV4u42Zgly
/v1/redirect;sdfsdjhgkdjfhgkjdhfiueyr9348;kdjghkdjfghire
/v1/redirect;_0z5X7RYbuO4-AA3pguY2tg6US76d7YbCyQD4g7hWajc0jcNkksrpQ_xX2co;AniokiPtuz9vp-0Q
/v_Error/redirect;EI8SCVSmChH3ftVIQ9-Vg62SPIEEWkU313hYjeTZtQswXFSP1odEglhbdJ4j;nMrGauLcpujU6YGw
/v1/redirect;sdfsdjhgkdjfhgkjdhfiueyr9348;kdjghkdjfghire
/v1/redirect;GvmIzs2X7DK9mQVGhkGplCeMqGDdaeiN-c92K9aFTzUUCgTJrsL8frw65wB0;drbOOiDALEFymtXE
/v_Error/redirect;nE7yZ9avsHr02mIE-hMnvKC_NHQqIVyW4THbGvCXGT7jbnD-Yu0T4p2n1-_V;MeQzyy173BOb8jgE
/v1/redirect;sdfsdjhgkdjfhgkjdhfiueyr9348;kdjghkdjfghire
/v1/redirect;wOjlH08CxrxyiexsPFzrUCQYC1D3lz-VYSgIun7zdMXQYCyUEPEyZ4cHuaX2;3bYxzYhlHJtpKFyJ
/v_Error/redirect;pCG5rsfewCSTk_C7lyUe1tw5LEKnxG4ySdalPokpWC0GqQ81RPJCg9LCY0nP;C2FZWlN3pYJZmsc7
/v1/redirect;sdfsdjhgkdjfhgkjdhfiueyr9348;kdjghkdjfghire
/v1/redirect;5ghSeDzoQay-g6PC5AZlkSb6DnLN77xSuqFFbY9AaLtj6cu2c0TBr_Ef-6oD;H9l__9Fx_eKmUHgX
/v_Error/redirect;qVJMQQ6cbaIFNgsEIBPQw7VVZVbl-OpaxITNII_L4vmNNM_x-2srTZrq5bI1;yVkyjzZFcOYV3nAa
/v1/redirect;sdfsdjhgkdjfhgkjdhfiueyr9348;kdjghkdjfghire
/v1/redirect;dSUEN4LFxGh6mYkPrYeTzwZqMQV5Xm25Y6mESUSLFrV_7wnE4c8C-ZJYW1-K;GYufCBpBeJcuJeNg
/v_Error/redirect;wxa3XOdS_MPPWTd04JZsZ5WSuWd6NHn8lJtinaP5FVj3SZ7DlD0i2vw8H0ll;3oWnKg7csqd4VY1F
/v1/redirect;sdfsdjhgkdjfhgkjdhfiueyr9348;kdjghkdjfghire
/v1/redirect;DidiXsNTsWKlRphdFNiriAntk_leqPTXl9KX1Rqrdd9tWeDQVXu_caRkud0H;9XOzTlKRWzfk1fLr
/v_Error/redirect;oCSf-iCxKzj8wMLjjXawIDkV3eiQb6aYQ_2SWziTcPM8rXr-E7EcMPTnGrvI;Ia8MjMpg5cLCK7Px
/v1/redirect;sdfsdjhgkdjfhgkjdhfiueyr9348;kdjghkdjfghire
/v1/redirect;iV_dzaOekgwWTGzsH_H868XaLIkQ9c4hKdpMAJhPjkPAoCt9FlStV6Bbtr-L;qoRAu-gJb_jTPV5p
/v_Error/redirect;rnKZ7ZMCHZTjQjZsZOqwoz7v5RVJ4xhcAFXlFXNk8-3-I3tXUB_CYFnm-Vvz;smlF4soyrTb8pS5t
/v1/redirect;sdfsdjhgkdjfhgkjdhfiueyr9348;kdjghkdjfghire
/v1/redirect;I5DLof5IbVRGHWCwId3bOmorBBbdYyaMs6SaxYwr3XSFOfWkoOYXqg9IuZ8h;_vvaIxaG2aZ_tf0y
/v_Error/redirect;cjbO--kjZiN2knOp0NFm1LqayoOk3z7UASloM3jYKZd_wzBjOQX2Htg9pV_T;WSTcQdC531Qpg90F
/v1/redirect;sdfsdjhgkdjfhgkjdhfiueyr9348;kdjghkdjfghire
/v1/redirect;KnhV0NpcvPUCead5F5SAnADduwOpAx7Jz7vqpcvrz7PHO8wm0HV5xO1UdvxU;GmOKYl0W3Ml_1Zrj
/v_Error/redirect;ygCUnGQHUWM9OWznbeWX0xqIEwoz5a-Fb0VXn3zJD3vFDHpdia2ydZoJgR4H;-F1HcnhDE_jdRlIl
/v1/redirect;sdfsdjhgkdjfhgkjdhfiueyr9348;kdjghkdjfghire
/v1/redirect;kacGELThH8Qg7gmSMI2OkIeqTadi8NXkTE2Dpbg_WKRHh-3bcKroj68vYh7H;B8jtpEL6IbE0AFZu
/v_Error/redirect;1XeD-rfVARCjO5GO6t9Ia8IFbbt-vfq3C8AmwVUGDHR7NmZ-fa0ZeCxvhdlA;Hdu4S_rKD0ep32dU
/v1/redirect;sdfsdjhgkdjfhgkjdhfiueyr9348;kdjghkdjfghire
/v1/redirect;X8ZVuRfCdWlf3THQ9mouXU07jGznqJQuK9swZBme4nuLYYBqTpywx_PdJhUj;7Fz8bai05UEMk4eJ
/v_Error/redirect;jVSk_S3_dM6AQQ3c0kS3uCA8Igz3YVgbd4cxeiBp0R90NOOZtR-4wG0rQe5h;T3qK_eyAGxzqyCw_
/v1/redirect;sdfsdjhgkdjfhgkjdhfiueyr9348;kdjghkdjfghire
/v1/redirect;L-5AFDeJj1B22vZxVt4mJfoH5qzZ7107alaA5FgkWGVDDIqTLxPGtfwAJLR7;hf9ILckULqUYu7NM
/v_Error/redirect;nZ6D5vUOXBpfEK8QFZSsh6HgKf9yhFbaQl8Bk_zKiwikaGMD3tnKlRMlYY6v;5wqeZ86dWYXamFXj
/v1/redirect;sdfsdjhgkdjfhgkjdhfiueyr9348;kdjghkdjfghire
/v1/redirect;XssKgf8ro6DZEKAhhLEwQ8_mrT-h1VebF2vOfSucnfq7tkW6S3crXr_iM_i-;b6iUccIKKDeXE19Z
/v_Error/redirect;l6KqTA55oz1aneUJQ64n_dXDTgQiYhsoYfHbJGGnIXyS1sdmkAO26Koh76hW;plEyrvDc8g68VUS-
/v1/redirect;sdfsdjhgkdjfhgkjdhfiueyr9348;kdjghkdjfghire
/v1/redirect;QtetIPEGWRRG6Op84qPgKX0pJmEAvQTtsP_ROn3JLUeaWCbZH_CzSLoTgqYE;lBp2idrgkF2iAIEO
/v_Error/redirect;UUmbY2y8ovi7Bpwtp6ORYxb9c5iStT5vewUPfuMQ7W_VYUZVceu0xrtOC8JN;3EDhQdkKpjq30mog
/v1/redirect;sdfsdjhgkdjfhgkjdhfiueyr9348;kdjghkdjfghire
/v1/redirect;GjQeAzkWzMuqPERXgXFNrGlMHyDxXrYh9cgSvU9WJLELUI92o3IBMHCJknL1;kfZ1OHBXyMdIHNo1
/v_Error/redirect;D_nTaWRbJN7znzEcoZiHXLWw22-sYf6DJEOKxofOs3Be30ikNwNflvcF4uUA;GIAuqiSaKeKake9G
/v1/redirect;sdfsdjhgkdjfhgkjdhfiueyr9348;kdjghkdjfghire
/v1/redirect;f6n1Ja0GMZIMLEu8nwhJfbj19GPyXBUQv6e7GMeeKdmFGHaCLla0ExGqI-c7;b3V-fsyUTvIEIFFz
/v_Error/redirect;ioIWiFXOdm8Z9RJJBOYGXbpwCETbvkzxWvJelc9VnwYtWJLm0YyJfdX6oZuy;7vkM_-rPX-7QJWhZ
/v1/redirect;sdfsdjhgkdjfhgkjdhfiueyr9348;kdjghkdjfghire
/v1/redirect;dNuUxLBu48z8oysDiklxtuoNTor9yG8Qore3jlUIswjezhf6r3mTSZi_0qRG;PGwQSjGTqxGl6_-f
/v_Error/redirect;zmobJ7X5DmheUVIzNic1yFCK_1nEL3fevWIrCf6YV-wLyC9aA9w6gmdAyGxo;HeCkSx8-K2DwIN63
/v1/redirect;sdfsdjhgkdjfhgkjdhfiueyr9348;kdjghkdjfghire
/v1/redirect;CwjRwDdFKJkDB9Hzb6cwyqWUdqOsWEnc2wrsX_tnd-xIU6BFGRm5BOdE5Ie8;wsrPfYQnAtgdg_lM
/v_Error/redirect;07PgdTh8oeKvVHn-PItLfNmqc1VaNCmrlGmqeKAUti4Kg65G03JGeMrPUn9n;_rF0_TxqM1hrSPp7
/v1/redirect;sdfsdjhgkdjfhgkjdhfiueyr9348;kdjghkdjfghire
/v1/redirect;3FwIe4YtPclao5n0dIQBn5i6a-2S9HOszoOddf6Ji3OezfYNtD-c__pfK0Yc;VF00qVNnMT7Af5Li
/v_Error/redirect;_wf4nS6TMQKKaVk3nEFZMayue5ZQVg8d5qNjUYoTCgoyDxhChBSsXQUSTDCA;u7nDtwhzXjbqJ_1X
/v1/redirect;sdfsdjhgkdjfhgkjdhfiueyr9348;kdjghkdjfghire
/v1/redirect;S0ShTXqdM5MKqG0Ga4KS0wJHIh_M_xhNgpypo54QBeN2o8szzASJ1Xfqi1AZ;PuOZnlP4TyzRXTiX
/v_Error/redirect;SzO1vrU3Z0yJjw8kPc0zN5_xqFPYpZDeuiv-IYeNXOcZ9V9DJu-_tvKrmXrp;NwFmPtoSsLaGSTHK
/v1/redirect;sdfsdjhgkdjfhgkjdhfiueyr9348;kdjghkdjfghire
/v1/redirect;fnTl0zfZ91_TY0TbfHJ-PXldF41I2B6YtEuIMve0WlaGx8cuTM628FzfoGMy;5hXU5NIFNCF_Nvtj
/v_Error/redirect;4LDT--tXD5tNUJwGo5Yd-oVoo1bVzzVfYx7ao_5YuTNexj9M9GeGidvzc-xv;3PIYsZPGG5ShRy5N
/v1/redirect;sdfsdjhgkdjfhgkjdhfiueyr9348;kdjghkdjfghire
/v1/redirect;mL0dE2Cxs9orpkWCTB4GOJK_Scnc5wK30rdkXfsLWEnQ-sEk70eI8DCqSTvG;4SZ7WzrHcNQ8bSBD
/v_Error/redirect;wB1GDImDTjeP1j04nWx7qvCsM5aMenEqJz4cTy-cVPof5TMYG95hpaebu40n;rX-Eodss73ngUWHy
/v1/redirect;sdfsdjhgkdjfhgkjdhfiueyr9348;kdjghkdjfghire
/v1/redirect;m7ho1giretH_doALrn0qen8MIfZd1L2oUQJXU3UmUsBG9EE8JjtbJMAzM7mg;WnYCa7TS5QWyo5lL
/v_Error/redirect;sM4BNyGeltF1LAXwEBJCxDaKCfjyoYZdEbX74QyU2uC2ilTG-FJ1zswihyE7;Ga26gf3CY3gx02qT
/v1/redirect;sdfsdjhgkdjfhgkjdhfiueyr9348;kdjghkdjfghire
/v1/redirect;q0eLEejD60eAezCmmRd7TCv_lCxQWknp3-u0rce8fauy0xyj4K_Ec1ty2A2t;dvboKf-nxKdatVq0
/v_Error/redirect;0BGti9j0Q9Ch0uei3irv8Ifr68tuFVIdFQOwPeTYgEeJDlUT8jskrkeJyLdu;UNckkEk_jr3p2nJO
/v1/redirect;sdfsdjhgkdjfhgkjdhfiueyr9348;kdjghkdjfghire
/v1/redirect;TJIeVYdSbXeKjoXmGTspuVgLN34UQUzstm0CRw-yqziXxIH4idMDpa_SCUs5;RfV0c3gv91alkdI2
/v_Error/redirect;jN7l1M7_KG1qcFYJCIKKfz9rPFqmsSWU6Xt17OYqP2LxksruSsd1wVyBQYlv;xAkH6nBTv-bLerc-
/v1/redirect;sdfsdjhgkdjfhgkjdhfiueyr9348;kdjghkdjfghire
/v1/redirect;64D55BKEA5iigpfyaXQlYPP35H6trcW7_oWbcuxTHv6acc432lb8sg1QSqAN;CVabrH1vbon84SN5
/v_Error/redirect;KhrE6Nkq6VZvgHMdwvuN0myKiJSlCEDwfFwUiQ69rxtKQpihXkO_9wM5D3CZ;uddbUbrVliHEyp9k
/v1/redirect;sdfsdjhgkdjfhgkjdhfiueyr9348;kdjghkdjfghire
/v1/redirect;9iP8pJh6_jCAC4WUAXD5CqBOwc1M9M9uPE_dGzvtoStopR-Wb3InaSwV-H9a;FO0MYfmdy-FqadaP
/v_Error/redirect;B16tN1B9WMVPFbMDbt5v8FMlZjLfK80_zil-U98ExSU8iutBjDFX2eiaQ5_K;xQ_iwHZujpRKRD-q
/v1/redirect;sdfsdjhgkdjfhgkjdhfiueyr9348;kdjghkdjfghire
/v1/redirect;3y6IrkJG9MPw_LT-_Z-Z7EgLpNIUS2ErPgPyvSwNc0gC34P-HW59YilNmjIe;phb4Em7UQ96YCng-
/v_Error/redirect;B9cHX-z_LGy0wFQmg2s1nfKXFfltK_TBnE4iTAYP7Onxk6RSrROl3xaIyZ0o;h_POIr5ayyUrO-Qo
/v1/redirect;sdfsdjhgkdjfhgkjdhfiueyr9348;kdjghkdjfghire
/v1/redirect;Q0rzf3Mo_q4E3b5PZKTVIJWx_YisbTH1-zU2XHWRHoA8h0Ju9pE8KbvfMOd0;pRjdwq1rejy49mOg
/v_Error/redirect;Cd4EDPbLR4v-ZdJxN9t7XRsYMitCgV8ZGLbf7cyWq-zzNhrWXOrwPH1CUkZq;oQrxs4pmsLiX-ISr
/v1/redirect;sdfsdjhgkdjfhgkjdhfiueyr9348;kdjghkdjfghire
/v1/redirect;QPB7Q6rI1kD-sLXTMrARi8UKJhY755kNPtg_UIkDO3eIs5ECyBWJMmmfE_Km;FwnsIg4uI_bSscLY
/v_Error/redirect;h82Tjf3NrQufJlyQn5t8N6bb7WZz4_2nyOhhHTUU2iGluYddmVTzFuylp0RH;O_z27qWh6aRRvous
/v1/redirect;sdfsdjhgkdjfhgkjdhfiueyr9348;kdjghkdjfghire
/v1/redirect;LvK5pJKyJ23YPJQfg9xriKgKjYpJzUEqUo2iwbLCGkpgEf6s3kVqpVarpM0d;mGqzsQs9mvQjP3Rb
/v_Error/redirect;uMWfbexLun0ugG-wjSUmIw_hgJJVrogMb6g7B4skpm1uAFXsgC85TgNoCEg7;Cqn5VSV2SuiP4kWp
/v1/redirect;sdfsdjhgkdjfhgkjdhfiueyr9348;kdjghkdjfghire
/v1/redirect;ql-yrD0VCt9cSnN1g7fwvIayzZDyaGrJLy_inili_q4KzezRzVTyUPskWp3e;f0RW6Egf8_z5BUGq
/v_Error/redirect;pRvyTT4QU3Usid9OFx3VsfbtANI4bCdpDWTRRSVnrwISKN2j5nKd8Ngj0lGe;Sn9q_rnqrQ-pUp8a
/v1/redirect;sdfsdjhgkdjfhgkjdhfiueyr9348;kdjghkdjfghire
/v1/redirect;i4GdRxSM6YS1F0T4RAYvHUvAnRM_gj0jBPXwPDvrag926_Fj29BtHKqMg1SI;UZ61kOa1Q9urtbu-
/v_Error/redirect;AMaHmSb8XXqXCKXwwhU8mfwI9_PIJT1kL5wPbYZ9Yw8NhRRlW-1QYZl1WycI;JNDkzxKYTHmDGwXU
/v1/redirect;sdfsdjhgkdjfhgkjdhfiueyr9348;kdjghkdjfghire
/v1/redirect;03YienHJFclRMiQEVb_ZiDk_xBvk3Y19_DqKOZa6QJ5kePlRYnNsqw4Kqf2t;h-FrWZfqtW_a84zZ
/v_Error/redirect;LVqSRCRw07JTQqKao3B5dM7N9b2anNE2eJShD5E573GxEX3fLVo-GrNiOoFf;F3tDI2qCoM5pKSpT
/v1/redirect;sdfsdjhgkdjfhgkjdhfiueyr9348;kdjghkdjfghire
/v1/redirect;C6kYDi5RkW14A50L3UtlTZH97OBEFhQZdBrbpGePgoZZKOU1OaIMPiMmDhMu;ATWaFJLkOR0RzKRo
/v_Error/redirect;M-HZJmN5yfnLEGb4GNOdm70IBbFvyR6krkjdzx9bqLqvJUs7uSe1ChHneNQd;1nGi4QHeDd4a3dSE
/v1/redirect;sdfsdjhgkdjfhgkjdhfiueyr9348;kdjghkdjfghire
/v1/redirect;U1dgoBb2_Lnvc6oZwUNbkekmdxHcCqidnjnz8JO9_cwBBXnAhM0W4p2rU5va;80Kxs-PBht6M672N
/v_Error/redirect;_cjh7rYGsXoBsMaBpDEtq6woNrzzKDGi60nHZCrbNEWYcp9y29qpGgVCPzHI;Xu82CILBZe2BVxVN
/v1/redirect;sdfsdjhgkdjfhgkjdhfiueyr9348;kdjghkdjfghire
/v1/redirect;dIY8_i2HfbvTp9dbfLqxqYYo0LVB_AdjDfa-r6-NuPfHP9o9_7jYSGszS7h8;xVBmQV3tTzzaKBG4
/v_Error/redirect;KXQCcJYP_HBGzJo5L7no2OvlhNoiMdQ26OZNVXBeshkQb1Raer94FXhyQ39R;Xqj6gdN1vUvqe6Wf
/v1/redirect;sdfsdjhgkdjfhgkjdhfiueyr9348;kdjghkdjfghire
/v1/redirect;1TlLzOFItHhV0UA4JtAy5nREvHvepGEKWwYRyJIZaFkHmOCqoazJjAn0QWDt;_Q-B7h-bNfoPPeCb
/v_Error/redirect;AUobl_fivWwbtOUeqr_uO4iGaP1uOwXz0435qxJoD7jkLUrEyzR7XiSVtn5G;zPvLxMy_PL9mQF00
/v1/redirect;sdfsdjhgkdjfhgkjdhfiueyr9348;kdjghkdjfghire
/v1/redirect;d3NZzGax1nsvEiR0V3VBggyKAoNq8UAV5-5Atj2FnoQKHyfdTyXmXQHtkDQr;sTf9oXPEY3vWAgsl
/v_Error/redirect;EjMIHIKX0_RpxoMkO56zff2U5Iamh9ifeDyowZpNV3wUPF7mu6kG_Fmt2Dlc;BILFV1ukGl_T_Qkl
/v1/redirect;sdfsdjhgkdjfhgkjdhfiueyr9348;kdjghkdjfghire
/v1/redirect;sc8AWCuYFD999-cdG1XutfPifaqAhEQnKb9sdfcfPVZbUF3Ii_sLl_rPv7Ur;QRx6nutg685Znry_
/v_Error/redirect;YOhe8KMnMnyNPtTpkANq-a691vmUGYKBQPDnrF046gvY88PbvV0PaKns--QZ;EMBFMY6rHSsxhW7z
/v1/redirect;sdfsdjhgkdjfhgkjdhfiueyr9348;kdjghkdjfghire
/v1/redirect;457M7nmjQ2jYYSsagAhH23vX9A_G08xEng-cjCuWMYRLAuX2K9QH-hjvlvuL;7SwPxIwD3unkT9_i
/v_Error/redirect;lyFx_gbxe8DqzkwdISxnzqNyiA_OFd_-2odpzjdvhTxFKxXCrQxXZxhvs3DY;QFJZl_dD-bby_eI2
/v1/redirect;sdfsdjhgkdjfhgkjdhfiueyr9348;kdjghkdjfghire
/v1/redirect;tRcWhPxkZyNS_P48Ijr0Q1hL4mh03Ecc5iRViGTSL6hv-XbgzXXK4OEczK6K;eJYJzv54A2_zXJ7w
/v_Error/redirect;mR9X0C8O1r1Cy1VFbKuR0LpKskkj_OG6dCiU9nPCU6ivib2g8U6kLgMLdeoT;-6ZkaikbXeMBjTxU
/v1/redirect;sdfsdjhgkdjfhgkjdhfiueyr9348;kdjghkdjfghire
/v1/redirect;nTw7WdUcBxTgHhJLy37LF80d06l62JjxESgp0IIH2YHoUt9BTvj_O6vMb0vS;FXUIrIWmiFhLaONl
/v_Error/redirect;uBo9NqxQ4b_uEBx75OHoEJ03Ots6VEP_C3Hdm_O2m0ZJgB6Y3MsVdFwLEloF;ogb9lybx4whe_yCa
/v1/redirect;sdfsdjhgkdjfhgkjdhfiueyr9348;kdjghkdjfghire
/v1/redirect;bEpen4fftKF-RQqQE5qJagwL28KAK0ihZWn6VJsKhUbRF1nj0sRNDBOAWFoA;MHnAxupk0mZ41FaT
/v_Error/redirect;_lZx75mH8D9GIuMgDj6a1XhwcZUrTKzEGYnVfGgH6DfeCG_Hi0IrdBca9x0p;4JtKO9usCq19PGIB
/v1/redirect;sdfsdjhgkdjfhgkjdhfiueyr9348;kdjghkdjfghire
/v1/redirect;zazn0LwtrDdJV4XN-VSlT6QZHa3x13O8SnwTvivOb3f-UxUuzjaddXeZJ59l;PH_gb2kKGTZLgMYi
/v_Error/redirect;xy32BzfpWg2JAEjsuvhURq51atFgcHgg4pxHsMv6lupQWYhKavuDpYV9T0I0;x0uK5O70Uz7X9DVf
/v1/redirect;sdfsdjhgkdjfhgkjdhfiueyr9348;kdjghkdjfghire
/v1/redirect;z8ov3zCvoC3RTQ0-y94dSGW4990P1jhzt2Nc265U54_Ay3txT_M4gWQbe1_n;dUthFqX_NBX84upS
/v_Error/redirect;N8fJMM1HZtMnZtDxfOvX8GlJdPE-_lyK4FSAzdRgpoek47PPDkvWUyUzOK71;H4yO_j2j6dMFtpdc
/v1/redirect;sdfsdjhgkdjfhgkjdhfiueyr9348;kdjghkdjfghire
/v1/redirect;_-kczDmzIuroskBOoYwBjYTG7n8pvKYGWgWB4INd9QQbENjkHhyEpWTyiDnE;S_v9DynP_gNWdRZb
/v_Error/redirect;sW-dVf3g9ElyPHe4pBeip8fTgOcQz2mXsr2td1WsJcUm8c__B2PCR2G9dB0e;AaDdd5tFsDeHir7P
/v1/redirect;sdfsdjhgkdjfhgkjdhfiueyr9348;kdjghkdjfghire
/v1/redirect;ctym-b4rOMhgYfI2teSOss3qQxlW45XwXy1cB59nSK8kuvX8ZUcuVp9IG6zI;pVhbHqgzpJIymyBf
/v_Error/redirect;FF36vRYuRhcEYLdzaVWhuBCyso2NwBCO7qWzc37PUC6ikEn9wmSUhIwY9nzy;LJcJnJC3uDm5upPQ
/v1/redirect;sdfsdjhgkdjfhgkjdhfiueyr9348;kdjghkdjfghire
/v1/redirect;-TF8anuB5OloD3A1ZFqsmp9e_V7AeN-ee7D-s3WHGWN_huPw_PDPEuKgTaVQ;RosshRx9zBxYNp-8
/v_Error/redirect;CxegFfZr_B42YajOFFhohLszmQz42QcdUbtsD4dpT1RKXSqc8ZF12_bDOQRa;yfvuUEzm-C2DYYmM
/v1/redirect;sdfsdjhgkdjfhgkjdhfiueyr9348;kdjghkdjfghire
/v1/redirect;Vo85W7H14ek9OYTSM_uMjthgnRyTbEXkkZNM0t-E0xLET6aOlXNQpPsdlcY4;z9PaglqttSzgaBvo
/v_Error/redirect;s975aa2wW66B9StP5hJHxaco214UOPNAK7mYf7-B3uIoKkNZtz5AHbpg7rOJ;wH-c49jezCpqN2yZ
/v1/redirect;sdfsdjhgkdjfhgkjdhfiueyr9348;kdjghkdjfghire
/v1/redirect;diip1uIHLN9bxH6cwTtmUDZe6A5i8lqI8MVKXfjQaff4E14a4m7h229w57H4;NqgDljHDgRrum2gp
/v_Error/redirect;Nv-32O_mP8ypSmJk4VDq-JL61yyuyHMVcpJfW339cd8yk7OxB8rxJIhAAjz9;aanyIYmdqUJpR2oV
/v1/redirect;sdfsdjhgkdjfhgkjdhfiueyr9348;kdjghkdjfghire
/v1/redirect;3ufkqQMFjsZ14JxrOuPaK9FxODPy_vvBGM6SHnPsRQXtH6K8MDkyIqljJcmf;s7a4uzyfpx9E0ZDl
/v_Error/redirect;fWj4Vnx9-4Ut92DXqpneUHX22Jj6KT5ZCZWu46q7SpwvDDLs3nNsLFvwEeCy;V9Wa2GTZSPKfybph
/v1/redirect;sdfsdjhgkdjfhgkjdhfiueyr9348;kdjghkdjfghire
/v1/redirect;99W17yhs75esGOJfeJ1qK4SA7FY1rvTMcgUKyw8YlpJAwopxUTrc00iEsBYz;NeuwUqTNSC5J3MCa
/v_Error/redirect;b5OvjfAlz5-wwNlwRZDt0wqSAL8TiWwegZcsNCOKObY0tLciKOaDOr2vdBxj;3iYynVvycIxuoqE1
/v1/redirect;sdfsdjhgkdjfhgkjdhfiueyr9348;kdjghkdjfghire
/v1/redirect;nj4y8grAfRK98PunxNHbdSPcvKJOzcwmrhrmI5fR0mdnt6GNB-vJ3ZqZMWFj;BIXXpfbzs_R4lrOf
/v_Error/redirect;RIy6DkC5J7CG10AQB3YqveU9qLp8z3n0yOgqP9wxedxDjpRTkyE_Feg78sj5;wFjtV3du-sqTfBHY
/v1/redirect;sdfsdjhgkdjfhgkjdhfiueyr9348;kdjghkdjfghire
/v1/redirect;yJuogMH3QMdJXb8HdXtM3jCimXc3Gi5t5PX5eo8CfrF93TMMZd5bJJxlnu4s;65mio2W9QtEkFnZZ
/v_Error/redirect;fykyhEkPkiW3wNNCcU0MWrlWspCrdIcPk2w6liBrPfnWwSbji3VWqknbjw3h;rNnWJDN6pKNK0GG6
/v1/redirect;sdfsdjhgkdjfhgkjdhfiueyr9348;kdjghkdjfghire
/v1/redirect;SgCRAxwK_EQnvuPKFarysD6PW6GnfQL84hawSOPKJyHqQbxFmJ7sjZ4RGbWD;6ZFewUROiBNYTF3o
/v_Error/redirect;6EQY1Fmi8GwGnZhKPDfx8zKccfjw989kmMSKnUwqx6LWrk-v18Ru2pjtffMV;YEitiBwlgV2zdcU7
/v1/redirect;sdfsdjhgkdjfhgkjdhfiueyr9348;kdjghkdjfghire
/v1/redirect;6uUVJgZNRJBCXlD1GrFTFsHHpxaMsTYCbvJO2tokDfqWMvchWfdYu7WBdgjR;cSVvrkZaOUAWzZmM
/v_Error/redirect;juNmuHt8oN9viw5ctIrWoDCsOUrjxvZS-3oXnVOfTxAXvR5-UxeQDpiVE5qC;b19Iqs8xcLgea_qZ
/v1/redirect;sdfsdjhgkdjfhgkjdhfiueyr9348;kdjghkdjfghire
/v1/redirect;4SHyS4UUxPL1q_zju8C83q5o1mPc7hokU_saqGffo9qPZTBWT98o1lI5clGi;L7o0k5JAU511j0BB
/v_Error/redirect;c6ln6VQA5nZizZ_jzv4JHnZ36HcPg7GFvx2eMAf4030CMtOHfvvM7Wf-Sinq;sJ1r_B2Adm_tzsrx
/v1/redirect;sdfsdjhgkdjfhgkjdhfiueyr9348;kdjghkdjfghire
/v1/redirect;3o78HvOijDrMK9HDwlUyNExYqk9HvH3zpLqOVM9eNTFJ80j4enjfuVEFnhHZ;xj2iNmwQp0Oqb68O
/v_Error/redirect;GX2XBRlduSdClOMrm2bGlLAG-5HcvZSb2pBz7Vb9WavBP-6LHFBFBMvzRx-N;pgjAJSFHRatleWRs
/v1/redirect;sdfsdjhgkdjfhgkjdhfiueyr9348;kdjghkdjfghire
/v1/redirect;UDl2ntR-G0g2ySkiW8gmOCOhSc_pn8QLMDUYzCmzO2N4UnHT9nlAjLrON5LK;r5nt4PasnGuppWPT
/v_Error/redirect;aEHW301fvI1mDL2oiBzWl9_WfYvqHH8kzx2YNc1ubFdJwtpC1iOKYI5QtSKZ;tcP7ZVwb5WmcMg4X
/v1/redirect;sdfsdjhgkdjfhgkjdhfiueyr9348;kdjghkdjfghire
/v1/redirect;oIeFAOO1xiEKiVi4zAg1XKVQFwFgpyv9FDvdPYn45eVDQit8YynvZr38bsOa;7REFbFUOt24d7o9b
/v_Error/redirect;ZYD66kZw7UXVAFx8tVhtM0eWGajeH47AaEqw2CfInT-TxcTMiqS3ZFYcFB2-;YSBEm4xs-fmETi-O
/v1/redirect;sdfsdjhgkdjfhgkjdhfiueyr9348;kdjghkdjfghire
/v1/redirect;JfvaWJS1pFbk0gfjh2XBD0hSh48AZKpJ0v13mlORk25yzpN-8yyOfWPlyc1x;OdAhavLHIGug5WqH
/v_Error/redirect;T0ZWzY8kcGdJEicpeIOFG_vnY7snKPZVNM8eT9I_lxXy6pp5czv4PP5l5DZU;ynn5y2R8SMV58gLJ
/v1/redirect;sdfsdjhgkdjfhgkjdhfiueyr9348;kdjghkdjfghire
/v1/redirect;RAHUGiTcrpSYi2NSQLISYxDdkWEFmn6H6xSttrrQl4QqD7Sq5x4WGYuihhYe;_rLtFZhNkhlU_f86
/v_Error/redirect;A38gDkqjrGGyEII9DJsjdkRw_zO1lyZVOG8AAp3c3zFzqKwc9HyHiFIpLFr5;MuIzHJtBLkFC9J7v
/v1/redirect;sdfsdjhgkdjfhgkjdhfiueyr9348;kdjghkdjfghire
/v1/redirect;E32nM2y8i5C__367KvaGQ-UdfJjjX7ghw3oeSZhcHOF89rgJ9jI6uIfvGI9b;iBoUhEDtpFYfz0V7
/v_Error/redirect;XCXgGon1eGwb__PVXCEL60czEF4-HwY3Sz3EOq_Kr_j_JpK92bRwpzR7WcEe;JIxe-GPMNZezqWhw
/v1/redirect;sdfsdjhgkdjfhgkjdhfiueyr9348;kdjghkdjfghire
/v1/redirect;hhOwdtEnMOp8cF2_Bymvyf6VojNK75O7quexIgawoQYrDLqHcmjS5TVKOdIL;jjD9-vVpcnmC1ECW
/v_Error/redirect;mmoNTHSLtcpNVOfUhDGePlt6m-Uq8ZxFQ4jxGnhbXiLbUqZRPgoWoRMn8Z59;Nb5ggyWQCv0xVBE3
/v1/redirect;sdfsdjhgkdjfhgkjdhfiueyr9348;kdjghkdjfghire
/v1/redirect;XxZcYbugVipvGnbnpzF8ou9a9LZPc6CV5HwSNEv06sPLAUkzVZY_Pvk5o7sn;j7f2DJ4tsTlM8Ki4
/v_Error/redirect;41F1IfAPgYf39sZVZiPzwSiOt3RwDufvwBDZrdFHri7qJLK5hsIoDbhj-10H;5mVJRGnKBlopDIaJ
/v1/redirect;sdfsdjhgkdjfhgkjdhfiueyr9348;kdjghkdjfghire
/v1/redirect;OUbM7oFcJpcow8d2AEKQNDMRmIokDPtSj4W7nBWe9hNiPk2gHMdd_TgiG2Z1;AnS1U5fujt_zse8l
/v_Error/redirect;UrKM_zt-P-AC9VI9Gl-3NXaLfHFpLakVt_CrMNkszJW-ekhOGaFWQMo8frBX;ExbbnW3biMGkeChA
/v1/redirect;sdfsdjhgkdjfhgkjdhfiueyr9348;kdjghkdjfghire
/v1/redirect;1cys4zFGO5qClgl7aJ3zsX6mhPiaxVOinWqlUC7_Yvi0KRJ2s9cbw3PXA5RL;n1Wz6zHvx-AkD8NR
/v_Error/redirect;5GcIFXvChKrxvVKhN6OTLByqGa2l3womviJa7TXBdKRzcicSUoVySYrg_8-N;v5DvHpgTVZjn28lD
/v1/redirect;sdfsdjhgkdjfhgkjdhfiueyr9348;kdjghkdjfghire
/v1/redirect;2p2KkZJ3JmNVlvmOmU0zj-eula5khMNvwEDgXNLQJYPbigATRMddKq1MayAv;RQ0Wumy-mESIkeN0
/v_Error/redirect;_pKl6aGTbei8BQLGSAu8nTKIX0VBOZLLciJJ4_ZtpM4-xFzPCDXosWYmapRa;ezm3KM_Vz6lzmOHY
/v1/redirect;sdfsdjhgkdjfhgkjdhfiueyr9348;kdjghkdjfghire
/v1/redirect;idYegQ-WkWwU4NIc8ZNMLhoAe1MIF2E-i81smlvzvKokhR7epGF-hJv91kPQ;kRqJKy-hymSeAtT7
/v_Error/redirect;anMlpl8lsMUOtHVn0I93y7ouEeLlQtfKDMLCC3FVY3NFOmcGH4lLCUUW0nw6;1w5AsiI6MdkVfA7Q
/v1/redirect;sdfsdjhgkdjfhgkjdhfiueyr9348;kdjghkdjfghire
/v1/redirect;KGDh92_t12sn3u5HEgUSnHjvVl2rm7q5wsWkfGIQB-wSBIHlfXfereTLR4w_;jJWeSEy83Q5SP7se
/v_Error/redirect;94NSvygfPOdWfpHjI1N-EyIXFBh7HCF3yuQVWYVhmDnpRBAnMB27wSWEGaOf;mv0CWFvu-_Y4eJOe
/v1/redirect;sdfsdjhgkdjfhgkjdhfiueyr9348;kdjghkdjfghire
/v1/redirect;iqvc1rzwayoNY5TVTFU2CDTXFCP9qbDGy-S6s0qnx2GngfJKuHKipfGoo6yg;XNbb7YlWjNaFMbT8
/v_Error/redirect;NTmlBla5HNUabl6X1OofxV4chLRTtKtpSaxNnwe7hQk7GDoQH5xbpFYeh6Z7;E0SLQ7ckIDOZ3kwO
/v1/redirect;sdfsdjhgkdjfhgkjdhfiueyr9348;kdjghkdjfghire
/v1/redirect;mystWU7LnPIIdS-w1Q31dyYIZcwO5M5Oj0gKx8E_lfWppcjoCjmpr0ybtKJR;l_nHi0b1990X6a_6
/v_Error/redirect;zrR4tVOJ2GG_avYw9--7aP8c40Dlg3pVQTNF5pyVHuC-QQIhjLGmJSM-PLRq;EpfnljbAGUSCJGpO
/v1/redirect;sdfsdjhgkdjfhgkjdhfiueyr9348;kdjghkdjfghire
/v1/redirect;9xOhFMk2_QxTdQ41lswX4V_LYEGjfwpU42j7YqB4ILo4fHArZGHsMmAhAZaZ;shv308dP5ofg9m1U
/v_Error/redirect;NOA5oJIHCataxHcOb1SvFcMhfpZBPkX5X_h1rR7c-Y8DdEDfMWRFv3v5D7v4;TCJSDpKezKj4h5sh
/v1/redirect;sdfsdjhgkdjfhgkjdhfiueyr9348;kdjghkdjfghire
/v1/redirect;vd-k2g0-cAiAaEaq10Q5UN1rRru1ervr6rV7Lz531pFA1Dlyam3H4gef4xLB;ncLrVT4nH0WVOl8d
/v_Error/redirect;k8zZOn7OOKnFsVNTpXbnqRjhfj7EXR-1iZfNm49DyQC9RJU8InolXaCVD2ZH;PzIcv6iFDFIW3YuD
/v1/redirect;sdfsdjhgkdjfhgkjdhfiueyr9348;kdjghkdjfghire
/v1/redirect;mQSq0NVWwHF9zf0AKWgmgEmPyQLmM_vr_ybB5-qrFAxUspoZprAcdp_FHbmJ;cpmH2x2yI1YSrcbn
/v_Error/redirect;vS3pmnXSSt8siFvpiy32x_SQbMqHmauTAyoEQjIXnp5RHjgwbB9ME3p__u9t;OVwde-qvLQxv39n4
/v1/redirect;sdfsdjhgkdjfhgkjdhfiueyr9348;kdjghkdjfghire
/v1/redirect;qZxF1pf9QsNG5oR2i6ibEptNVMDC7LwuaLWV9kz9w6E1-zdC5vx1VAgWvkM8;zMj0NNwaiiILSY8c
/v_Error/redirect;KFmz1WGWVBJacvhQpnPsEB3qqvFM-yXlNxIeO3Xi0OFLpYPQKkF5UXFgCcLQ;HVlMKQ_AhDkHRTJz
/v1/redirect;sdfsdjhgkdjfhgkjdhfiueyr9348;kdjghkdjfghire
/v1/redirect;3b6vHCkbtvgPe-M-sK3lJzfwyK2_AfBWxbdvdfY6mHN8EMXeO9IV_jtXiuUX;BbL9GL22q8ByVaJh
/v_Error/redirect;E0j4o4s3q1KnPG9nMsM2mKe4IflUOmtmk5bMA3-t9x1-y7p0W0t9O-bzZWCz;fpD63He27mu_KeeN
/v1/redirect;sdfsdjhgkdjfhgkjdhfiueyr9348;kdjghkdjfghire
/v1/redirect;uurLQT_QH8hJOs3YutzfEMQTuAM5R3hhyk4rxyWz7Uw7DXRCPVURiC7YIQ7_;EWR0wvYp6qHR7X2n
/v_Error/redirect;RAGTeKzUYvKa6u9RCp3-Hcv0Ydz0apkNiAfFRFxKOjXiMe3QT8U4JSVEXyJu;Q35fwkqEVh9b92nK
/v1/redirect;sdfsdjhgkdjfhgkjdhfiueyr9348;kdjghkdjfghire
/v1/redirect;YvZHZicIvaxhqjYXLNS2mm7dFXgcDY_4PI-iwLGNALz2_Theg6hLMukJZ7Wy;0VH6tMHb5yNEKeEu
/v_Error/redirect;ykyKcVn98vVeiPWy6HJ7tijldoeUPVeH0ktIDiet_ppvaRu7TsHzGrIlAHAo;iSoBvPACXd2sgu-T
/v1/redirect;sdfsdjhgkdjfhgkjdhfiueyr9348;kdjghkdjfghire
/v1/redirect;z7hgcJ8KJZQEScMRQ9R4H67_7dsxPpF9FHjcKdCDw0lGdYj3ATbr3dzQt9-a;VzjlTfUTP-HdwOuW
/v_Error/redirect;YAu88njFieUVvyF0p2kkZgQ3GFWvoQL4MEVUSHg6Tvr9Ks46-JDalYy5pdh4;Iz6eEI1Zq0H_FlKg
/v1/redirect;sdfsdjhgkdjfhgkjdhfiueyr9348;kdjghkdjfghire
/v1/redirect;ODbf5w26EM8Paubp70XOtzKnzDC8lOvC4OyerV4wA_y61tOecpQK8Su3F5of;wRhHhXxHn00O1x2P
/v_Error/redirect;LxLUZcZK4QdgRWOoOEeuG-NbpO-chLRANsGbyt-TY--oQcrockoIMWTuLsy5;l9ljBVJ2Vcnofiw9
/v1/redirect;sdfsdjhgkdjfhgkjdhfiueyr9348;kdjghkdjfghire
/v1/redirect;1D-VRCbYpTmbUWY70cTAlhNi_WZcdAniYZxZEloz1Pz9neEKHpYz7ujHjhN5;lBEENbu78jx1U8x6
/v_Error/redirect;zfHi3x33AIscVI0V43bg9utiGoGY6kAfBYH-jQvzaIHHg7_dLyfNSOgX8Lst;oWgh8rIJgpcw8Jx2
/v1/redirect;sdfsdjhgkdjfhgkjdhfiueyr9348;kdjghkdjfghire
/v1/redirect;4nXhdFgG9jW26oEHAqMq_2vImqR_G98aVC5wvZ1o7v1qlnEGWE96Ew7j4_sS;GoBGFuT0_SiddDi-
/v_Error/redirect;rGkUVpz-L0H3ZTGnlz_ARg_tIDXxZDOudkgBYL5xJEvAAwUzJuq7T8tlmrmd;pqvLtZyAvoMgRAzB
/v1/redirect;sdfsdjhgkdjfhgkjdhfiueyr9348;kdjghkdjfghire
/v1/redirect;UuasSddvhtUwQ8tE0k_1qhTKYY2ZXSHco4f9EMl1WYp5XdnwKLgdmtKc_Qwy;hF5rHFNUOpCPvMO-
/v_Error/redirect;PyuEIwyRfnM9oFvoE-fyilsjIu0h9sFb9zEVyoaH7-NjlwH3uCtVaW1WM4O4;takMPl1SVl9nqNUV
/v1/redirect;sdfsdjhgkdjfhgkjdhfiueyr9348;kdjghkdjfghire
/v1/redirect;Z6FK182TpjRsHJRJXrA7Bur9d7-7tMpTE2Xw797IJbGrcBdgKm0gR8K5bwwm;fDdGzJWzafmJ4T-u
/v_Error/redirect;Q5VMCEl9pFMrJ2-WFBX1T4n0AhoZg9ehjxgDikAU5DNLjY6BqPXHBAUAHQRL;kUq48rdr41fZHB7K
/v1/redirect;sdfsdjhgkdjfhgkjdhfiueyr9348;kdjghkdjfghire
/v1/redirect;dSc29k2ou73DSLLWORfBG5bID6lsBAI14XnMVeCmB7tzg_t3vzdF3LGtu5Wm;QcOKVbDUly71vodu
/v_Error/redirect;qZSqnnrKteXtvpeLfWvsCYW5m2tV8puwFpJD0aWXz4LMEd3LH7uUH0e5E9GI;jwUGb-zxXVm2qh2M
/v1/redirect;sdfsdjhgkdjfhgkjdhfiueyr9348;kdjghkdjfghire
/v1/redirect;BqYM2Wjtv_3Gx-R_vjBZKgqtaoN3xfDqVGKBXQrA9YTsMdccMCzxVr2EC3_8;2kWRFp76afH4I_9o
/v_Error/redirect;RgW0KeB31fC-t5ipkc3bRFHzvHF6gEp_3PkXCqVXKpbcMd4Dg5BkDIPVhCKm;l3RAHdyShk0RVeWd
/v1/redirect;sdfsdjhgkdjfhgkjdhfiueyr9348;kdjghkdjfghire
/v1/redirect;j6oYFHtX38StqoTOWqcjKNlY3ld7eXyEjG3v5dZTLbN1XYMO0elFqnLMCymt;IMZsZ1hLmXGUHbsM
/v_Error/redirect;agFKIHN8q1X2OrlZJf9o0R4ZiXEn53FpAIPXNVirqS1-tAenalgyO9UTyvwK;tO5ozu6G_Wg4Evh8
/v1/redirect;sdfsdjhgkdjfhgkjdhfiueyr9348;kdjghkdjfghire
/v1/redirect;ocXIpj4w12abpNrwuHmPtOSI2fLEG9bzkJdp2vQjP-HXUGVO6g1JyzsEsBUv;6ei9hT-Ddr0B8QVI
/v_Error/redirect;MqN6hqLxKdqXn0L8NfyivzXiiS8TkwqEXttCsnOcBYrlZE-l-nvCzGq25piv;9G1dGUDNTyqBez43
/v1/redirect;sdfsdjhgkdjfhgkjdhfiueyr9348;kdjghkdjfghire
/v1/redirect;oUJArOPrWaaMt5h4D0M6Vp0K9GSw-tK8oXoH5zfuX_G7rczqkFW-p2_GotUU;F-you-RT0D7SiLDV
/v_Error/redirect;we1HqxPKzqpn2gXGiG1A-kcFL6MZ3gUeagrnNhbJz5WK7ReG3effxP0q7IIm;VBfPD4GyzuwyANWT
/v1/redirect;sdfsdjhgkdjfhgkjdhfiueyr9348;kdjghkdjfghire
/v1/redirect;Pjca6lqBHsv8N-DfymfasUJWQEHaPeIiB_N4ud-f_NnMLlT-2jN938Pmi2sI;Ju1WVHkr8yY3WqNL
/v_Error/redirect;lAod_fmB6YZp6f4yQ3sIwOOhk_AOrnu3UZGFSot7NKI3o__7pDBxgB4hu9QY;v71t4BCYPvxrI4yR
/v1/redirect;sdfsdjhgkdjfhgkjdhfiueyr9348;kdjghkdjfghire
/v1/redirect;j-JQn9LKld6-noDGDbISTil-D-jItuwV89V89_5Ia-nXFQPtOydHoSTfW9G9;eyh5IeA6tSDiP5ar
/v_Error/redirect;od62rHnBTFIbH6GRZjDAfJamDQt0h9X_hMrqPkhpW6TAS5_tFHrNsoPSpIsr;DS52GLUyb7BH3KAG
/v1/redirect;sdfsdjhgkdjfhgkjdhfiueyr9348;kdjghkdjfghire
/v1/redirect;Gi9fvIBQ3R1cu1qefR39937Ip4F6ExbVWZQaeWILbAQCGs4pVPl2-GAnIzAA;ixyLnOiZV_LaI4vf
/v_Error/redirect;mANnAGiTV_KDADMUU6vrPhJgLQ96P-ZzwDE076XOzKF4D_kBmaOppd4v_tfk;EJxD7bYGJij0fE7D
/v1/redirect;sdfsdjhgkdjfhgkjdhfiueyr9348;kdjghkdjfghire
/v1/redirect;fDzMDLnqzMAWW6fKF8SUT8OoKA531WRu1ahewKX6Ivawl9tmLR5ASwooZ2OI;KlE2AZdQZNOcnIqe
/v_Error/redirect;ZUX5ELd4L04H1_1YsBUlrCMsroO8FQtHoV0WmHAWgejpzPcKrkZVgO0KrXKk;WgGg2giWdldGcw5y
/v1/redirect;sdfsdjhgkdjfhgkjdhfiueyr9348;kdjghkdjfghire
/v1/redirect;ZHCMhtyOdAKPh1tTGFZF852XHAFWUViH6LleyeCFzHUNUiPi5gvmfRz2bmeQ;jQ8fZYNTqp0gdlPg
/v_Error/redirect;5wjMWOgB3s32KNCq3h2zK7_JcZ0M9OvN2xu4muCbiFWwcnDSYXtDQPWduJAO;Ux9u8eSqpvFGjVld
/v1/redirect;sdfsdjhgkdjfhgkjdhfiueyr9348;kdjghkdjfghire
/v1/redirect;gEHIaS4jdQ8RrJOcyqmsjjUzyOgzduE8gjvr53Z71Ni4jVrxs7EehzaHvgeT;jyYajSgZa6XDIoN-
/v_Error/redirect;K_kjXGBd3R3cx4naQUBXYfffdfl0NjE6fAX_qCU3N0mMdjSU_4--yXb7TEV6;D7xydMRwN2VRfiek
/v1/redirect;sdfsdjhgkdjfhgkjdhfiueyr9348;kdjghkdjfghire
/v1/redirect;k8sDCxMEGh7iFAmV9weTTA1ULCoE53-5MnNHdhpxsibxHuMJu9r-wOqg8gHD;NcSmWC48d0iH0bhi
/v_Error/redirect;1zknZAWG19IdxuXtBDMmSIcrg2adxAZCMeMRWYB39ZAkVmb0U9ioxCZMYniX;luHNs5duG2jzIL7h
/v1/redirect;sdfsdjhgkdjfhgkjdhfiueyr9348;kdjghkdjfghire
/v1/redirect;o8iuNS4aDTGdK_bf3ffCQjMvP1yeAfn59_1Dp4wczNwxeXNHdHcn4WkNbjf6;s9JYMvRDnRvN6jcU
/v_Error/redirect;0YRnxMWPL9g1vGx9B44jjPICeigUYZ4nJu9WAoZjWG1F66v2Cgx1Dtx0xyaQ;u_KzIzCfk-pwZ55E
/v1/redirect;sdfsdjhgkdjfhgkjdhfiueyr9348;kdjghkdjfghire
/v1/redirect;-a7-Saysh2pM4uaoHT_Mz-858f_GO5mqlGrBhY7JFfSbiN4jMKFMypFxZ58g;p-DpoK1utcBl0bah
/v_Error/redirect;PjDxFx-C6aU6978XsPVXLnDap9sHXKja70kbtvkGxoUPrX1Qd-0gfgKSK_40;kncfoIcG0IZ6sFV6
/v1/redirect;sdfsdjhgkdjfhgkjdhfiueyr9348;kdjghkdjfghire
/v1/redirect;6I5HEbVfvWdo01O-8km11DfZNqCT-OUv4zh9cpFf4T1yBOOyRFYM2TW4nKdh;bUs5NOYnbASc047w
/v_Error/redirect;a7OsWy37Dv_gWcCuJePTbT8VvLBGwtmlJ1a1RXtftT0_h-noF-NUL-6i351C;TeXF6ahHZWPbf4QZ
/v1/redirect;sdfsdjhgkdjfhgkjdhfiueyr9348;kdjghkdjfghire
/v1/redirect;JDWqAmJQ6dCSwWyEC7wAihkj-JsVUTEA4IOcIY_1emirMI7v2Wf8kiKY6_qQ;DRaBInywcALyXEfp
/v_Error/redirect;o8AH3EcRAqijVxUStNHj0TlFX1qEzE_rnpgCI9_FWLtnrYsi9UDpnk5JYn4r;aRmLRu513qXB5bwl
/v1/redirect;sdfsdjhgkdjfhgkjdhfiueyr9348;kdjghkdjfghire
/v1/redirect;LP2u1soqURCpL_5AWam0cnsf0VcNZfcIhDmCc54kUQ4G0Oh4uAZLxJZYvIGW;jGoxSW1N899WgsOb
/v_Error/redirect;qu_tM5v1qopRjXdXhXWTJq7iRMMxaCZfwGW1LlMEehFKEfP_GZsb2JjcFBl9;t-afVW8O6zTyLMZ2
/v1/redirect;sdfsdjhgkdjfhgkjdhfiueyr9348;kdjghkdjfghire
/v1/redirect;w3oslPjHrcUKERNp3diulmeU53eHZrxiOM8YpGem0ZQU2P8RvTyya_PVcpqB;BLfaiw_C5sJo2KT_
/v_Error/redirect;nKmN58whuYyRoaf88bFPzvfXHHb3RqQ2zKSNt64TTw6qd_qAxYXBtn8-nDbX;aNBwXVNOMQ0hBqiU
/v1/redirect;sdfsdjhgkdjfhgkjdhfiueyr9348;kdjghkdjfghire
/v1/redirect;rnb5l0mMONgPlPaAcUBgnXyqBPxVhWpEtif-X0lwoc2rX3vEi7UlHn3Rgdc6;a1kCvIkh2q062N4H
/v_Error/redirect;vQX7LRBQRcwcctaADJNRqeDl4UAmEVnmbXrf4H5kzqfF1I5NJeZKLv9svPmk;nXh8GFFZcsiLJMOr
/v1/redirect;sdfsdjhgkdjfhgkjdhfiueyr9348;kdjghkdjfghire
/v1/redirect;OJGt07tRpTaF_BdqoK7ktQp5ik1VmVdBWQjo9gt56vrzGLf3e-76IJbsjtp-;lEnXG518PQceHQdG
/v_Error/redirect;IAQSAFLcYlIe5NmKgNUVxbjyb6ThuxAyTl8TC1297Ehto5GE0yfIUQfGE__j;6b18yV_GCeTqvGBd
/v1/redirect;sdfsdjhgkdjfhgkjdhfiueyr9348;kdjghkdjfghire
/v1/redirect;z7g_28-W4Y5K97M6dunkABzEtwhJZShAE9BuQ1kzhqOrxiFhrii_ahoLd6YD;kiAoWbR5GzmC06Bh
/v_Error/redirect;UjaoW3T9cFuz5EsMe8azMl4DQP15lB1Xv-UH95UQ7oV0dOhVashBlp6Gkh-p;_27VKEsKiSwka0We
/v1/redirect;sdfsdjhgkdjfhgkjdhfiueyr9348;kdjghkdjfghire
/v1/redirect;cXuKDWOC56leOyfV_O-D7X1YeQNOek-jBuTYejOaozMHz4AmQlvk71nDY0fE;EY-TLuggBzOVJTjO
/v_Error/redirect;3JDG4rf1eX5DARsscOQXJnrL0BoxqoSpHE1ew7qz4uTEplAiHCdpEwimCIGN;aTk3_uaaQ_aTWAmG
/v1/redirect;sdfsdjhgkdjfhgkjdhfiueyr9348;kdjghkdjfghire
/v1/redirect;Hc21T5d2jub3d8OGE8wDRUIW-_lOpOMcZY_4sC3B_xbacGlUuGFjjvGWkNRE;7Daq0F9IwXJHaQzs
/v_Error/redirect;xRenDlZXCD8bvxd8xmPr_H4nzS16K93Esc7wtG5t52xBZK29pjzLeeby2S1g;0rNhCK-J5jbtOOxP
/v1/redirect;sdfsdjhgkdjfhgkjdhfiueyr9348;kdjghkdjfghire
/v1/redirect;VCBVqjzPAUc2A5FNDa5DTTDtFGCqRjmzi5pxHo10gFhvMKv50CwmFf7b2Gob;_QK3QK0LxeVen8lG
/v_Error/redirect;v8PnXh0vYssY9UMLnZFHZ8IP5g5av4b4532uVyTnpOCe-_9KefuBy_44Eahi;pvRlZfeUCO8f9NUU
/v1/redirect;sdfsdjhgkdjfhgkjdhfiueyr9348;kdjghkdjfghire
/v1/redirect;JOQW0TKLlV2YMKOINvyQaFcTjKjL4Y6fLrLRt7AF7fj_oOPtcbqmlja61vOh;ssWrnkkakkiYI_2K
/v_Error/redirect;U28txhkQlhzNbx51AYbbhVVH2Mv0zwGiRF6_O7-mvFK-5SgLbLW1VP2GtCPk;CeEJy56ZkUE1JVnA
/v1/redirect;sdfsdjhgkdjfhgkjdhfiueyr9348;kdjghkdjfghire
/v1/redirect;v2D71OcM7PYygN6Oll3KYDTBephdacYkDTpZckbQeOmUvhEsYlnkPaw38X9Q;7xYYoREOWNr5YEnI
/v_Error/redirect;XFqW64PSMHEFluDt4Na5bHkGVhg_nB3CqUEsTlYp9nFwpW6hH9dROIQ9doK3;KFJmVBBFLHOZvPxo
/v1/redirect;sdfsdjhgkdjfhgkjdhfiueyr9348;kdjghkdjfghire
/v1/redirect;LEYnavrL42nef0dMIwkQcyiNjx3mEkt0G5Z8P8MQ5Zdo1Y4osgu-W7XTLCMO;U9uAE8yYU4-D88RZ
/v_Error/redirect;4VUsaNH6hnA6rjjwrcLsh-yq3Msuw70w4c3GqH4QCzAlIIxZLq26C8H8ibMq;zYJGL8JuT973kcDW
/v1/redirect;sdfsdjhgkdjfhgkjdhfiueyr9348;kdjghkdjfghire
/v1/redirect;ZETloXvR59OqECeO6Ni-FdCoBI6c61bCPRdHXbXxBL4IC7YI_h49lHYTbjKH;ROiDib0fKEZFBagD
/v_Error/redirect;ttIU6i46Honj332QH6i5OK_Fk4j4Vah2ID4OJoh23ktqSJbeWCeHBzTUh-nP;B2NIixpbNlTv2Uc4
/v1/redirect;sdfsdjhgkdjfhgkjdhfiueyr9348;kdjghkdjfghire
/v1/redirect;QAHcHaOjLttpCl8FVdvYhRsYP8b9N4-pY4Q3owl7tD9hrtUCMLwJXeFgr-Ym;K2GXSIjHmXI8RBln
/v_Error/redirect;_vcnHW3VUqAQ3TL2OUBKLxXBNtxSbIO8wx_PYHgez_JsMdwazSnntBln7WUG;fn9KnCmEwwGmVE1n
/v1/redirect;sdfsdjhgkdjfhgkjdhfiueyr9348;kdjghkdjfghire
/v1/redirect;Seq7acSfjYTtFSpdS1UDHtVoH_FyznSYHyHrGuWPvm7DX5tEu1whbn_NtzJk;PeKyAmXhddfr9YZX
/v_Error/redirect;_fcI26wVO3Pq8k0gjNHF6FGX8Zm1j1yNkP96K58I1YMPu8WXdf7mnB4piOC8;i6RzuLKJ9yT6AiyW
/v1/redirect;sdfsdjhgkdjfhgkjdhfiueyr9348;kdjghkdjfghire
/v1/redirect;QuzUqTpukWyJSDfnGv3DE1wot5rS2Vv9mcdOIBkd9G86dZ_SH1TW-WVKvWSG;lrlOoi7JvQKIjgCp
/v_Error/redirect;snWW0zkyk7sqhMrcUJahnv-bzba9eqwdDHh0W9FWoErIKZkRd8dsrlrOciHG;juh-EnI8DeEoxMi6
/v1/redirect;sdfsdjhgkdjfhgkjdhfiueyr9348;kdjghkdjfghire
/v1/redirect;FR0jCxPVwVN7nncPrGWI4y2BAeSHOT-saG2wBan3x5MRI8w37lZPymOGezpD;N-TsNRITrxQov4zG
/v_Error/redirect;xtzLMqe6ogYsVWgsaFRHIUJfgn_L4Pl9MehYwAdzxNHS5ktKfhBasd3HoWlV;cJ9GwzohE__-dj9e
/v1/redirect;sdfsdjhgkdjfhgkjdhfiueyr9348;kdjghkdjfghire
/v1/redirect;KOVGHeZgZzHwA1EkbJQ54Sgy-aXsu-PuMK_FdbnsWXmK-PdjmE3-On85Yt5u;YgF8e0N0_Kb8-U5b
/v_Error/redirect;kN81wqRl9s_H_z7X0_NOhW--MPI0f4qPPPAxwOupj8DXYZrKala_57RoPENw;s90N9HvFQTwbGWvj
/v1/redirect;sdfsdjhgkdjfhgkjdhfiueyr9348;kdjghkdjfghire
/v1/redirect;sOuZkw4Cq71vmqnYtfrEO6K1QBqyAiYhCxgeUzf9x2d54n5BuDyoFq0R8Wx7;S0a55NVoCAYKMzvj
/v_Error/redirect;cSE1g_plxnAWTlP2k_XFzGvSHbu9B2vKtImmJJuWe2O5SOR517Kl4Nq0jfZR;w6pQ-DYICYIShFTb
/v1/redirect;sdfsdjhgkdjfhgkjdhfiueyr9348;kdjghkdjfghire
/v1/redirect;yaOScsC2LMIbQV1KhzWUwIOlIsVyEqK4QqS7wak6IW82yGfNcs4hybwZH8ko;jK2geuTrSecBvx_g
/v_Error/redirect;opa-R4W_5HDnaSfjpYoUnkCyGGntG3rinOQa1kyMHubGyliARgu3V89PvGdg;4k1QKO4Dmp2H715u
/v1/redirect;sdfsdjhgkdjfhgkjdhfiueyr9348;kdjghkdjfghire
/v1/redirect;6HZ37dwC45sML0WU7rd6hE7sSuIq3cMCVuj6kxg1moffW2uwI2fNMCxdf1SE;7V28AWOqKMrgztJD
/v_Error/redirect;mv-WHCWkKncoHSw4KXowY_abXv1LcOrq8xQCePc7gRSKV8-HOjHl00qw3xHE;x49daMWAg9qg7RU9
/v1/redirect;sdfsdjhgkdjfhgkjdhfiueyr9348;kdjghkdjfghire
/v1/redirect;avXZ7WWRpL_fp3Lzat4vqhi3UGA6-_hjdeyMjNwVaZK3bUTR_QS6Mj2l8gJ-;zGgM4ZJJH7L48wn2
/v_Error/redirect;xaiSz27aNVRcM4X2nzeRDKhjkoBZeDvA9CvIX8-u9BFGEEIoDYgaEEs_xCCd;sDAVV1kGQVrXYD2g
/v1/redirect;sdfsdjhgkdjfhgkjdhfiueyr9348;kdjghkdjfghire
/v1/redirect;ehDabzDnLa4WF0UX4Ppk_N2BmCLb7ryXXDi-8MRDeV4n-U0dliFpEIV0kbnk;rbgUyhf8r2e3Oj0m
/v_Error/redirect;bNV2sxIAHtVHHOEF-7b7V6bv2usaFiCvep8x99yq9NC4l1L9ZLGXuyvlUm6d;k-4KG7bhzxPuJ5eh
/v1/redirect;sdfsdjhgkdjfhgkjdhfiueyr9348;kdjghkdjfghire
/v1/redirect;SD8aAYs_ivPQ9rY_MzuofqtnCDj63yBvUPgf-VlOoaMennMnqGBQTh8vLX3m;uu3msgae04OG3mPX
/v_Error/redirect;FmcJMsi9fjaDsC9V4lEURsN40oNZCnIpzlYOLK_l0wj0PDjfYAcRvxyPs9gN;s9VBRmCDfpMMuoQX
/v1/redirect;sdfsdjhgkdjfhgkjdhfiueyr9348;kdjghkdjfghire
/v1/redirect;VuNCeZM6fyU55fDTT3Feeaenlvq746VohgZDXVITarueQmCcJwqYwWEsTnde;PFrNMA_T2Zk-5_wG
/v_Error/redirect;fsCsAoO92DxArghBHf8lQKklenujRYoUI89C7ge-IsWItEbKSo76sqTjNqGe;RQ1cwXlV5xOYWX5u
/v1/redirect;sdfsdjhgkdjfhgkjdhfiueyr9348;kdjghkdjfghire
/v1/redirect;O43BHCJwTaiOC5TIuMv_RjHobDPL2GB1X8EllTwDR-y_uk8TRx1hF5j61kMR;wZmiPo1MUw6UJwRw
/v_Error/redirect;gdZJew7uJ_w-bDpJM5T7bLFBg0YTmTLNVP52E4xvMseX44EW3bGwBJRbOo4S;0C2z598Yw41Gzvjs
/v1/redirect;sdfsdjhgkdjfhgkjdhfiueyr9348;kdjghkdjfghire
/v1/redirect;6F_lHdSKZl3URb9YntqZBFkyn7020mN35BGRvWPezGNyR29v9UHkudga1_Qe;viVPeBsUqKTv_XDc
/v_Error/redirect;fZuSzjfOTtg5iUytVs6Cbic0M3ONK0mvCZ3MuJrEBJgwNRvPq8SqOlHVLzR3;S-90LNd-DV3WJuxd
/v1/redirect;sdfsdjhgkdjfhgkjdhfiueyr9348;kdjghkdjfghire
/v1/redirect;cIyunA1JjpH2A_OfIQVZ4tluVSkWJcVKUfrZ99f7jsD_x1Q_eRXSmWFdFECa;GbNQH0q8G-k6cClS
/v_Error/redirect;1h371xd2whOuy9nDFdRZzzqq5TSfSCX43QCtYjEPfsrS0s-jE19t10RmlpXo;-uQCx6R357tOr-a5
/v1/redirect;sdfsdjhgkdjfhgkjdhfiueyr9348;kdjghkdjfghire
/v1/redirect;MmDkBmg5Z6Z15_ES_GcfM7MutFyfQDcDwshl_Pg0CWAatuKOBIa6d6rRAGC0;KUQqie1zlkxrimW5
/v_Error/redirect;gYbqbWo198P47Kx5kTLYmTRlmoIqRPG9Zg0d1yjnCv8nKEBCmaJ3VbMo3Bv6;xG6Y4hTnfn2LHDkV
/v1/redirect;sdfsdjhgkdjfhgkjdhfiueyr9348;kdjghkdjfghire
/v1/redirect;fmB97TpQEO4JByzReVRgOwTRuAbhaoKdrhd7BIG9Pe0wRQOfxOZ921qmxbxy;q0KQhBzuGgV6yiLC
/v_Error/redirect;H90Nedvm1wjdZOLFAL6kPpkhkMMtT28ypjsCZAsV2PI7aVE4bLRb--RnK-9N;IgIwYEGvGqnLysNp
/v1/redirect;sdfsdjhgkdjfhgkjdhfiueyr9348;kdjghkdjfghire
/v1/redirect;56CO3RXpwqUPZRryNeK8tPdES4SGsCsK0WOGnctJ45S4BqyfTkex2ShpSPdn;oazABZ_kiY03wLud
/v_Error/redirect;HLanxEq55DvL3ObfTJiHLX962qH8LplZjSLuNukH_1NyI9wf0YwyLCKDlpVY;f8D2kyyI0BkwomTO
/v1/redirect;sdfsdjhgkdjfhgkjdhfiueyr9348;kdjghkdjfghire
/v1/redirect;YHADuy1kAEC5emKXc3QLXt2uHXF9hLiZH37Qnjc9t2AbrSXy90qMplma8-Q2;PIDSJouXtqesj5JT
/v_Error/redirect;X6uDv2LXGya0nuk-Miq03l0v_YPJMU2Wq6-9Ni6mQfcwQwpwaycSJewd8o12;0606kqsMXBC7o66p
/v1/redirect;sdfsdjhgkdjfhgkjdhfiueyr9348;kdjghkdjfghire
/v1/redirect;izjnykq6PZAbgrWMxJYO-tAyw3vlMvWb7spRr-XmfRwUKHrOfmJb0WYsZ3ZI;K7ChYL4u4DXz1CbD
/v_Error/redirect;gqd7We7cfV7yTAQZ6aN26EzvOf_lQqSFSyrP9eNBj6iNcF9SAM6ixKBYJsUg;PB-XopNySwegyMcM
/v1/redirect;sdfsdjhgkdjfhgkjdhfiueyr9348;kdjghkdjfghire
/v1/redirect;Iz3iza0g5mxHznkwvijTRbmFa0mMiFg38rVmjq1xmSJHoyHer3CV28Y0Ug_5;IMcBW72QCgUZ2QJl
/v_Error/redirect;sZGShQuKcZelwzhlVIH8yFKqRrqlqM4j7SpWJxY0lPpIiG8a7HBT_LZkvzn8;do4iBlqaQA15IhPf
/v1/redirect;sdfsdjhgkdjfhgkjdhfiueyr9348;kdjghkdjfghire
/v1/redirect;-w-4J-R23ljz75CUUCbvWNlU_jNC4doRXJX4Yc2GApfSsYuWCt0Dvra9r15C;893w-pOKmeOjMgAk
/v_Error/redirect;AbFv5k-DUkazCbXt-8qF6Z3m2c5cBEjO2qMsjGbAhNvLc6YLJrdn3dOySpPI;YAayVgrLwPesrnph
/v1/redirect;sdfsdjhgkdjfhgkjdhfiueyr9348;kdjghkdjfghire
/v1/redirect;K25LgbdXVImoLp3KHmVPNOZxDiKQW0eB4KOCjwqowpRR8S8kqoPG4f-r9xH0;V1oGRpRRAIqVzHZ0
/v_Error/redirect;JcuW-aknGiLaps_ELZcYUmYsYHrt61rdI3Y6qCpixPvf5L65K2xotzZ8ow7M;__h5cau2pgEITjzx
/v1/redirect;sdfsdjhgkdjfhgkjdhfiueyr9348;kdjghkdjfghire
/v1/redirect;2GnbYzI7uD5kSnP8FuOv8kPGdGnL0kzGvSXnhBzEKMc4WfcST8SpHJWIYILA;ag7gYfYJR2VkIYpf
/v_Error/redirect;0T2Ak6Bnw-IMJl0kubjlG925CwtFzRMNiFjVgPHiJhKji7Qyo0ByLEbgrGAz;HfSaDesZBL6_6zh-
/v1/redirect;sdfsdjhgkdjfhgkjdhfiueyr9348;kdjghkdjfghire
/v1/redirect;MJ3rVCx3TJn9EDCRumDWouaGM1qem60mFI4JFlbw3qSzX5ORrdGb1yBLX4i_;3dp9uBpsp2z-99Z4
/v_Error/redirect;fK1ukbW0HfnTh9TOaNrnE0mZynoUsd9gHteY67OqXY0k890JfBNL4OMx65Xp;XjEV1JF6TKSmOV24
/v1/redirect;sdfsdjhgkdjfhgkjdhfiueyr9348;kdjghkdjfghire
/v1/redirect;r7s3Puph0eYPflkC2d94UPuzwOMTEf-v3nojlwuRWbyk7iSxDDEXBAZF0aAN;aPA06LcTGfA4Gu0G
/v_Error/redirect;h86dXLsQQLuvy1YR0XKs-B_J_VKEo0JAyJgznuF-oJdIoQtHH-I8rh1cfuWX;Vqn98POC5kAtvfd4
/v1/redirect;sdfsdjhgkdjfhgkjdhfiueyr9348;kdjghkdjfghire
/v1/redirect;167cu8vIWry8TLR3NZDvIVAa0IuLxAh3ANk8hWoG6gwhpxcETxNvfOcEbvvT;-rZx8wwb3wa2iApG
/v_Error/redirect;sBfsjeSwMbTIkJMq7bJh_xaFtSfIdtTqvU1aaUQrHI3ZzxPtRppbwixd2CQS;KFQQy3tZBrigUMuC
/v1/redirect;sdfsdjhgkdjfhgkjdhfiueyr9348;kdjghkdjfghire
/v1/redirect;0aG3BjwOVexpgkjnkesLQSfXuFOzI6HmLPZtW3yzM6u9j2WLPZ61ajUEYC-7;IAK05uZ8LmdZC0mL
/v_Error/redirect;5Yxz8xrzXTenHy7by8v-Ef78Mr13reFJmxkOwoMc57mSBfI9YY-xu4Z1FllH;pDWPQEYwd86Kvm7p
/v1/redirect;sdfsdjhgkdjfhgkjdhfiueyr9348;kdjghkdjfghire
/v1/redirect;9GX1DXwbjwE206OHw-r_gGA1GBT_wBsXPujWxByAxlWdCrLTx2Pb7sZF5zNJ;PRExVIovPf7hfFFN
/v_Error/redirect;sQKeKeXzf7a2Us6XytzKU-CrMumSwGfVvgndu7Vvl70acYU3pdcp6ziUGWs6;K1AlVLCcRfNQXDlK
/v1/redirect;sdfsdjhgkdjfhgkjdhfiueyr9348;kdjghkdjfghire
/v1/redirect;vXVh3vRFBMq1dFPsLEO3PzN0SHwPCjFBPa2CzP6SkKYKvORbidOeuE7Au5RW;gXnzV_BW6NE4yS3C
/v_Error/redirect;4tffI3inVEC1_kxocDgRTkfjscifHKKXy9NXKxMczS4v9R5wf54-TKa2QDrp;LsyRMUEp1v63bDeI
/v1/redirect;sdfsdjhgkdjfhgkjdhfiueyr9348;kdjghkdjfghire
/v1/redirect;jaF2AfEbk1LMOyheQ0zipk26i5uWFakeEqVR7M4iWvTkZfQI1Hex-XWKsFjt;YX1lIe-oHvC5Tz10
/v_Error/redirect;t1Q3ANrjkjbtaLGZKOy1WbfCTm88Pdk0YphhB7epVjYkpBs4ZrIZ_oT3Qpn9;oBBy9-P0bNdmES0X
/v1/redirect;sdfsdjhgkdjfhgkjdhfiueyr9348;kdjghkdjfghire
/v1/redirect;nJ_B-9ZV_u2SGHXQmp2HqFQ4FJgeMXoTsUIEzzg8WMw47CmGbbiw0KG9MBQc;DmWaH7kgJkQykX0Y
/v_Error/redirect;WXCsZ5HbwP1lEp6kGejYOquSMPMHMxxCcBNaoh66GpnCasUEkxF90dZCJtRG;scjolvsFk2CUzXez
/v1/redirect;sdfsdjhgkdjfhgkjdhfiueyr9348;kdjghkdjfghire
/v1/redirect;2Hlx28BYP_sfTaBHUgPNylDRNNovMuq8l6uNBs9kbf8_w6a7_MNqYpMEypQL;jb_KzqvOozQdTpUa
/v_Error/redirect;l10dexLIIXjZ6yOUvVFGZnKYRt_VZv7rHadILQP0njnorJNwRmYrC0jwv2qa;_DQNmEGkYsijEXzm
/v1/redirect;sdfsdjhgkdjfhgkjdhfiueyr9348;kdjghkdjfghire
/v1/redirect;4u8OktOLmbhV2jQ8j5Opx_ccUsRKSsbWxI_t6EpK21-oGJL_B2V-CnCm0drE;fs9ppu85zEfsokKy
/v_Error/redirect;BCPgPv5dj-tFbnJvKr4WFCmHdJh-0Sv9dw2jVkLGQbbsG0Qb7Csq-b0OTAgd;1lAeV302-SZFxVQD
/v1/redirect;sdfsdjhgkdjfhgkjdhfiueyr9348;kdjghkdjfghire
/v1/redirect;RPYfo0Dj5dP7X0ovFmX9dWS34qHLPDIX4BemP2Udoo1cmHvWcLmkzpJzsK3t;efXWxjKP5d-sjk66
/v_Error/redirect;WWyrSigIxlyQoK6VMK7tGIczh8PMLfQFIKwXSbXz-oViMPvj1ZIqZnwYYrGz;lK3roV_TjtZlfN0J
/v1/redirect;sdfsdjhgkdjfhgkjdhfiueyr9348;kdjghkdjfghire
/v1/redirect;XjWkiSq6btY5pglKa7EXvEFQgVA3sISiyo4Gd63QQSRFNXi_Nm51N_ASfR83;hov6_BPriVRwrzZ6
/v_Error/redirect;qHxEMmqeMUmNSHRn-AF0x4Eyrr9yCImHDWRcMji7cHu8AQv02Oye2k4XXvQQ;WtMJzEX9BRWowRAf
/v1/redirect;sdfsdjhgkdjfhgkjdhfiueyr9348;kdjghkdjfghire
/v1/redirect;G22qnzNH2bueGQK7wf-ZC04QfyMfZr6LjiqCr7UjD9XTTXld9RIXCMD-_FX0;hvKJJV824e8O3v70
/v_Error/redirect;lP3Qdble5Ynn9MGEamusVwZ4I8y_GXXVUoO6xQ7GVm7gbpolEVRALznXn5ca;IAeyzTg2i4dhIbOb
/v1/redirect;sdfsdjhgkdjfhgkjdhfiueyr9348;kdjghkdjfghire
/v1/redirect;EEjd4xMhsvUtDjwglAWxsAg9diBuzqerSdpVA237jw-DYUBZRhS2o4wB238U;09EqumX1VpBAs8NW
/v_Error/redirect;5xPSzxAnYBot7BBvnvIcfD_X3lOZo10avZCaNm1J0LkKjUi12A5PkxvDOtRs;0JB0PwcQdg5DulTY
/v1/redirect;sdfsdjhgkdjfhgkjdhfiueyr9348;kdjghkdjfghire
/v1/redirect;JA1tXhKju7VtYppfjhqXa-DWxTp1CqlzqC3DzvqMWZ7a2WfYYw_OdNALiC1T;Y64VEHzTGDH3zYga
/v_Error/redirect;F4OwMJSJNuMqkR7ZwoMmklexaeaJpUTkzlYJXL6yKRyBqlR1ZWkd2kBNqSvi;AEgk1fJLhddV1FJP
/v1/redirect;sdfsdjhgkdjfhgkjdhfiueyr9348;kdjghkdjfghire
/v1/redirect;9XkSMXWu_JXqE9R0VN2Olbt6cR-6yaAMUSaDBHsT9RxqYehY63TIGVuNnG7p;A_iYGxivbfQo6eYq
/v_Error/redirect;iVjxw6ZXk9tpfJoVWRfRCNNN4hpzI0H5QSH9HEro-z0yk6nJfehY1WE4e4hp;3M-LpWzr4kCkS-5L
/v1/redirect;sdfsdjhgkdjfhgkjdhfiueyr9348;kdjghkdjfghire
/v1/redirect;ArC5bLMz0OivbSRxn673tJaDK3sz0SPl4zgOBAxZPKdY3NpwAzXLWQg5i3fT;NeR2UeIhnN4YMu7n
/v_Error/redirect;upJX0JdDma5VAp6ik9QtSQcbVHAly_7mQ8GnfvG_tOMGgmmGYWUEp9CqKMoO;uBVSEPEwF-h9HgVJ
/v1/redirect;sdfsdjhgkdjfhgkjdhfiueyr9348;kdjghkdjfghire
/v1/redirect;W4gU6GdJko92LfoTTJ17eHLbX89hu0UkKh7pCjthG-WJpDNAucjl12rONc9R;udl6loMOOQQ-S-kQ
/v_Error/redirect;_FzNSaxdSL_YEzt1BhzhmpocL9x8OD7KngN1_LErCpV7-RjtQePw-SdUuAwe;1-CXcIaVy092PEcJ
/v1/redirect;sdfsdjhgkdjfhgkjdhfiueyr9348;kdjghkdjfghire
/v1/redirect;A4MiyDtON0J0N_nKVyI9v2ihqyBbTVapncm4tVEiDUY3pPVxfuOprDIzn8GX;GuqPvbAUTZ4kMfj_
/v_Error/redirect;yndSaVlV8_pgpfjFQeyP3nP17JyhemHai8GoZrGe0-KhauQidIln_A6I_G22;wmy4bn-I0bHBmlVy
/v1/redirect;sdfsdjhgkdjfhgkjdhfiueyr9348;kdjghkdjfghire
/v1/redirect;KLzYT42iWWnzsFpQVjl9qOhCQULY4Z7ewz38g-IsP0ywuOZfZTO35fwrvq2u;xO9SZKFRMENhxuss
/v_Error/redirect;of2RR0_bfuRdJ1r_BLNRPk2__aKqi9XLfbg1yBubibM-jnY_DyAe1VYZs3JW;LOR3nUVT5xp6sT0u
/v1/redirect;sdfsdjhgkdjfhgkjdhfiueyr9348;kdjghkdjfghire
/v1/redirect;JbYiSGTlpwNDWDmXM_taR1Fsm-R1T7B-PMKtgspIcEGW9oBRbTH8Ph0eGRXs;0JRL7rsp-dUd6Nhc
/v_Error/redirect;DulCtPgHrkYVDDGVL5i5VkPd1kP4kG7FBuCrFd0-8SOgNlOHSIBXwK5_vM_D;Ei9HEyMgcUDqrbNZ
/v1/redirect;sdfsdjhgkdjfhgkjdhfiueyr9348;kdjghkdjfghire
/v1/redirect;Jpb4-UWyBBZe0TMEQGpYTuUglAXsIvXt4U7AB5BRI7t-eD0CO7Oz2bNJyeQX;X8lOZHDmJMEv4ZVZ
/v_Error/redirect;k-SpKdbW3NueKbwurRytoHrCC1VXUDeXHaR_YoRADU3J5sUz3csoso9XTs3l;wMGKQtMpL_7fO5b_
/v1/redirect;sdfsdjhgkdjfhgkjdhfiueyr9348;kdjghkdjfghire
/v1/redirect;hwYVFcBM2mAaox1MqN7Gev5DF_9_O9DU8Uo_V-VbRq7t9p1vVOApats-A4h6;7U7biOIHVZShSBth
/v_Error/redirect;uVL13C4ww1R_QheO0ZvrHfNCXE9th05_Y0Dhn_SyYvACFwLdofomkqyGxhYC;dwY1_TESTpAqQLli
/v1/redirect;sdfsdjhgkdjfhgkjdhfiueyr9348;kdjghkdjfghire
/v1/redirect;7TFgiGSfS6rHQxjvcjIj6gMHVfmmeMylL7fXLY5msZRYYoQX8IYX-hHEr36Y;8VYDlFQoHLpqboSl
/v_Error/redirect;ByIer755EW1SN3Q5dRSj30HMgF5lG3ZtzXehmO7PWI2h8S-dLCT3kgtZNXI0;kgdNwzkX-vpDLB7p
/v1/redirect;sdfsdjhgkdjfhgkjdhfiueyr9348;kdjghkdjfghire
/v1/redirect;J2bqFJz4DY97iwcrjMEpmYbWuoq_hj__JU96TgeI8WlKegoIIOBkoZnGzBYN;BgxSkBoSCl96lDej
/v_Error/redirect;_c30q77KpU9ooNcp5QwW211xQ9ZUL8YyQ643S2_C2k6PuNm2VzvcYXt_p9Z2;eoyPOv2Li2lnCsky
/v1/redirect;sdfsdjhgkdjfhgkjdhfiueyr9348;kdjghkdjfghire
/v1/redirect;kBZCZND693pPnAUjvzbpik061XYCUlsfeI8BiYAQnmOO2Lj2ljdKuEbTgtBm;BXR0lF-AT3RgqfXt
/v_Error/redirect;7Up0lDt1uYjGuzTd3cQTgWMy85I4-B_nc37_xV3sRPqc2JUX8-5muFRPQcFt;8TiPCWuYqt3O0ZNP
/v1/redirect;sdfsdjhgkdjfhgkjdhfiueyr9348;kdjghkdjfghire
/v1/redirect;cTNOU8MA2kmmeeuVdvhsTfZd6Xy9M7_CUljlnCznjZSVC4NfzZblpZeFfNtw;SVun7k4SDS7HhHBV
/v_Error/redirect;5pwxOzEmoTkN8HU_4y7t0l3mKgz8dn08ONLJd6zbNiYtk6ZAanWgABGjDntf;AFcddehKfNeTs6tX
/v1/redirect;sdfsdjhgkdjfhgkjdhfiueyr9348;kdjghkdjfghire
/v1/redirect;biFcBOZLIlKR4LcigSc5o-2e0Q-tF6tZpLrCYqEMyl60GXX2TmaS3IoxTStb;rLrJW7XvYyhPyh0v
/v_Error/redirect;NqZXb_6KJfV3J11NAJ9naA2DF7nuT-XiZ-zpYEexY-0xVnxYSVeinnJ813K5;0XT_HYc6hOWd0b8S
/v1/redirect;sdfsdjhgkdjfhgkjdhfiueyr9348;kdjghkdjfghire
/v1/redirect;Q1iQjwS7UurMImfTwjo0GJZF1yYlYab-m9GCKza76Gm0fOHvZh8_QEEPAZo-;yp1YdtPmPiZ9OD3s
/v_Error/redirect;B9Gk4a2iQJd81yklLK88ny0j1P1yfx2-4xnNu_r1naHv6yjrbUI-nY7dTKvG;UWv6-hN04CJZ8-Mz
/v1/redirect;sdfsdjhgkdjfhgkjdhfiueyr9348;kdjghkdjfghire
/v1/redirect;6TwKFDRar50c2R6sdSTQSn-ObxMwcW2jrMU4fvlBL2hJqFbLsGrXSeuqRll4;yNx9Y8q-vvacG3SO
/v_Error/redirect;60q7T3m-BB9DfepBCMrnLaBFSr4XsnmUAErDwdMozVG1C_tIBbjBvS6rscXh;_vC6Jz08ZbNKFWV5
/v1/redirect;sdfsdjhgkdjfhgkjdhfiueyr9348;kdjghkdjfghire
/v1/redirect;WBj514yZIeO_xPEd0U1x1rCGIwB9TKjfW9cz45Hpph_54Vc_KbbgBWOSKHKM;Diej5zmO5zeuBW1R
/v_Error/redirect;i6nHUkTFyLMTq4jCrbvIBP2y_wwhA7LY5qK3xBDzuLVcaRm-ysns4AbxK4HY;VJTuhVBD4w7nmlIO
/v1/redirect;sdfsdjhgkdjfhgkjdhfiueyr9348;kdjghkdjfghire
/v1/redirect;1QWZw3x3Glqz5PAbL5H5Yattb5G9i82MeLXy74AIShxzLPgbUvSxh_to81eE;llRloE-jRIcRXVKs
/v_Error/redirect;Yrex0KMQyy9yeIoPdYNd9uzn75mi9DxLm129Acp6MLP2738b6NvqAaJn6xUJ;Qvoi-WuvfsdTtFEo
/v1/redirect;sdfsdjhgkdjfhgkjdhfiueyr9348;kdjghkdjfghire
/v1/redirect;UTp8hBLme8eMptf4KIyq277aTS8ty8iPLG3B8pLwbcD0-senKDoZPECCPdrZ;BrK1vDVDJ9ZNQHCr
/v_Error/redirect;-NbFb-Cr723nlRbQ1GlZXS8fZOgthjNUDhMc4-piQRujUVkejkJpQSA0Be6G;Hxzu90v6Atr4flo1
/v1/redirect;sdfsdjhgkdjfhgkjdhfiueyr9348;kdjghkdjfghire
/v1/redirect;fTwMWXMl_NofLV6MH1frYnf8jXj8G_iAA822OyYfdO4iqqUasCiS2xikJAyh;3jPrRZdlQrK15ump
/v_Error/redirect;81GxhNtW3vveqRIYIIZ77Y88wcKId4mrRK3xkCd35Gxqyc0jo9c6rsp7DMb0;gzdl555xuK69sm1w
/v1/redirect;sdfsdjhgkdjfhgkjdhfiueyr9348;kdjghkdjfghire
/v1/redirect;RIbVF7qtmlqXDM1KDrn_kBJxvF6vN7tZM15D_W3T3CD_hn2DzCurXo4doOte;-nhAGl_ZGYLgSPid
/v_Error/redirect;K-7OvGzjeZwq_KyFNguvOLljc_EBMiV_5TFYa7q5Pyps3KxSLfmt6fRyLUZh;AxEnppyUlQfPzi5P
/v1/redirect;sdfsdjhgkdjfhgkjdhfiueyr9348;kdjghkdjfghire
/v1/redirect;d2DX8j6yIMce6SoYCqdzZOlh5QihA4GZJeuG6QmflI8hLTwTMNBhIL4BJuMD;LOg2EOBMO_R0QTZ-
/v_Error/redirect;DvAwKq2HmBrpo96UyNOq8rxd_tjJ2b5R58-88m5bEgqUnsdYrVWnN__Dtfjp;lhOuevg7hn2xsaSG
/v1/redirect;sdfsdjhgkdjfhgkjdhfiueyr9348;kdjghkdjfghire
/v1/redirect;GTUC7PF1CiHqHSdDppaJKA_We0mZgq9We7K-AD3-FJigwlAhnsad7HuSd32J;MVdvatsNwyrZW5bg
/v_Error/redirect;mb1hoO3jwKcon-4t_z-HJ3tZxfX0uGjKGO64nY2NVxPPBmhJKyCM76xemQdr;XV80ZTEcc7gI-BWt
/v1/redirect;sdfsdjhgkdjfhgkjdhfiueyr9348;kdjghkdjfghire
/v1/redirect;Jkc2GmVR5AZDb7YHnA57r_JpwAkKEiX6HaWvAENjXs389gok1GU6Wt35EV7G;j0MwH1Y-una6RM-_
/v_Error/redirect;UZ1-t2PohFU8uV2028hEF4l4a3aagmrmk3b-9Ve6REj5I9I26LcKMbKxGbN-;WdswTAL2HeP3LudS
/v1/redirect;sdfsdjhgkdjfhgkjdhfiueyr9348;kdjghkdjfghire
/v1/redirect;sVx0DrmiKeUNH7rOvwMeAcjE_jH2ifbH3wJXZysC6kTK0ZPcSzFGMw1IPzl7;2V2mI8bksQ6jEtvj
/v_Error/redirect;eWSTSbooN7Q7QgJ7Av9xyS5BedIxn78OMj1-6C_to2yMonALDR7gFP36VRa4;ioTIqS0-CH7SWGxU
/v1/redirect;sdfsdjhgkdjfhgkjdhfiueyr9348;kdjghkdjfghire
/v1/redirect;2rX5FuVEo5lbJeKqUrkZeaNiijUhd3awfxTL5DFTC8uBguqfgZH_itDOOtxa;q_HJ5IczUFF-aAZj
/v_Error/redirect;dPSTnuRdeTMpvklUfRp7qFE33aecdITHstgczfG_Q7gn3Ply2UQuvlePmXfh;IobXXOoEsa_yv4UC
/v1/redirect;sdfsdjhgkdjfhgkjdhfiueyr9348;kdjghkdjfghire
/v1/redirect;ze2lNV_c6nYom0jDfBFNGpPVfGdtQ34jfRPoKkCumraLofZcfknLoeiPcRxy;VQ2vf-HqPgsQEiH1
/v_Error/redirect;6iroyHp19O8wtGjjmagElRi9JlNtLlTRrbCPkoSBYxdEfgz8DfN03_DcUMZ-;o0jwjBHXdIa6ub4P
/v1/redirect;sdfsdjhgkdjfhgkjdhfiueyr9348;kdjghkdjfghire
/v1/redirect;AAaw1ZbfZNgZG_U1fiq5uhyHz_9a47NjkuQseTlz1iBKO1uzeG0_g1Q-YM2f;yeBkG5dz0HheAwcl
/v_Error/redirect;Oh1Z-9JVYlqBgH_08D3bElPiXGOGVv38vjBTxQGOGZk8x0rvRhLBLci6nMz_;xA5IL1aMfEj0lyDb
/v1/redirect;sdfsdjhgkdjfhgkjdhfiueyr9348;kdjghkdjfghire
/v1/redirect;T2ar7F5tavA_VsKd33R7YgXh-FH93e-vDFvlfCJkrs8O_KIk0w5-5zRH5Nqk;4jWIiCNZfcifp68x
/v_Error/redirect;eGLvaUh6F3DIvtPpFWTnj7f3_wHnyoLRCRodHCCNz6ozOUdNq5UK3fcihZpU;tBkxq1SSY8-JFXs3
/v1/redirect;sdfsdjhgkdjfhgkjdhfiueyr9348;kdjghkdjfghire
/v1/redirect;G7oeo2aAGMnji0tWbuW2LfYP-20R0Gnjlz_oGwqi7lN8f_hvuYmY6S6dJzJ4;aUH2g5kX-BjUV3gR
/v_Error/redirect;hxUYUfoENrGmHqfM68K61S9bCOCAcVk-SP8vsKjPkPemNReJ6dWVG-JImBFZ;Rnym1qXTj4roNb0Z
/v1/redirect;sdfsdjhgkdjfhgkjdhfiueyr9348;kdjghkdjfghire
/v1/redirect;7SEkadVXtXPe0-P-QZ8CIz-mcQiIjMCJm4uhAZizmrITEr_f-rqx05fRwGg_;e3iHRpyooktM_qVI
/v_Error/redirect;q6m9eqf9A0LtZUaZQ72QzjrIxZ7jzbgcnz0RH0TAYOyy9rLIURqA2vf-fw_Z;Q9upX0rBXgF5ifGy
/v1/redirect;sdfsdjhgkdjfhgkjdhfiueyr9348;kdjghkdjfghire
/v1/redirect;YhOsfb8YiVP7IfeZH4_9iBPcwU1xKhDtTHwW4ynPvdMwyqc8stePWUhpqHfX;mqqK1Y4xH8w_rkKa
/v_Error/redirect;YuuI9ABG6OT9t-BLpLlNfnT_f1e8FjANLW2aVVoj9ilGJNGm9dClzzwO-WOw;08EzPD8kXYr0bBKk
/v1/redirect;sdfsdjhgkdjfhgkjdhfiueyr9348;kdjghkdjfghire
/v1/redirect;oRL1pqY20lDMc4N9yT1zedtfcaRhupobFTSgv8TqEsIVbROPeVS99VPQVdtu;DhzyfH4fM9haur05
/v_Error/redirect;ZypEEebLKOPIDDyzUXThA2ga8sHuEGr5RjCWssS0bPI1egz1OF7ktwlG2QX5;XR4QKW0idYhsI_Gi
/v1/redirect;sdfsdjhgkdjfhgkjdhfiueyr9348;kdjghkdjfghire
/v1/redirect;EUNGi3xBQVv4zoGoXpced7cS5-9LXLePUs6ihkYYdUoF9_HL51JOiKr3bt4W;BRbCP1jQPumjfj4z
/v_Error/redirect;V2UHjN9HZtkGi7aCkz-xb15_y-4ROOOGW4b3tZgqudKia9OfRw54kX5bWpVj;9p6ENmx2s3A_MzoE
/v1/redirect;sdfsdjhgkdjfhgkjdhfiueyr9348;kdjghkdjfghire
/v1/redirect;jOKfJyGwDHIZ6Nnj2VmtGwTL7plxBL35mRU4A3vMFLjeupClXLDJOoiRpGfN;UxbOv-dDn1GH7bHE
/v_Error/redirect;JFjXgowH45oKiZZi7qv3Wv6JrbowoFKKdk20DJ8NwJEllf238D9Fz_X6deQt;gTO84FQmHRfjMZZc
/v1/redirect;sdfsdjhgkdjfhgkjdhfiueyr9348;kdjghkdjfghire
/v1/redirect;clLlhbbKVSgrd5mNsqmJI7eyZump0xVlkB5izvVjWHJqh7xLQi0d7EjQ3m3k;OaFoJMBviVFzfaCa
/v_Error/redirect;U9SUh9NFFLrsorUzFcXr39WzAqTCyW1xvt2JaNKuU7OlAccqwo4YsntmWkjG;P0vPtcKZLxXeLuH3
/v1/redirect;sdfsdjhgkdjfhgkjdhfiueyr9348;kdjghkdjfghire
/v1/redirect;SQP1jZb2jz1dgcy_m_uBZO6YOPLYdCovAfbaEuNf1IoQC9DuZhbKzNUWRh7w;GvdCXxR5EIacDkyD
/v_Error/redirect;zNBH6P68RdeupZZInAYYzZ_s8ZTCvInEfXMHR3kEW1iLVAN-WJhUbCKlca7V;q3U2mNko7SFI5Z6h
/v1/redirect;sdfsdjhgkdjfhgkjdhfiueyr9348;kdjghkdjfghire
/v1/redirect;vipRJCGzP70bjdKWVmb2O1zQK26nVwR0VX8DX82irMDCPRAtB_HkFtaQdU8S;CNfcnQbndaSRVjrM
/v_Error/redirect;nnbUKTBVnmi-DNQ0o7Vrb0k2ljiGPvCa4KfmghhSaGMtwirnNsqyumFF1TiV;eopVLtvZbAxa6XeP
/v1/redirect;sdfsdjhgkdjfhgkjdhfiueyr9348;kdjghkdjfghire
/v1/redirect;AgDZGFDLaiy20x2gsZAv5iNsPoqGuz9XUzjFCRf5ri5zrP6rFfHb1eDtpiVg;abEkPU0xI3OBh_ar
/v_Error/redirect;ahHSM66GuGAGoOlYdXRPjNvTea6YQGyZpXlqg-X1z60PSuofOKffuWY99rSe;nyeQ6O-A1TG_qyYp
/v1/redirect;sdfsdjhgkdjfhgkjdhfiueyr9348;kdjghkdjfghire
/v1/redirect;mSZovQqjw_BXHIIm-nI7P445Y_somibFl9AwyBFH41T9tzHSMU3VVd9ovZX6;rLR-YXN37nLmonmZ
/v_Error/redirect;VoTKJ41YWbxHEFulRdixmCBAiYD1Rd6YARoGipcmhKiW_nrU-Ar4dA17h0ci;PoOdy-Fn2VeBdjA0
/v1/redirect;sdfsdjhgkdjfhgkjdhfiueyr9348;kdjghkdjfghire
/v1/redirect;vv7ms4wDNWfJV19WnE8bJTV4VTGsw1RGv8skJi-0RzeqSCC2eYvgzFF3tn9_;98FNJUTiy-4trkOL
/v_Error/redirect;8ChX_M4yI8CwxCclABKmbZnSle8ElidDq6Z_4IIje_kiBltQh_m8mqnz8zNh;GcapuysTVNVRO629
/v1/redirect;sdfsdjhgkdjfhgkjdhfiueyr9348;kdjghkdjfghire
/v1/redirect;jOxmesWazUZHrT15qLkAwFiZkvRCZx1_Q7pSNn0beAnZNmRaRBgNAIod00kl;JJYsVPCIAdTY0EwF
/v_Error/redirect;yxs6t9Pq3PybGRGSPcrvJ_iavr2Y-rJMtIb-cgnU_PaEl5DgAePYZawNDA7C;oNVbOxaeJeKYA4Bz
/v1/redirect;sdfsdjhgkdjfhgkjdhfiueyr9348;kdjghkdjfghire
/v1/redirect;OsV93Zbbze54OX19Nj5sVU0HzE6Da9oLDxQiVnDrZ5ULHS4-8vt193HHI_PH;zpa-3s-iPiZZxKH-
/v_Error/redirect;BoUc3oy6MXZryIQaRcHHmzw7zivOcNkfByStTS1TCy8fSQkCRpADgdz8TC8g;_ZIz2JyFBbc7DIg8
/v1/redirect;sdfsdjhgkdjfhgkjdhfiueyr9348;kdjghkdjfghire
/v1/redirect;JINg-8WpikDxo6FIeL55LaHg0oPHx-wjauLkUbqDSHAgar-YUAiY3plohoFY;6sMgdANKrQKy0SJ0
/v_Error/redirect;lB0dzj28R1847s78OUDvVKjnF2fVgdbX1I2SGUsw2Ll1MbXOSiuFN1koBFg_;r5XB4mx9SK3cvTls
/v1/redirect;sdfsdjhgkdjfhgkjdhfiueyr9348;kdjghkdjfghire
/v1/redirect;AXBH4N5oQxcOvFMsDlOG_-3XzfVHVPU8x_pAvK493TLxWgcQveDIKE9CtaBm;zNK7dZuwy1HcFCBb
/v_Error/redirect;AvjsFI6dBgeT29V-2bdaXvxGz6oITA5neORD5T5ixIjbTKDaFknULtva__zY;_LEP62zllzu5xnHw
/v1/redirect;sdfsdjhgkdjfhgkjdhfiueyr9348;kdjghkdjfghire
/v1/redirect;bQ1kIBSlPYRzBkoUv0WwQ4MTSBiW2X70RHWMj31GOxP-Q1Xzworhwjk1tFno;LT35eKAnhEg_KqaU
/v_Error/redirect;Es-pa2Am2m0-54yVGTEcki-vG6Jjaf5Z6tz7iHUpwIHxKbzr_o7du1tl2HbH;foVwdVP8JgI20RSD
/v1/redirect;sdfsdjhgkdjfhgkjdhfiueyr9348;kdjghkdjfghire
/v1/redirect;skESygnbsDZMRI1k37dFj3B6TfG3PvzC8vv30oJOHNrsTrwGhmJiSV2zFWJt;zr8DjfJ-Bu4XjHKZ
/v_Error/redirect;FyD0A6qADph4uZDN41w7-1IxAKKjvWI3VRT-2jgU9-0HYk6zahtPkekrx_mt;4az5sMNhWpjqrAxq
/v1/redirect;sdfsdjhgkdjfhgkjdhfiueyr9348;kdjghkdjfghire
/v1/redirect;unlQSN2KCN4F9SEasKnGdyj5XYhJYevqUQylrOuO5lGKG6kz28T9tL-j9T5t;_0Tz5Din2mLHMeB9
/v_Error/redirect;pPiosortyOzLFlzYhzAmEI7kICMP9zZCPVrcLE_YwZ1TJeTarWsguCjtmOA4;FCeYt9ENq8mXBF6e
/v1/redirect;sdfsdjhgkdjfhgkjdhfiueyr9348;kdjghkdjfghire
/v1/redirect;CH-M8Vzc1eOM14sSLygp9NSIjxPiEOHnDLAgf7DBa4pIvJBa5jNoLhNAX3N1;JsMIxVeLQERFVEnj
/v_Error/redirect;88Ea2CkfuBY5BQEoZNL9kzAV9LMynyHHM3IBfcid2VuwbcbhZ9K2Erl3LwgK;gHnQ1vrGjki2WujS
/v1/redirect;sdfsdjhgkdjfhgkjdhfiueyr9348;kdjghkdjfghire
/v1/redirect;Qjt4b410fVj_1VeAaIo-sokwZZfydhKbvjEvdaFZbYNWojORk6YeKCaBRlJD;XVhKDacNGRC7fDYE
/v_Error/redirect;kn6avLiigVu8mIgyjCNO9yrTHaMBrHNSOgYzyE0sY2AlicpPUUD9bVCxbvVy;Yi_uGm7aDGa5YfUa
/v1/redirect;sdfsdjhgkdjfhgkjdhfiueyr9348;kdjghkdjfghire
/v1/redirect;Bnc6kck-IXzwpXP_xAGhiuQayeV_5dDgKoXe5Y8PTCUUgU7O9IbaIMnPn2z9;2lOIWp82IMqVQRSI
/v_Error/redirect;nTmpgTurSqZmK70ZD8MERVFrUFWT09CDsRuTsCk5XTJ5lR9MocrQnDOE9xqP;lR9syiJGU0b8dMML
/v1/redirect;sdfsdjhgkdjfhgkjdhfiueyr9348;kdjghkdjfghire
/v1/redirect;ZGgrU7haNXrBfTxjCVwb9MH0Pnina3VFWKVVID7J7cxYO4wWkTPRuleEduem;sRBtp9aBOby_8SpQ
/v_Error/redirect;vUFcZr9v49RDijjwmY5mnrIGAz2-1QoV7PXGQO2-71pjTWL-KokF5RrKDgz0;nlorwJYgo1y6llk2
/v1/redirect;sdfsdjhgkdjfhgkjdhfiueyr9348;kdjghkdjfghire
/v1/redirect;Cn1w5ZXDw3FDwoBXl0CGEAqIZt7qocBqy1xU0NdIlXZHEPv5iYMfEtlwyNPG;apMr3WECklsCcIIS
/v_Error/redirect;1IsqSOg2umjsyn7LgthsXBENCFXtsISmUeVZWrpyzE3bHDrrtABNbNXa4sBy;n8Qbp-GtA-LxfCuc
/v1/redirect;sdfsdjhgkdjfhgkjdhfiueyr9348;kdjghkdjfghire
/v1/redirect;2oxlzQ26Lj7X6tjZITK_OzMrVv67R82neKBpBVpqpwuggC192LkADmzfN8zm;dhC2i5D0LAYQ775t
/v_Error/redirect;rOuGY_YABGytrEyCC9zhZt2-jpHvsb6RJ-RUmk3nAAEXGwJ-MvgGZOm8Mljb;4k3MliT769YJWf5O
/v1/redirect;sdfsdjhgkdjfhgkjdhfiueyr9348;kdjghkdjfghire
/v1/redirect;5ofZh_ApJH-_fTDYi7ysyORUrINTzQBWQI8gilxnA__lGJeQyT0p5koeUpb6;U0ej65TqqX3qM7Of
/v_Error/redirect;7iSS9idhPy9gPz4Db9RjNGpUXwgJtZOzZVsUIvTJ56z3HJH_Jt1oL6-MThuT;pgFM6aa6D7jnxZj1
/v1/redirect;sdfsdjhgkdjfhgkjdhfiueyr9348;kdjghkdjfghire
/v1/redirect;7wp0ziNUKJgI_w8cbhrMm6uPEQ-MStVfNqMxoBXnpOsTUhUAnLPP_t3N3eKa;SPV0SMhysUem8_Ps
/v_Error/redirect;wrxWFP8En8avga1bREj1BGkLAl3E5IDt21ZueOrO1fev28klgdscFeBaoS6y;_z-S--ifX9H3g_Bi
/v1/redirect;sdfsdjhgkdjfhgkjdhfiueyr9348;kdjghkdjfghire
/v1/redirect;bZpibYqtq_GeqLb7Ed46lrpx9W-qQAuBsfEg0tGOp3S2cZK8Q3LYTPkJH_Qk;PcU6JZ9LUcLNk2my
/v_Error/redirect;scZ8PhzHG-b6oQkfpq3WcCRB1l_-MK9DyF99yt3gH7RB6wbjWD69mTHwIpni;6o0U311cJHrtQU8h
/v1/redirect;sdfsdjhgkdjfhgkjdhfiueyr9348;kdjghkdjfghire
/v1/redirect;chx1xDK86cadsMauvzXQ6PppRxRCVr9Z94BQl35t6PW-d-xvb8lsXVVRjGa-;3pUtutqvX50a5au2
/v_Error/redirect;_yPNsmK3OjFmLRbmYAk15oDn2J32_WDc8eSm6YyeYgukTRBC2zcIar1AUzyZ;9Cqr4Fy9tLhrz2Jm
/v1/redirect;sdfsdjhgkdjfhgkjdhfiueyr9348;kdjghkdjfghire
/v1/redirect;g2HgXdzf352kC9dz_ZjqQS4ve0ly1UHlDPqmyQAMGTJ-q89AgwIk-VhECptK;Om6gPcVjxY9TBoAG
/v_Error/redirect;-amiu6aeQ_AtW3lr9BO70zqMZjhjQFnBP4ZWNW8b9hbCxEH_Mcd0zFpb3jg7;xU_8APJKMID4PpiV
/v1/redirect;sdfsdjhgkdjfhgkjdhfiueyr9348;kdjghkdjfghire
/v1/redirect;RKE6IUny5h9jxJDwbh-mlX_hGhgvLcbc9jN2_zB4dxtPy0xj0ujyoTK4OA_S;hcAiYtA9lPuClWBd
/v_Error/redirect;3YjBGF4N23OoESqmNlAPER4S8K7MhVQXHZLM-IkBtagtn4QSAzPCPxl_kN1Y;uW_oiaPxgD9Jg4l2
/v1/redirect;sdfsdjhgkdjfhgkjdhfiueyr9348;kdjghkdjfghire
/v1/redirect;wdQ7ONk-2BSw1QAeJTDhK8iMw24Nxd4yyN5WuM1LK6RySzaJpzHHzVrY4XYK;ZkaZz_A2lJBgxHAT
/v_Error/redirect;H8HkID_W-LvwzymC66CJP3SJFELsoE2svOlsExIWUuWxPPyufvMMnbm2zmmL;CcmREPsBkDJ7wmoh
/v1/redirect;sdfsdjhgkdjfhgkjdhfiueyr9348;kdjghkdjfghire
/v1/redirect;QgkBqE9v_CmSTXcAhVDPPjRTT1e5Y3ZM_-NAQ7nIccQR4YTaIFsj2gq62cF7;uV7BZH6kLQWGbs3L
/v_Error/redirect;SIzC5hMASjOPoFCT6nYeXhx3Zh08WXqY_LFlUDxjtXYTUEjgbwrN3jnFydBE;QxO6l_DGbvNAD-v5
/v1/redirect;sdfsdjhgkdjfhgkjdhfiueyr9348;kdjghkdjfghire
/v1/redirect;KCuFcTSgtbSk1o4FKo4Eh8-iHCBiJfGq9u9viBmNzJFh0Wj7RUBbBOKUfoKN;iTn9tYj2ABSTJGy4
/v_Error/redirect;dYLkpH7KB_Gs1TW-UfRa-ODZgLAOsgML8kDBiSRq04IcG_YvMLn4a410OBMC;IBA_VMI5j-toKa2N
/v1/redirect;sdfsdjhgkdjfhgkjdhfiueyr9348;kdjghkdjfghire
/v1/redirect;ZgHPLM_1uh4BTNYCaNZFTReIN_yggVfwfRWOaYmcK_K-asiePx2_8DR1u3XU;UIUuXdjimehBwkns
/v_Error/redirect;IUKfyoJ5D9HGzLPH8Cu-ovtcZ-W7WuHZ2Mm0M0Pz2zFxsc8mfjrEyINsa4wf;JlwEQaK5Nh9qnuyM
/v1/redirect;sdfsdjhgkdjfhgkjdhfiueyr9348;kdjghkdjfghire
/v1/redirect;Aon4ETko10s8Cu0eCIEZazaaWWMJQu4piTXPb70Co6lxEM7d3FSvQVXEYNTE;OuJYSez8OGY1O6t2
/v_Error/redirect;89jMF7j2LEUzxFDhL2dVK6-YffdXQ5FQri71mmjEVZ7VL8dRUGSdLd8iIou9;X8eTWb_t3zM2cxzc
/v1/redirect;sdfsdjhgkdjfhgkjdhfiueyr9348;kdjghkdjfghire
/v1/redirect;OFjRQ6vCJQCq4RwnzxkE7_OWKxtTjLeCDHxDwQN7VXDOISXVe1GqOQHYtTTN;PydNQNSkoi_BWZmR
/v_Error/redirect;4QmxfigKktF-l8m7nDVHZI__tQEfovtl9q6RQFN7rWZhr5wk0PK6iT4Yyp4M;eYqmtVRZZxR6nywK
/v1/redirect;sdfsdjhgkdjfhgkjdhfiueyr9348;kdjghkdjfghire
/v1/redirect;8C6NQ7bUUAndOlyQu8XOrcSsO4q2vIKYOI01apDjbu4AMCI8LFImzrWv3F13;pZHcgUuvfjFLs-So
/v_Error/redirect;4-lz4cLrkcf9WZamtDFm5tVeU_FmNBXWBJHFtaehcDoUcxIYKyB2RY5oLiBB;m7UnurhFL9smI0RY
/v1/redirect;sdfsdjhgkdjfhgkjdhfiueyr9348;kdjghkdjfghire
/v1/redirect;eius_b5zxbr1_M3k4g3YImP1Z8scaBTscF6ETEFJelUpjeGSjyW4tYNsRzBx;piP4Aj_mefSSkTYa
/v_Error/redirect;1dcCArO5FIcGAX62g7ybzXYyKlB0FN-4GhWAU4D2skoIrCbUBXTun7BT20pj;JqBOCVMwUJ6wYgaj
/v1/redirect;sdfsdjhgkdjfhgkjdhfiueyr9348;kdjghkdjfghire
/v1/redirect;d6-SA5Jma92nyCKkWwCqCZd0zyNtGsl8gBxXinQ0pN2jXy2_u7QninH-k0dD;fYe0HLd1yrlyQYV0
/v_Error/redirect;SAPRpfXGomDqGkycud-XUlB-zTW9j10tCz3ifLM4h1FdxZdnb24rhPLydaCo;8b1rvIHu69KTIoR4
/v1/redirect;sdfsdjhgkdjfhgkjdhfiueyr9348;kdjghkdjfghire
/v1/redirect;HG7t14gUII6zu8FXgbcqj_qtQQuk90SWRGaJqI_AkPtXIOORB0wicp49KSjt;4qeSlcOp5fCo5fN0
/v_Error/redirect;CNP3mC2vQKwGIHiVePIPqBFYzUsRw9H3ok_I9SXofiCMzYm4tVtots1To-he;pjKCyFJymNviIgUC
/v1/redirect;sdfsdjhgkdjfhgkjdhfiueyr9348;kdjghkdjfghire
/v1/redirect;zVCPZ9bHXiEptnl6wgHSJg9po8xSfmhOMLOe_p0zwQTqBjwx6daqJ0LGH4QJ;I3xPgUIPqEiovuBo
/v_Error/redirect;xaPpwFfxxo12MSA-YiaXzrsdBsvDN4ANmPyv7Aak2y9WD2-jD_qAA2bxmiRp;oYciVHy5EUzhVzcQ
/v1/redirect;sdfsdjhgkdjfhgkjdhfiueyr9348;kdjghkdjfghire
/v1/redirect;LuRrnx8YncciXSMIh952mEGOXnpUUIYkJuTm54MMljyBV9R_RGUgYRkfRCY4;S3mMsaAmhlEIXBwz
/v_Error/redirect;QGqhlJpJISrhJQqAiyiQNfnhSw5703FCOgYFRN00FMxjA3eIyLSIC5sSmTBW;8zovqGGgva9xFLWY
/v1/redirect;sdfsdjhgkdjfhgkjdhfiueyr9348;kdjghkdjfghire
/v1/redirect;bNow0J1zXBTKx5myq6XA68xb6nXmifyAJ3Gts37Zxry3V4tu73u786qYKXDQ;ppkfvnGODxEzY9yc
/v_Error/redirect;BwEPCTSvo8yAPJBK0H_wE1cd330dfqz0njkx9lBWV7_q21754zF8XzyBL8gq;VAgq8mIWrvSnFlvJ
/v1/redirect;sdfsdjhgkdjfhgkjdhfiueyr9348;kdjghkdjfghire
/v1/redirect;AVI2whT5xIbGvZa6cLpeE6SXRYgm4aktIB4tLY-nX-58U--CcaK6N-may-3v;NJd_GAiD2X8hPta0
/v_Error/redirect;7AXsmwhH4imn3VzO3pdkrKdAPqQUuPqNDjwSL9HQ8-7BCAHhDKBfpz55BwmN;v8jgA8hRIwoOWzcP
/v1/redirect;sdfsdjhgkdjfhgkjdhfiueyr9348;kdjghkdjfghire
/v1/redirect;ssyBU74x-riX0FL0CcZcc5rHLfd-0W6QAXHYV3LOp-yTXeHj-0BUEmqFO-tp;MAmEabLzugP4SQ5t
/v_Error/redirect;UqGcBytT70qz31bP2jSN3seqYovCTFGPM2MLraJWvS8vYDMVQigmAwTW0NiH;D42Q6upAxUKORRkZ
/v1/redirect;sdfsdjhgkdjfhgkjdhfiueyr9348;kdjghkdjfghire
/v1/redirect;iBxAennyZM9FeXm1mqkQ3ouN9en29lAaseEgGU6NkvWckotX3AnMxMuAaXl1;4KWItERpMYIzDaII
/v_Error/redirect;VeFpzoJsaNon_f7OWf1OHtd528Ymr02r15GMTO7ihwtFb_vVI7TGs-hCSklu;PwdIMo3FxUpwtIWx
/v1/redirect;sdfsdjhgkdjfhgkjdhfiueyr9348;kdjghkdjfghire
/v1/redirect;0maMS5L2Bejyhx7ayPl1w1nnCExwtSNSpc4mJKHf5REqQ0XtGz4kubXv3NJY;P9SVO-h0QiZMcHH7
/v_Error/redirect;uROuPYywPZsV1jYXnwQWlkuvUj_Y7B_VU5hAliNMt1eokSzreuN6Fdj0qCRT;qP9M36MW1HEapJ3V
/v1/redirect;sdfsdjhgkdjfhgkjdhfiueyr9348;kdjghkdjfghire
/v1/redirect;v40rz0u1LslnV0M00fUPDJKIScOVLVDpmBb5qCfbDHvMn3LSx0g0thYNRJyx;la4iBe81-bD_GCCa
/v_Error/redirect;_4op-6M3aMEsjtXS_3WQQsk5oej5FR4aXRR2yiKdAFPtJchSWQhgBg7X7_xj;u9GrcYXk26gCEXJF
/v1/redirect;sdfsdjhgkdjfhgkjdhfiueyr9348;kdjghkdjfghire
/v1/redirect;IcxUXYPXClX5DtXz2WvzVH0tBMa38enBIuSUqBK3vIOu4KmTAuRDArGxM0PW;nviQ_mY_E37Imk1X
/v_Error/redirect;earbI300OdQinXgSByeHTrD21eMYjqzZqHGYBlL_gvRdj9nRNg0-Ai4YTylc;SK9tuCCmd2Rkr_7h
/v1/redirect;sdfsdjhgkdjfhgkjdhfiueyr9348;kdjghkdjfghire
/v1/redirect;-t-qjeWd947iQURu_NgqGXBimMOy27YSuxXTn_qUsV2cM-eFFmpcr7lIhYHm;94yEFzJPZJgukh8g
/v_Error/redirect;20ujIollC71nx50DWf3Ob_6bSbU0EQGXbOY2oQ7v6EkBPbREPSdMSac_UoRo;CtfQRa-sbGVRysSF
/v1/redirect;sdfsdjhgkdjfhgkjdhfiueyr9348;kdjghkdjfghire
/v1/redirect;BT8_ca0R0WE3Elm_1VwJ5U4LIu153YXN_vgOC37g0VBfEV4Sy7lpqNMn1z_E;yvIBBxBZbiCUpmz2
/v_Error/redirect;GUTHLsxNMOI2FL8CZKm2WLc1hAjCCopYi9kX4tqbz1xXJ_W7HW0znLYgP1gC;mp0K-vauiP_2yPi9
/v1/redirect;sdfsdjhgkdjfhgkjdhfiueyr9348;kdjghkdjfghire
/v1/redirect;GCbb-R6WLXVEETRd3AogOnGtzA1dSuxON9FU-IyZa7CESUHm3BxntcCiCzc4;0jZ8TZDOayq3XVzs
/v_Error/redirect;MSDoznTKP7Y22mZWVhlLYzylMUUpPe_LSI8wHBcFAnvMWLFkkdToBULDNRk3;XIBQ-TKbAAiRis5T
/v1/redirect;sdfsdjhgkdjfhgkjdhfiueyr9348;kdjghkdjfghire
/v1/redirect;N_D6edcqqYDe2m1q67tUYNNS-NkWDxF6a2o3Z8xMY_-ZgGnXcnUbKMpuLGNZ;nlelhBdm72dYtsdm
/v_Error/redirect;XoTeyvTYDBVlgVPqxvs7IhxjJd5PTGcUZtSAhOkwqFzQs_8mW0lTr6apd_mL;pEAHFWxHa_mhiQdO
/v1/redirect;sdfsdjhgkdjfhgkjdhfiueyr9348;kdjghkdjfghire
/v1/redirect;gJMK6ZNARwrKLQO6oBL1kosPIZA-kvltmByR5Y2xfcEJ_mq88WCrl6VJfHnI;WCPI9Fiv9hnO-KTe
/v_Error/redirect;hfX7I6yH0nzB8R_QgrLZSqo484HqpQPKtEFyUEQ0JORcHwfeCvIhbj90Xcb6;nw5ej6uuUC2AklUp
/v1/redirect;sdfsdjhgkdjfhgkjdhfiueyr9348;kdjghkdjfghire
/v1/redirect;m8ewD0fMJBu1sX-TX9xNtoE5W05FD8oUSi_MAQxjH0z3hfl6RkYcMznkUrIe;p9Srbu2aT7eMZG2n
/v_Error/redirect;e7PNYBNCyRv_WAsBsS4Fi9pv-33uRNxDU2kUXzEhM4lgzVREgy43E-dwddYP;2uLW5H2JlQNs9o0E
/v1/redirect;sdfsdjhgkdjfhgkjdhfiueyr9348;kdjghkdjfghire
/v1/redirect;bbHy7w5xpT6VGTEjxqCfgQyUsqqKI4ShykNxhlu5pO586wfO7Uw_ciRghmki;4WIDYqiDBisZcQhe
/v_Error/redirect;853-_UgN-jmrjPlfC26N8ov1-iszwI6_EjwdqLd5lVj39QxOk424UIpDvO00;Lrq2kzR8usUO-mar
/v1/redirect;sdfsdjhgkdjfhgkjdhfiueyr9348;kdjghkdjfghire
/v1/redirect;BOM7FtLjZA9bgjcQaE3MKmPQPbLitC067jQeb1elKRmC-6a3qDvvQs2IEUjc;r6mc0rF1W11C0KjF
/v_Error/redirect;oqdnd43O1tzTwtmmQBOpCRfqugbvafDPNHsSss20E2LLdyDrdhC1vKQlolEN;47HBpjqyOY4EbTjA
/v1/redirect;sdfsdjhgkdjfhgkjdhfiueyr9348;kdjghkdjfghire
/v1/redirect;E7LQnFidXOgHTZhPwn5sReZtYNXF9I6I1NLwR7U_IF5742M3uGsSht2Db4Vh;WzS8b_h78ABw6ZFw
/v_Error/redirect;MRXw7lJ40ynTp7IXLwP625tHcNnJkULnDJevUxUEImranuHjigvGoRlPWiGc;OtQni3BQSk10Dsxo
/v1/redirect;sdfsdjhgkdjfhgkjdhfiueyr9348;kdjghkdjfghire
/v1/redirect;n-0ZxNX29GGHEBl0c-kkB8iOkXQ3f77vJsYJ4JDkDhVcJ1JF_3SinUUVr_hT;2wXP6kaovm4Bp_P7
/v_Error/redirect;sApIqw8YaXPV8rDds3xCAm5GSq6TWGeLLht2Psr0NF3peB2LnA3ki5fiNlBE;8mb9a0U2k2lrbnJg
/v1/redirect;sdfsdjhgkdjfhgkjdhfiueyr9348;kdjghkdjfghire
/v1/redirect;Q_eF5xQZ5Je24TBBREbK4HOs6nwYBg7u8-_QZafv_UKRnmqPv3xHFSuZhWDr;2_kKT-oLevPJRxI2
/v_Error/redirect;rtkxzMgW7tjGT85qnJ2DqtUV48llyYQ38Sp3Iy5YUmPKcPDfyU4DSYE5EEYP;zU-9m-wsGynxqqhc
/v1/redirect;sdfsdjhgkdjfhgkjdhfiueyr9348;kdjghkdjfghire
/v1/redirect;WXD-HgO_dawrDWsmqni9-OXoJex23SZB3ggtxM6-wtkyNtCjKj8zD6LPGH_4;CEgSr5poAkCe7VeV
/v_Error/redirect;UHtyXpyBKlen8RrLTq9uLen-ZkU7hVCLQGtIruEDMODRSsjaQIm2pFQ9Cv2R;S2FTo6432hEmoyN9
/v1/redirect;sdfsdjhgkdjfhgkjdhfiueyr9348;kdjghkdjfghire
/v1/redirect;X3E1IyhOrF3gL3o2Ek9vK-uUjOQLk5XtMADRHTxEiE_uSk8kRQ1Y8MthZEyF;8lqV73PTOYWHQvhp
/v_Error/redirect;pme3PFFWe00gXjNR0BAGeXZmHB_-uy-nRW6c112HKfrHF8EORrnRdFeuCBm2;P6zMDGDG1GxhA-r_
/v1/redirect;sdfsdjhgkdjfhgkjdhfiueyr9348;kdjghkdjfghire
/v1/redirect;w7pvwkf6D7UeEVyXrDCU-O2WMQ7jvg-fOzZEWEda59Z13QGfch1v74ChMkPR;v7Qzp4Gkt7oU2SV8
/v_Error/redirect;sBrsuq70VtpLLSZJOotrOhTA92P2wWqrB9mz4ma1fNAR6UkWLqfOJvI7RvEO;axRjFDXWOsCz72Hn
/v1/redirect;sdfsdjhgkdjfhgkjdhfiueyr9348;kdjghkdjfghire
/v1/redirect;4SvOhVaOB9cUsioqIwaZqsEkq-tfedBtn6dPK1LgSpPKhusVtFSBdNBc4rgu;knVjfj-XQecDPMzn
/v_Error/redirect;m0wfwUfD0K99y16o99VLMK8smWLV0oVDwg_deFg5pSS5QOQJcSOHhgkjsYI8;VeBCAMDWTUQRRo-u
/v1/redirect;sdfsdjhgkdjfhgkjdhfiueyr9348;kdjghkdjfghire
/v1/redirect;wUciODuDT4u0qItuZOcR2p-hCA9GOz7849Hct_-muUPPwxDCVDHRvgZXg6B2;5vdIin52IZoq9OIM
/v_Error/redirect;hKl6133lECqVFEZznL_4IGQMIWOmlfRKcaiU54Q-YtaaktOoxoAe2BW6oGrp;vA14_gtLXFbvvYYu
/v1/redirect;sdfsdjhgkdjfhgkjdhfiueyr9348;kdjghkdjfghire
/v1/redirect;B_tl71VZpQvOkyJox6fBsWyxYnDdVVlrioqqc8pZPFBr3ptgd1uz9dT7EYw7;9ZkTw61m_M77KNP-
/v_Error/redirect;hBREnIsZfXlAHrR78QxLfYDoQMbpUtYPuMdGg9nAR6tSh30WzagPvPKDHe8W;LUNj8qyazlU3mgFL
/v1/redirect;sdfsdjhgkdjfhgkjdhfiueyr9348;kdjghkdjfghire
/v1/redirect;ywuN0DrKITZLw0IlctEJs-85l2Ijdwr7KEBl_i1eFljdbA2jLGmLwYCQarPC;lL1VmJ12qDa-aV5S
/v_Error/redirect;ri51B_0q-d2B59l39QwCLBJhWMYBRgIrR-VnLYpXXHMBBFDpyvDm5FRbCDCm;k7dCHhtPTDqqibDJ
/v1/redirect;sdfsdjhgkdjfhgkjdhfiueyr9348;kdjghkdjfghire
/v1/redirect;h_jRJfHb5wrD2aMiQF8s9DzOBNMwpiGdXn8ughmkXq9oyZ0Kt97QB3s_qXXK;98e6HM_3tWz0gmSb
/v_Error/redirect;Qsrwx4JDkdEL4litiRPFKXhcx48yZaqR7yk1eTlnkXBJMK9wtD-I90pb_uIO;lCQ-5b3o4t5LTuiS
/v1/redirect;sdfsdjhgkdjfhgkjdhfiueyr9348;kdjghkdjfghire
/v1/redirect;L3-UhdiU1d6-BYsShu38K5fBXvfeNqyaYmCZ6ZVvQrj_ejH_xmkgBrwB4jfv;-4bFLPSulK4kTxvx
/v_Error/redirect;_ae3ds297fFU03GOVLJK7b66M5lDMKzNiNNYDel99tYHQ2wwsoLw8iQUO-Ym;QqDLpCrV58US69Nb
/v1/redirect;sdfsdjhgkdjfhgkjdhfiueyr9348;kdjghkdjfghire
/v1/redirect;KFSFRmKOpETtf_4x_HEsXCO4g5OTyR1NhlwtF9iEb8kFdx-VtthZJKWWBUEZ;mtIH8727uPb13bZg
/v_Error/redirect;hbGWMTb9rZ1uJPLUVVqnDB9GEEWCnF2IUHhZD70kYxpRRGtFX1ZJxQbIxWWK;irg2Usg4a1NiFbff
/v1/redirect;sdfsdjhgkdjfhgkjdhfiueyr9348;kdjghkdjfghire
/v1/redirect;CSb_kWMa7gGA8oJxCoXXk7_B3iJMjzu9rd6WzKZK1Fkkow_lJpZ1eH24Xdfr;AEJyo9vkYOMv4bsM
/v_Error/redirect;DRTxFMj1KMPq96fNXl4RiD-w6PF31E6zcpikfjy6PoFwWu13ag4v2gJv1nf0;2em9cWBzQBzJrcMh
/v1/redirect;sdfsdjhgkdjfhgkjdhfiueyr9348;kdjghkdjfghire
/v1/redirect;n6rgL-llTft5qMYX4XNdnkzqQNruHlkB9Vylu8qrkPm1E5U9FoIYQS0Q5GM9;WShCx_gfpRz-MCJP
/v_Error/redirect;1Q0ipA87y4-C5HC-S7Tdv_dKcQNwQ77TDwt4IOB9RXgBFqS8SNVCfI8ZnKjr;ZuQpTPGI7x9H7mSc
/v1/redirect;sdfsdjhgkdjfhgkjdhfiueyr9348;kdjghkdjfghire
/v1/redirect;cACGPWla2PUEqI-OYrPjXWlRP2fM7L9mMPzvS7eRr8Ze-EIxMNdS8GgwSq77;iORrlYwaCd-Cixsn
/v_Error/redirect;cFe5Wkd8lVZquxEV518X-S6tWQ7P3rRTpGssSZxYSRby4seU2GqgcFbX49hO;vPSS-CthSJ4ttOTg
/v1/redirect;sdfsdjhgkdjfhgkjdhfiueyr9348;kdjghkdjfghire
/v1/redirect;aK5Zm259Sol0RV_EPQB_6nPzHTJ76mQDepL-cOSM0_4C_m_PSIk4Q9HNsT2-;tZK01H5RM-Sa60e0
/v_Error/redirect;4Po6D9cbz7r61CGtUO6pmqOSyt7H7PcVOwFhYz7fa32kD8OBPOMAfV6y4L-a;7sw-VViHpuHAfsCR
/v1/redirect;sdfsdjhgkdjfhgkjdhfiueyr9348;kdjghkdjfghire
/v1/redirect;JHSjOPu09cHvk4fvFlw7iVSySsJmyGIZHgl-_iBW8i6SbrxLlOepYSSX0f4b;awZt4JLo4S9y4MAx
/v_Error/redirect;S3hN1YJtA5U0bY77dkZmO1eePjTmvZQyxeVydHH1a9p0b_7AtQnYvqhm7BrN;8q25JUWDqfwjN3ZE
/v1/redirect;sdfsdjhgkdjfhgkjdhfiueyr9348;kdjghkdjfghire
/v1/redirect;nDOX5W3IYMgFHIW9O-THawsuDzchttvY4tEBWNRIAS4JN8o7udlvi88Ag98X;kYUzGlY7p1XvC9bj
/v_Error/redirect;lt1IduNiHEqNNhLXT9m4xzODhnREB2VC8VFidzeTDxmU4FAWnLDOAVg8prkF;AVlgTaL5nYPk_gbz
/v1/redirect;sdfsdjhgkdjfhgkjdhfiueyr9348;kdjghkdjfghire
/v1/redirect;dwmEwjYY0Rerrqa02xGEj4in9_moQi0SI_vY_ptwMQt_AXp23HxEeOw-9StU;h5iLcrrLea2Tn-84
/v_Error/redirect;kC00RxALkARJSz_lcGW17fgQ3wOSCkowuPJ8UQ7vLqS4wHo02g4Rv05-ETJQ;uj4VEwL85GY9epuG
/v1/redirect;sdfsdjhgkdjfhgkjdhfiueyr9348;kdjghkdjfghire
/v1/redirect;g_jucZ47xX7apGW0MaPB3pbLIacA9PlSKFCm4abkBPHWpQK4CZB9SiEr6-Uo;L38gNkWcEDSb04gw
/v_Error/redirect;wJMWA6jfyyfHP1BF4iuIrB22UVmnovvioEUBQN_BPBVQNn6ld1lhrwV-Cxtp;-r93DE9yctZcwusi
/v1/redirect;sdfsdjhgkdjfhgkjdhfiueyr9348;kdjghkdjfghire
/v1/redirect;6-uddx6Aca95u-Rx8-ug5cN8TMyFcrCi37k98clB_yulLM-NaAqbcopzcv_D;9Mpc9t3qdF-1PpdZ
/v_Error/redirect;JAwMq6jJsuZ4Qk7BhzP3q5n2Vyoe2Tpfv4Q-B228RJUqJ2P3ynLTaGemmVEB;w3M7-xxy31B5f_81
/v1/redirect;sdfsdjhgkdjfhgkjdhfiueyr9348;kdjghkdjfghire
/v1/redirect;HBJbyHtWFYxo-OSbM5Wd8wYFhGIQ7GDCJeebMlTozgh3qq5cd2YgpBMsJEYP;SGv1UDkInyMTAQCh
/v_Error/redirect;QQhAPbMmvk1psRZyWKg_xm6-4Y6vpGXOOniSV_QcNXbwlWfZ7bnih-Hw9E1g;XUFl1QLTaRMXMppw
/v1/redirect;sdfsdjhgkdjfhgkjdhfiueyr9348;kdjghkdjfghire
/v1/redirect;b-jAAM88_ahrjk5Sw4rzCJ9JuNVifim8WY99BX4YQdqXzQOfM7_M_uhZvzpv;8T_YQ834zcaA774B
/v_Error/redirect;iK5s3GHVucM4YaLMnTGBU6UV7e8cN44RxEA2fmZW59G3LHahFOFWCfmggRYr;KyVcB2FZZ2oq4xJA
/v1/redirect;sdfsdjhgkdjfhgkjdhfiueyr9348;kdjghkdjfghire
/v1/redirect;ZvHhh-rBNUe9ngMz9EmwzormsHZ6iE9ra28jXdeH2c6fuQ5dFbH_aH7-7xOw;DxRkHDoMN50s3MOY
/v_Error/redirect;24yd9oQEZHK9pYpMcxggUoqVZ5kuZkhOjc-xr1czfzQ5oTPV45CwYrNR676b;tA0m21uls4Gz3Ecf
/v1/redirect;sdfsdjhgkdjfhgkjdhfiueyr9348;kdjghkdjfghire
/v1/redirect;pM9eoFHzvVHUAzqxZgnuICXHnMaKYCtcxqo5rynmgg_kwyhARInUrUdsUFpO;plnSNwYGnciEOyJf
/v_Error/redirect;So0OrGBWk8b13Cc-WySY6VTn5J8JDB9dlkV5N2Uwas-XBcnKHuWdbVAuE_J4;yv8J88kEb0pwtb-p
/v1/redirect;sdfsdjhgkdjfhgkjdhfiueyr9348;kdjghkdjfghire
/v1/redirect;yfzYC74mdCO3agMRp-xuB_0bVv1xADg2V8F4trfxVNXSBApdG_hfXhwc6xfN;c_ixIRiUoxQuuU5m
/v_Error/redirect;OIBjV5IdfRLP91VRKwlfmLUmJrAN41Nlu1XauFm3vuC9y3hWGarxEw6HoB0A;xtDI57-htY3WWayE
/v1/redirect;sdfsdjhgkdjfhgkjdhfiueyr9348;kdjghkdjfghire
/v1/redirect;E6f2TDBHYBkzW-ElAevW34OaCM9QApGoI0z30VIywyAxBmVnmK71XG2jAjXn;Q9zC5eUnCbrGH_99
/v_Error/redirect;A0EJ99oVRkRiAYVUv4ouN6ZWLky9-p5bOYxKBh4apZpjrZsySYIqhMP_QAJB;p14fGW0RACBaSs42
/v1/redirect;sdfsdjhgkdjfhgkjdhfiueyr9348;kdjghkdjfghire
/v1/redirect;6VySeeQlNr-XRDOjRM9A5BmCVebj9jiIv7AErMlW-29-XqIaSGEsTqjhnIo2;zzs8_ZMXP2eqWEhq
/v_Error/redirect;FMyjApY9ZWhjZSE3h_L4qrDZZHcK3PJNmF66BWLJ0AveNOHPDYGwT1oy5zD_;-WkSYqHXzH3WVMUs
/v1/redirect;sdfsdjhgkdjfhgkjdhfiueyr9348;kdjghkdjfghire
/v1/redirect;Z17S2bB0oDNh-VNOggTJZAM_IRduuqF9H4G7dIyuX6d-0WDlm55k8PpwN3at;_93MofOctugbwHvM
/v_Error/redirect;UZv2Ma_WO-6fC2a-Xvk1jrGRWbpILHUxJPdO05mKcxAfHVVyFPbmbsqgUhhZ;lvstS5xqYLAQP9KT
/v1/redirect;sdfsdjhgkdjfhgkjdhfiueyr9348;kdjghkdjfghire
/v1/redirect;4lNrFHzv_Q4bMU8muqGd1jRHlo40QGCDXk3HWu0RzF6JSvgwLpc_Wv9N9uxi;kxTM6fuv0K9ch2cj
/v_Error/redirect;FSMgYOTWzF3oCe_vlmnXyhfZBQiFKzQcWc6PBYr5os1xXoj8pmbrIJkFfw1E;NbHf5iJD9l35UXY0
/v1/redirect;sdfsdjhgkdjfhgkjdhfiueyr9348;kdjghkdjfghire
/v1/redirect;rpeIoinXK_HKrOCVoM5vBQu-85GRJdN-E74Knj-oYGWKLzJDPF4iscC_WnMs;iPIjm-16slU6555q
/v_Error/redirect;GuTREFysZtVnNQ2gb4x5W2-Q6saRo1Ap8CPICMwPJj6vCmhg4fQfO-cwCOWc;RltYGktlRnB0Gvy3
/v1/redirect;sdfsdjhgkdjfhgkjdhfiueyr9348;kdjghkdjfghire
/v1/redirect;_U3b7QODAOI00wv5fhxfuuSASJhLxEitIt_jQ3Jc1c-Exz37T55gbma-G_d1;5yUxCQPKOEdeeRjX
/v_Error/redirect;43edxB7ygrFB-X2UJxCeyfxkXmMxYdw-QVUvx43Svb-8l007ObrkDPzbpuEb;DXKZNyRPPfNPsRWm
/v1/redirect;sdfsdjhgkdjfhgkjdhfiueyr9348;kdjghkdjfghire
/v1/redirect;yZv3sh7LhpQy0Ug7OI1lsZKSZ9UNxGhiibJv0zFF8HZ5IFQ1HG9PIomW_cKP;xUeATC-Hofq8y632
/v_Error/redirect;6dNglrbyLu0pHisbOp8ZgFlPXohO18YyYrNC8nQUlJtBpZ7PL1IH0QhsZAMP;zWvsRDb_z-Q5dYCW
/v1/redirect;sdfsdjhgkdjfhgkjdhfiueyr9348;kdjghkdjfghire
/v1/redirect;zKOy1Efw1WJo1aIzxdT6RO-gFkBw5MJltfRszngkTEDoGeLjNrH2HTuuBME8;94Vj7F8v8mdNmx6r
/v_Error/redirect;omzj80GW10B2DMEJ7Lr2WMyWDzvGB1_7NE5Q6RyVhzUpCuTZq4IMBV-1annD;cI_VAWWHBVMvIwE6
/v1/redirect;sdfsdjhgkdjfhgkjdhfiueyr9348;kdjghkdjfghire
/v1/redirect;xAx90bDNuzuIGon_5MpW-dPhu6zGZc7beUEWiTzNVwqV3KyPd5NLVU3WqnCz;9Fx2e1t8AIZu_-I4
/v_Error/redirect;HbW30YgiioILt91mKIqh7qPbUKw5By1p4tsby6cx5PN8jDcDzd6KU-mFDPmF;UXGTP4PUDwf9khOX
/v1/redirect;sdfsdjhgkdjfhgkjdhfiueyr9348;kdjghkdjfghire
/v1/redirect;svXQgi11ZmkjJipvgOw6vF7yWCrtNVbzfn8BOEo_78DN3oiWg1zQOJvSNosW;j-W0z2QDZ69ka-A4
/v_Error/redirect;IKtv_f3NsjJUgR4lJqsYGyUJgyYwKZHQEgXOtQJphAvWs2QfEVLgVJ0kDXgn;0de7wgaI9J89HPyL
/v1/redirect;sdfsdjhgkdjfhgkjdhfiueyr9348;kdjghkdjfghire
/v1/redirect;biCNasZVNSlIdIVXxHyz14E_KjgjBRzRY3V8XXhhKyP-ZTYehJ4JFvl26pU6;-uzu3eEU6zH681P3
/v_Error/redirect;8zFJkqGiYUUtjEaZRpkPRhVHnM4ak-nPe_wYWOtUXNMS2sTKy5wnamS_K8Mf;rfL0Ax73WK4LZLLi
/v1/redirect;sdfsdjhgkdjfhgkjdhfiueyr9348;kdjghkdjfghire
/v1/redirect;iYP7ELoCuZikOtLvIpNAbTUcbqmEktG4mifAr48inpn3m-Geluwc8EudxMdN;pM-920BxEr6T8Ac-
/v_Error/redirect;y38mgyk3y6apiMgtvCi_adR-mdRjI3QFaWsfFxdxo8K_rSrz85nU9V5py02w;4puVfyr5b2jEXc9U
/v1/redirect;sdfsdjhgkdjfhgkjdhfiueyr9348;kdjghkdjfghire
/v1/redirect;n5xmRWNR5KLE2mtQ6P0eKZFWXhlWMKP-9f_tVngFNNTxP7SX4AEGgNMTI3Oh;dNIuXmRSSvhuBvPQ
/v_Error/redirect;ZlWkAcVslMP39l9QYvOTYJXNYJrULff5ryVv2Werxs9cWqekiMDJKyzRgzlj;cF-kuMUWuVH1w0FQ
/v1/redirect;sdfsdjhgkdjfhgkjdhfiueyr9348;kdjghkdjfghire
/v1/redirect;E2en5--Eb8nkrc3mFqSZUOVSHtY6ZbW_tvy2lMsHAwL1bFPJAY9rITbpovPs;wis51FVZpusfBEmX
/v_Error/redirect;tzSIBm6Zbi8R1O1GszZgn8ToBLdtue2f4OXPdNEUe7BLTywuk1YzO8jqZsir;FdumZ4iwCAgJikue
/v1/redirect;sdfsdjhgkdjfhgkjdhfiueyr9348;kdjghkdjfghire
/v1/redirect;eU_WnLpmZvRqC6HIbKXJvPWUKS-_V6nIt1-Ur_E-UXzgnNwFbbnSjCmGnBCW;uXlDyIsRpjh7eCSs
/v_Error/redirect;tGg7YcBsYH9GLdHDBRGgBvj8v9wWEJTcS4luB34R_Pi7hrEMqFhawmm7lqSo;g6VuQaKPlL99FhRK
/v1/redirect;sdfsdjhgkdjfhgkjdhfiueyr9348;kdjghkdjfghire
/v1/redirect;T5sbntpR4OnPkoyXD5NBMBNw28rQilg6z6VUFQ9RoTuwqwdN0SDFI4tJP1J0;MxnnIRHyf4GdKqds
/v_Error/redirect;k4x4sX9aEh1VIW5Nhl5LAdqFsC3D6RgEIzkXINJM2bHDtqM2Py_Ghxr7meGt;Nn74HzYCHaZ28bXl
/v1/redirect;sdfsdjhgkdjfhgkjdhfiueyr9348;kdjghkdjfghire
/v1/redirect;lbsGSEqhUz4X4O4p5mme5_c26j4R4rvJpfC0470NJli0j68qMzEiFWvT9_U1;QN7pUPpOzHLftDDe
/v_Error/redirect;yWP6Tn7j27pHaskW0wZQguYlQTlvyDRfESXkPSmiZh-XfgZF7Ts_pi26iHkS;mVkayqCty3Xkc4AC
/v1/redirect;sdfsdjhgkdjfhgkjdhfiueyr9348;kdjghkdjfghire
/v1/redirect;rrFmJe1kynm3VGB_loNt9DyazSS-Uv47b36pPwxhNeDmk1mogSwgCC2X6RLB;gnA3ZTNz_1TGisf2
/v_Error/redirect;UiLkrQ6Zl8lAAXOiRfJBWSj8E8WAzUderHuUSGNsycPhHg29CVlHyQxohC33;wW5nrqcXFQF6ae9r
/v1/redirect;sdfsdjhgkdjfhgkjdhfiueyr9348;kdjghkdjfghire
/v1/redirect;G2hwuSa2efhI3_ZabLbPqSutCG-WcV3sO6YkJ3ggti89K0JQVOIjF84n9qMf;7TZKhFbzxsPzJ-BE
/v_Error/redirect;tEZXDY_LHTbFyYb3DJZ-X8lZqEBWQbS7d2ccHEIhsTfczILIAjNIUKUX02ad;M5-9Mj6FKFeCUT_R
/v1/redirect;sdfsdjhgkdjfhgkjdhfiueyr9348;kdjghkdjfghire
/v1/redirect;XSkMHsAeObeMX5PqsqI1pXBHmtFNzqqYR2ARlpyg6E8F94I4jgODRTPkSv8U;i8NQISdXbS6mUCCN
/v_Error/redirect;rOS4zZ8Yrg5-RLqg_7EH5znJIYhiUt6XABM7iFDWNbRfrumsz94RMVCovI69;0buoQlhnfXYAwP5M
/v1/redirect;sdfsdjhgkdjfhgkjdhfiueyr9348;kdjghkdjfghire
/v1/redirect;2PhBg-r297t3-Lq53d6CXyOA6UFFD1--Hw64isI9vrv4rESNfcgoW5wQZ5Ou;Afks08ZnCmey-kQc
/v_Error/redirect;bCIGgZ0GxWvcojtr5fRwHggmRaWqK1cBVhvC-2V-7AawGzc6YE8q4K-3-i-I;bEz5rWXeIkYsLFth
/v1/redirect;sdfsdjhgkdjfhgkjdhfiueyr9348;kdjghkdjfghire
/v1/redirect;NEd_0RRFP7FfosXqYZJkSDLJu1E2_4aFn6BoT28Pbo2IJabwZRnakWSOHAlX;xyZLCQ1M-ETD6nLl
/v_Error/redirect;UouMjpPBdVcXkVi9RLp36-BAPHG2MUzrEi7dPNBdNNdrUwcU_jKi4HMkxiN2;tBWhu4Pnnyn517gK
/v1/redirect;sdfsdjhgkdjfhgkjdhfiueyr9348;kdjghkdjfghire
/v1/redirect;RkUiz6lL3--2RjZAWjw20AlSoEwRgIAgqC8o9t-Q3o8rMSBgH88ZCPX8RMWG;RLqO0dJx2OsQKb-5
/v_Error/redirect;Gn9pIr68plzfKZtndKV_ERS4ziCvJGK7saDv1HGQpCvCF3zon5ELrMLkNlUT;8Ux1pUWC9IqxKCIm
/v1/redirect;sdfsdjhgkdjfhgkjdhfiueyr9348;kdjghkdjfghire
/v1/redirect;DdC0U6V70oWt3y2HmvrFfmyUjiPDlbGsFIq8-9yeWOcVBPOpP8OsloEQ7A3g;dXGfrDlr5LRbZyHN
/v_Error/redirect;GqmDjajv7Omf-YSQUHsxvLPXbsVM0F3yt5i2NoTvW3V5yevDA-86KY9Mr_Ai;UJupl7zYbxr9ZB58
/v1/redirect;sdfsdjhgkdjfhgkjdhfiueyr9348;kdjghkdjfghire
/v1/redirect;Q0im6Kqza2CRypsvqV6lu0sgdGHwaJ-QkkS_XNT2LmGIyVAmj_ZpgR_UoZ_1;T-suPxm5hCFVL1w_
/v_Error/redirect;IJE4XaFq03F55udXYYP6GEpeFjgMRNtO-K1gmpCUYMBy8ajFkcB2crR3Pwag;sWPezDB3MF8uN_2S
/v1/redirect;sdfsdjhgkdjfhgkjdhfiueyr9348;kdjghkdjfghire
/v1/redirect;dsSLLyIHh8Ilp0N1b4Tyb-8_X1f09hetDVGFUsvQZveS9uyh86y8sTpcZT3G;C7RnEyC0bmKnAb4_
/v_Error/redirect;0F7wv9RgijGgQX9Gqrm_8SU0-ABV3FgnzbkbbOuosL5mduGw1UMlnJDJSsRl;LKDNIFxN-kpTDRzK
/v1/redirect;sdfsdjhgkdjfhgkjdhfiueyr9348;kdjghkdjfghire
/v1/redirect;fQB_FAIDKQSw8iD10z7F40OdMQhiEV23CEMNFkQ0-bK6jxiQQVXI-YGGSWM3;8lts5xT-QXkriTMQ
/v_Error/redirect;VpxJlf0ATTrJ2zRSLfaLrtkeIlKxbCaML1o_G6JPbq4ztZJZXEbdoAp7SFAX;9PK0SrhZBlrrHqDu
/v1/redirect;sdfsdjhgkdjfhgkjdhfiueyr9348;kdjghkdjfghire
/v1/redirect;28DMMN-G245jOXcwnruGbW3P8ZW_rdIyUHk56whft_EALWLV39NR1EALReZe;6PuUmruvk0Jnhqw-
/v_Error/redirect;HtExGwCzqbb-vuT-XEYF6ZvvTnG9zbAFwTvyjhs64givzxRaz-0cDBHH-X0m;5NCZhwOnsKDSDdwH
/v1/redirect;sdfsdjhgkdjfhgkjdhfiueyr9348;kdjghkdjfghire
/v1/redirect;B4CcvAHk1D_sOP645e7FU-5SmIlxGDiSqC26UhKsk2ETn6WQ3kG2uPra_ggD;SgnuFQvPRYvBfIDb
/v_Error/redirect;Q9CyPIEnpm-1tSp0T3O2vvDHGKxbGs6gC4PCs1QJghZNumFKFVwA642bLu7A;UJJRSCpSBnsmNn8s
/v1/redirect;sdfsdjhgkdjfhgkjdhfiueyr9348;kdjghkdjfghire
/v1/redirect;hoDLL6XEu7vca1Wf-G7tUKpIFHqUq63Nafllu7FbRidse-XyDJ2qBVZYeWEu;NQbzG9AijC-8eO9-
/v_Error/redirect;zpHoy9VXWFzM3D4M7iMsw2X6DF4r1uORcAo4lmOus1zkPBeRtKNDYAPLT8iM;yS8nMkyNr0a4j2zy
/v1/redirect;sdfsdjhgkdjfhgkjdhfiueyr9348;kdjghkdjfghire
/v1/redirect;yObJm5y0sy-7JAUY5XiEhGg5RqcbTJG2gnXwt-R4x1iGfksuSRAt1MIKU-4y;ULg89J-iE5T5rRwZ
/v_Error/redirect;J61jivtlqgi3PQ-FZclRf9g37vYxoQkWyIOvfNlhBSQWlh3di2e8NwKdZBiw;qRs44TTxd7Y5Fqw0
/v1/redirect;sdfsdjhgkdjfhgkjdhfiueyr9348;kdjghkdjfghire
/v1/redirect;ORVZP5M6KPeBlZQIjP6KFrAGf6fzB9ZkAxFJw2husRmelbgPSkdoYZDvX6OC;Q2Smnf1pWX5IOYTl
/v_Error/redirect;AuZIzmTtCNDaWwUvcA9YWy1Q4bfG2gUgH5pd6t7Aa7zJ-1iPqCJoLj2rD7ob;b6AnSFX6GoeEdmJ1
/v1/redirect;sdfsdjhgkdjfhgkjdhfiueyr9348;kdjghkdjfghire
/v1/redirect;Rpiqm_C-qtmRZXt_TPXsTpYBK9w0RgYJ5muzHaF5j_6M_HiZ0ICxfBRoMnvR;deS1DVD255BPjDMA
/v_Error/redirect;KkJJla5OcfDKqQ_vkQUA3E5naFWt6MC-Ra4N8zRceBc79b5ctQbPVaJ5icom;SQnd38Uu_-rVu192
/v1/redirect;sdfsdjhgkdjfhgkjdhfiueyr9348;kdjghkdjfghire
/v1/redirect;IglLw-S49KvcyyknSZ-n0lhrS2JcibG9t2TF8o1LdbtORQjovrKKasF6SqXc;5_iGHLPlqmDyskBH
/v_Error/redirect;wAVU0ClA0E9YrfDIT32rfAI_zgSl-n7zpJAtkZVy2vB4I3kIkSHnuY_dK0jD;Xb9k9hSJkTqwyrKY
/v1/redirect;sdfsdjhgkdjfhgkjdhfiueyr9348;kdjghkdjfghire
/v1/redirect;qp-1lIrJrHXNR6JaA0kSomm0pytNM3VNAFVBne6S5uNdaVNpoVhMg-M2JrYu;uAQZi0r7TbgTHxOH
/v_Error/redirect;vemk8qR74dFIChp3WKCzdquy6Ipmh0-nxwjQqE7tqW4nGjFQemOoDOmelzkz;PEYkFpryMFY-ZjSl
/v1/redirect;sdfsdjhgkdjfhgkjdhfiueyr9348;kdjghkdjfghire
/v1/redirect;XZ0I5f_owuzOXhsvUfW61PoFm7ZyIrNn4Z1HeTLloyrRVvgh-nxEtld1pn45;-h0GDFZZKsRSdywa
/v_Error/redirect;V3MMDlq7dmBKgNqF_g9w1RZg9tXt9XFuP8VwVFfGV6FmgJYFuhZ1guoMoQ6K;uf9Fq-cl5PaqIp9z
/v1/redirect;sdfsdjhgkdjfhgkjdhfiueyr9348;kdjghkdjfghire
/v1/redirect;FcfI9lO8BRNB6ZpfrrShM-KxK2Aducm1y1UF3k7zq_bzYDuoqiYizPoU1npk;4dR8Obs71XUDUCX4
/v_Error/redirect;tStA5JdQgjQbx54alulEbm_Y8jVfI2tuZClflki1SMvGCAqWX1YfQxY2hUBB;1l6HitxeJLk8sV1f
/v1/redirect;sdfsdjhgkdjfhgkjdhfiueyr9348;kdjghkdjfghire
/v1/redirect;b8EYlZcMVl_veWieNUgn8Hy6x3NAnMG_sdJrrOqrDhJjD38uj947FjauoAwg;UBo6BnV4TdOCIKTn
/v_Error/redirect;lF3E8oO71foeU-u12-HVB-dLWudNxKulH5QHX86vgA0w7jkh0q34n9rMPI3o;r_8GxjqFhQEEo-2b
/v1/redirect;sdfsdjhgkdjfhgkjdhfiueyr9348;kdjghkdjfghire
/v1/redirect;ZNZa-smyfMpZ57H5mwO8l_mGzqu2PBwREP4YoZBsjMGQd6uAsBNkRN1ysAm8;eHjehQCMX8-SQ6SP
/v_Error/redirect;TWw200zpqdnSeS2_uu0-ZAVJODUti9AHw81jDbBoMwOaf5eLwoMnOa00nYqL;QR7ANGcdH9ullxHI
/v1/redirect;sdfsdjhgkdjfhgkjdhfiueyr9348;kdjghkdjfghire
/v1/redirect;VufdjGjyOkZSm7YjTClpr3by7OnHr41VuE_sWv90Q0J3xAWniBmbFr3niAZ0;E_052E29ni8HCnys
/v_Error/redirect;Fpv3I2Nl9d9mxisOgHp1t1bFeOK3K5dVwmdnDeKYB_yok47HameyRe-AXC5w;Fre3VAwWTONpq7Oi
/v1/redirect;sdfsdjhgkdjfhgkjdhfiueyr9348;kdjghkdjfghire
/v1/redirect;9KFXcrFyeLnXEpbNNyD21rCqQrarHhA7ceOrs7HYbMG0gtXEddWmGREG0vor;vRcVprgNWZ5ANUB4
/v_Error/redirect;hioQ_gV1HEMdqHQP3sFIdh5iMpTYoW7tNnUnuHPn5Nx08bPQdeFqV7ITtLxM;qVqckAOIC9KTmvnD
/v1/redirect;sdfsdjhgkdjfhgkjdhfiueyr9348;kdjghkdjfghire
/v1/redirect;T1z3h7KjMrsW_8q0tlplnTa4Pml2Juex5cMWP6ScTXhRUUENTq0SQ2FlHrzV;OrnabBAoLQmviEqk
/v_Error/redirect;ae-JN_EK05PDKuniar57_KRwhfimjyGAVxChOzzjjqNq48SQljA75R5SkbPD;RD8LUKuTcKEZ5YqY
/v1/redirect;sdfsdjhgkdjfhgkjdhfiueyr9348;kdjghkdjfghire
/v1/redirect;DCJ8f1qOQKlCGW7k8s-X9eW5cWYIcm3MqTIwNqR7HpVTEHV8oLT2O6uHdLjL;Z1Y0P6dRhze_qTYd
/v_Error/redirect;VLbNmqQ2jPuEw9JUZZJc8KbI13DJI-6E3WgZeE0W6qy3RgiGCPj5dN_7b4V0;OxBCJKyIc-XPqTTC
/v1/redirect;sdfsdjhgkdjfhgkjdhfiueyr9348;kdjghkdjfghire
/v1/redirect;uCZWCilAonH6nZWzgwhZlXJibs84htP2hsY73W1H3qX0lPgxx7kaDDaA48-7;F4UMYP6ViYZy-q8p
/v_Error/redirect;xoa7vqvRuDsN2DfO7yZ8azvn6COgBoF8UfF3UhTNM0m1UBCps20fKrFTGIGf;2YaQrtMPEywlxNhA
/v1/redirect;sdfsdjhgkdjfhgkjdhfiueyr9348;kdjghkdjfghire
/v1/redirect;LSqlkDMP4fC8eyDTv9T8FpQiRBfdIdNgs9k9vDb6xHA7R1xngLwmkSlkd5Xl;ADdwixhsDj9f3lRH
/v_Error/redirect;m3VuZQf92OckTFvB5wFvcEnm4shrv6bd0FsUj7aZmRuI1ooUlkzcyegUPNm8;qrsnLDLNUzDA1UwW
/v1/redirect;sdfsdjhgkdjfhgkjdhfiueyr9348;kdjghkdjfghire
/v1/redirect;NU2pSVsQulUvRkWbGFX-hR-zbiX_siuIPbelcnLWCyOouFi3CaX7XrZRsslB;nAyjgXmdbXsxQTci
/v_Error/redirect;4SUgapOKFbKjx0ZJP7NfcEXNS6vbU8R6636LUyPOlPTwtLLuieCXu1EYD_8M;OnQZbdNeRsyMBJaP
/v1/redirect;sdfsdjhgkdjfhgkjdhfiueyr9348;kdjghkdjfghire
/v1/redirect;X6sQx4SxthvKpbr8o810uWFw8ghKfqbkCAzO2uxgxfSfH7iW4wFlQUSFW_ra;yq3P3tLkxZeNR-jK
/v_Error/redirect;yorDcXYkL7vYwpRuxQ12LwkIy5Djps1908gwQfAUuC2ivWYUV9K6aAAB0yzU;TPbNvNqmxR1wdzga
/v1/redirect;sdfsdjhgkdjfhgkjdhfiueyr9348;kdjghkdjfghire
/v1/redirect;iKPuFvwNbj5RfRcMh9NW_rvzVBihm2gCjNXqPnXjrLJ64DC1rWY5LCuKsSZx;4XKvBQ3IpQ90ypYo
/v_Error/redirect;BrxRDWRLGlW_b_j7XdoXlOTRfn7-dsldhWJI_jR5V5eQYaWW-iujZACy8Io_;e6xffnD-3jgXaoWo
/v1/redirect;sdfsdjhgkdjfhgkjdhfiueyr9348;kdjghkdjfghire
/v1/redirect;iD9rF3vvHc_Jhbt_grfAqNtppqwvvF9VbIxKjd240i_dumLN8wSl47fnEPTU;1ffMt_Id2QhyKbWI
/v_Error/redirect;e86cPUL0jBhA24ErvjUTR92VwQ1_YES8Xc6sfvtwoJvDMK80wP5yqqV9Dsdv;tnw1YwHDThkhkfAz
/v1/redirect;sdfsdjhgkdjfhgkjdhfiueyr9348;kdjghkdjfghire
/v1/redirect;ZkxAyVea3DAl2lhUJz1a0FHSjoIJlGkBEfiv1ndIwn71zw9Rn4GlAEVns9kk;Gn2JFU8PqO8UvU6G
/v_Error/redirect;m3869NCJuua3_Xf9QZenUAJtLjpFvzhOE3LaRcXm1J0eoEFoM2lvdL_u90ms;zrHDk0yqKngZK5Fc
/v1/redirect;sdfsdjhgkdjfhgkjdhfiueyr9348;kdjghkdjfghire
/v1/redirect;LaUA4k2DBhy_TJoIZi80y4XzSMeA0ZIuOLuC_voEN3fEzV2eoszF8jInv5B4;rYO_AniBDD1_LfUR
/v_Error/redirect;Tpkxigo1ppY4XSFsBRePZqirVTPLrqqBsikIc6KNBZTo7qBf-HJ4aBI6FkjS;5jbaQzzfQxidrZJE
/v1/redirect;sdfsdjhgkdjfhgkjdhfiueyr9348;kdjghkdjfghire
/v1/redirect;-h0F3ueHVUmQ59z_6piocP5Xy3Tgt2AlDhSAIpsRS1p2B0K3DEJUZm1JRupR;ADlHERvc1p0cM7xy
/v_Error/redirect;QqROhK6epPjLalBc26dvKr4AnTaM2Oix79VK5J3h3QUiYIKX7ha488NV4xSf;GTCzV27zRQQZO-0l
/v1/redirect;sdfsdjhgkdjfhgkjdhfiueyr9348;kdjghkdjfghire
/v1/redirect;dg5N1kMghR8-YzeoPLl8bmaqRbH0Df0WGW8-Yg4DBljGFPTKvtC49lGtE7pN;55aUCr5nfBzqFruX
/v_Error/redirect;1g86DkFul5Va9O0tooFcVfT3ke4Bauvoyi0_mebRG7aQfreYkLjlD4vAwvwm;KtDpnFwnICwOC0Tb
/v1/redirect;sdfsdjhgkdjfhgkjdhfiueyr9348;kdjghkdjfghire
/v1/redirect;InqPm_isbinCIoTzls15o69zKKK2DsdIWl13dn7-aQl-jS-2USlNB1QcIdAq;wnzzOFMUryMuP5eD
/v_Error/redirect;3lRTfr0IOjD58Q6LUTvhQZEmtJvmqd3WkMuUZP7AhnlEV_7VsIRszld5Z1Gj;-1oeILh12oLigh6_
/v1/redirect;sdfsdjhgkdjfhgkjdhfiueyr9348;kdjghkdjfghire
/v1/redirect;wOo7ChdVxOZRxW6EC1XyLWA5oEvFijsS2kiHUilTOTXH-jiGSzJWy482HS3p;Zn7KIgh_inaeVwV4
/v_Error/redirect;cS1O4yc5Zh64fa0tyO1e1l8--AWcMoSXxNKG16RG_tYMJQZ6oZmxf4Two23i;TOKjWMKRa2fgB8gX
/v1/redirect;sdfsdjhgkdjfhgkjdhfiueyr9348;kdjghkdjfghire
/v1/redirect;kjLQlvXr-iB8MdUcDH4gyVMsYiyQsHtKzJ6bjcgOGMFYY9ehFT-KasJMLZ0T;VRR1TWyD7lgV1yF4
/v_Error/redirect;BZmJoCqj_HiKwWW5WWPEpPebd7o0PiFZ_s04pmsvodC8vbKQuUyapumnUy8O;UGFlkapRMbONu5ik
/v1/redirect;sdfsdjhgkdjfhgkjdhfiueyr9348;kdjghkdjfghire
/v1/redirect;xb1-hgKkjbBzZyPMnnvcA0ZYpC9gCMXwtTv86J_tM83tLI-79yf1IbTe6A9B;nDFx3JyUqWMWUSjN
/v_Error/redirect;wBgAdOKrcps4Vmp9DJ60zXzi1O7DOuPNn9Tj4GxajD0tJgl9845YXNCIu5lW;aSRuXk7myj6id6u4
/v1/redirect;sdfsdjhgkdjfhgkjdhfiueyr9348;kdjghkdjfghire
/v1/redirect;2aVta2J8rspAssZU2QulsOID_IHVivUY_jX5bNKH6wJSCGyjFQ9ygFemdYXm;rE1Au1d02FETNWT0
/v_Error/redirect;iLT_Ny7WBu1JrNKyS5X8uvVA_qNgkEwQ77p4wbKQzbf_qZHzQY3JFqR7WXSZ;qouS5kyjbyX5Bh5_
/v1/redirect;sdfsdjhgkdjfhgkjdhfiueyr9348;kdjghkdjfghire
/v1/redirect;eyIgKmO5_89-lIONrSAzyvnaae9f-MhpiZ4ayKjNojeYzUiGE-DpI34UHAJv;dZPnpkC2cx76la_O
/v_Error/redirect;9kCQajWbOc7HdgovqcjgH9bRqwdwOLXO5F02VG1NP5rzVA3bxqNJMrvMrfql;BkCeMow36ZlMORfu
/v1/redirect;sdfsdjhgkdjfhgkjdhfiueyr9348;kdjghkdjfghire
/v1/redirect;5MQnbsxlx5P6mz2arTkpYVqwFYs0lnrcoc4j1ZYogM51pdzAaJj3Toqk_VE5;4FcyGVU79ATTW8cL
/v_Error/redirect;Hpe0TG0mJGxh8wvfb4u9nq76lTyaMz_C4Yd63ODoTfsJjUfBedM4qgOl9cnW;gyEg0xBPRtnW0yt8
/v1/redirect;sdfsdjhgkdjfhgkjdhfiueyr9348;kdjghkdjfghire
/v1/redirect;1iJRft0o1PtbelCo90nQd6PndaVpMDU6XPNoc6EXLTJM5Hu8ZUd0tl2vDG-L;PV_84Ov5Ep_-LFIM
/v_Error/redirect;9DNd_TQLCmf-NTJLCgvBe8bpFJSzB2PT2Otkt1ep_T2OYYVRglx6kcjgHhW9;rvoP_80xGyjDpdnG
/v1/redirect;sdfsdjhgkdjfhgkjdhfiueyr9348;kdjghkdjfghire
/v1/redirect;Vhy5pqScnYRphzQ-dQttG5FOC6Bxi4EcLe7N5yw49xQZj_mnlIjFkquSqaKs;53ldkKt5i0lkl_60
/v_Error/redirect;_-eZFlR7yacnYlfHCGUanreb9t-ZC67S2mLer2Cn16rZl41vbGwFe99BpyY-;RH0QkdXYiz4RGa7F
/v1/redirect;sdfsdjhgkdjfhgkjdhfiueyr9348;kdjghkdjfghire
/v1/redirect;7fCJmbQMZFg2gK1Us0UXQIKor4VghXIRcN8eTj5f3_MbGqM3rM7hC8VeWkiB;Bl1hRAWMqvnEXBuf
/v_Error/redirect;HFJm4g_dFhsIT7OKI8om3vtw-qRJlnLE623q_tiFhVUwjgeAFf_5NHBP5SE4;mhr02JZoaC3cF_4B
/v1/redirect;sdfsdjhgkdjfhgkjdhfiueyr9348;kdjghkdjfghire
/v1/redirect;q4l8db07WncP-7F3NAgUbVQhP31LWRPhbly1RXSrOFKmKijwMh3rqxThoOpC;UbvG2XkwxLysU2_1
/v_Error/redirect;L8HSoGtekH-usr6VwXZ8uncDooqPzVg7dBmVv6o41KkydZ1jLpBNGjiIenEN;IH-8Bm_vSro37xyh
/v1/redirect;sdfsdjhgkdjfhgkjdhfiueyr9348;kdjghkdjfghire
/v1/redirect;EoTFHHbjQihF6TgAcuGU5jihT15YGc2405hQqdVcq_w3R8uTerCiKyP9dmHJ;V3t8kqtjkrwSiMry
/v_Error/redirect;CNPJ1siMimlb2-jBY9RZ_qeskvv5s8UutcSyctNnor1XKbJycFTpkoVSPDPW;87bEX2nAAM7mliZu
/v1/redirect;sdfsdjhgkdjfhgkjdhfiueyr9348;kdjghkdjfghire
/v1/redirect;RUql9djELkU8Bj12KOgSCPrVUK02v7iYJtYyGY9vqMspqFSZwLSjSyTByUpm;ggdwmrH_b8YAju5E
/v_Error/redirect;xpdzR85baMF6An7TBALUO2ZApT6OE5P-ADFXYy5sLmG1BkXdrDl-i1VXhv9M;LQf3RCxygPc4LUpO
/v1/redirect;sdfsdjhgkdjfhgkjdhfiueyr9348;kdjghkdjfghire
/v1/redirect;VLlDN3Xzlc87Rbv5y0XbGBf5cwzApf7mhAjDC2TAcAA-RWuUsn83tCJXvqwg;_fQZH35i1a-IKYwa
/v_Error/redirect;axjz54wYl5X0dbyKdB6rWLtZpZZxth8ApPvzmRWLN_FWOxz3oqnO5Bv9CRQm;mHlMfitlQRDlijJm
/v1/redirect;sdfsdjhgkdjfhgkjdhfiueyr9348;kdjghkdjfghire
/v1/redirect;pL7GkD3ffA9g87BR-Sl-jUkrq6CGh4Bb_nNlAVv3gZftZ21paLxq8UExFB9_;z5TDbCmm650fALg0
/v_Error/redirect;gL-f7v7j7IlHoIPijVOvpCi_vwBQqhrVgc0ckwIpzKV3BK-tmQ1r99OKUke-;LR_jSk9iY1NAvkaf
/v1/redirect;sdfsdjhgkdjfhgkjdhfiueyr9348;kdjghkdjfghire
/v1/redirect;oJDz-XqC0Xc0ZXP1MwQ8JA2jNdTqMmmJG1lieQb_DGA2M6k0F0mwVwhay8yy;MyGyfeBZ7rLsyx4r
/v_Error/redirect;_IP9vgTri2cqWBPS157sqfGJgzL4nLwyZI8VFojpy6s8_lD5apgu3ly7yThB;654mlvFez1iZ7Cca
/v1/redirect;sdfsdjhgkdjfhgkjdhfiueyr9348;kdjghkdjfghire
/v1/redirect;WReQr4Wk6bcZro0O3F7eHx4ecbOPO86od9PwzSG4PThcnWQskltyo1-Fg-ND;L__jsWFkkZxqb6KB
/v_Error/redirect;InrPoEtWs3VgG1mgKAHcUhmY9yCj6rn1zdDzBP6PVNaHdIhajNx7F-tKy-fZ;FROVhF6uGf4rBr8y
/v1/redirect;sdfsdjhgkdjfhgkjdhfiueyr9348;kdjghkdjfghire
/v1/redirect;IEzmFk_lxy5S5km1k_SAr29aveX7YqUJauPKKmrWww9HPF6v5LeB-bWbA2uW;QwhDxgg58z1x-cop
/v_Error/redirect;BbyZQ_hWfAiX6sjcG3VVOW9GXiGRR6KniZOQD6X_JP4zu8bJsej5rFj6cX-8;xGCX-Ok_0Ez8CLyl
/v1/redirect;sdfsdjhgkdjfhgkjdhfiueyr9348;kdjghkdjfghire
/v1/redirect;Kvn-rrXCW0hawPpZEwYCC-TJezfDazNUwctNtCAJqh8n4YOrdBMo9y2Ph4Uz;2bJNkB7UrMt8UM_Y
/v_Error/redirect;awi58hHdo0kJeTlffYd7EsSSwL-Ev0j1evOSk18pZYEEJkZZXeOgrNPkOM1n;EB6tHunN245WNnEZ
/v1/redirect;sdfsdjhgkdjfhgkjdhfiueyr9348;kdjghkdjfghire
/v1/redirect;j5hLSqLDCl6jC1H3PWK-tDNit7OdE7rTlAeRUpf1-byPkuGESOnd7a3grZ6w;9EghiS4vFqVy09fQ
/v_Error/redirect;yMjXLrzPL54BeMHvine-hejg0yYY60bGOXKrw9O_GmwpPLHHEDvYWkG4LmxR;FDsnCRj41MTBEGUd
/v1/redirect;sdfsdjhgkdjfhgkjdhfiueyr9348;kdjghkdjfghire
/v1/redirect;7cL7smb7zjVxwIB05nCf1RI3DkdoRmYEXvIU8Gase6s_qz_EkQrRcgL3GPeK;hVpv7aRjQqWKCuvQ
/v_Error/redirect;XSxAqJRoz8pwfhDyx3i5BlCmoD4PCBOSfuV966aKpW8yr4f3Xh66CpKcFTSF;WuXbZ-2s4p9zOx6y
/v1/redirect;sdfsdjhgkdjfhgkjdhfiueyr9348;kdjghkdjfghire
/v1/redirect;qyQS9yXYQBpFUwQ-D3Bc-xfcykjKJynNVB8H7xfoVOXcNW0mGshglCwWbF9S;hqokffU6tYL0wXnE
/v_Error/redirect;cpIp8dA-M6QynUHS04jHeu93IlSMQxIRYOEzt6vpkXlY3M7VgdNDCTlT5hKu;YnJB5a9KY8tEZhQF
/v1/redirect;sdfsdjhgkdjfhgkjdhfiueyr9348;kdjghkdjfghire
/v1/redirect;7uoBzTqBkGnktGMKZUXhmiylMvx45cimUHoY39OJ_JKdYjVOOFNnBLk_gbdg;5LrsulBj0BWEXrJ9
/v_Error/redirect;NqZbzlyEdUEkBuPp_U8vRqJ_rjqx21jl3m67paJkilZXvIJx22OApwMWA3NX;nO0ke2bm8OPL07CW
/v1/redirect;sdfsdjhgkdjfhgkjdhfiueyr9348;kdjghkdjfghire
/v1/redirect;7AiFxcQjiFkRwYi1JKJ8nJ2j30lttReL1t9x1ybFpIiHy56dXWX3OhuUkCoX;rlonJljMMcS-6EL9
/v_Error/redirect;JSk_YRs5rLhl1Bj1pZukplv5l1Kh__iCrEHxoVXnrRkFuuyj0x2dF_R_MMiO;0EmQzyP4RRL8dGwl
/v1/redirect;sdfsdjhgkdjfhgkjdhfiueyr9348;kdjghkdjfghire
/v1/redirect;d9EXJs5sRcYIKIsGGPi5XBkANQsKmgCMyfQKb2UYivHNYHbuM4MhNNnmQb2O;KY1IaCUVYF-93_03
/v_Error/redirect;wZjw7bGPZrpEsPRDUMfaol2FRvdoauy4-0fytkw1T8F4q3ERAfaYpdM_X1q4;NcyAz4v5EA_rafYT
/v1/redirect;sdfsdjhgkdjfhgkjdhfiueyr9348;kdjghkdjfghire
/v1/redirect;EesUHc6mZYGpSEzExdJemXuoEKNABW-s5KsmLhI6f3g7OXyldHrlGEP3V_iG;CZdgdzM4S7MeLZyf
/v_Error/redirect;jWe5GTgm614nnCFRktaWzlVuEh7I3YcrymDpohwDpgD7KhqysQHqi5m_eCjW;c9EwJ2Jr7VUp7w7p
/v1/redirect;sdfsdjhgkdjfhgkjdhfiueyr9348;kdjghkdjfghire
/v1/redirect;CUs3ow5-R5yRTBY7WKG1nK7EMCF8dMZVbFz6SSOO2UlJJxRXE1i0wJAnrKiM;Me8hgt4vBCUtKytK
/v_Error/redirect;-gi0Ke2yuenmn3j6Fco3Hic-my2rg_DhiijxCHwrCmOecx-3IeheGDVTeuuT;4n-BIEXgiliYrfWL
/v1/redirect;sdfsdjhgkdjfhgkjdhfiueyr9348;kdjghkdjfghire
/v1/redirect;F8tjpeGjAcVpoBMgTzqaxm3pXypwvMnZFvj8OyFqvtqPpBvRI03cASNKGLtt;S5IACV5OXsKJch3b
/v_Error/redirect;H76zPaoqpXjyRLL3bmPr5gFYCpmT_WOgW7OqEfUs91ryLLwDwjPs3CHdMmKH;eFFwAc3zq5L0UTO0
/v1/redirect;sdfsdjhgkdjfhgkjdhfiueyr9348;kdjghkdjfghire
/v1/redirect;4L0iedRb2GdfiaosDEnboj2XxLTXzU1TeoVp_pvWO8H_5jlk_JsreEk-4dBp;Rto-oxJd9Gd785g7
/v_Error/redirect;x1mHtG5UHMl07R94efu3KCWn1A-oAmN6lSGp-ReAtmkHokAODxLgYRBqo9iz;QOX7LAGO_RwWZqcN
/v1/redirect;sdfsdjhgkdjfhgkjdhfiueyr9348;kdjghkdjfghire
/v1/redirect;mpi_En0JHpeyVWfNt0Ci-GEL98Sj2wJho9QjlSUwqKMYqsVIoWweodulgdAp;5QLu2WN1EM7TE5QF
/v_Error/redirect;5S6VjIXCRwqERrWF73T_W9aqYuglu5ss0azPkLx-n_lcNMvLy8DF5WjAyfzr;nvXjPWGXwIHWhnXW
/v1/redirect;sdfsdjhgkdjfhgkjdhfiueyr9348;kdjghkdjfghire
/v1/redirect;f2pCas08KqfPT42fRCIUKr1Se6TEpWNq3ShbxWKuRqOPb6X1mLGpvDma5OQA;cHFU7oL0vx21zfrL
/v_Error/redirect;dYFsEUU-yEFUh5EnYgvrLg2i9eoC-lbDEdPve9-5TmgDqIf7u0qmE9CLoIvm;LI4UI19CVoFWGnra
/v1/redirect;sdfsdjhgkdjfhgkjdhfiueyr9348;kdjghkdjfghire
/v1/redirect;FKfLtohZFZ8kTgrWOLlcvv1unCWtYrauX316qPw5bRXjPPKnOW4OQPtgaMxB;q4t2GNcmf9biPdvB
/v_Error/redirect;YG-a4TTuq4NNhc_GVTbZ4Qaj4k20dKVuXtF9BFGht2XmBt19cmeJ0LJ2ZF4p;9k-xA-NiVZERkc0C
/v1/redirect;sdfsdjhgkdjfhgkjdhfiueyr9348;kdjghkdjfghire
/v1/redirect;EiKETYpNQNXVCyjAWu4O56ZGqNHQsEBiNpodfLRK1J8WKIbbgPW3DWNT-AJD;NwjO-6pAFzs7LLRe
/v_Error/redirect;QcqC-Sk9iTzhSiQIyJrrRiNLXqKn_c0xmKBixh_-Vbvq7cw7_Xhb3Y5F_mn3;5S7BlZ9zlcE9jWnz
/v1/redirect;sdfsdjhgkdjfhgkjdhfiueyr9348;kdjghkdjfghire
/v1/redirect;Ro6EYEcId3nyba6mQFkqGO1Qhxvr5CnXCw-pN33D7CikpyjyeIWXT5YHR_t0;kb8t5up7X88fiBT-
/v_Error/redirect;Xm203Bbo83hoJn6Kui83hcE_iUFHbVkakmLjWLJbLxzL-3ASLxt5llMYFjqg;uE3vts6dWAdnlGA5
/v1/redirect;sdfsdjhgkdjfhgkjdhfiueyr9348;kdjghkdjfghire
/v1/redirect;E18lkRIsHIwsIL7P-YXOlCDBjr00r7VBjb8XwKxKk8EtRfp9zrTg4Hwdn-Os;fP2j1i3C_pRS3Nc_
/v_Error/redirect;uRdVxPbycNfkFKC9QVGwVpM-zdOvxUooCCWWbV4Ufgo9TOP5cQJ5cKFTTNT_;GP5HM8K-P0pOVT0E
/v1/redirect;sdfsdjhgkdjfhgkjdhfiueyr9348;kdjghkdjfghire
/v1/redirect;6ZBxNQbSKA6ZsTCZTOJswC_gA5NTyyw4LMQhx6Z04glq8fpdh0Dp1sQeZVSK;8vaF-9itOvlHumws
/v_Error/redirect;sWAdVTTUGxe6oX9zFZPmjjvirX4WKn1mr4D2jkemwfnAWlRLOYJsPI6cxQWd;7XRkHH2I1uEx4pr6
/v1/redirect;sdfsdjhgkdjfhgkjdhfiueyr9348;kdjghkdjfghire
/v1/redirect;yFWIdmbHxEAm-c-Mt9NkLpvd0QBYcWuRBFs1r8QfHKAdT6hAf-G-2HsS1iEw;xQMmh0lgG0lk4Gf9
/v_Error/redirect;xuB1a3zFbNwXOrht7ywgnf00vxCwYyNDfGmtOL9vg-hCuQ2K_kUtnNSg-MDB;qlbgUgBQMj9kSrVd
/v1/redirect;sdfsdjhgkdjfhgkjdhfiueyr9348;kdjghkdjfghire
/v1/redirect;8BdWCN23q_L-8AFTI7Dnga02ClGCHaHJeNPMhhWu5fa-h184BMhDPV9t0Fxr;-BPXloxOQwsL1cWN
/v_Error/redirect;oHBDR_3sitXMV6CeUcpLjnYEEjdpjCxYCiZ7LzXAOoSFwTI3qSwWpkLiNth4;KkHytX4zmKQF_BiY
/v1/redirect;sdfsdjhgkdjfhgkjdhfiueyr9348;kdjghkdjfghire
/v1/redirect;Ho1YPPYeDI_k1O8CimPZnrhmrNuRihaa4nyf7sdUS17yzmYRk_BMzQlLNTHT;19cos4Pa2Q6ymwV-
/v_Error/redirect;_ggSzW_i6UnKnb-3uh-RTbCoZ8LpvaDwaWnf8JY3oVonyRzKPgBb8ai-ulIr;lor40yWgx3CcTP06
/v1/redirect;sdfsdjhgkdjfhgkjdhfiueyr9348;kdjghkdjfghire
/v1/redirect;xAaL4LHuBFuYoJFjGOOTj8W2XwdIol6wwf5deIf8a-tRVO0CBZK8V5rpEEgZ;kM_kmeiI5xawIky-
/v_Error/redirect;onT_YO9xydxzAPVTUN4QVtPi9m6tT-vLJQCjfG1o2q83f1ESJnDmZeVTzJAJ;TVZh4-cjTCFfQp5n
/v1/redirect;sdfsdjhgkdjfhgkjdhfiueyr9348;kdjghkdjfghire
/v1/redirect;mbDXYH9jmitu3SJWiDBgf_jkZEi5Zmt7hhM6FKZwr-oKg7dxcl8EZIfpN9k3;Y616ARDUSyOPmh09
/v_Error/redirect;YhVPgEol_NExxxmDSuQlQpXWbeZnMxRzCgCuatMnoJvRiKf5jRaC1CvGX0r7;mXK9kaJyXYlaDh5W
/v1/redirect;sdfsdjhgkdjfhgkjdhfiueyr9348;kdjghkdjfghire
/v1/redirect;Erc_bg-pP3roWWD2XLHpP34Fh6nyapo1KEUoCv9IjNl8AFqYQmQnvB3k6mm0;GNrNKUattqLdjDrB
/v_Error/redirect;C2DrHRYkoieHxEdEQN4uh-jM439NbZTwhkF2whgK7fUZ8FqaSPKqnFODdPLT;Vh94k-sCkK8PbuG8
/v1/redirect;sdfsdjhgkdjfhgkjdhfiueyr9348;kdjghkdjfghire
/v1/redirect;rnfL16ifKY_wjwmT6hTVfJJPJ_5XqrlSbqkyyOSbuQ0gmi8ngUVpeHgTsle_;UZe0cH5AXiPaDA3m
/v_Error/redirect;ObnQj134qHN-j0-XW3zl3AHHYMQ3FyCbQQT3K0W-vbiu8pGXecnpd7ArcW18;oIWdeGxS_00-I3ii
/v1/redirect;sdfsdjhgkdjfhgkjdhfiueyr9348;kdjghkdjfghire
/v1/redirect;KhenWEGcDRJZ_JC-83CVE8nzCn8WJjh1DRe5yeUkdX_Ma5akVuhT23Y-wkif;Ua2bQXMXa46OGJuC
/v_Error/redirect;FF-aNoO2D-q6DUevvShGB6Emxn1jrC-MfVUSDKc0GnfeSwMrZwdYppqMy5_V;azpyEeo9vu9VmeCU
/v1/redirect;sdfsdjhgkdjfhgkjdhfiueyr9348;kdjghkdjfghire
/v1/redirect;vN1lY0Tse6rjDoRcgv9a9LmzxOEN4WRekzTwt47aicr09s_Zool9p26-2gv0;eeTauL51WhnMdYok
/v_Error/redirect;maxfb67A552di8bmdNwewmoGeeBXLdzWhg7Wmy5NgTnFNYSOe8hpYHMnvu1M;v7xRyEH0lValXw6-
/v1/redirect;sdfsdjhgkdjfhgkjdhfiueyr9348;kdjghkdjfghire
/v1/redirect;U4RhQL1mMdGEOfkV126EydajzxZhI5RGneFwZL95Oaw_WNzb8_oDnWiMWDDp;hLQ6_G8zq358K0Tj
/v_Error/redirect;pChB41Nr6BwlTWkibvJ2Oefootkt8nOe7hZZxAAKUTc2dpTvNsmA0zfH9dAc;_NtrKc3hjl907jc6
/v1/redirect;sdfsdjhgkdjfhgkjdhfiueyr9348;kdjghkdjfghire
/v1/redirect;KuJDd_spu1ANxMU5atca1p8CaKZPgL0AvS2Ny-vOoKiNHWs4daGXFnuHAPIM;LJ1K7D3gbHSujrDp
/v_Error/redirect;l-3z3d9MGNcSRS5w1y6RCdMfoVFuNCilUJVjZPddtHTRj3PKudvnmkD013uT;8fxlLB6w4lZ4wZ0Q
/v1/redirect;sdfsdjhgkdjfhgkjdhfiueyr9348;kdjghkdjfghire
/v1/redirect;Gh6vJ37uGGU8-dRBeVRDUuqRzufqzDYjGwi6J3WJYFMiueaHU11KNaWE_dfE;W3dW3YCl8HM5eI0k
/v_Error/redirect;_nsQo3_GAVVQW3ZlnY2w_Kyh8XTudG-FynGDCnWz_OroPJte1Qp7kmAeq1jQ;NclwN8SSEw08vfq-
/v1/redirect;sdfsdjhgkdjfhgkjdhfiueyr9348;kdjghkdjfghire
/v1/redirect;abjs4lWXgRqhsdP5ZNGNVHwALxomua3TR_XrRFneVALxrQ-nPXdOIi_Q9ybg;C42Y5U0PfwUe2fj4
/v_Error/redirect;8s9z5NAKCnoPYWn1iEBxGORXhGeOfnrw4aSiM-auJUpcBnPMqOP1FyWDm8vB;o4oHMc9Dx4M2Gxbe
/v1/redirect;sdfsdjhgkdjfhgkjdhfiueyr9348;kdjghkdjfghire
/v1/redirect;weInDPsS14LKsoxM7Pf-eFfcAlS7JYPHnjMMOeTfsdUf_ZROz6VDrfonasTv;6O_alTyLghDM9UlM
/v_Error/redirect;d6-E8G60q673oMaD-JMoWoJC2yFBZqDixwS44fz7-gBWl-rtUVeGNotGA-u0;kzoNULfSMu58XqYI
/v1/redirect;sdfsdjhgkdjfhgkjdhfiueyr9348;kdjghkdjfghire
/v1/redirect;L5US07PYXBQT3VMmP4_sj6jKCyimTEJuRwchOJIrGc5qq3a7lgOgQ9q5bLHf;w4wQ7mHKITat2H8_
/v_Error/redirect;wbzRHOOawZ8L0NlEhlTDryr9PTs6Q6kqVIkTZNGzGS7lCHXBfLRc3E7GG1WR;1sT5Ws0S0gcfih7I
/v1/redirect;sdfsdjhgkdjfhgkjdhfiueyr9348;kdjghkdjfghire
/v1/redirect;phCFFngQfAniyUuIbPRmxr7iqvKrDj2KyvBRIO2qs2tnYI1uWuVqfYSTGk12;5hiFb64YkA_guHbK
/v_Error/redirect;Fua8lzU-H9DkCHThogvi3HPkB1EA2MpiBp91ULmoY1HU5xtANMs66Cq4n5OW;Ulj2Vsha6VsIIDym
/v1/redirect;sdfsdjhgkdjfhgkjdhfiueyr9348;kdjghkdjfghire
/v1/redirect;0xhWyICO67uJ1CC6XN5cZsbezihuY61IVebHOWXbNa7OX5lbq9OpCw60i0XM;zWsVrTCw2epwGSOk
/v_Error/redirect;WRCNIRYDOD7zNFFURjYaLVxZrAqdwrfBWnYOdppA6YjlefiM5-zllldAaQ7v;e1A5clURuxxG4pK3
/v1/redirect;sdfsdjhgkdjfhgkjdhfiueyr9348;kdjghkdjfghire
/v1/redirect;8BAxqKbMWlPPe2-6DZbX6iYPLqQUcYnLRHoMnWQ5yHPJowGr8HOLakll7ddJ;wklklrlFhSlnm5uD
/v_Error/redirect;1KrDdQrLDXEQTQMLhQVKBPJgN5YtNGOwROZKrQtj3NQkSOGX-tLNYX4ZXJIx;SlVuAfRj6uBy708E
/v1/redirect;sdfsdjhgkdjfhgkjdhfiueyr9348;kdjghkdjfghire
/v1/redirect;TFjOGfDAiP6NFgeR-rLtQ7cjDWx9Xyh_ColBbCP83ibyeakVQsMvLdTLcANU;7sa9U6LfRZYGDtgE
/v_Error/redirect;Fm296ukPynxn4s0jXkSngn0PdfZwh7IykS-ylUB-5h5TSJ1UOwfTqkyHIRmc;i68ZHBYkKG7cDoWe
/v1/redirect;sdfsdjhgkdjfhgkjdhfiueyr9348;kdjghkdjfghire
/v1/redirect;XxhOxFldoDzffZ_nBdZspkiWRLyJ5yC6pVDNMlV_b6UGG3uHOg-kuxBGaloq;DEVqXZvZPxzjlLoq
/v_Error/redirect;S-iDv7goTKtqTNfaahsVFg2mQJizlPWUqVnPmLJF2AkYxr1nG2yr3vPNSYFB;oU070eEvuMTp1rlT
/v1/redirect;sdfsdjhgkdjfhgkjdhfiueyr9348;kdjghkdjfghire
/v1/redirect;vHLxXgDSZS2CvJdp9DyftcZ0okSNK-siU0BkCfLbOPJ43AM6hdL_ckYIG9cP;4uj0_rtNxHzzebvI
/v_Error/redirect;bmjgv-6VNVNWihn5msjBpM_2IUGJHjVObMxvnbB-PSPaW3HDGpnmphPklq3V;VPvEJAc7NIPqmQGx
/v1/redirect;sdfsdjhgkdjfhgkjdhfiueyr9348;kdjghkdjfghire
/v1/redirect;i7AVbEAajaaJOqVNatcOovwfpOHw7ZEa-Ccb7ZVdmciqMu0llBRx0xQi7I3l;TflFC73x1_oTfFoL
/v_Error/redirect;kLYdPatAec3bGjgpR4GB6bZYgRB1Gi0LP8zQzKXNaDMmxsnEU3kTdU0_H0Cq;nwcaceRWGXgFT9Nj
/v1/redirect;sdfsdjhgkdjfhgkjdhfiueyr9348;kdjghkdjfghire
/v1/redirect;OJtqxoJuzibMhtc8fxtKn5ZeVBQl8HQZKTmbK6M-RChfyQirn-qSjqIxNXne;hGO6fk1t0FTSl5Nw
/v_Error/redirect;_0GQ7wjOmEEJn34isYZmlb6aHQmMcpI_QMv6NfWCZKGoTWHk8z1jK-6-wLm5;FKNYXtAyNZJZroUg
/v1/redirect;sdfsdjhgkdjfhgkjdhfiueyr9348;kdjghkdjfghire
/v1/redirect;y0h56i4O-Z-73TCj_MST8BBwDJLQ-biiAh8gPRRc_ma2EpU0TAmw8i80kYNI;xGrcQZB_tSYwW7so
/v_Error/redirect;0yXUKuevHD6JSaAXxlwF8YF5BQLO8JvsoXGU694vzBa064hASBAKWBhzcb7P;Ryrgscv4oIYnGhLw
/v1/redirect;sdfsdjhgkdjfhgkjdhfiueyr9348;kdjghkdjfghire
/v1/redirect;NWue7RRsXlZWKqe8TvllRcSFl0uXAXjTe7L4erXG_IZXVHPSClTbL_HmVNo-;aS0ZTM8idQ7oXWJA
/v_Error/redirect;t8wf0GfohkrAyDsFSex0yrD56VGjwYjgx56PmyKL5rJsnGols-0diYYyGL-S;5jsY43iteEb4Rkra
/v1/redirect;sdfsdjhgkdjfhgkjdhfiueyr9348;kdjghkdjfghire
/v1/redirect;zhoDOY4ElSOzjJLaYrwUNLbj4cwCJ0EDDvuUPIOwQDmErFmuGO33dLJ8eqw6;dIPnYpgu8JVR4IKL
/v_Error/redirect;7693K3L9tsHvVZXmoiw27dBqCu6EUCCIjbOGZN2n90Vc63RRp4Z-YBshtqiP;NEy0fOmGz4Jw1tkH
/v1/redirect;sdfsdjhgkdjfhgkjdhfiueyr9348;kdjghkdjfghire
/v1/redirect;vC7Hvgs8dVc-PSIX2-rL5VejIwI_VBOSaQ-bX7encGgcoDt8l_1KvFbXF3cL;Ht_tI7o94JBww5Ff
/v_Error/redirect;ewDwAARDSGy03EYCCBDBQh3VH7ipCM8ozTmzYgmMSkSZ6nj_8HrlGJ6I-vor;5GAdV4S145s-qFrD
/v1/redirect;sdfsdjhgkdjfhgkjdhfiueyr9348;kdjghkdjfghire
/v1/redirect;3JW07HehRu_EB-u0yzQQ8jjhchYszsTt5OuWStrfRL9wRoAV0oRIvscuZQTM;vJrMrCQ_rzq-oOyp
/v_Error/redirect;YoDmeY-HAg5So8nxOmqQz1UAevViqoxtALuQ2oiGmpNPwVCuW1YwaTj5Vn6W;Y3J2T6El2X-uAbIU
/v1/redirect;sdfsdjhgkdjfhgkjdhfiueyr9348;kdjghkdjfghire
/v1/redirect;J6iX7G6q0sU5zhz1ooftrT15KeIMGj-jFCNkNDXQT-N-0mhqQ1jjg-wKgVQG;tFbcsEJHh6i8O57Q
/v_Error/redirect;lcmHJgyXuVnQcK4rfkcPbVOmMs1ADBfoQhGABp_iTCCUEQ3XHRFFiu5Qmg3M;zgtzzstCcw4zbz_q
/v1/redirect;sdfsdjhgkdjfhgkjdhfiueyr9348;kdjghkdjfghire
/v1/redirect;zNOuP6P4Yg2CaVXu2wdVD81kNvN6DJLuOmDTJWNMKpyGfSmIAqZvDxL8n9JB;Hr3POvpSSIuavwGY
/v_Error/redirect;ecPELCHXQEaqMGw8Va7lIcPVuIG8U7SPgKma8mE-4ehE-IG37Iv53R84Ilm3;O-QqqzstlWXRwMYK
/v1/redirect;sdfsdjhgkdjfhgkjdhfiueyr9348;kdjghkdjfghire
/v1/redirect;uxd5gQafa-vHfXqEv6kzCRlKSYuwSnv9P5xwaml0PZYLboCN_bwM2eK8KOl3;Le_Ib3aXIbZzSp4D
/v_Error/redirect;7GpGBMw5WgMikmrhjpvf7FWYytLYdApq1zDtUpFikMdfMRbz3SoxW6RKGCSI;ZhIVwIt7xpuPLCRe
/v1/redirect;sdfsdjhgkdjfhgkjdhfiueyr9348;kdjghkdjfghire
/v1/redirect;q3RA1VZQMHnPaJAn7Gxw5sMMKxIu4pkO_zo37o_Behq8Ltvdmc60ESeBvKRW;nBuvdbWVd3hSxlsT
/v_Error/redirect;PQwQrx3yzpAiCOUgbzHOFW9to2stjSBfAYOs38D2_PwLnEvvNzHRXdKwCRkW;2G3xM70FH8tioLiD
/v1/redirect;sdfsdjhgkdjfhgkjdhfiueyr9348;kdjghkdjfghire
/v1/redirect;hDusYuSmmE8RRE3AE-DWY3NOecPuxJmVE4q9doDI6LKSv1oUAayYnPLXCj14;S-1xC_PRmjIh-Z6s
/v_Error/redirect;XzBPqhkuF3eJGXT5pWugI7c60N6v-LnAMsRtp_IvDRcMd3mSqVRm8Jl4vLt5;D1XteQNSQwrmm_yD
/v1/redirect;sdfsdjhgkdjfhgkjdhfiueyr9348;kdjghkdjfghire
/v1/redirect;s3SooXgfttqZSJKyQlkXxwMchOqkZ0xspGCXtkANRtPrNUwHpk6x3hEtTzlV;6gvkG91_OEuD2HoC
/v_Error/redirect;yF-Z9dfAUe4izfj5mrb3IItHGJWwGTJVkXSzzVD-os68LIT5nIm7it1ga-QV;7ML_h8jgLgFMVCa8
/v1/redirect;sdfsdjhgkdjfhgkjdhfiueyr9348;kdjghkdjfghire
/v1/redirect;GiYk2KARz9E3C2mR-R9J4c-WWJJRCYLYYct8egA9XcwzHMdBSzTcpp4bhvby;KgkWMNu4RJfbAmkw
/v_Error/redirect;_lzM_j6bUuUhSMQpxkAcg09ekaXmFN9wiZQGrb7M-KapXql5irf98fOxIV9w;V-XUEBUvGS_ULWQB
/v1/redirect;sdfsdjhgkdjfhgkjdhfiueyr9348;kdjghkdjfghire
/v1/redirect;VKyb1A-6L9B_EgXBAGlThi-HtY4hVlr8EvuPuTm-nOK7udQXTHWHRu2qILZq;rWrzxNFA-8DFRrxx
/v_Error/redirect;2iydr2wMpFxVR0mJ9pmbON7_pg3V-cmb_jqgyU7RG7hOKFmBvXNv6aT7x5Z6;3WLpfYlT8Ichv42s
/v1/redirect;sdfsdjhgkdjfhgkjdhfiueyr9348;kdjghkdjfghire
/v1/redirect;_85hgCqrai-XaDdzFfHfd_l9rM9OYPFzMq-QrCd-Iz1-JkfwdV73fPSR_VJZ;i1B-f-6g09EvoSs8
/v_Error/redirect;4hGt2WFR5m-XN3-V7H6iUZ7LBW5cdt_IMSm52Jw6Er-9o5iPg3slBxSaoMF5;bO03qjrS4cqdke0-
/v1/redirect;sdfsdjhgkdjfhgkjdhfiueyr9348;kdjghkdjfghire
/v1/redirect;nvuNzWNWPQshYePlpACLVDDySizIXkrd2-siQAEcRpP8W34Ea2dTQeLx4fwo;zHduRcoSpzuByycp
/v_Error/redirect;D2DNft-4r1TI-7AMY7_rOymI5wBPFiX7sdnuZ4iYYz8HMTht5SExkUqsoOwx;1nhG4xzI9Q43xbxU
/v1/redirect;sdfsdjhgkdjfhgkjdhfiueyr9348;kdjghkdjfghire
/v1/redirect;cLWpBTU_tJ0qmP3OZINBQWYEBAv487GVjd1cAyiObeexzodQ78BzPHk5vc7e;6N9sTbReW3QSL28_
/v_Error/redirect;ycz0avnEgU5wUAKBonFuIPax959I4qio-p3lAKFBWzdHfmj1jp-x2RkDS9K7;J8Xne2b4j1_wDGwA
/v1/redirect;sdfsdjhgkdjfhgkjdhfiueyr9348;kdjghkdjfghire
/v1/redirect;5TJOJKEqd3m8snTozGnTDqDT8vZgS0p2RBVniDcRjjarb015blfGUoWyuYjR;cQK6ORj5pTQ8wl7l
/v_Error/redirect;g2x8uZKQR8DiM3bz6k2zEEbntsRRvR9kfB1cgXRWUUrBlqHHywpc4Oio2Dyb;4UyL7YhMPTZaGweN
/v1/redirect;sdfsdjhgkdjfhgkjdhfiueyr9348;kdjghkdjfghire
/v1/redirect;4umG84jALWOo_xSmmDvawSz-kUEmzdg_3g0lwHKZnCK8mEAcELBv87M7Fpcy;A2Kknp4Do-EorDta
/v_Error/redirect;e87Y8C-0_ftI2xTHun58i9ljORnT6QvB4WrT_6AfE2ke0AgZMhAa_qp-T9TF;3AO0iHVmsZxGzIIU
/v1/redirect;sdfsdjhgkdjfhgkjdhfiueyr9348;kdjghkdjfghire
/v1/redirect;jYjHlIuriEO-fycS4Q6NdBT2LqzQqfTSyH00o0SYuKk_RfX-0VpNVw8EwzmS;t1UZTa5QOgY-DOlQ
/v_Error/redirect;Wc6dt0BeHXnLQFEKoIb10NR_tyf14V0i8-CmtI7asDUy9rXfXEUwCJMFK6sm;34CGms5K3mI36KMm
/v1/redirect;sdfsdjhgkdjfhgkjdhfiueyr9348;kdjghkdjfghire
/v1/redirect;XBknCjeWb1q5Gz4obe6Y_c294o_lmKm1lBRLb4kvP9lq69wBYiBEzzuDF5r1;EokoB4XapBcC6I9r
/v_Error/redirect;OKMPuaAcWk6yJ4F9eBJcH_WJIHLWEz8YG7SWhW_n36QVfwIRppOTvU550Chh;eJ3gMWWv8N-AWVTR
/v1/redirect;sdfsdjhgkdjfhgkjdhfiueyr9348;kdjghkdjfghire
/v1/redirect;O69IVmcqhbpw5XnGSixfZmI6XlI9xP5CWpoubIu5iLkS0TgNiw34EsnirYno;aZOgl2jQyzLl78JB
/v_Error/redirect;8k9CY39PZuvIdUVaiuMBz_NiOUjTIfgXLJf_OMqHTNv17SNFMkqTQ8soaptb;QQ_F4lqV18zxhXw-
/v1/redirect;sdfsdjhgkdjfhgkjdhfiueyr9348;kdjghkdjfghire
/v1/redirect;vsuMX33KTVkMWGAIw1xfWiwMI8zyTJ-hSOD2VuCEeafVVYu0_2-u6yLIrWbV;qGafXToYjNqPzbXi
/v_Error/redirect;MNGOg7rvesne_dHMieJnrd0BGQTdON-UyPFy1EfFIlUoDItNuFJElw1uH_TX;QwXYYXdvnTZHPVzW
/v1/redirect;sdfsdjhgkdjfhgkjdhfiueyr9348;kdjghkdjfghire
/v1/redirect;ClZIedqw6yWPRoEmH_Y7p7l_XuqWdBcatoosALlmWTNNdnixry1wDR_sxU5-;3tr_SGenYy5mE5dB
/v_Error/redirect;K9FJ9MXzia3_y2lipqPxy6-fnywVTkYKacXdCadh0YKbMzXz7yWINiGwFyHt;3RPTWCot0Sfo-5su
/v1/redirect;sdfsdjhgkdjfhgkjdhfiueyr9348;kdjghkdjfghire
/v1/redirect;jeGC73V7eu72q7DBnpx9-SkulI3pDKamOAn1pEE7j5Oxuh7Pq96xhjQFlLs2;Apv3a5L6MbdCAyW_
/v_Error/redirect;XTnkOJoDHMF7qEA4ZuRk7S30ICdo5KP8nB8RynVwCDEuzBEergaFgzFv6DY7;zlzxcSMlUCGMABHl
/v1/redirect;sdfsdjhgkdjfhgkjdhfiueyr9348;kdjghkdjfghire
/v1/redirect;7Pv9ICeybVL0NPrFz8f_fdpsP4CKzh18Xi18mRHi3g9pbo1oh9EvAggbGVrp;9ZgYlBR-DHDu7w16
/v_Error/redirect;Y421LMo6v3Tih-wFHfAQaiDcHrc0VSMdFHcAx8ERgke9hADJks772hLdhAa8;mdzw1PBt2U8CVLWw
/v1/redirect;sdfsdjhgkdjfhgkjdhfiueyr9348;kdjghkdjfghire
/v1/redirect;iVFOO0-lN5GV3kUMYyyXsSvBD6N-ef6fLj-YKuzb4rhJ5Sl8M7VTmuEql94G;vBgJ0L0PfRRsQ1yS
/v_Error/redirect;rMT4qNIDWhtkygnWbaUSxuu6dc92WysXaVk1YpicllfDQ5XFaeUhgCo_8pbS;nSzzn1yMUlqNg1ws
/v1/redirect;sdfsdjhgkdjfhgkjdhfiueyr9348;kdjghkdjfghire
/v1/redirect;CQGC9_U-GCslXxBawSAE5jv-w6yp1AURUvix9pEvYH3xtCm8e8z2FuGtgVD4;QyJy1oT39CiejMAR
/v_Error/redirect;R6Tt9xuX72FvgzcriQOh0KpUmsaZwX8p_EUBrfBT_YtPCS404dMrG8oO0T39;gxPPBQFRkVMqtDY_
/v1/redirect;sdfsdjhgkdjfhgkjdhfiueyr9348;kdjghkdjfghire
/v1/redirect;aW_MF9kqUVJ5Pvj-Blcx85kcMG83PQV6LZ-opnNb0Y6bHlrzLde18LTRUM6I;76bEH7_fTQ5HnCa5
/v_Error/redirect;YC21OInKMvM-I2RdGYFOz_nxhAlvDLcucG1UgosWanJSyBjVG8Ol9MpmjPjz;cLhojmZ5ojgWgn3G
/v1/redirect;sdfsdjhgkdjfhgkjdhfiueyr9348;kdjghkdjfghire
/v1/redirect;9ZPGu9a3psUc-guJaNtSnR2csTLZuT3j-6mVy95s7uMAuNnKg4CjMOqPBUNt;Nf_DNv_PDTWe9wN8
/v_Error/redirect;DYgq4kVvssMCOVponYk5j9Q0C_X-ETx7p7iVR_UEM92BAjM_3chJyHJS2apJ;1HPZjkNFrLgsBHB9
/v1/redirect;sdfsdjhgkdjfhgkjdhfiueyr9348;kdjghkdjfghire
/v1/redirect;pAKuC4VdaL9UVhVbAFUC7r_Hu-K-F8vNG8DKUm_voTb71tlzXlj8mihEyk6i;S4g3Q-xTecku2QV2
/v_Error/redirect;xivDW-oSDcuaWUtHlcblMA3RqcEcwBRyt9aWbV3MNoE4EEdgk2jDC3N1Z2dr;Li9Kwm33Q6rTcbjG
/v1/redirect;sdfsdjhgkdjfhgkjdhfiueyr9348;kdjghkdjfghire
/v1/redirect;HnubStZDZsaanKf_RZUHz1UQOKZHplZrwIheUqPWajoTDHUl30t-7JyEYtcs;7f2bHsJGWBXxQlMS
/v_Error/redirect;uJGFah_3IQWo8d-1vLseYnPeKo2YZDg_U5nl_4jiOKZtiUMKD_cR_RHTExMb;fwKbm0odvAQoZpvg
/v1/redirect;sdfsdjhgkdjfhgkjdhfiueyr9348;kdjghkdjfghire
/v1/redirect;bY_e14lfBpOtS-3dvoyHum2PrDfOVOJoX5PRSre6iEdrg9YjzRPeXrvh38cW;ekQ5ZLm8Xys3oPnp
/v_Error/redirect;MUP6pRozBh8HO-oDjbULER0UKbZxeltgsinRPvUR3A4zAa2pDzPDmwj-_FBX;xiifROeKDcwtQb0W
/v1/redirect;sdfsdjhgkdjfhgkjdhfiueyr9348;kdjghkdjfghire
/v1/redirect;giUJDCE97rRPZoUgHklqb-VewwvE1NrwjnkRRMfmU0S7boGe8xYYR0YUiHhk;IsXe9AiemLBEPUmU
/v_Error/redirect;ThwNK3C2Q1IU_aKseuwafOVz3E6vvmSnNp2Md-GprpOh2PKl_3mbrsb56Pl0;-UUkhrTSOgm4VWO1
/v1/redirect;sdfsdjhgkdjfhgkjdhfiueyr9348;kdjghkdjfghire
/v1/redirect;35gi4DxT2vy5C3S75cRhvTdiPdE1ysmbMk657pYLAAF69kAQb1ce1f93edQv;3_opHrsOEhMlWpXO
/v_Error/redirect;6ovjvAq6mm0XjDfjwDfIVDypf1EGhq0899tuS9iAeyyy3cnM_WYDKUvu06hk;7NV49pfYINgQUUtT
/v1/redirect;sdfsdjhgkdjfhgkjdhfiueyr9348;kdjghkdjfghire
/v1/redirect;TsH5L8f6-dup2rNbSeHXHj5CnWs18zBo_z57Ivi1uLbgzC8fip8y5-8ry_5P;c7yQXdO7cGi1b3Jg
/v_Error/redirect;ZDFHwCC213_ceGcVgUwfncuDntxpc4RZ0X5b06Ye4noBiX58Xn_9CaEcrR6G;JERHara0ShOm22tV
/v1/redirect;sdfsdjhgkdjfhgkjdhfiueyr9348;kdjghkdjfghire
/v1/redirect;YgUoW0Y31EPvFoApo2XuZXEfmZdAippIA_6z7rb6L7XizoBdaZxIVUJdyG2D;WZZZnQGx-ual3qxl
/v_Error/redirect;HT5OHhRVIjeo9yF40dAVHbdKeUs_XIhyFNFljs3_6ogS7O6zlJzCdDfSeCZy;_L3ALBkpx5_6-R75
/v1/redirect;sdfsdjhgkdjfhgkjdhfiueyr9348;kdjghkdjfghire
/v1/redirect;oCgyh2Zrtdc3tIt5QLdAGVdPTe5ElZ9ZW7xyBanhpS3zF7Q0fEE0AjnlT0K2;GQrMpF9yL3m21uVC
/v_Error/redirect;kOP-gslX-STxhjkA6ec12VM_oGBuY9jwlWoiwemp6g3Mj08fXGZHhioM9n7W;cCdwTOs6SbLNFNTW
/v1/redirect;sdfsdjhgkdjfhgkjdhfiueyr9348;kdjghkdjfghire
/v1/redirect;tXnhNOGAh9nYX070lbVp550YSB11jxSNMT2ziQslB86HFPHo3zR7uaEf7FJb;fpeLqd3ukzd9CwVr
/v_Error/redirect;50kot45mf_QmOdGfuMWT_tTQ9ttfDmBtWfpDCQQ2jXGDa8DrNbfvBJl5Xz7J;h1mYYzFipfz30DbE
/v1/redirect;sdfsdjhgkdjfhgkjdhfiueyr9348;kdjghkdjfghire
/v1/redirect;DZSKZ4eBAVWrmJ_ikNCwxfYeJcJV0lyrz9xnaGPzB1zqFe7YHIPR9M3_Vb-x;oIHCQT_8IS-b_CHy
/v_Error/redirect;e6fgYbzySQQbZ5stqUx-KJrwGoO0aP8EVtLtWoPvTzd1D65P_wwBecNFxcsN;ZN9C4foVUSzGMvt0
/v1/redirect;sdfsdjhgkdjfhgkjdhfiueyr9348;kdjghkdjfghire
/v1/redirect;2sKs6GRtCEAJZJAAk2pMm7O0R81YfzPa9H8vseO9BQDdDfBQ715H6jMWV6L2;6sUr7PLjx8mApe3e
/v_Error/redirect;eXrrYhIvye4IhxnPEQa6XKmzmI3HjWCJs85VvuE-4bthIrDq3wKuY2cb9UXb;Z1JSmB1ZYbPFxZX1
/v1/redirect;sdfsdjhgkdjfhgkjdhfiueyr9348;kdjghkdjfghire
/v1/redirect;XyFrkOb2vDZ85P1vqzsulgw_8tTCEB0rZADRjfQ2TjVEVrg7jSWs-agHIwG-;HpJ0zf8T7zrEx1to
/v_Error/redirect;Ixq_O19Z1975UBpJfUF-T0KDu0qbaitviSUKuaH4N-VITUoGwdTdvUOzuSaf;DFVPlIxx4V6dYRvo
/v1/redirect;sdfsdjhgkdjfhgkjdhfiueyr9348;kdjghkdjfghire
/v1/redirect;FIH_PG4LFlzVlq_nC3Uppsm1m_uXu_UDn0e2E-NrauyQO0tK5E0Aeq28Mb29;ntUze-VhCwWM3an3
/v_Error/redirect;dAfzXdfqPgWcpSQq_0IXdXwTgZQqAJXV13ptALf7hRpMj6taCl5l4oA3RCKn;fd-7wD0AbVrng8J2
/v1/redirect;sdfsdjhgkdjfhgkjdhfiueyr9348;kdjghkdjfghire
/v1/redirect;fwW2k3kN5N9Ioz_u8gRzrIxziFYwMkisrJowD5SFVLRJ8fZDTUW4kEVd-yrr;CBvHH_yPhYaCuxmx
/v_Error/redirect;6gjPXqNJWPg2yVtqfss09_CuVG8JlcyRxDe5kx7zPIKHt9uDIy9Qrge-DXJS;jaPAGUCiicgTZy-l
/v1/redirect;sdfsdjhgkdjfhgkjdhfiueyr9348;kdjghkdjfghire
/v1/redirect;Ihd7WoGpvAMCMt4eNKVTxg1V_AyHklnJfV_mbxLEp1GYgC5T8Y1VynryMWlh;iB9nwsBtZJ5ApmQ8
/v_Error/redirect;AS49_5JfhmISUaLL71jbWnJCRmBDaWnpWgc5uAyPKQG13aGMdX11mwRzGprb;fXCExLrBkG7mYUa7
/v1/redirect;sdfsdjhgkdjfhgkjdhfiueyr9348;kdjghkdjfghire
/v1/redirect;SytIovzJ3VuPjrCunUVeSStYwX1KlGVIO8CWiLZhAU05F-YBfJN5210J67cF;ICS624NBcNB1kSWr
/v_Error/redirect;l-Pwwt319AfpBW7SZyyNwcfzwu98IwbtTJZVCetKBzaq3QZBkbZKivwHykyl;bBx_Bn0hoH3nOArd
/v1/redirect;sdfsdjhgkdjfhgkjdhfiueyr9348;kdjghkdjfghire
/v1/redirect;8Fm6-h3Es02FCUzYpQtWS-fAHneJhD-JL3MOYJUkMcA3xQZFdwdPXzS-maxJ;hIuuZMxWOA3WDepA
/v_Error/redirect;tJFq4nObXz9dWnGj66XlKX-eD6PnBLdAQGFV-L4nN8BtK9UKzl67AS9cgby2;KchkgggKSz6r7tFA
/v1/redirect;sdfsdjhgkdjfhgkjdhfiueyr9348;kdjghkdjfghire
/v1/redirect;_bPhgQb3QXwmXf6UeOrcVOV0witRpbebZBh1Xu8HBCcOySnN028xIeX6jT4n;i-zuZwt7OkKlrKb-
/v_Error/redirect;l2Fu_h1YWCnNgtCpSPh-dy6FLDQl9Oj8APADD3qHLbz6LpSO-mLThZ2UWrtL;CXs3ZmManYAZR3T8
/v1/redirect;sdfsdjhgkdjfhgkjdhfiueyr9348;kdjghkdjfghire
/v1/redirect;sOidheEO2h3uT1KNjaAIU5ph4o83gfbES_eXtj7szVwchqxBSmcGOGkPquoq;C74TFSYlyR5oi1TD
/v_Error/redirect;TOtxaPJ-iOJNW9jxiNFp9nyltH9RwcktKR1WcI4ZFlJF9JTcoLMTLO6lzcnc;9L-sSvIHJdxdE94L
/v1/redirect;sdfsdjhgkdjfhgkjdhfiueyr9348;kdjghkdjfghire
/v1/redirect;Z9U_xifoRdMRq1USOQvmzJY_4UOtYWo6b4fkcwrlUWh0Zs0GblQut2jUxYFG;0JAekBOj3vGQlZV6
/v_Error/redirect;dP3AAZVYLtqhuO2gmjkRXSZFTna2r8UQQS86SZY9XYiEEttYuzS0pmXeqCSh;O0imBYGqf2x_wFsk
/v1/redirect;sdfsdjhgkdjfhgkjdhfiueyr9348;kdjghkdjfghire
/v1/redirect;xtyYEMVo-5R7EpOI8DrU3_h4T-rfouGOWRkgfwHE69lA13DbTFYxyjuhJT3u;lU4ul31y3qlMpRKj
/v_Error/redirect;6Tx66aoaBUjAir1VKyx1iiR567-UcsPlKJllbb1gRy02aTzA54k2D1zaLGbs;TO20bWKvJfPHY5dp
/v1/redirect;sdfsdjhgkdjfhgkjdhfiueyr9348;kdjghkdjfghire
/v1/redirect;kbwwqhhc5fpZHuiLhO-myFtulXFcC4-wY3WodbIgCIUPYOeV5sNECVl97g0F;yLa7YwlzAJ6v3ZK2
/v_Error/redirect;d426kV9s8lDO8Fxt_ux02duM6AQJtXnUj4G-ZG4f_XsoumO72uDnPsRHpkOs;Z_YuNUSm6LSOcxuH
/v1/redirect;sdfsdjhgkdjfhgkjdhfiueyr9348;kdjghkdjfghire
/v1/redirect;_VgjX7Ah7IGX-zu6R90DVnCF4Zbk3doygYtZy9lETiykluvaD8pBZ8gRn0jn;UCOjepYqQFhNXYuJ
/v_Error/redirect;atxH5lCA6EUc3yI6vNeGIJdoTxBarm4075HmtBPBwCRCe5Hb3MXsFb6UE49G;L9v69_vRQCohfsmY
/v1/redirect;sdfsdjhgkdjfhgkjdhfiueyr9348;kdjghkdjfghire
/v1/redirect;QfArLhCSO-vRlEpMcHCqg-_zqvOj0GKqovQFU5G9t9ijkJ1RkFeGFk8IPPWv;QkPkkXmJxY0GeM5k
/v_Error/redirect;YwLie96G8KQdRy1zHT_OCuKibTDoOoTlK97IU0zAxRtMBvrlcP_NhmGUwRYW;S99uIn3ERSsAIJqr
/v1/redirect;sdfsdjhgkdjfhgkjdhfiueyr9348;kdjghkdjfghire
/v1/redirect;fypXGn54ewheEXEgV8wNOU8uAINR-9mmBgDbuq4GAeDqQacFBYrp332ANnHr;9fTKL_xHHwALPmRO
/v_Error/redirect;SIRu_SoVID9ZhLbd9VFiKC7sy6nWgNU4UfkXoeHxGNMEMfC8VhIOXL5XSJGj;mfqCkhf8cD53WEYF
/v1/redirect;sdfsdjhgkdjfhgkjdhfiueyr9348;kdjghkdjfghire
/v1/redirect;Zjbm9b5vj6MxEYT7cUvXpsDueHWRgfTuS8BfsDFGIrm9yOqqrZdjkxku4xAr;ECdrqXcXnmTZqm6E
/v_Error/redirect;tbygeDtY3HWU8TKpiWojQC7lbB2gflPpHEUYo0f-0Sn44KAw4I4TBNSd9xFX;5I6do_lp8Jjt47kv
/v1/redirect;sdfsdjhgkdjfhgkjdhfiueyr9348;kdjghkdjfghire
/v1/redirect;_zeUPPV6uYWVjFmvHdNf-neXkNNP5ff4-Sj6weV2Zc-EJnGurN58BhgyxEFY;n9yBlYFmOeZ6W62e
/v_Error/redirect;SjHwUkX68sjvZmEEJ7jZb6tnk7GRFgJjkZZrfHi-UE4LuovVduexBbGtQ1L8;qttg5jjzApdospvo
/v1/redirect;sdfsdjhgkdjfhgkjdhfiueyr9348;kdjghkdjfghire
/v1/redirect;wVvXaLkgBBIO-B3xtCBrp2f-NfwVxF32CU5bjhll3B6vLuZTQdokUYUg35ty;3Hym-HXaODn5YK7E
/v_Error/redirect;u9zYL3xN0tOtOmKHkjdT7FSrISfbZ_3upxtaQNYuTyZUD1y_AKbaAhnywhOs;Ly1FceSUA_TGhnjM
/v1/redirect;sdfsdjhgkdjfhgkjdhfiueyr9348;kdjghkdjfghire
/v1/redirect;CjckLpwF1X0aAEPUSumQXn1VGR2Iwo8x-9AJLY8a_vuuGl-_dZQW9FvGLdKA;L28Uh72-yesGFs4T
/v_Error/redirect;YjsPCDvDrJg5XKfI4i8-r8_fJYaUEgcrCRHT3id4M8NP3jXIJlot3g56NKH4;KwA_OQBamnpFHPil
/v1/redirect;sdfsdjhgkdjfhgkjdhfiueyr9348;kdjghkdjfghire
/v1/redirect;kQyrOOM7tBv05k-zc5YxTvSRWmEkja07QtdhemoZ8HD3XTtpBeuR9cAdJ7k0;YRZY8SZxVANgp75D
/v_Error/redirect;FDfgucJvllB0EUqFXOAeynzFyW2rdaFRUtUZ2cvfre1lPsWJq5QuNlVvHK5Q;ov-AyFoE4GOIr6e8
/v1/redirect;sdfsdjhgkdjfhgkjdhfiueyr9348;kdjghkdjfghire
/v1/redirect;NgcCq2fyM2JvKCm2yI0hNOkaVUCTbEjmsF-qpv1pLYdIJ7Fjw_ok9POAeGM1;GMJ6WHeKNgQDkxp7
/v_Error/redirect;IP8zTL1N1ZXyEtfeIskolKnk7CcDUl8OWCjay9IWQhFvxrybpC539NyzJrqU;AJ3zBjT9GUywFDR6
/v1/redirect;sdfsdjhgkdjfhgkjdhfiueyr9348;kdjghkdjfghire
/v1/redirect;glL-UD4u7MmWwEEPYh4d8-npwv-m4GwgwIPCLqDw7fx4MqzIepE8hQNpd3uW;1ZzkCyoc-8mWVL_G
/v_Error/redirect;x4u_b5YxGN2YRDkIE-v-voRuNhK87MTF4s2EylcM7VdgwssvP4cI4zrGNQrU;orBS48Zp9gGrYUmO
/v1/redirect;sdfsdjhgkdjfhgkjdhfiueyr9348;kdjghkdjfghire
/v1/redirect;vH3_n0JU9tQjzyQWXlKM7MGEbFDCHOnX4MnNteQaDvWyDESx98KyXq-EePD0;Sb3ZY5A8G6725Px2
/v_Error/redirect;iYXWmpchndFQlYlDUhPuX8JB_AK8Eg0LtHLSDFCBvavShJmsJfsnh0DvEatX;salRtia05O-9AMPL
/v1/redirect;sdfsdjhgkdjfhgkjdhfiueyr9348;kdjghkdjfghire
/v1/redirect;jjjlCU4NwdvTwWQUHl5LOLpNyzELsYPaJYqpeV131uEYsZ3Je_rEOcTq2I-h;NJN6fMNTNAv181v3
/v_Error/redirect;ae86a2MyxzVPy8g1uh2iE4mBiXa5xZMF-9cF5ev-KI3_FfNtNtBsEaBwn1mV;EEgsdQM4zkMMMK19
/v1/redirect;sdfsdjhgkdjfhgkjdhfiueyr9348;kdjghkdjfghire
/v1/redirect;W0XvMyHXCQvT10mYLK6z03YzDaZ-2kV405hemNce2wKuER_Lq3EbttGBYsId;8y4l07-BSS1drzKx
/v_Error/redirect;ZhFaP9SJqXOvUEGwooG9mJED-4ant8e4NKfB8ICfFAIVPXLL99tb2EevC2So;FboEoVjzpLq9gkWw
/v1/redirect;sdfsdjhgkdjfhgkjdhfiueyr9348;kdjghkdjfghire
/v1/redirect;Smp1A7aLnnOUmji2MjeNwV4xz-JWHecY0X4FdkYL7SNoTl87TV9JDwap2M63;3O1i7hsQG76uaMPp
/v_Error/redirect;j_m5BeS2kv1Ua3q1yU-CxFUpwge5I-uBIZMmPW2QUbsAqaKzHiqpHUfBxhPV;Fy8pkeyTylQ4d64v
/v1/redirect;sdfsdjhgkdjfhgkjdhfiueyr9348;kdjghkdjfghire
/v1/redirect;gvSQwrkop6GVej9bYx2KXYVpo5857fy3fDXTlz1vVNWJpNr-xGk_FJ-En0RI;ZAJAZ1tAfVi_yikb
/v_Error/redirect;p-vYwwLfobzMC15vGaB9Hi77wygaZwOJJxTW2PW-LF6HOjWIAxeVu3IiejPd;cWaJmrgIyU_Xsqzz
/v1/redirect;sdfsdjhgkdjfhgkjdhfiueyr9348;kdjghkdjfghire
/v1/redirect;Q1QGI7X_wKWQ8GVGbVfHj5azz1B_gi8OdcW0cWzZ8u-hnJMuXyfp3I3MkGAD;kYKz6ppjKNn_nFQQ
/v_Error/redirect;SQ8cbI1PuZaYG5g2NsqZAy_fyw8_vJxPsoOfmX04gkJ7EKrdZcFAmSpuudXz;TWMDykeWXfF1kymn
/v1/redirect;sdfsdjhgkdjfhgkjdhfiueyr9348;kdjghkdjfghire
/v1/redirect;zU1Nmq9gXLPFumOjji7ncQ0EkeVgBwwQR3kaKFFv1XANKjKOUwjUg0EKPwbW;WdFHpv0sNWRzSbTI
/v_Error/redirect;y2hW4XbQWKy8EpnR0bdhGtuyxfNW9cFP8nozdZJvqRTEUVW_CqY6e3aJrXZz;yAi11oeSKnv1NpX9
/v1/redirect;sdfsdjhgkdjfhgkjdhfiueyr9348;kdjghkdjfghire
/v1/redirect;wpTWEqlFdQ9Gi8ZPAqJHyW4XFJ1O6fxNA_LesLOdiKUD-tNenPimTeqZvSBy;yRCGzxnE8-uKjaoR
/v_Error/redirect;-DOb1bQ0Pu1q5lBxSuVm2bbJyoQa-b91lTfLXxnwrEzoFCC1b8CwGqDti7hT;aGjV036d45_dMfgi
/v1/redirect;sdfsdjhgkdjfhgkjdhfiueyr9348;kdjghkdjfghire
/v1/redirect;xjpSKj7HlBoBAIiHPE66kOcrYA6c5jSYU50jPU1X8ZA_ZYzFAv1AAyId9Cci;HLWb2qioiuCBlI0a
/v_Error/redirect;NiTDkTooBjz5iKIdbDTQyLYBZ6xatnsqzSMPrtx1f7FsECluAdLu-E9tu6T8;gQdnVqeF7P77sVvc
/v1/redirect;sdfsdjhgkdjfhgkjdhfiueyr9348;kdjghkdjfghire
/v1/redirect;aZqlajjXqfFcvKRsrZ32fPJndjCu1SprKtOVA5tJ6I0zgqI4-YnIKGJMrdhV;RInL4ZqC0bJqHjgI
/v_Error/redirect;PYxKRQ9gHbkpIEhwVgSu4LDQq9RqHg0PnVG_D23avFM4WPu5vyhaDmdRCABW;vE4YSiMb1ubRvqmE
/v1/redirect;sdfsdjhgkdjfhgkjdhfiueyr9348;kdjghkdjfghire
/v1/redirect;K76E_GuBjCOO_0VefP0no4tfxQ_xo9UPcZllt1i7lHT0KTzmWnx0JZYewsK2;LpwrxzkVVyvrYnEA
/v_Error/redirect;-pNjL_0BvKYRW-TaQkF511XqmWeHUlmchR4gAxwIsGhH3YIHenBwUNlk4kF0;0_Fda595Zk6Qxp5Q
/v1/redirect;sdfsdjhgkdjfhgkjdhfiueyr9348;kdjghkdjfghire
/v1/redirect;NN8TIE3Q_SPGKaMnqa4fmsZSdwiF5-bxvWV787GWV927MIZAc6uDRD0FjawG;us8X-Uym3P4U-thJ
/v_Error/redirect;0LhhYyaiv2ImqZ5DzkYNkH4yX9pfSefJ3bLd7zsWFthZkZiDVXoSH3ITki3k;gnwMEFc66dGr-dWz
/v1/redirect;sdfsdjhgkdjfhgkjdhfiueyr9348;kdjghkdjfghire
/v1/redirect;xMOkKGzysCptrPg-nkI8v6a5spcHwTmHbz9QZmhUlUUzVTnECelhqNo5W6RD;QBLJ1mYfx10bCutB
/v_Error/redirect;s83qtrOsIegx5hjjxWtKTHrpBLrqW5u69peOWddgGoNDzI9qi1Dq-qNiijhP;_KYA9Qe41MSQNE4G
/v1/redirect;sdfsdjhgkdjfhgkjdhfiueyr9348;kdjghkdjfghire
/v1/redirect;ZvgDQW7hZiDhFg8cEGelvFZDOZLmInNpTmb7rLeE9g7cCXOjgMGzpGdB4_sL;YiRBFQP5Czqvgl1m
/v_Error/redirect;uDH4JzOUPyBiWYfRO2CjpVgxHxIfvM1gzIfugDbD1MK-oC39u32l1dWdcfO9;ho08Hf9-66OZcfjD
/v1/redirect;sdfsdjhgkdjfhgkjdhfiueyr9348;kdjghkdjfghire
/v1/redirect;mhNyqz1tOyM5M1SuocqmIGIOcEKRvmY_iLqUPcPINZTvXao-EyK8q3JuPSVL;NQQ25djVKDqyVlTD
/v_Error/redirect;ysDkQ8hWU2KX585mxvPxVWHIfJehHpbtmJqQy_-0YKEEuW6L60JkL7GkRnE4;fhANDVNCihJ1igMM
/v1/redirect;sdfsdjhgkdjfhgkjdhfiueyr9348;kdjghkdjfghire
/v1/redirect;mVooS4AyYlSEA8CFu25hMNPOJHf8uVbAyCKgFdMIzYGsqms6_iEHj4s0Lk5a;XYNV8UjGoXOpBwa0
/v_Error/redirect;rmDpqZPFz0FyY6-Y26NdGnUOXUVNvYrUpMcEvEiK1cFigoS4PfHrrB1yykiV;j1C6m1vXmiSwh8GI
/v1/redirect;sdfsdjhgkdjfhgkjdhfiueyr9348;kdjghkdjfghire
/v1/redirect;Ld78Vnp5FS9XeIF3nYQQSv6sCFS8PB8YueMxM0br7jTUem_NV8vlafL74VvY;chSgPXCI4n-E-25R
/v_Error/redirect;h8S9SNBvSTtb360PH1ptBLjkr48REuCiHCcxTaLOqEFpRL_ZStpvkrsKHZ_h;PnXyE6Em5hIRcMTx
/v1/redirect;sdfsdjhgkdjfhgkjdhfiueyr9348;kdjghkdjfghire
/v1/redirect;NzFO-8iCSjf6DG2PVh3jelWIecgMcrYKpB_8BZt0_bDEOGM76oBzrAc3iW0r;gQ0PQo94l212Z0i6
/v_Error/redirect;TxFqP_Y4lDj3fZ_4sGDf36pZ-qpXwYwjgAL3Gt8zAMJv7rBzmkqdf22bYpe6;oSU3Cv6gnyPGdnAl
/v1/redirect;sdfsdjhgkdjfhgkjdhfiueyr9348;kdjghkdjfghire
/v1/redirect;xWSCxLFucNIuTXbtMkhyJC-7bt4U4knlbUFBPM9aSv7IExm2aZSX_EDAW6UV;YXf6bPPAkH5G3uiC
/v_Error/redirect;te6CNSb16TSrbHb3gBT0Gu-R-9jjExILVuW9fxCG613R9bmwIsZf99ZCVC2f;fjDg547jASuTGOyR
/v1/redirect;sdfsdjhgkdjfhgkjdhfiueyr9348;kdjghkdjfghire
/v1/redirect;5d4vh1jWMurK7MQBAPPo1Yr2Cuk4_OHEokDO5g2shnsKcanbJbU7Y5nK13oX;mT1mKHT7g_sQbFA-
/v_Error/redirect;FOt-fgvPmfiD0ry0YOd-paXXbVeyVk39Na5-CvTI2zP75WCerh9aKosQFeAe;5WaUoEari8BY8VZb
/v1/redirect;sdfsdjhgkdjfhgkjdhfiueyr9348;kdjghkdjfghire
/v1/redirect;NH2HlYXVwYH5UMErUy2WoaxXAf4fxISe8VxQENnsg_rAZlCHoIK4XVugfB9y;1ezEQUUFONn4aPtf
/v_Error/redirect;Q0Hd0qmDhd4zRRWcTTtAzVgA8ikkzUyXtw4JACzvT05xBiMb4T-4D3y6fphL;AX2zwTEhFU6S_VJe
/v1/redirect;sdfsdjhgkdjfhgkjdhfiueyr9348;kdjghkdjfghire
/v1/redirect;tNCL82sWlG5h0-jFDOX7MWQtZQlPl35ATF11oA0KHFv5nb4Q_dDp3G5u_L_n;-YhhJVvk8RfgP3CU
/v_Error/redirect;u2xIzvqri5cNlZzzqdEdryXFi5CMCL5MPUoe3eFIRggnJO_WJo5bG08Eo1aV;gakjJoNio5bpYFRg
/v1/redirect;sdfsdjhgkdjfhgkjdhfiueyr9348;kdjghkdjfghire
/v1/redirect;OpEV5nYn30RAOCm3aheus26c6oiVwmV_eltUy0ySerDxY4eG1YV8_Yge5sqI;QEin-oi7HJ2F0rBD
/v_Error/redirect;ss0KmtS0ElLq-8D2IluZSRC5vF7USLN6bS7NkpRqZNnzzHM6M7cPxnxwKiuf;YkK-D4iVHmtXWZIV
/v1/redirect;sdfsdjhgkdjfhgkjdhfiueyr9348;kdjghkdjfghire
/v1/redirect;i4h6Od8zB1pC1gN8UdsDSr1COgYoLeWR8dhLO6CYCxxHyEp1X9ZT7GRbA_lo;WBULwGoXGsVGoUTK
/v_Error/redirect;87rB3l609kiyjKbU4ON0dza2dZ6j32JMouRta0U4a7TEjtZvEZNJW3AU9kUO;41iShhYWPwWQZ5NW
/v1/redirect;sdfsdjhgkdjfhgkjdhfiueyr9348;kdjghkdjfghire
/v1/redirect;t2kn5Uzh9_m2WHtGgShxJTlFt3FAYSOlJ3NhkjqNAH4Vl3smUusbB7dKf3lY;zbYxs8FosYZRdHOv
/v_Error/redirect;81QthZZm5OhlIDyEf7PkBl3f3M4wIVyrraZnMaQVZpT1p9ItQXEkCOHvTpYo;nPYXsVj5ltPX8LYU
/v1/redirect;sdfsdjhgkdjfhgkjdhfiueyr9348;kdjghkdjfghire
/v1/redirect;c_l6b7pU0OjYEXCJgNQNwrermmpEuua1OXqcl_hWIxA7u2n2Ms4zgf7BH8vW;mlrCguBQ2tzJVLwO
/v_Error/redirect;s4MkQ4-EuQ7pz8cwrq8DYay_80_gScLUJf6oVRXAIL2sksUr03eszjP-I9Sr;oiVUKxjEABPOynrV
/v1/redirect;sdfsdjhgkdjfhgkjdhfiueyr9348;kdjghkdjfghire
/v1/redirect;YA5UT0qbF0RGW65McU-9Ne627P1lAewbntSDnerpielcnq-5SMAvwMDIS1u1;BfMcxIhw9jINvxLk
/v_Error/redirect;uNGBW0lVYRYYndi3H36n2I4zHCy0WcQUZF55ZsHIPwmcps_pRKroGfTVEq1T;-IWMO4coyKLbvop4
/v1/redirect;sdfsdjhgkdjfhgkjdhfiueyr9348;kdjghkdjfghire
/v1/redirect;cWiFAkt0xPSvZtY4hJ_iilumTF9tDzi7i_l965zSIso2fFvdTF4vmn4jXfgu;QasXawoA69eosA4K
/v_Error/redirect;1xGjnMSupGYBkwdlMuzzmN7e5BfJx5pnSxmVnRXRp2m3aUGd_A1hKdOe4tJC;4os6oV8y0imWxVlS
/v1/redirect;sdfsdjhgkdjfhgkjdhfiueyr9348;kdjghkdjfghire
/v1/redirect;ZttYnPrLyapJOo3A6TSmubh_KRlv9XZD68kDTlhTZ_uGVs_2dz0LWz73F5Wl;PMgYTOtmu47eAy6I
/v_Error/redirect;SVNORgtHDb3q8FCUChZKaJweDqU7vxByoZXStvP_KfKUopozz2EmBpCwiF9-;-EuAZjg1JskO772j
/v1/redirect;sdfsdjhgkdjfhgkjdhfiueyr9348;kdjghkdjfghire
/v1/redirect;IlDCpPnahohkDjTuHycquofiEvcudEOVK7APoQRPK4_m4_BqTnF8BqxcWVq0;u0lFCTnwoaUtkMHc
/v_Error/redirect;TniR9rzofYRJUWfhBv0C7i5jGOtQncPggMocQCjX0HApPm-rw82x5W9-AiPO;bE42F_r1rgqQ26zo
/v1/redirect;sdfsdjhgkdjfhgkjdhfiueyr9348;kdjghkdjfghire
/v1/redirect;SLO0IXnPebSm-GyVrZHYDB7NY5ctTcgamxP1fVWK2C3WMORueIIivzgKVGRh;YiyD1LMJon-ETC8Y
/v_Error/redirect;Y22j4g1I1M6XEuNVFTnmg6Uh498vwg4yQgkOTbUux7hh4kOZRTtJ-7FyJvX_;_6ceqlWMChxncMQz
/v1/redirect;sdfsdjhgkdjfhgkjdhfiueyr9348;kdjghkdjfghire
/v1/redirect;Z7NaS5VEPkhHw2lDlb7E81QctLhAlF4BpEWjEl5eCTM67ov_85SnaYGqhS6V;52G9qTv2x7PtoOHe
/v_Error/redirect;YFFzDRWa7b9XMdtedd1GEzgV-kft5AolHKFVGVMiFZ1jPcm5W-sPBLv6sLYU;xJs4VPmk3vkRfTmi
/v1/redirect;sdfsdjhgkdjfhgkjdhfiueyr9348;kdjghkdjfghire
/v1/redirect;MpbsPpC2nGBW2QZB4pV7j3KpVWgaU-kNSVagFyUdi5OK4hyB5vwIYNwHDgG4;slMvrqaXTyH7feiw
/v_Error/redirect;Sjq3hbIO-aEkWdnbBY1GXAVlPhFtnUyuEovSAOlMwCPfA_XS1EWbEVaKncZv;kdGJBN1vgfJ3HrEk
/v1/redirect;sdfsdjhgkdjfhgkjdhfiueyr9348;kdjghkdjfghire
/v1/redirect;CgCkLA7ud3HWNEF3FJQM8YUtD9-HxoxpivQ2ifOOC-1cBRwifBIu35zvOje7;aBip6iHuZ1ojo-Xd
/v_Error/redirect;UME1tXTAeuIUkQR-rrcif81bI2fDRyuvZRBSrqbHp0sBEhrABwic0ypFuN-x;OJ6n5S7s-kw67_Cs
/v1/redirect;sdfsdjhgkdjfhgkjdhfiueyr9348;kdjghkdjfghire
/v1/redirect;Ac7MPcxlPLZ7rniSi7Q12HoVjP6lIemj_vUh1zz_hnfmFKuV2CPvnxFMsih8;b8JKQF_gxYeRvXVU
/v_Error/redirect;rqyNsqn2NeaZ79p1nhEcV4IS6MPquwEGQ6YLd1H-NIMtf4qa2SBpvdyA4F2R;JO-Lyuum_QVu967C
/v1/redirect;sdfsdjhgkdjfhgkjdhfiueyr9348;kdjghkdjfghire
/v1/redirect;QFm8c8eL1dfOGgmFR05lO9icUKn3Rup-6H7W7dvwp1vNV9Bw-ULwl_sZZoqF;ZUzY07dTbs8rVd0o
/v_Error/redirect;_ABTVDEk1Ko0GRQkJCUtH5pHS0yXmk3ElfldjXPvf62VeEjSdZIiyW4ugupc;uY2__vH8t3yBIq17
/v1/redirect;sdfsdjhgkdjfhgkjdhfiueyr9348;kdjghkdjfghire
/v1/redirect;K_85PFFhKzYeWjYzoKhqBqNbWr3sEg15HELm-CMDeoDe8dyOABsn-pLmqDZM;-wq7hAvphOLX7SnG
/v_Error/redirect;whKNYFlph2fC_LB00LuOEa4vyPgNyCScNSmWEZr3fWC-896UV7sqcdB6OymV;DpHergh-bDD-tw5Y
/v1/redirect;sdfsdjhgkdjfhgkjdhfiueyr9348;kdjghkdjfghire
/v1/redirect;87W2T6_6_DgnU7--NOrzMcSg1NnQ4QvwWjOwYO_DjFfK2yYfnI8ofQX87Cbg;QuJtw7hCNkr1mLkJ
/v_Error/redirect;LCBFK3RWQcuE9-tRyurp86mCtsb-y0LcN1tUPfL3fXi0_s4h7YzJboc-7MfJ;Fdkd1tkfVavPTiGO
/v1/redirect;sdfsdjhgkdjfhgkjdhfiueyr9348;kdjghkdjfghire
/v1/redirect;vGAEK_zLfZmi-HpDQfB9fzrBjso7z7hthV_FuuqAiRUGqAnjy4_OZ59isz8s;4-oIxXCNpKwCqMNi
/v_Error/redirect;aiR0yHaxdn5hxI2-uu2w5_D9zJITzmuvBGTphEd_o2s2LKLXmfxl09MocTnr;r43WdbIjAU34O4hy
/v1/redirect;sdfsdjhgkdjfhgkjdhfiueyr9348;kdjghkdjfghire
/v1/redirect;Ek4VAUtnRtWSXpA2-431aB0I_WAlbbyBjnO7ktbywHVPvecGe1WLT1UIJpOK;Xc0HoW8CVkqWXRF3
/v_Error/redirect;85scDVaqP4Zfot3W46fLxMaML6obNyAXlY-CAYkWto9ShRNVv_UAZdj3xGcn;PJdxOsPxf3pViTse
/v1/redirect;sdfsdjhgkdjfhgkjdhfiueyr9348;kdjghkdjfghire
/v1/redirect;1V8g6INWQUUj9-WIl82I6SroS7A-xrEeFtGFfOlOnqwGhUGMgqzHKVMZCwUa;V5FVt7bn_s7-x-U-
/v_Error/redirect;OxF8U5DxG0wIGjEgntXJNgf2s03YkL75zI9diOOOdKkLcePDklfvy60B8CxB;VYk-NEuy_m3QAmn1
/v1/redirect;sdfsdjhgkdjfhgkjdhfiueyr9348;kdjghkdjfghire
/v1/redirect;eIUWBGHSspB-L4qxTXHHSz3HpSqb6hLU_jyxjzauOZzI8KmcmooMxmUCRKcs;tWQV8O15aMHhJIdP
/v_Error/redirect;3M6Ogyc3erC7XfY-4rbQ4unqlLsCOutpMD9ZAxkxheZkF4npTSJdAerfY0Kw;iYLN1Xsad8B2O3CR
/v1/redirect;sdfsdjhgkdjfhgkjdhfiueyr9348;kdjghkdjfghire
/v1/redirect;N1h4opnN1qvR3X8UPjkcq9jUAliVDK8zZPs6OHB5-JXcWP4PYVbIuj20oSRo;jpDYfOfuL22Apmr-
/v_Error/redirect;FR6X3Yxfj3rcx3FgekiNg2NvWsNtL_ddb14siR8GZF7H_Qw-9_GKyo91-rzr;BmHzaMuE99hYQWYf
/v1/redirect;sdfsdjhgkdjfhgkjdhfiueyr9348;kdjghkdjfghire
/v1/redirect;ZnxbkKn_xcRZoFz1ljHCf86n_j7WqTshq36QvYEr1_cF67GFXCh1rJarFv75;p4l_dXdgl0wKPs4k
/v_Error/redirect;A9xJEHeEcdZR4LsoVetaX_HfwD_UwQhU6t38mXUkJ6Pgrm59iGbQ3K7FXwHs;NiRBrDY0MieyLK9o
/v1/redirect;sdfsdjhgkdjfhgkjdhfiueyr9348;kdjghkdjfghire
/v1/redirect;wBcy4zqdf4J8r8olyuGolJ-aH4f4SXn-sFfavi__h3qf-zVOXPj_3B_dHgIe;2rXJZsDvQyL04lKE
/v_Error/redirect;3_0uyKZXjgKFmREKrrjSggLAeM4FJB9j_rJK4lUH3UxdKzeNomod3FQPrMVV;OEaoykQehsHOMZFh
/v1/redirect;sdfsdjhgkdjfhgkjdhfiueyr9348;kdjghkdjfghire
/v1/redirect;UIbSNqDFaG2iGvU0dVJM7WtNOfjPdXECh_39wkAHdhCFkd0bQTV7wJCcNWtE;29KX20avj9cKDV4V
/v_Error/redirect;smnk_ejWMSAVhv4GQIu2naKH5iqXgaRhTpCpNjxPXMIVKu9Sg9flVMHoUwYa;QXwQ9jNjF44W8CZH
/v1/redirect;sdfsdjhgkdjfhgkjdhfiueyr9348;kdjghkdjfghire
/v1/redirect;ZA5_DG9jjlj07zdOW7T-yiCoap8AQ2GVeqTg-qjekCDO1x4FbA9xl7Rp7phW;ldeZf4Dx34UM2B-N
/v_Error/redirect;YdJucEoM1KS6jOTDODKmYHmZUWgXxPVXZV4807CBWZPW9gLZF7R_rtwJ3c8r;UCrGRjh0etE54bID
/v1/redirect;sdfsdjhgkdjfhgkjdhfiueyr9348;kdjghkdjfghire
/v1/redirect;_85TAeSUXegnkKO4qdqQu6B_mcRgyCGZV585y1xQn0NEUT2_xwro3gGvOe04;9_XoZqlxCvOAKXnX
/v_Error/redirect;3pQBEwHcfMdEFGOh4ZGwdf1jY4lSFRw_TE4Htb3Z4ZNbVXXC-XTzDf5Tpcl2;Gq_qipr5Ejfzv1gR
/v1/redirect;sdfsdjhgkdjfhgkjdhfiueyr9348;kdjghkdjfghire
/v1/redirect;3A7q_GV_NyCjTV7y_ZKVn6nQFMQ1qg9AGE7PyO-MeGW650z9cGkuNK43hQhw;ksC-smHN5aUkCq1F
/v_Error/redirect;jWPBtxvjwdMkYb33tZTu8-knDAZTc9UoAnSbhbDz5TxNCK29qEffH_zXhFP2;hgC_GsYp30BYAU5O
/v1/redirect;sdfsdjhgkdjfhgkjdhfiueyr9348;kdjghkdjfghire
/v1/redirect;Sa2YqKZ31wG6vvMkTRsPMFyP0JKzMZWeWEeWXG6PRhOohQfO_2mV5invmuP6;wugMINsEiorxMV1j
/v_Error/redirect;o4YZ-yeUcs0ZdJm0US9-_7oLe5wqVFTshP4a7RZg6mHJahldS9z1bwRrnUfG;cuI_bro4d4ZyM4x6
/v1/redirect;sdfsdjhgkdjfhgkjdhfiueyr9348;kdjghkdjfghire
/v1/redirect;YtPCeTTDjTkF-EAU9DDhuebnuwuYf7_Pv6-kW43FjuobP4zWyVCWDWtlIyhG;xCnLhSfrZhgv6wED
/v_Error/redirect;rk-tA3GH5GxIJ4qJn12WASW36T8lP0-t_7qTHDHsZ4Hk1HKG5TzSqXP5QCWu;aB4vvyHoo-Tatz5Y
/v1/redirect;sdfsdjhgkdjfhgkjdhfiueyr9348;kdjghkdjfghire
/v1/redirect;j2BvtcNjM0-KCmJr_RngcC34-SiQUcS2Sg1tTh95aB3Mlrjx8YtfIm_E8W0B;7MsM8UYx2D6M8Xxg
/v_Error/redirect;iCnBzOS4S3oM2QmLTfV2cdO8asjLth2qzFqkkFkIYSHtFVASyyr1MzGtM0ky;wovES-0HEZH7zCIY
/v1/redirect;sdfsdjhgkdjfhgkjdhfiueyr9348;kdjghkdjfghire
/v1/redirect;cQGGc1zM85OcTQ1xESJ7Va-ogG_fL3eOQ8hjvo7Tk_tKc0gfji3XdDqAjNIr;uZ2LABIsuPXyYJzF
/v_Error/redirect;ZhkhT7zJHS7NKDCZqY_zCaOSR-Jt_dFwd5-C0FQTm4oBwRj8o6kLWE3_OfLY;oLeBTJPMWaJf8w4K
/v1/redirect;sdfsdjhgkdjfhgkjdhfiueyr9348;kdjghkdjfghire
/v1/redirect;olZtVgWBQJIwGwDBpAlfU7C6beH7SLjHlIEDchvH_thNcXIszeLdB9D6GMT9;ZT-JIBgMygHtSnyj
/v_Error/redirect;-JhNgmDfBz-x-9Jf99BYpVzE2yCjC7UOB8pIo11xVMUcTYkk5TyiAQSGFJ-j;ft1Br7u_viCM6G7x
/v1/redirect;sdfsdjhgkdjfhgkjdhfiueyr9348;kdjghkdjfghire
/v1/redirect;FHj30OPhydtKADUyUmAbePqD5WSlkOQ6i5PvcMBC1m3sq6SwScnCiQ6HB3bC;0hc3_mI8x2u6r_PN
/v_Error/redirect;jKV36_ZJFRvWiDVVSwcm7aYhdtzUbY-Cupi_6fVg26U0F-NpxdJe3qbHS0CT;UjXl5bXN68Zr3Mqt
/v1/redirect;sdfsdjhgkdjfhgkjdhfiueyr9348;kdjghkdjfghire
/v1/redirect;iEpY7eeVgR_RJgnHU0raLqTUKJ4XiSMMLz1zRW3FdTmZHKx0575WsnxtoKQc;y3NF7lkosOd6oaby
/v_Error/redirect;1qDpoE96M4-na-7bM9oA8HBQVKoW8b8peQtFw5JhawAJNPwd_BZyC0MbXi2y;BGJDfxMKY-6vccHx
/v1/redirect;sdfsdjhgkdjfhgkjdhfiueyr9348;kdjghkdjfghire
/v1/redirect;AQ7LXBuLoO0KUEI_fzun-e98zjTcHlkxGLq1-TbJ3ipSdNmYeuJ7cTiKZuw4;pap-P-60ieZJAQa9
/v_Error/redirect;Gf04L2e8lU82-MYUGvHCNpHQo91hzdC6Wxa3zGgwrdrUglaxqgr14jI8JYwc;3zwYYjddSiTX2h45
/v1/redirect;sdfsdjhgkdjfhgkjdhfiueyr9348;kdjghkdjfghire
/v1/redirect;pQTAU3Ytxem6E7wPGoBA_Svb8V0wkmyjGIhfoDdyrCQRBaw3xyeGiVOluBRd;zVcw5I5JfNNVQMjf
/v_Error/redirect;RivT4dO9Pzuu1I7LUdiZZE2uSAbbEX50aMt7w2ss24eKZsxkHhBjBDKcCfhA;niBAVX6klGEsEa4e
/v1/redirect;sdfsdjhgkdjfhgkjdhfiueyr9348;kdjghkdjfghire
/v1/redirect;JY5OR3XHLZvrIwh_Wp0c3IL8JYfUIXvifiDLX1z5OfVjqNBxJ62_ei5w40UA;utpaDsYq6Jtcb9e-
/v_Error/redirect;sMfrk82xxuGnAGm3rjnH4SVu77TAjf0aCyRKHNCAEet0f_FbvcIMNzRzMeTL;zbbDBNzexvedw2DO
/v1/redirect;sdfsdjhgkdjfhgkjdhfiueyr9348;kdjghkdjfghire
/v1/redirect;PUcROr8ULEUToIeQe_i15FTFyeKUVxCiH-s9MhiWF5vS-9vxMRemtUB6FNUL;mnBeXGL4OyYaDMcd
/v_Error/redirect;jEZ6t-LNEuCp3Z5xgc7NCNWwPBkgAfOzj8Ql0j8WDsD3OHzqtl0Ho8M1oyl9;RASwNW4g2jqWkhDn
/v1/redirect;sdfsdjhgkdjfhgkjdhfiueyr9348;kdjghkdjfghire
/v1/redirect;2MQ1wFCSoZP60Kyeaofio7qCuSMJJjdY5Jynv_EBLkAS31mdfUOBqvulNKyt;1MUhiU-DJagRSWY6
/v_Error/redirect;TpF7R3XRkY5SOmvGCWVxqR2M25uOppF7mNa3Dl3O19cPa54aBvgV0S22K-58;8Pqpw2PicHqFmd0t
/v1/redirect;sdfsdjhgkdjfhgkjdhfiueyr9348;kdjghkdjfghire
/v1/redirect;n7AiZd_BUnxrbDBBpaR0EVf3_3tfL8Df6FgPfBqxGm59cKxOzEhTXEf476TS;L9fkdTxfJgZWD79E
/v_Error/redirect;RTriMEAsJx_ppkcwgg-a4tl3wCINcKBXLF53jhSi2Dm88QfjfF1jusDXN6wS;1aFiv5dvSuRqxucY
/v1/redirect;sdfsdjhgkdjfhgkjdhfiueyr9348;kdjghkdjfghire
/v1/redirect;QQcp1oGFnWNVTZQHezfLDgoFBbP5vLqfZqTbGSmWvoRGLDcWLAxYckR2tzz6;Rf42mlK9cOEV_T0X
/v_Error/redirect;kmysmQtfg_xfHWAMG1BNVKrUz6xtAjscLEOHmY_e1YUk5s_LnO_7cKqBxa7f;8kCZvabhB7XWqcv0
/v1/redirect;sdfsdjhgkdjfhgkjdhfiueyr9348;kdjghkdjfghire
/v1/redirect;MLwT0X8VTaNwgYO3VTjD0yCCgz1fJxkbcqtmE_lcSZCrmr_106-necQzAGix;7iY-wdeS_-iRCknN
/v_Error/redirect;uPXPqoguyyEmgC9lCm9YZQUwkryL-l2TNzsdYsQjeatv8jeCD3JGnfd2lUdg;rtG0rfpq7RRpWlxJ
/v1/redirect;sdfsdjhgkdjfhgkjdhfiueyr9348;kdjghkdjfghire
/v1/redirect;7KRcZmerDDgoV5zJyrKLyG0uc4nhnBGZJM12tzVj_4pKuiubOyIHpqBfTQ1Z;-I9yCQmrUVhCDedb
/v_Error/redirect;w5DrK9uMWkD3EFqeJG62VdLlyPTkMhge0NocFx4lDjsjY7-F8uxv8_PNBym_;2m3DPC1WEoAaNHSb
/v1/redirect;sdfsdjhgkdjfhgkjdhfiueyr9348;kdjghkdjfghire
/v1/redirect;QehSKtNO_RUoYAdQH-DTKJBg1KnzoESXQzLkcAqS14xnex9-sOyhYGS4BKFd;OuVNjbZS-_p-I6hu
/v_Error/redirect;-so7IwtnQbIuDbOTcsSiwLtyX6LPCioQfJYrLChL6slVQkfA2aLp0jSZtWAw;ol7gX84gOyD59dYo
/v1/redirect;sdfsdjhgkdjfhgkjdhfiueyr9348;kdjghkdjfghire
/v1/redirect;0cpKCPLdeE16ldoj6KZn4dyGTPd8rUdvaMK9V8R94qBBU0AHcy8-tPM_nHqZ;CC_MJfyW60oFunMT
/v_Error/redirect;JhegM5Vm4lJvpqhttAqATsMV7yUgfa7P4AKqShaZAtm_sifwI8gUOE479Sbm;OTLkRyKyWhZK7Ykg
/v1/redirect;sdfsdjhgkdjfhgkjdhfiueyr9348;kdjghkdjfghire
/v1/redirect;NqeorffAC3rfdDAFy2gKmik_XcMfHdRgi60C6uszWecX6cxgcF8rDvKUpphV;gIoEFlR000lZu3NF
/v_Error/redirect;Vr5vGKmsWehQKSi0xLGTjwRP79-aEUWN9jy973spSKLJ8LnrPhnaAytddL_x;zNzrN9FzLQaZmPE6
/v1/redirect;sdfsdjhgkdjfhgkjdhfiueyr9348;kdjghkdjfghire
/v1/redirect;zBbXf3bsX8eSglsAc56NuMIUZ7adlA45j8HZqkzjp0J3BubIl4tcDDu9MEQf;RuxKw4Z3c-Ehwj8N
/v_Error/redirect;8YNsA43tZhU5nV_xWEyKyyiJvE_cKNPNWAlipTYUC5HyoePGYHMY36jG-K2O;MhKaUW_lChQpZXEU
/v1/redirect;sdfsdjhgkdjfhgkjdhfiueyr9348;kdjghkdjfghire
/v1/redirect;_q-dGI25fWHUGc0HnmBxOsUuYLBWZ3BRX3Mnh-IFwN1yU3ghzXIQQdtc4Gqu;jr76HhgxfA7LCUBm
/v_Error/redirect;0f85IIUhlFH4O4EByzH8JwMLlLpYN7161dUn9R1yR7qCxxoMUvvo8GP2IInC;Wy2ALa9DKVkwreoP
/v1/redirect;sdfsdjhgkdjfhgkjdhfiueyr9348;kdjghkdjfghire
/v1/redirect;SfU7zp6Ip3jUpSq4amJjYp-rrX_IKDN8Cbz4lcfKsc_jTlzLCE8bERM1hZUx;XQ5zkTh6B9Jmo5M5
/v_Error/redirect;712eCA3ZH66WJi6ZiF7wDuVdNNOOWWU32ATScljueFjf38aciP21sHsX6wQR;NdHxNY3Dg503Z3Hh
/v1/redirect;sdfsdjhgkdjfhgkjdhfiueyr9348;kdjghkdjfghire
/v1/redirect;0bcq7R4WSjAnAQRAnU22T4ZjeW4lGZL7qWCkmW_5DqG_L9jmX_A2Q-XEKpcK;QH4_Z52k4Pxke-i7
/v_Error/redirect;KHH4iPwOUtmc15kYAmS1RtMqym553r9IwneyC7sz5xwzLzy-ARipr1RzPHjj;whZIE6-eBrrJspaf
/v1/redirect;sdfsdjhgkdjfhgkjdhfiueyr9348;kdjghkdjfghire
/v1/redirect;8rsyD1lo5gk-pRVORtfaqauAnD5NGH2MAFh3Inz6qmY4OeQcKySe4-hwipBR;g_ujRKoPD2xaBQJ-
/v_Error/redirect;zUk15JbCzVCfRe7SIsiABK_1sWu8Jc6UiFfzoY_TJ_wy8WD-eNMcuPnCxsW0;4xuIvDb62F8Q6bU7
/v1/redirect;sdfsdjhgkdjfhgkjdhfiueyr9348;kdjghkdjfghire
/v1/redirect;4fA7lm9Nz8zzn1tFLwJEDwm3FWeJdxgiYNACZ5ApPOEed08HpGNd_932lcDb;RPyOnVz0oEJ2yUlN
/v_Error/redirect;fsbPyKC9QtJOa41EH2Jqsx1DrbYupjrmaQNKGXmMKuCwFkZx9LQSVOVa6n3-;_Vs05_CMfFLa8AR1
/v1/redirect;sdfsdjhgkdjfhgkjdhfiueyr9348;kdjghkdjfghire
/v1/redirect;zmHGi2PzRbRBC7gnSrlShouKcjF3maKyo0btnFG_TQudAl9qkpA1H-lREgCW;GAZvkJ-zlTYC2nxX
/v_Error/redirect;aoOCNy_sCkdkcy-BZlTXSZGfd_7M698Ds2Yitxoekllsr3sGCIKbCnbQXndS;5BNpZI-_8Umyn1np
/v1/redirect;sdfsdjhgkdjfhgkjdhfiueyr9348;kdjghkdjfghire
/v1/redirect;tW-uBhr5NkL2vkzVSWMw2hKRC6IhK1lm0-pdNfpcPgdPBHosoDK-zdwR7kjw;SF5aJRXPZCYLOufD
/v_Error/redirect;rACwyXqb7b7FoaLdZhyOJ4jkvMvsyxkS-eL1TbdxaQI8QLDU2MKmAFkInaCJ;gCULTqWnpBMAYO72
/v1/redirect;sdfsdjhgkdjfhgkjdhfiueyr9348;kdjghkdjfghire
/v1/redirect;aqsr0XA3wLpP1kVg4QaPbJblGoZPNLzi3Bhyf29QNGvsFudLDSeq3iv868F2;tQecNltJiahDuYIw
/v_Error/redirect;PnpmSljMi3Xnhh9qu1XODbezo-KTbYQKmZHjL_24VHKbcZ1eO9oDQE_4lkOC;_bvPpQOruDsPCfNZ
/v1/redirect;sdfsdjhgkdjfhgkjdhfiueyr9348;kdjghkdjfghire
/v1/redirect;MVaJjt9Z7dk5xBeajlzXQpRywHRLxnlh5utL2135USPsWjUuMgCT040biIJ5;A8FChirxYQY1l9iL
/v_Error/redirect;SKj3_aQiIh0G8DEEIf-zMmVtEP_TRLgA3soxVvd8qUyKJ9Nr2uuOPFR3NxVu;s9NaKWci_WD0aKPN
/v1/redirect;sdfsdjhgkdjfhgkjdhfiueyr9348;kdjghkdjfghire
/v1/redirect;tnsLni2EDkH3O9SiTO_J_xqfZdWAhixX8WZwD38l7436Oysmnv1IV8UHpRLd;6XolR0tjkSlSY0Yu
/v_Error/redirect;QJMpXdWEjFatvf4sdPAmsnnIad-AwP6-B16VQzDuXQp3Ms_amozyjBvCND5f;jK5FHuDqcAPmbJAn
/v1/redirect;sdfsdjhgkdjfhgkjdhfiueyr9348;kdjghkdjfghire
/v1/redirect;4Bs9srWkf0woLF6FI74nywcDvtx0agJiDyl4FrGv7kx3XYgeYZpp3ZZHisFF;lh5-H85h28KSE3Kx
/v_Error/redirect;FwoYt3EBWa6lYB5pYRdYdHtugcNaz8bWUXPXVRZiApSO8FhKjw5SzhVAddZ-;x21XSXUQcQxwh3os
/v1/redirect;sdfsdjhgkdjfhgkjdhfiueyr9348;kdjghkdjfghire
/v1/redirect;ngg0Dy2T1PLu3IZg5CaW4J-sc47ovZgAWd0WAjNgtmpfIDdsaWzD8l5KPr-I;dpYcABKSDNb6WKE7
/v_Error/redirect;Z87JDEe07dQZ_poT1jeGJK5eH1a1Dw8HhioqJb-_UaDltUuV3GcpZ0t-KnDD;pX9MHpkxHZf5EDjW
/v1/redirect;sdfsdjhgkdjfhgkjdhfiueyr9348;kdjghkdjfghire
/v1/redirect;_UP62o4xUh08w4q3I0OLS8FCn1os69Jf-JlcCAn5Cy8xVTacuiX4C-H80_0g;ZvktlzKf0cr3KOZ8
/v_Error/redirect;k-9ghLBYNU00ZHpqmSkOLpabTvr0vh1ecR5K9DE0A38h4FnwX1c1M1Cs31tG;UUcDRH90dG6ujQBt
/v1/redirect;sdfsdjhgkdjfhgkjdhfiueyr9348;kdjghkdjfghire
/v1/redirect;1-8vxEeGpRS0DHe42cVqE2W-UVsKfaRW6MpjhtXTmwsBG7byK9p7d8nGdO9m;mgxXgEvTBjRkmCwx
/v_Error/redirect;zNwZAsncshIXJ0AIN-zl7ez1w4sMyMGpPphYqwibjjbmDmAn3W_pliSbqmpy;H2tYaPZLU31jZll_
/v1/redirect;sdfsdjhgkdjfhgkjdhfiueyr9348;kdjghkdjfghire
/v1/redirect;xWvU-pyMPKVnS2-8ry9fzBJ4qlXlHGSq8Vp6tKYIjMOG3LMzQNgkgCniIKLX;Ip3_KRvrS90yZNsW
/v_Error/redirect;tJHVcnjHUhSIM31sFKm6RbySsKaoaLsavJ2NP6eXxi8yM8SG9NW-MvtY56iz;inTGf1bcUgljN9XC
/v1/redirect;sdfsdjhgkdjfhgkjdhfiueyr9348;kdjghkdjfghire
/v1/redirect;Wj3avwEfZgW4HipnBqWgyOMaiqaIexvsseDubGnEq9-pH_6uMrscc0Vuy3Gy;Ot9Fsb8lJz1TS0e1
/v_Error/redirect;X-d-90fAZxv0dazbjQGbPoCJanY_-JJkejaZ_YbxcU3pDPcbr8EfC-9G5N7n;S37BaGim67K5GKEm
/v1/redirect;sdfsdjhgkdjfhgkjdhfiueyr9348;kdjghkdjfghire
/v1/redirect;9_sIb2Y_8oIkdl5ZSAOu06Nsywb94Xrr9llFQ0z5UL9pkcSaDCbAWt7c_xj9;uKk93Rl171d8R8f6
/v_Error/redirect;u47K-gRShlJnWyLqe5BhzAaGipk2SMFqBTOOdVJEI7saXbP1zcOEyyhZ62Rt;oTiVKZpEp4mxJK51
/v1/redirect;sdfsdjhgkdjfhgkjdhfiueyr9348;kdjghkdjfghire
/v1/redirect;YZ8MEbXGiJZk89LYZ6PfaIYpg39hhGf7OJSqnYqU9BDeQ66bHswoJJ6aNfUf;kzi1nHLfW7GKRJUC
/v_Error/redirect;O1n34vM3SZDHCt5VTUslbVy9MWzNUMg3bKVYQZpiCE8iZepwQHSnwvrMfWJj;lasbK8l5biYOdw4_
/v1/redirect;sdfsdjhgkdjfhgkjdhfiueyr9348;kdjghkdjfghire
/v1/redirect;5qYiU6Pn2R5vokg7BMKOgkK3Gxpr9_GeI4PSfrVtfM0Wqf8Bwb9SBcFcLyrX;jkP7c8JmKToFfbu2
/v_Error/redirect;JmBZYxyQJWvf9mSVr4LFXtEXyBnWnYt_oR1pgxdMEVSYd7jPtdM1RYoU5Je_;cqKBDlUnElGCkAIK
/v1/redirect;sdfsdjhgkdjfhgkjdhfiueyr9348;kdjghkdjfghire
/v1/redirect;UvBQTgbI_afi77XUhUId7HhMExLZ4LRc8RLEatFy8gkR_rEg4vaat6b22lcH;TKMBzXgam1yHEFNw